fecha,codigo,fob,tm
2018-01-01,110101,0.032,0.03
2018-01-01,110201,299.2,619.89
2018-01-01,110202,7.863,15.933
2018-01-01,110301,35.052,18.194
2018-01-01,110401,0.972,0.27
2018-01-01,110402,0.246,0.014
2018-01-01,110502,3.506,6.586
2018-01-01,110599,4.417,1.715
2018-01-01,111001,1.385,0.627
2018-01-01,111099,0.063,0.525
2018-01-01,111101,9.709,1.607
2018-01-01,111105,0.089,0.042
2018-01-01,111106,0.005,0.002
2018-01-01,111109,54.623,9.779
2018-01-01,111199,3.666,3.228
2018-01-01,120101,6.643,1.873
2018-01-01,120399,10.899,44.473
2018-01-01,130201,0.239,0.053
2018-01-01,130399,0.892,0.178
2018-01-01,140101,7.988,2.25
2018-01-01,140102,23.998,8.176
2018-01-01,140201,232.499,35.098
2018-01-01,140301,0.082,0.008
2018-01-01,140499,0.655,0.119
2018-01-01,150101,709.643,1643.77
2018-01-01,150201,13.688,0.0
2018-01-01,150301,2.27,1.35
2018-01-01,150699,4.429,6.728
2018-01-01,210101,3.829,0.053
2018-01-01,210201,0.358,0.118
2018-01-01,210399,8.216,6.303
2018-01-01,220101,8.181,3.39
2018-01-01,220201,0.309,0.325
2018-01-01,220301,0.002,0.001
2018-01-01,220401,8.253,1.155
2018-01-01,220501,7.719,1.887
2018-01-01,220601,12.839,13.582
2018-01-01,220701,9.627,6.16
2018-01-01,220702,2.875,1.801
2018-01-01,220703,87.663,19.841
2018-01-01,220799,2.315,0.624
2018-01-01,220801,10.436,6.827
2018-01-01,220901,0.615,0.339
2018-01-01,221001,0.04,0.009
2018-01-01,221101,1.12,1.667
2018-01-01,221201,38.422,54.962
2018-01-01,221399,2.732,0.722
2018-01-01,230101,5.027,4.306
2018-01-01,230401,4.865,6.063
2018-01-01,230501,4.726,1.078
2018-01-01,230601,71.663,194.168
2018-01-01,230701,2.463,0.099
2018-01-01,230702,3.702,0.279
2018-01-01,230799,21.218,9.529
2018-01-01,230801,3.789,0.465
2018-01-01,230901,0.394,0.081
2018-01-01,231001,1.271,0.013
2018-01-01,231101,0.028,0.0
2018-01-01,231201,4.926,4.571
2018-01-01,231301,1.539,0.104
2018-01-01,231399,2.484,0.784
2018-01-01,231401,11.277,4.075
2018-01-01,231501,0.061,0.008
2018-01-01,231699,8.409,4.759
2018-01-01,310101,0.092,0.504
2018-01-01,320101,4.108,1.128
2018-01-01,330101,0.173,0.047
2018-01-01,330199,0.794,1.302
2018-01-01,410101,0.335,0.357
2018-02-01,110101,0.031,0.028
2018-02-01,110201,258.502,533.493
2018-02-01,110202,8.528,18.411
2018-02-01,110301,27.984,13.902
2018-02-01,110401,0.66,0.253
2018-02-01,110402,0.002,0.0
2018-02-01,110502,2.924,5.581
2018-02-01,110599,4.403,1.228
2018-02-01,111001,1.441,0.638
2018-02-01,111099,0.06,0.4
2018-02-01,111101,11.976,1.581
2018-02-01,111105,0.145,0.072
2018-02-01,111106,0.06,0.017
2018-02-01,111109,97.844,15.15
2018-02-01,111199,4.325,4.252
2018-02-01,120101,5.352,1.615
2018-02-01,120399,10.965,34.941
2018-02-01,130201,0.88,2.856
2018-02-01,130399,0.684,0.135
2018-02-01,140101,7.545,2.301
2018-02-01,140102,22.16,5.898
2018-02-01,140201,228.624,34.976
2018-02-01,140301,0.21,0.008
2018-02-01,140499,1.108,0.521
2018-02-01,150101,473.189,1148.583
2018-02-01,150201,12.92,0.0
2018-02-01,150301,2.131,1.081
2018-02-01,150501,0.054,0.343
2018-02-01,150699,5.322,7.601
2018-02-01,210101,2.499,0.074
2018-02-01,210201,0.325,0.051
2018-02-01,210399,6.935,5.532
2018-02-01,220101,8.42,4.274
2018-02-01,220201,0.176,0.087
2018-02-01,220401,3.332,0.469
2018-02-01,220501,7.184,1.621
2018-02-01,220601,14.134,14.027
2018-02-01,220701,9.284,6.2
2018-02-01,220702,1.247,0.853
2018-02-01,220703,86.578,18.735
2018-02-01,220799,2.315,0.464
2018-02-01,220801,11.523,7.752
2018-02-01,220901,0.799,0.435
2018-02-01,221001,0.042,0.01
2018-02-01,221101,1.012,1.42
2018-02-01,221201,30.312,39.699
2018-02-01,221399,3.474,0.871
2018-02-01,230101,4.191,3.416
2018-02-01,230401,5.838,6.228
2018-02-01,230501,4.504,1.091
2018-02-01,230601,90.344,257.163
2018-02-01,230701,11.482,0.109
2018-02-01,230702,3.059,0.149
2018-02-01,230799,24.153,11.094
2018-02-01,230801,3.422,0.429
2018-02-01,230901,0.282,0.052
2018-02-01,231001,1.347,0.012
2018-02-01,231101,0.083,0.001
2018-02-01,231201,5.456,5.117
2018-02-01,231301,1.191,0.061
2018-02-01,231399,4.137,1.01
2018-02-01,231401,11.323,3.811
2018-02-01,231501,0.107,0.012
2018-02-01,231699,5.004,4.555
2018-02-01,310101,0.048,0.278
2018-02-01,320101,4.608,1.219
2018-02-01,330101,0.045,0.021
2018-02-01,330199,0.607,1.039
2018-02-01,410101,0.316,0.295
2018-03-01,110101,2.115,3.533
2018-03-01,110201,297.605,626.619
2018-03-01,110202,10.821,27.055
2018-03-01,110301,47.02,20.769
2018-03-01,110401,0.461,0.202
2018-03-01,110402,0.281,0.02
2018-03-01,110502,3.609,6.885
2018-03-01,110599,3.861,1.131
2018-03-01,111001,1.928,0.825
2018-03-01,111099,0.054,0.45
2018-03-01,111101,6.369,0.748
2018-03-01,111105,0.078,0.04
2018-03-01,111106,0.0,0.002
2018-03-01,111109,84.769,14.319
2018-03-01,111199,3.955,3.476
2018-03-01,120101,6.402,1.879
2018-03-01,120399,11.482,32.345
2018-03-01,130201,0.501,0.098
2018-03-01,130399,1.157,0.193
2018-03-01,140101,9.163,2.75
2018-03-01,140102,26.129,5.173
2018-03-01,140201,276.787,41.941
2018-03-01,140301,0.243,0.017
2018-03-01,140499,1.675,0.891
2018-03-01,150101,636.249,1558.392
2018-03-01,150201,17.299,0.001
2018-03-01,150301,2.488,1.625
2018-03-01,150401,0.026,0.041
2018-03-01,150501,0.041,0.253
2018-03-01,150699,5.311,7.122
2018-03-01,210101,2.018,0.036
2018-03-01,210201,0.306,0.057
2018-03-01,210399,8.155,7.038
2018-03-01,220101,10.822,5.319
2018-03-01,220201,0.218,0.13
2018-03-01,220401,7.897,1.011
2018-03-01,220501,7.987,1.892
2018-03-01,220601,15.885,13.919
2018-03-01,220701,8.763,5.256
2018-03-01,220702,1.356,0.636
2018-03-01,220703,93.173,19.83
2018-03-01,220799,2.514,0.413
2018-03-01,220801,11.163,7.204
2018-03-01,220901,1.123,0.518
2018-03-01,221001,0.05,0.011
2018-03-01,221101,1.152,1.1
2018-03-01,221201,25.028,33.032
2018-03-01,221399,4.912,1.133
2018-03-01,230101,6.74,5.426
2018-03-01,230401,5.93,6.321
2018-03-01,230501,5.734,1.465
2018-03-01,230601,70.033,197.56
2018-03-01,230701,6.079,0.379
2018-03-01,230702,13.246,2.808
2018-03-01,230799,31.684,13.316
2018-03-01,230801,4.52,0.815
2018-03-01,230901,0.548,0.109
2018-03-01,231001,2.08,0.028
2018-03-01,231101,0.092,0.0
2018-03-01,231201,4.721,4.645
2018-03-01,231301,1.594,0.1
2018-03-01,231399,4.897,1.232
2018-03-01,231401,14.227,5.079
2018-03-01,231501,0.162,0.016
2018-03-01,231699,6.679,5.291
2018-03-01,310101,0.184,0.897
2018-03-01,320101,5.947,1.678
2018-03-01,330101,1.246,0.028
2018-03-01,330199,0.624,0.96
2018-03-01,410101,0.313,0.252
2018-04-01,110101,3.143,5.387
2018-04-01,110201,303.356,647.963
2018-04-01,110202,7.8,21.298
2018-04-01,110301,48.883,19.833
2018-04-01,110401,0.717,0.323
2018-04-01,110502,3.275,6.244
2018-04-01,110599,1.872,0.596
2018-04-01,111001,1.722,0.728
2018-04-01,111099,0.087,0.662
2018-04-01,111101,3.768,0.211
2018-04-01,111105,0.082,0.04
2018-04-01,111106,0.0,0.0
2018-04-01,111109,64.676,12.153
2018-04-01,111199,3.664,3.512
2018-04-01,120101,6.506,1.843
2018-04-01,120399,19.991,44.472
2018-04-01,130201,0.825,0.203
2018-04-01,130399,0.909,0.172
2018-04-01,140101,7.62,1.614
2018-04-01,140102,18.118,4.655
2018-04-01,140201,304.876,46.368
2018-04-01,140499,3.439,1.758
2018-04-01,150101,581.204,1345.023
2018-04-01,150201,14.422,0.0
2018-04-01,150301,2.721,1.444
2018-04-01,150401,0.108,0.104
2018-04-01,150501,0.089,0.504
2018-04-01,150699,6.977,9.016
2018-04-01,210101,4.089,0.085
2018-04-01,210201,0.228,0.019
2018-04-01,210399,10.586,8.284
2018-04-01,220101,9.717,4.613
2018-04-01,220201,0.148,0.088
2018-04-01,220301,0.016,0.007
2018-04-01,220401,6.496,0.857
2018-04-01,220501,8.747,1.877
2018-04-01,220601,15.916,15.41
2018-04-01,220701,7.582,5.577
2018-04-01,220702,0.278,0.136
2018-04-01,220703,109.723,23.416
2018-04-01,220799,1.831,0.441
2018-04-01,220801,10.715,6.828
2018-04-01,220901,1.245,0.71
2018-04-01,221001,0.047,0.011
2018-04-01,221101,1.38,1.325
2018-04-01,221201,16.457,20.31
2018-04-01,221399,4.08,1.06
2018-04-01,230101,6.063,4.64
2018-04-01,230401,6.192,6.974
2018-04-01,230501,4.683,1.212
2018-04-01,230601,78.17,204.731
2018-04-01,230701,10.857,0.532
2018-04-01,230702,1.659,0.327
2018-04-01,230799,28.963,12.918
2018-04-01,230801,3.639,0.484
2018-04-01,230901,0.57,0.112
2018-04-01,231001,1.587,0.017
2018-04-01,231101,0.088,0.002
2018-04-01,231201,5.89,5.46
2018-04-01,231301,2.536,0.132
2018-04-01,231399,6.981,1.689
2018-04-01,231401,10.957,3.798
2018-04-01,231501,0.115,0.012
2018-04-01,231699,7.207,4.897
2018-04-01,310101,0.056,0.422
2018-04-01,320101,5.564,1.568
2018-04-01,330101,0.088,0.024
2018-04-01,330199,0.388,0.663
2018-04-01,410101,0.271,0.188
2018-05-01,110101,3.039,5.012
2018-05-01,110201,260.827,567.905
2018-05-01,110202,7.79,21.685
2018-05-01,110301,38.976,14.676
2018-05-01,110401,0.637,0.308
2018-05-01,110402,0.032,0.002
2018-05-01,110502,3.185,6.235
2018-05-01,110599,2.11,0.385
2018-05-01,111001,1.394,0.595
2018-05-01,111099,0.051,0.425
2018-05-01,111101,7.417,0.323
2018-05-01,111105,0.123,0.052
2018-05-01,111109,97.88,18.05
2018-05-01,111199,3.401,3.002
2018-05-01,120101,6.492,1.825
2018-05-01,120399,16.05,43.1
2018-05-01,130201,0.726,0.177
2018-05-01,130399,0.57,0.128
2018-05-01,140101,11.449,2.843
2018-05-01,140102,15.402,4.285
2018-05-01,140201,300.866,48.612
2018-05-01,140301,0.062,0.027
2018-05-01,140499,3.049,1.876
2018-05-01,150101,742.035,1626.07
2018-05-01,150201,17.649,0.001
2018-05-01,150301,2.438,1.409
2018-05-01,150501,0.245,1.129
2018-05-01,150699,7.72,8.761
2018-05-01,210101,2.069,0.05
2018-05-01,210201,0.201,0.03
2018-05-01,210399,8.512,7.725
2018-05-01,220101,11.696,5.286
2018-05-01,220201,0.294,0.169
2018-05-01,220401,6.773,0.889
2018-05-01,220501,11.06,2.672
2018-05-01,220601,16.113,16.284
2018-05-01,220701,5.416,3.989
2018-05-01,220702,0.518,0.318
2018-05-01,220703,120.48,26.756
2018-05-01,220799,3.827,0.583
2018-05-01,220801,11.926,7.594
2018-05-01,220901,1.321,0.696
2018-05-01,221001,0.042,0.01
2018-05-01,221101,0.957,0.895
2018-05-01,221201,24.29,31.78
2018-05-01,221399,3.531,0.959
2018-05-01,230101,5.828,5.01
2018-05-01,230301,0.005,0.027
2018-05-01,230401,6.765,6.805
2018-05-01,230501,5.071,1.201
2018-05-01,230601,74.265,174.293
2018-05-01,230701,9.893,1.328
2018-05-01,230702,4.711,1.632
2018-05-01,230799,28.024,11.813
2018-05-01,230801,4.732,0.654
2018-05-01,230901,0.457,0.069
2018-05-01,231001,1.191,0.016
2018-05-01,231101,0.057,0.0
2018-05-01,231201,5.895,5.334
2018-05-01,231301,1.234,0.077
2018-05-01,231399,6.51,1.726
2018-05-01,231401,14.1,4.871
2018-05-01,231501,0.154,0.027
2018-05-01,231699,6.505,40.951
2018-05-01,310101,0.124,0.664
2018-05-01,320101,4.15,1.279
2018-05-01,330101,0.667,0.02
2018-05-01,330199,0.684,0.847
2018-05-01,410101,0.298,0.175
2018-06-01,110101,5.357,9.033
2018-06-01,110201,216.166,463.223
2018-06-01,110202,8.73,21.404
2018-06-01,110301,40.688,16.154
2018-06-01,110401,0.789,0.305
2018-06-01,110501,0.0,0.0
2018-06-01,110502,2.588,4.977
2018-06-01,110599,5.605,0.984
2018-06-01,111001,1.841,0.718
2018-06-01,111099,0.05,0.42
2018-06-01,111101,5.059,0.191
2018-06-01,111105,0.16,0.08
2018-06-01,111106,0.015,0.025
2018-06-01,111109,51.73,9.861
2018-06-01,111199,3.908,3.352
2018-06-01,120101,5.635,1.643
2018-06-01,120399,13.542,45.245
2018-06-01,130201,0.83,0.159
2018-06-01,130399,0.828,0.161
2018-06-01,140101,11.322,3.218
2018-06-01,140102,14.908,5.123
2018-06-01,140201,247.354,40.403
2018-06-01,140301,0.001,0.0
2018-06-01,140499,1.898,0.703
2018-06-01,150101,674.577,1515.388
2018-06-01,150201,11.852,0.0
2018-06-01,150301,3.789,1.844
2018-06-01,150501,0.138,0.336
2018-06-01,150699,9.079,11.677
2018-06-01,210101,3.399,0.056
2018-06-01,210201,0.147,0.015
2018-06-01,210399,9.511,7.012
2018-06-01,220101,10.383,4.737
2018-06-01,220201,0.336,0.175
2018-06-01,220401,4.46,0.618
2018-06-01,220501,10.898,2.214
2018-06-01,220601,14.371,12.281
2018-06-01,220701,5.706,4.107
2018-06-01,220702,1.137,0.461
2018-06-01,220703,115.733,25.571
2018-06-01,220799,2.186,0.312
2018-06-01,220801,11.495,7.198
2018-06-01,220901,1.262,0.695
2018-06-01,221001,0.047,0.015
2018-06-01,221101,1.106,1.004
2018-06-01,221201,30.562,43.671
2018-06-01,221399,3.941,1.195
2018-06-01,230101,5.049,3.886
2018-06-01,230401,10.173,43.951
2018-06-01,230501,4.62,1.079
2018-06-01,230601,86.426,203.344
2018-06-01,230701,16.436,0.204
2018-06-01,230702,4.141,0.257
2018-06-01,230799,28.873,12.771
2018-06-01,230801,4.801,0.718
2018-06-01,230901,0.272,0.055
2018-06-01,231001,1.459,0.02
2018-06-01,231101,0.036,0.0
2018-06-01,231201,7.077,6.895
2018-06-01,231301,0.901,0.062
2018-06-01,231399,6.2,1.505
2018-06-01,231401,12.345,4.07
2018-06-01,231501,0.018,0.002
2018-06-01,231699,7.933,22.719
2018-06-01,310101,0.13,0.642
2018-06-01,320101,6.142,1.736
2018-06-01,330101,0.529,0.021
2018-06-01,330199,0.767,0.89
2018-06-01,410101,0.291,0.205
2018-07-01,110101,0.144,0.165
2018-07-01,110201,239.518,519.939
2018-07-01,110202,7.013,16.4
2018-07-01,110301,48.323,19.415
2018-07-01,110401,0.674,0.321
2018-07-01,110402,0.06,0.006
2018-07-01,110502,2.824,5.419
2018-07-01,110599,4.597,0.88
2018-07-01,111001,1.447,0.602
2018-07-01,111099,0.04,0.332
2018-07-01,111101,3.529,0.137
2018-07-01,111105,0.132,0.074
2018-07-01,111109,69.4,13.618
2018-07-01,111199,3.886,2.988
2018-07-01,120101,5.855,1.624
2018-07-01,120399,14.742,48.426
2018-07-01,130201,0.119,0.022
2018-07-01,130399,0.952,0.153
2018-07-01,140101,10.5,3.021
2018-07-01,140102,18.563,5.059
2018-07-01,140201,280.493,44.743
2018-07-01,140301,0.001,0.0
2018-07-01,140499,1.594,0.388
2018-07-01,150101,747.541,1547.619
2018-07-01,150201,13.109,0.0
2018-07-01,150301,2.566,1.567
2018-07-01,150501,0.042,0.407
2018-07-01,150699,5.927,5.447
2018-07-01,210101,3.122,0.041
2018-07-01,210201,0.289,0.029
2018-07-01,210399,7.201,5.668
2018-07-01,220101,8.343,3.786
2018-07-01,220201,0.212,0.123
2018-07-01,220401,4.075,0.563
2018-07-01,220501,8.707,1.932
2018-07-01,220601,15.001,13.997
2018-07-01,220701,5.332,4.02
2018-07-01,220702,1.055,0.53
2018-07-01,220703,129.928,28.111
2018-07-01,220799,2.208,0.29
2018-07-01,220801,11.826,7.515
2018-07-01,220901,1.585,0.7
2018-07-01,221001,0.029,0.007
2018-07-01,221101,1.082,0.985
2018-07-01,221201,20.291,26.803
2018-07-01,221399,4.064,1.093
2018-07-01,230101,6.152,5.021
2018-07-01,230401,5.808,6.395
2018-07-01,230501,6.547,1.67
2018-07-01,230601,104.135,237.567
2018-07-01,230701,5.602,0.292
2018-07-01,230702,6.818,0.862
2018-07-01,230799,26.73,12.573
2018-07-01,230801,4.324,0.764
2018-07-01,230901,0.217,0.045
2018-07-01,231001,1.009,0.012
2018-07-01,231101,0.034,0.0
2018-07-01,231201,7.169,7.53
2018-07-01,231301,1.409,0.077
2018-07-01,231399,5.284,1.419
2018-07-01,231401,13.228,4.561
2018-07-01,231501,0.137,0.02
2018-07-01,231699,5.811,4.615
2018-07-01,310101,0.111,0.728
2018-07-01,320101,5.775,1.585
2018-07-01,330101,0.599,0.047
2018-07-01,330199,0.273,0.4
2018-07-01,410101,0.375,0.148
2018-08-01,110101,0.026,0.029
2018-08-01,110201,231.526,501.753
2018-08-01,110202,6.119,13.549
2018-08-01,110301,40.963,17.868
2018-08-01,110401,1.43,0.6
2018-08-01,110501,0.007,0.073
2018-08-01,110502,3.324,6.743
2018-08-01,110599,2.241,1.289
2018-08-01,111001,1.477,0.598
2018-08-01,111099,0.054,0.45
2018-08-01,111101,1.998,0.131
2018-08-01,111105,0.147,0.071
2018-08-01,111106,0.001,0.0
2018-08-01,111109,53.348,10.554
2018-08-01,111199,5.078,4.068
2018-08-01,120101,3.866,1.002
2018-08-01,120399,18.511,66.712
2018-08-01,130201,1.009,0.254
2018-08-01,130399,0.763,0.208
2018-08-01,140101,8.11,1.478
2018-08-01,140102,17.749,4.953
2018-08-01,140201,272.08,44.665
2018-08-01,140301,0.184,0.014
2018-08-01,140499,1.747,0.306
2018-08-01,150101,726.927,1655.708
2018-08-01,150201,16.587,0.001
2018-08-01,150301,2.889,2.192
2018-08-01,150501,0.015,0.084
2018-08-01,150699,6.708,9.4
2018-08-01,210101,2.091,0.057
2018-08-01,210201,0.438,0.103
2018-08-01,210399,7.334,6.054
2018-08-01,220101,8.518,3.774
2018-08-01,220201,0.2,0.117
2018-08-01,220301,0.003,0.001
2018-08-01,220401,5.798,0.786
2018-08-01,220501,10.24,1.914
2018-08-01,220601,14.333,13.572
2018-08-01,220701,7.37,5.365
2018-08-01,220702,1.359,0.667
2018-08-01,220703,101.356,22.927
2018-08-01,220799,2.622,0.336
2018-08-01,220801,11.297,7.208
2018-08-01,220901,1.296,0.696
2018-08-01,221001,0.064,0.018
2018-08-01,221101,1.074,1.034
2018-08-01,221201,18.296,24.534
2018-08-01,221399,4.521,1.12
2018-08-01,230101,5.714,4.644
2018-08-01,230401,5.868,6.285
2018-08-01,230501,6.467,1.793
2018-08-01,230601,88.308,209.55
2018-08-01,230701,9.808,0.07
2018-08-01,230702,10.267,0.884
2018-08-01,230799,27.1,12.808
2018-08-01,230801,4.751,0.864
2018-08-01,230901,0.289,0.054
2018-08-01,231001,0.809,0.014
2018-08-01,231101,0.019,0.0
2018-08-01,231201,4.862,4.004
2018-08-01,231301,1.817,0.111
2018-08-01,231399,4.936,1.289
2018-08-01,231401,13.206,4.765
2018-08-01,231501,0.042,0.01
2018-08-01,231699,6.032,5.531
2018-08-01,310101,0.124,0.657
2018-08-01,320101,4.966,1.588
2018-08-01,330101,0.583,0.029
2018-08-01,330199,0.237,0.364
2018-08-01,410101,0.354,0.31
2018-09-01,110101,0.02,0.019
2018-09-01,110201,237.768,515.58
2018-09-01,110202,5.816,12.453
2018-09-01,110301,74.016,32.408
2018-09-01,110401,0.885,0.332
2018-09-01,110402,0.021,0.002
2018-09-01,110501,0.0,0.0
2018-09-01,110502,3.84,7.505
2018-09-01,110599,5.177,3.151
2018-09-01,111001,1.641,0.656
2018-09-01,111099,0.07,0.567
2018-09-01,111101,2.808,0.102
2018-09-01,111105,0.101,0.05
2018-09-01,111109,58.982,11.397
2018-09-01,111199,6.525,4.231
2018-09-01,120101,4.584,1.195
2018-09-01,120399,15.39,57.078
2018-09-01,130201,0.571,0.084
2018-09-01,130399,1.093,0.247
2018-09-01,140101,7.488,2.085
2018-09-01,140102,12.87,4.387
2018-09-01,140201,246.836,40.719
2018-09-01,140301,0.013,0.001
2018-09-01,140499,0.757,0.167
2018-09-01,150101,739.703,1558.523
2018-09-01,150201,9.736,0.0
2018-09-01,150301,3.002,2.458
2018-09-01,150401,0.014,0.023
2018-09-01,150501,0.01,0.16
2018-09-01,150699,6.475,11.16
2018-09-01,210101,4.717,0.074
2018-09-01,210201,0.696,0.087
2018-09-01,210399,8.924,7.311
2018-09-01,220101,9.066,4.13
2018-09-01,220201,0.202,0.119
2018-09-01,220401,6.395,0.89
2018-09-01,220501,10.839,2.219
2018-09-01,220601,12.207,10.789
2018-09-01,220701,6.234,4.626
2018-09-01,220702,0.746,0.612
2018-09-01,220703,104.016,23.652
2018-09-01,220799,1.876,0.27
2018-09-01,220801,12.766,7.992
2018-09-01,220901,0.94,0.402
2018-09-01,221001,0.042,0.008
2018-09-01,221101,1.054,1.069
2018-09-01,221201,12.0,15.077
2018-09-01,221399,3.949,1.058
2018-09-01,230101,6.33,5.828
2018-09-01,230401,4.587,4.673
2018-09-01,230501,7.298,1.936
2018-09-01,230601,79.829,178.759
2018-09-01,230701,12.815,0.242
2018-09-01,230702,5.675,0.618
2018-09-01,230799,25.905,12.881
2018-09-01,230801,4.897,0.876
2018-09-01,230901,1.421,0.156
2018-09-01,231001,1.181,0.013
2018-09-01,231101,0.021,0.0
2018-09-01,231201,6.932,5.984
2018-09-01,231301,2.341,0.114
2018-09-01,231399,4.447,1.186
2018-09-01,231401,11.313,3.929
2018-09-01,231501,0.129,0.022
2018-09-01,231699,8.384,8.819
2018-09-01,310101,0.154,0.696
2018-09-01,320101,4.305,1.333
2018-09-01,330101,0.772,0.013
2018-09-01,330199,0.482,0.569
2018-09-01,410101,0.288,0.152
2018-10-01,110101,0.038,0.037
2018-10-01,110201,239.953,518.883
2018-10-01,110202,7.336,14.389
2018-10-01,110301,100.255,46.502
2018-10-01,110401,1.384,0.479
2018-10-01,110502,3.579,7.219
2018-10-01,110599,10.011,11.879
2018-10-01,111001,1.656,0.67
2018-10-01,111099,0.078,0.604
2018-10-01,111101,4.044,0.253
2018-10-01,111105,0.114,0.052
2018-10-01,111106,0.02,0.008
2018-10-01,111109,83.546,15.968
2018-10-01,111199,6.431,4.535
2018-10-01,120101,5.571,1.629
2018-10-01,120399,15.305,53.377
2018-10-01,130201,0.66,0.114
2018-10-01,130399,1.027,0.247
2018-10-01,140101,9.211,4.017
2018-10-01,140102,9.473,3.348
2018-10-01,140201,271.768,45.154
2018-10-01,140301,0.539,0.035
2018-10-01,140499,1.247,0.414
2018-10-01,150101,756.528,1541.125
2018-10-01,150201,16.323,0.001
2018-10-01,150301,2.409,1.531
2018-10-01,150401,0.03,0.046
2018-10-01,150501,0.037,0.392
2018-10-01,150699,5.054,8.938
2018-10-01,210101,3.169,0.06
2018-10-01,210201,0.363,0.028
2018-10-01,210399,8.799,6.749
2018-10-01,220101,8.82,3.679
2018-10-01,220201,0.168,0.119
2018-10-01,220301,0.009,0.004
2018-10-01,220401,5.753,0.803
2018-10-01,220501,13.531,2.83
2018-10-01,220601,13.522,12.613
2018-10-01,220701,4.703,3.689
2018-10-01,220702,0.996,0.743
2018-10-01,220703,104.679,23.689
2018-10-01,220799,4.241,0.405
2018-10-01,220801,17.002,10.968
2018-10-01,220901,1.771,0.801
2018-10-01,221001,0.027,0.004
2018-10-01,221101,0.733,0.748
2018-10-01,221201,10.902,12.611
2018-10-01,221399,5.044,1.463
2018-10-01,230101,5.885,4.823
2018-10-01,230301,0.0,0.0
2018-10-01,230401,6.28,6.339
2018-10-01,230501,7.271,1.924
2018-10-01,230601,89.121,196.905
2018-10-01,230701,9.825,0.576
2018-10-01,230702,16.142,1.306
2018-10-01,230799,32.598,14.651
2018-10-01,230801,8.927,1.426
2018-10-01,230901,0.752,0.131
2018-10-01,231001,1.552,0.025
2018-10-01,231101,0.048,0.0
2018-10-01,231201,6.035,4.226
2018-10-01,231301,1.769,0.117
2018-10-01,231399,5.655,1.845
2018-10-01,231401,15.217,4.999
2018-10-01,231501,0.042,0.007
2018-10-01,231699,8.06,5.744
2018-10-01,310101,0.073,0.464
2018-10-01,320101,6.192,2.261
2018-10-01,330101,0.742,0.069
2018-10-01,330199,0.294,0.41
2018-10-01,410101,0.255,0.111
2018-11-01,110101,0.039,0.037
2018-11-01,110201,244.661,523.946
2018-11-01,110202,9.317,17.202
2018-11-01,110301,83.181,37.235
2018-11-01,110401,2.014,0.577
2018-11-01,110402,0.008,0.001
2018-11-01,110502,4.677,9.5
2018-11-01,110599,25.062,31.714
2018-11-01,111001,1.705,0.668
2018-11-01,111099,0.063,0.615
2018-11-01,111101,6.22,0.294
2018-11-01,111105,0.108,0.05
2018-11-01,111106,0.002,0.001
2018-11-01,111109,58.133,11.053
2018-11-01,111199,6.46,4.594
2018-11-01,120101,4.73,1.392
2018-11-01,120399,12.596,48.55
2018-11-01,130201,0.527,0.038
2018-11-01,130399,0.591,0.122
2018-11-01,140101,8.348,3.826
2018-11-01,140102,10.695,2.511
2018-11-01,140201,264.571,44.655
2018-11-01,140301,0.08,0.003
2018-11-01,140499,0.871,0.194
2018-11-01,150101,583.007,1474.434
2018-11-01,150201,11.497,0.0
2018-11-01,150301,1.533,1.362
2018-11-01,150699,6.245,8.202
2018-11-01,210101,1.541,0.034
2018-11-01,210201,0.067,0.022
2018-11-01,210399,10.032,6.702
2018-11-01,220101,5.455,2.114
2018-11-01,220201,0.4,0.676
2018-11-01,220401,5.071,0.738
2018-11-01,220501,9.319,2.039
2018-11-01,220601,10.824,9.272
2018-11-01,220701,3.73,2.76
2018-11-01,220702,0.705,0.59
2018-11-01,220703,78.111,17.365
2018-11-01,220799,3.262,0.427
2018-11-01,220801,13.99,9.059
2018-11-01,220901,1.447,0.838
2018-11-01,221001,0.12,0.027
2018-11-01,221101,0.827,0.833
2018-11-01,221201,10.187,12.66
2018-11-01,221399,3.621,1.128
2018-11-01,230101,4.647,3.995
2018-11-01,230301,0.001,0.0
2018-11-01,230401,6.191,5.609
2018-11-01,230501,6.884,1.827
2018-11-01,230601,46.607,111.764
2018-11-01,230701,7.585,0.534
2018-11-01,230702,5.382,1.07
2018-11-01,230799,23.648,11.886
2018-11-01,230801,7.248,1.049
2018-11-01,230901,0.611,0.111
2018-11-01,231001,1.356,0.026
2018-11-01,231101,0.083,0.001
2018-11-01,231201,7.877,7.187
2018-11-01,231301,1.893,0.132
2018-11-01,231399,3.757,1.012
2018-11-01,231401,12.328,3.959
2018-11-01,231501,0.17,0.025
2018-11-01,231699,7.228,6.612
2018-11-01,310101,0.104,0.57
2018-11-01,320101,4.633,1.807
2018-11-01,330101,1.473,0.023
2018-11-01,330199,0.474,0.561
2018-11-01,410101,0.212,0.096
2018-12-01,110101,4.494,8.247
2018-12-01,110201,292.358,618.948
2018-12-01,110202,7.359,14.44
2018-12-01,110301,86.894,39.658
2018-12-01,110401,1.315,0.396
2018-12-01,110402,0.178,0.023
2018-12-01,110501,0.0,0.0
2018-12-01,110502,3.819,7.856
2018-12-01,110599,15.055,15.458
2018-12-01,111001,2.326,0.931
2018-12-01,111099,0.048,0.47
2018-12-01,111101,8.744,0.565
2018-12-01,111105,0.147,0.085
2018-12-01,111106,0.0,0.0
2018-12-01,111109,68.441,12.904
2018-12-01,111199,4.651,3.137
2018-12-01,120101,5.904,1.706
2018-12-01,120399,14.98,56.936
2018-12-01,130201,0.848,0.234
2018-12-01,130399,1.99,0.184
2018-12-01,140101,7.868,3.327
2018-12-01,140102,11.749,3.167
2018-12-01,140201,262.993,44.775
2018-12-01,140301,0.046,0.009
2018-12-01,140499,1.304,0.24
2018-12-01,150101,506.984,1524.159
2018-12-01,150201,15.401,0.001
2018-12-01,150301,4.157,2.88
2018-12-01,150401,0.014,0.021
2018-12-01,150501,0.082,0.196
2018-12-01,150699,9.189,13.527
2018-12-01,210101,2.411,0.064
2018-12-01,210201,0.152,0.031
2018-12-01,210399,10.135,5.824
2018-12-01,220101,8.441,3.353
2018-12-01,220201,0.865,1.808
2018-12-01,220301,0.0,0.0
2018-12-01,220401,6.299,0.885
2018-12-01,220501,9.485,2.242
2018-12-01,220601,10.768,9.691
2018-12-01,220701,2.122,1.644
2018-12-01,220702,0.52,0.387
2018-12-01,220703,99.668,22.13
2018-12-01,220799,2.034,0.342
2018-12-01,220801,15.173,9.716
2018-12-01,220901,1.817,1.066
2018-12-01,221001,0.023,0.006
2018-12-01,221101,0.72,0.675
2018-12-01,221201,12.588,17.242
2018-12-01,221399,5.513,1.525
2018-12-01,230101,5.298,4.375
2018-12-01,230401,9.44,42.637
2018-12-01,230501,7.114,1.889
2018-12-01,230601,69.877,200.115
2018-12-01,230701,12.764,1.185
2018-12-01,230702,2.653,0.45
2018-12-01,230799,24.84,11.162
2018-12-01,230801,5.067,0.893
2018-12-01,230901,0.611,0.125
2018-12-01,231001,1.498,0.018
2018-12-01,231101,0.066,0.0
2018-12-01,231201,7.269,5.897
2018-12-01,231301,2.437,0.165
2018-12-01,231399,3.749,0.931
2018-12-01,231401,15.275,5.003
2018-12-01,231501,0.01,0.001
2018-12-01,231699,7.963,5.3
2018-12-01,310101,0.071,0.505
2018-12-01,320101,5.97,2.037
2018-12-01,330101,1.013,0.059
2018-12-01,330199,0.277,0.488
2018-12-01,410101,0.208,0.108
2019-01-01,110101,0.0,0.0
2019-01-01,110201,290.837,599.586
2019-01-01,110202,7.873,17.846
2019-01-01,110301,49.658,21.854
2019-01-01,110401,1.103,0.305
2019-01-01,110402,0.039,0.003
2019-01-01,110502,2.465,5.243
2019-01-01,110599,4.671,1.883
2019-01-01,111001,2.122,0.822
2019-01-01,111099,0.06,0.57
2019-01-01,111101,11.637,1.371
2019-01-01,111105,0.053,0.022
2019-01-01,111106,0.0,0.0
2019-01-01,111109,68.792,10.884
2019-01-01,111199,3.909,2.455
2019-01-01,120101,5.39,1.532
2019-01-01,120399,10.016,30.917
2019-01-01,130201,0.441,0.068
2019-01-01,130399,0.937,0.215
2019-01-01,140101,5.869,1.311
2019-01-01,140102,20.678,5.717
2019-01-01,140201,236.45,40.981
2019-01-01,140301,0.354,0.015
2019-01-01,140499,1.512,1.286
2019-01-01,150101,521.242,1503.187
2019-01-01,150201,13.702,0.001
2019-01-01,150301,2.199,1.467
2019-01-01,150501,0.023,0.345
2019-01-01,150699,3.87,6.94
2019-01-01,210101,1.399,0.032
2019-01-01,210201,0.455,0.071
2019-01-01,210399,7.52,6.217
2019-01-01,220101,6.42,2.579
2019-01-01,220201,6.407,12.959
2019-01-01,220301,0.008,0.001
2019-01-01,220401,2.405,0.325
2019-01-01,220501,6.53,1.515
2019-01-01,220601,11.866,11.565
2019-01-01,220701,2.547,1.782
2019-01-01,220702,0.727,0.333
2019-01-01,220703,86.745,21.265
2019-01-01,220799,1.281,0.255
2019-01-01,220801,13.161,8.068
2019-01-01,220901,1.498,1.213
2019-01-01,221001,0.021,0.004
2019-01-01,221101,1.001,1.24
2019-01-01,221201,23.322,37.604
2019-01-01,221399,3.241,0.885
2019-01-01,230101,5.824,4.696
2019-01-01,230301,0.0,0.0
2019-01-01,230401,5.461,6.432
2019-01-01,230501,7.707,1.917
2019-01-01,230601,63.219,171.089
2019-01-01,230701,5.539,0.241
2019-01-01,230702,3.115,0.189
2019-01-01,230799,22.447,13.006
2019-01-01,230801,4.095,1.018
2019-01-01,230901,0.313,0.054
2019-01-01,231001,1.585,0.018
2019-01-01,231101,0.038,0.0
2019-01-01,231201,5.613,4.491
2019-01-01,231301,1.951,0.122
2019-01-01,231399,3.274,0.948
2019-01-01,231401,11.35,4.042
2019-01-01,231501,0.106,0.011
2019-01-01,231699,10.678,4.458
2019-01-01,310101,0.112,0.522
2019-01-01,320101,4.934,1.635
2019-01-01,330101,1.687,0.005
2019-01-01,330199,0.411,0.373
2019-01-01,410101,0.273,0.111
2019-02-01,110101,0.904,1.615
2019-02-01,110201,265.485,549.364
2019-02-01,110202,8.068,18.012
2019-02-01,110301,45.54,20.142
2019-02-01,110401,0.457,0.173
2019-02-01,110402,0.125,0.009
2019-02-01,110502,3.262,6.911
2019-02-01,110599,4.653,1.415
2019-02-01,111001,1.443,0.561
2019-02-01,111099,0.067,0.581
2019-02-01,111101,9.221,1.017
2019-02-01,111105,0.147,0.071
2019-02-01,111106,0.001,0.0
2019-02-01,111109,116.488,18.586
2019-02-01,111199,6.574,3.971
2019-02-01,120101,4.743,1.376
2019-02-01,120399,12.498,31.012
2019-02-01,130201,0.612,0.136
2019-02-01,130399,0.905,0.173
2019-02-01,140101,6.396,0.843
2019-02-01,140102,26.855,7.209
2019-02-01,140201,253.612,43.135
2019-02-01,140301,0.156,0.005
2019-02-01,140499,1.753,1.606
2019-02-01,150101,540.564,1408.977
2019-02-01,150201,9.132,0.0
2019-02-01,150301,2.208,1.448
2019-02-01,150401,0.023,0.035
2019-02-01,150501,0.03,0.373
2019-02-01,150699,6.157,9.031
2019-02-01,210101,2.025,0.053
2019-02-01,210201,0.144,0.018
2019-02-01,210399,8.406,7.348
2019-02-01,220101,7.689,3.289
2019-02-01,220201,0.941,1.909
2019-02-01,220301,0.009,0.002
2019-02-01,220401,4.227,0.646
2019-02-01,220501,7.683,1.713
2019-02-01,220601,11.592,11.029
2019-02-01,220701,2.55,1.946
2019-02-01,220702,0.654,0.382
2019-02-01,220703,96.19,23.452
2019-02-01,220799,1.652,0.324
2019-02-01,220801,11.709,7.398
2019-02-01,220901,1.139,1.047
2019-02-01,221001,0.036,0.009
2019-02-01,221101,0.908,1.006
2019-02-01,221201,19.313,28.736
2019-02-01,221399,3.315,0.908
2019-02-01,230101,5.953,4.702
2019-02-01,230401,4.449,5.224
2019-02-01,230501,6.421,1.644
2019-02-01,230601,79.529,191.133
2019-02-01,230701,4.556,0.27
2019-02-01,230702,4.711,0.431
2019-02-01,230799,26.242,14.606
2019-02-01,230801,4.204,0.839
2019-02-01,230901,0.328,0.069
2019-02-01,231001,1.754,0.02
2019-02-01,231101,0.075,0.001
2019-02-01,231201,4.953,3.92
2019-02-01,231301,2.162,0.096
2019-02-01,231399,3.742,0.944
2019-02-01,231401,12.715,4.273
2019-02-01,231501,0.146,0.02
2019-02-01,231699,17.717,4.814
2019-02-01,310101,0.054,0.519
2019-02-01,320101,5.801,2.196
2019-02-01,330101,0.965,0.081
2019-02-01,330199,0.179,0.285
2019-02-01,410101,0.241,0.113
2019-03-01,110101,4.301,7.598
2019-03-01,110201,294.666,618.295
2019-03-01,110202,10.003,23.385
2019-03-01,110301,39.511,17.689
2019-03-01,110401,0.442,0.17
2019-03-01,110402,0.132,0.01
2019-03-01,110502,3.896,8.378
2019-03-01,110599,8.344,2.164
2019-03-01,111001,1.881,0.72
2019-03-01,111099,0.047,0.437
2019-03-01,111101,9.928,0.541
2019-03-01,111105,0.096,0.051
2019-03-01,111106,0.033,0.008
2019-03-01,111109,81.953,13.75
2019-03-01,111199,5.671,3.728
2019-03-01,120101,5.426,1.643
2019-03-01,120399,12.644,35.102
2019-03-01,130201,0.528,0.122
2019-03-01,130399,0.731,0.14
2019-03-01,140101,7.433,0.939
2019-03-01,140102,26.865,6.579
2019-03-01,140201,321.019,55.732
2019-03-01,140301,0.192,0.007
2019-03-01,140499,1.797,1.415
2019-03-01,150101,715.824,1717.247
2019-03-01,150201,11.615,0.0
2019-03-01,150301,2.116,1.679
2019-03-01,150501,0.027,0.415
2019-03-01,150699,6.323,8.783
2019-03-01,210101,1.932,0.041
2019-03-01,210201,0.435,0.058
2019-03-01,210399,8.693,6.402
2019-03-01,220101,8.721,3.715
2019-03-01,220201,1.356,2.902
2019-03-01,220301,0.019,0.006
2019-03-01,220401,5.394,0.793
2019-03-01,220501,8.481,1.905
2019-03-01,220601,12.538,11.361
2019-03-01,220701,3.289,2.371
2019-03-01,220702,0.04,0.038
2019-03-01,220703,102.83,24.055
2019-03-01,220799,2.038,0.274
2019-03-01,220801,13.014,8.237
2019-03-01,220901,1.781,1.411
2019-03-01,221001,0.026,0.009
2019-03-01,221101,0.82,0.82
2019-03-01,221201,11.991,17.041
2019-03-01,221399,4.422,1.102
2019-03-01,230101,6.142,5.157
2019-03-01,230401,4.478,5.163
2019-03-01,230501,5.672,1.441
2019-03-01,230601,78.922,188.895
2019-03-01,230701,4.586,0.172
2019-03-01,230702,2.615,0.248
2019-03-01,230799,26.619,12.249
2019-03-01,230801,3.783,0.766
2019-03-01,230901,0.368,0.076
2019-03-01,231001,1.773,0.018
2019-03-01,231101,0.089,0.001
2019-03-01,231201,4.275,3.396
2019-03-01,231301,2.262,0.11
2019-03-01,231399,4.264,1.173
2019-03-01,231401,12.191,4.213
2019-03-01,231501,0.109,0.01
2019-03-01,231699,19.137,5.052
2019-03-01,310101,0.047,0.32
2019-03-01,320101,7.245,2.487
2019-03-01,330101,0.641,0.052
2019-03-01,330199,0.515,0.803
2019-03-01,410101,0.296,0.161
2019-04-01,110101,0.71,1.28
2019-04-01,110201,284.216,597.662
2019-04-01,110202,8.493,20.367
2019-04-01,110301,41.049,17.738
2019-04-01,110401,0.56,0.102
2019-04-01,110402,0.033,0.003
2019-04-01,110502,2.897,5.949
2019-04-01,110599,6.795,1.813
2019-04-01,111001,2.962,1.132
2019-04-01,111099,0.051,0.51
2019-04-01,111101,4.289,0.253
2019-04-01,111105,0.071,0.044
2019-04-01,111106,0.0,0.0
2019-04-01,111109,69.782,12.827
2019-04-01,111199,5.891,3.762
2019-04-01,120101,7.205,2.053
2019-04-01,120399,12.254,38.814
2019-04-01,130201,0.759,0.134
2019-04-01,130399,1.108,0.206
2019-04-01,140101,5.979,1.127
2019-04-01,140102,19.694,4.966
2019-04-01,140201,325.238,56.451
2019-04-01,140499,2.098,0.904
2019-04-01,150101,806.887,1743.073
2019-04-01,150201,11.861,0.001
2019-04-01,150301,2.253,1.548
2019-04-01,150401,0.023,0.041
2019-04-01,150501,0.022,0.214
2019-04-01,150699,5.674,8.363
2019-04-01,210101,2.347,0.06
2019-04-01,210201,0.258,0.032
2019-04-01,210399,7.315,6.505
2019-04-01,220101,7.346,3.336
2019-04-01,220201,3.665,8.369
2019-04-01,220301,0.005,0.003
2019-04-01,220401,5.435,0.907
2019-04-01,220501,8.744,2.193
2019-04-01,220601,14.027,13.639
2019-04-01,220701,3.284,3.038
2019-04-01,220702,0.084,0.06
2019-04-01,220703,91.494,21.578
2019-04-01,220799,2.242,0.441
2019-04-01,220801,12.316,7.612
2019-04-01,220901,1.308,0.886
2019-04-01,221001,0.019,0.005
2019-04-01,221101,0.84,0.813
2019-04-01,221201,10.964,13.626
2019-04-01,221399,3.451,0.814
2019-04-01,230101,7.123,5.896
2019-04-01,230301,0.006,0.0
2019-04-01,230401,9.152,43.761
2019-04-01,230501,5.421,1.391
2019-04-01,230601,65.539,151.053
2019-04-01,230701,17.567,0.426
2019-04-01,230702,2.395,0.219
2019-04-01,230799,25.896,12.497
2019-04-01,230801,6.203,1.13
2019-04-01,230901,0.348,0.071
2019-04-01,231001,1.887,0.019
2019-04-01,231101,0.082,0.001
2019-04-01,231201,3.732,2.595
2019-04-01,231301,2.257,0.104
2019-04-01,231399,4.44,1.083
2019-04-01,231401,12.597,4.225
2019-04-01,231501,0.055,0.012
2019-04-01,231699,12.107,44.432
2019-04-01,310101,0.117,0.785
2019-04-01,320101,6.532,2.129
2019-04-01,330101,0.953,0.039
2019-04-01,330199,0.3,0.451
2019-04-01,410101,0.271,0.091
2019-05-01,110101,2.144,3.767
2019-05-01,110201,265.387,565.323
2019-05-01,110202,9.44,22.9
2019-05-01,110301,36.582,15.302
2019-05-01,110401,0.177,0.013
2019-05-01,110402,0.068,0.005
2019-05-01,110502,3.072,6.417
2019-05-01,110503,0.001,0.0
2019-05-01,110599,1.955,0.372
2019-05-01,111001,2.174,0.834
2019-05-01,111099,0.063,0.63
2019-05-01,111101,6.836,0.323
2019-05-01,111105,0.094,0.048
2019-05-01,111106,0.003,0.001
2019-05-01,111109,80.573,14.637
2019-05-01,111199,7.783,5.17
2019-05-01,120101,6.461,1.935
2019-05-01,120399,12.645,38.344
2019-05-01,130201,0.374,0.023
2019-05-01,130399,1.162,0.182
2019-05-01,140101,6.641,1.17
2019-05-01,140102,22.058,6.609
2019-05-01,140201,345.685,60.105
2019-05-01,140301,0.01,0.001
2019-05-01,140499,4.178,2.993
2019-05-01,150101,721.521,1669.855
2019-05-01,150201,12.896,0.001
2019-05-01,150301,2.531,1.739
2019-05-01,150501,0.028,0.45
2019-05-01,150699,8.343,14.271
2019-05-01,210101,2.836,0.061
2019-05-01,210201,0.378,0.077
2019-05-01,210399,9.752,7.134
2019-05-01,220101,7.889,3.484
2019-05-01,220201,6.96,15.858
2019-05-01,220401,5.767,0.941
2019-05-01,220501,9.232,2.246
2019-05-01,220601,13.856,13.436
2019-05-01,220701,10.856,8.453
2019-05-01,220702,1.028,0.669
2019-05-01,220703,113.698,26.668
2019-05-01,220799,1.93,0.414
2019-05-01,220801,12.05,7.3
2019-05-01,220901,1.503,1.276
2019-05-01,221001,0.025,0.008
2019-05-01,221101,0.566,0.551
2019-05-01,221201,12.139,15.756
2019-05-01,221399,3.283,1.165
2019-05-01,230101,6.41,4.939
2019-05-01,230401,5.083,6.007
2019-05-01,230501,7.005,1.741
2019-05-01,230601,80.36,192.582
2019-05-01,230701,4.686,0.228
2019-05-01,230702,2.402,0.136
2019-05-01,230799,27.737,15.626
2019-05-01,230801,4.94,1.019
2019-05-01,230901,0.451,0.09
2019-05-01,231001,1.459,0.019
2019-05-01,231101,0.062,0.0
2019-05-01,231201,4.123,3.188
2019-05-01,231301,2.469,0.105
2019-05-01,231399,4.201,1.048
2019-05-01,231401,12.378,4.349
2019-05-01,231501,0.135,0.018
2019-05-01,231699,11.609,7.79
2019-05-01,310101,0.012,0.186
2019-05-01,320101,4.961,2.105
2019-05-01,330101,0.443,0.048
2019-05-01,330199,0.251,0.262
2019-05-01,410101,0.288,0.138
2019-06-01,110101,0.285,0.5
2019-06-01,110201,252.686,538.641
2019-06-01,110202,8.871,19.007
2019-06-01,110301,31.243,12.836
2019-06-01,110401,0.035,0.012
2019-06-01,110502,3.409,7.184
2019-06-01,110599,7.938,0.854
2019-06-01,111001,2.754,1.024
2019-06-01,111099,0.052,0.496
2019-06-01,111101,3.314,0.136
2019-06-01,111105,0.091,0.051
2019-06-01,111106,0.346,1.225
2019-06-01,111109,75.016,13.308
2019-06-01,111199,6.43,4.684
2019-06-01,120101,7.16,2.071
2019-06-01,120399,15.16,48.006
2019-06-01,130201,0.244,0.022
2019-06-01,130399,0.922,0.176
2019-06-01,140101,6.201,1.567
2019-06-01,140102,16.973,5.045
2019-06-01,140201,360.226,57.446
2019-06-01,140301,0.004,0.0
2019-06-01,140499,4.48,3.218
2019-06-01,150101,567.825,1442.41
2019-06-01,150201,9.128,0.001
2019-06-01,150301,2.671,1.95
2019-06-01,150401,0.011,0.013
2019-06-01,150501,0.019,0.139
2019-06-01,150699,4.621,8.595
2019-06-01,210101,1.668,0.039
2019-06-01,210201,0.389,0.083
2019-06-01,210399,9.578,7.296
2019-06-01,220101,7.417,3.078
2019-06-01,220201,0.944,1.793
2019-06-01,220301,0.001,0.001
2019-06-01,220401,5.391,0.87
2019-06-01,220501,9.726,2.333
2019-06-01,220601,13.407,13.812
2019-06-01,220701,11.287,8.402
2019-06-01,220702,0.609,0.345
2019-06-01,220703,101.966,24.07
2019-06-01,220799,2.136,0.404
2019-06-01,220801,12.808,7.685
2019-06-01,220901,1.297,0.701
2019-06-01,221001,0.029,0.008
2019-06-01,221101,0.625,0.571
2019-06-01,221201,10.895,14.873
2019-06-01,221399,2.966,0.755
2019-06-01,230101,6.314,4.977
2019-06-01,230301,0.002,0.0
2019-06-01,230401,4.445,5.122
2019-06-01,230501,6.959,1.717
2019-06-01,230601,85.461,232.229
2019-06-01,230701,3.601,0.166
2019-06-01,230702,4.424,0.544
2019-06-01,230799,24.266,13.266
2019-06-01,230801,5.953,1.569
2019-06-01,230901,0.409,0.082
2019-06-01,231001,1.209,0.014
2019-06-01,231101,0.034,0.0
2019-06-01,231201,4.204,3.076
2019-06-01,231301,2.401,0.112
2019-06-01,231399,4.179,1.093
2019-06-01,231401,13.384,4.976
2019-06-01,231501,0.136,0.017
2019-06-01,231699,8.737,6.281
2019-06-01,310101,0.072,0.515
2019-06-01,320101,5.999,2.574
2019-06-01,330101,0.987,0.014
2019-06-01,330199,0.423,0.601
2019-06-01,410101,0.285,0.147
2019-07-01,110201,226.13,485.197
2019-07-01,110202,7.047,14.147
2019-07-01,110301,54.353,21.767
2019-07-01,110401,0.003,0.0
2019-07-01,110402,0.113,0.018
2019-07-01,110501,0.0,0.0
2019-07-01,110502,2.97,6.13
2019-07-01,110599,4.151,1.047
2019-07-01,111001,1.933,0.725
2019-07-01,111099,0.049,0.429
2019-07-01,111101,4.219,0.125
2019-07-01,111105,0.024,0.01
2019-07-01,111106,1.113,3.963
2019-07-01,111109,62.879,11.928
2019-07-01,111199,6.258,4.354
2019-07-01,120101,6.859,2.074
2019-07-01,120399,15.097,56.523
2019-07-01,130201,0.662,0.195
2019-07-01,130399,0.968,0.175
2019-07-01,140101,7.469,1.624
2019-07-01,140102,21.807,5.936
2019-07-01,140201,373.019,56.842
2019-07-01,140499,2.583,1.324
2019-07-01,150101,690.814,1688.223
2019-07-01,150201,19.063,0.001
2019-07-01,150301,3.817,2.814
2019-07-01,150401,0.006,0.049
2019-07-01,150501,0.029,0.324
2019-07-01,150699,7.375,13.448
2019-07-01,210101,2.034,0.051
2019-07-01,210201,0.251,0.035
2019-07-01,210399,12.466,6.509
2019-07-01,220101,6.017,2.578
2019-07-01,220201,1.323,2.722
2019-07-01,220301,0.004,0.002
2019-07-01,220401,6.513,1.052
2019-07-01,220501,9.207,2.392
2019-07-01,220601,12.641,12.132
2019-07-01,220701,5.492,4.391
2019-07-01,220702,0.629,0.465
2019-07-01,220703,112.71,27.513
2019-07-01,220799,2.341,0.354
2019-07-01,220801,13.503,8.14
2019-07-01,220901,0.888,0.556
2019-07-01,221001,0.094,0.009
2019-07-01,221101,0.771,0.654
2019-07-01,221201,15.283,21.067
2019-07-01,221399,3.845,1.029
2019-07-01,230101,6.917,5.72
2019-07-01,230301,0.001,0.0
2019-07-01,230401,4.175,4.41
2019-07-01,230501,8.043,1.918
2019-07-01,230601,116.04,295.947
2019-07-01,230701,3.037,0.075
2019-07-01,230702,4.269,0.89
2019-07-01,230799,24.45,13.856
2019-07-01,230801,5.491,1.312
2019-07-01,230901,0.384,0.079
2019-07-01,231001,1.435,0.023
2019-07-01,231101,0.036,0.0
2019-07-01,231201,4.635,2.814
2019-07-01,231301,2.407,0.136
2019-07-01,231399,3.808,1.009
2019-07-01,231401,13.561,4.801
2019-07-01,231501,0.045,0.011
2019-07-01,231699,7.595,5.559
2019-07-01,310101,0.074,0.611
2019-07-01,320101,4.844,1.702
2019-07-01,330101,0.766,0.058
2019-07-01,330199,0.229,0.292
2019-07-01,410101,0.278,0.076
2019-08-01,110201,254.685,540.616
2019-08-01,110202,8.069,15.579
2019-08-01,110301,53.927,22.479
2019-08-01,110401,0.272,0.098
2019-08-01,110502,4.006,8.016
2019-08-01,110599,7.595,1.879
2019-08-01,111001,2.758,1.013
2019-08-01,111099,0.06,0.6
2019-08-01,111101,2.906,0.14
2019-08-01,111105,0.099,0.053
2019-08-01,111106,0.0,0.0
2019-08-01,111109,61.545,11.345
2019-08-01,111199,8.281,5.428
2019-08-01,120101,10.259,2.907
2019-08-01,120399,20.546,81.358
2019-08-01,130201,0.704,0.178
2019-08-01,130399,0.981,0.282
2019-08-01,140101,6.114,1.319
2019-08-01,140102,22.081,6.066
2019-08-01,140201,365.597,58.02
2019-08-01,140301,0.131,0.011
2019-08-01,140499,3.469,2.014
2019-08-01,150101,692.96,1794.101
2019-08-01,150201,26.4,0.001
2019-08-01,150301,2.62,1.824
2019-08-01,150401,0.029,0.035
2019-08-01,150699,8.204,17.439
2019-08-01,210101,2.564,0.049
2019-08-01,210201,0.313,0.182
2019-08-01,210399,8.762,5.66
2019-08-01,220101,7.424,3.408
2019-08-01,220201,2.024,4.08
2019-08-01,220401,7.476,1.137
2019-08-01,220501,9.367,2.34
2019-08-01,220601,14.014,12.412
2019-08-01,220701,5.408,4.59
2019-08-01,220702,1.307,0.888
2019-08-01,220703,104.01,26.625
2019-08-01,220799,2.562,0.483
2019-08-01,220801,13.499,8.03
2019-08-01,220901,1.098,0.478
2019-08-01,221001,0.025,0.01
2019-08-01,221101,1.006,0.892
2019-08-01,221201,12.75,17.125
2019-08-01,221399,5.412,1.471
2019-08-01,230101,4.969,4.05
2019-08-01,230401,4.383,5.524
2019-08-01,230501,10.972,2.304
2019-08-01,230601,65.049,222.673
2019-08-01,230701,4.154,0.149
2019-08-01,230702,2.129,0.164
2019-08-01,230799,25.475,14.129
2019-08-01,230801,6.834,1.427
2019-08-01,230901,0.274,0.051
2019-08-01,231001,1.156,0.016
2019-08-01,231101,0.039,0.0
2019-08-01,231201,5.504,5.181
2019-08-01,231301,2.816,0.142
2019-08-01,231399,4.77,1.316
2019-08-01,231401,15.191,5.21
2019-08-01,231501,0.131,0.011
2019-08-01,231699,9.399,6.701
2019-08-01,310101,0.03,0.197
2019-08-01,320101,4.317,1.487
2019-08-01,330101,0.123,0.056
2019-08-01,330199,0.312,0.788
2019-08-01,410101,0.256,0.114
2019-09-01,110201,245.459,517.786
2019-09-01,110202,7.307,13.174
2019-09-01,110301,62.227,26.572
2019-09-01,110401,0.437,0.08
2019-09-01,110402,0.075,0.011
2019-09-01,110502,3.875,7.72
2019-09-01,110599,1.889,2.071
2019-09-01,111001,2.32,0.851
2019-09-01,111099,0.043,0.4
2019-09-01,111101,2.079,0.094
2019-09-01,111105,0.121,0.07
2019-09-01,111106,0.001,0.001
2019-09-01,111109,62.294,12.434
2019-09-01,111199,7.419,4.93
2019-09-01,120101,13.604,3.634
2019-09-01,120399,16.649,65.479
2019-09-01,130201,0.554,0.053
2019-09-01,130399,1.143,0.293
2019-09-01,140101,5.569,0.99
2019-09-01,140102,15.781,6.202
2019-09-01,140201,304.413,50.785
2019-09-01,140301,0.378,0.031
2019-09-01,140499,2.439,1.287
2019-09-01,150101,611.851,1592.38
2019-09-01,150201,19.082,0.001
2019-09-01,150301,1.321,1.206
2019-09-01,150401,0.029,0.035
2019-09-01,150501,0.021,0.315
2019-09-01,150699,4.544,11.159
2019-09-01,210101,2.076,0.06
2019-09-01,210201,0.377,0.07
2019-09-01,210399,7.597,5.762
2019-09-01,220101,7.562,3.162
2019-09-01,220201,0.687,1.135
2019-09-01,220301,0.02,0.003
2019-09-01,220401,8.43,1.302
2019-09-01,220501,8.868,2.287
2019-09-01,220601,12.298,10.518
2019-09-01,220701,4.695,3.861
2019-09-01,220702,0.658,0.523
2019-09-01,220703,108.558,28.148
2019-09-01,220799,2.437,0.559
2019-09-01,220801,17.079,10.658
2019-09-01,220901,0.936,0.497
2019-09-01,221001,0.326,0.129
2019-09-01,221101,0.861,0.796
2019-09-01,221201,7.633,8.924
2019-09-01,221399,4.919,1.488
2019-09-01,230101,6.758,5.762
2019-09-01,230401,5.809,7.104
2019-09-01,230501,10.314,2.252
2019-09-01,230601,59.611,183.026
2019-09-01,230701,14.266,0.407
2019-09-01,230702,1.97,0.34
2019-09-01,230799,26.202,13.416
2019-09-01,230801,5.92,1.48
2019-09-01,230901,0.33,0.067
2019-09-01,231001,1.301,0.019
2019-09-01,231101,0.004,0.0
2019-09-01,231201,6.148,5.976
2019-09-01,231301,1.185,0.086
2019-09-01,231399,4.15,1.133
2019-09-01,231401,13.265,4.925
2019-09-01,231501,0.029,0.011
2019-09-01,231699,14.979,41.083
2019-09-01,310101,0.04,0.397
2019-09-01,320101,5.425,2.346
2019-09-01,330101,0.98,0.016
2019-09-01,330199,0.239,0.439
2019-09-01,410101,0.238,0.101
2019-10-01,110101,0.001,0.001
2019-10-01,110201,234.171,495.424
2019-10-01,110202,6.46,13.354
2019-10-01,110301,59.086,23.466
2019-10-01,110401,0.908,0.142
2019-10-01,110402,0.013,0.001
2019-10-01,110501,0.0,0.0
2019-10-01,110502,3.749,7.872
2019-10-01,110503,0.0,0.0
2019-10-01,110599,9.5,8.234
2019-10-01,111001,2.486,0.912
2019-10-01,111099,0.051,0.51
2019-10-01,111101,4.031,0.23
2019-10-01,111105,0.103,0.051
2019-10-01,111106,0.0,0.0
2019-10-01,111109,65.25,12.236
2019-10-01,111199,6.976,5.123
2019-10-01,120101,15.824,4.059
2019-10-01,120399,16.99,58.145
2019-10-01,130201,0.322,0.039
2019-10-01,130399,0.939,0.149
2019-10-01,140101,4.214,0.554
2019-10-01,140102,14.172,4.588
2019-10-01,140201,322.392,53.966
2019-10-01,140301,0.689,0.041
2019-10-01,140499,2.336,1.136
2019-10-01,150101,608.854,1694.915
2019-10-01,150201,19.38,0.001
2019-10-01,150301,0.517,0.834
2019-10-01,150501,0.035,0.414
2019-10-01,150699,3.793,4.42
2019-10-01,210101,1.153,0.038
2019-10-01,210201,0.337,0.086
2019-10-01,210399,8.025,4.962
2019-10-01,220101,6.735,3.094
2019-10-01,220201,0.708,1.242
2019-10-01,220401,5.614,0.812
2019-10-01,220501,7.752,1.942
2019-10-01,220601,10.715,8.891
2019-10-01,220701,4.348,3.673
2019-10-01,220702,0.27,0.198
2019-10-01,220703,90.581,23.658
2019-10-01,220799,2.925,0.548
2019-10-01,220801,12.945,7.631
2019-10-01,220901,0.719,0.365
2019-10-01,221001,0.023,0.003
2019-10-01,221101,0.728,0.613
2019-10-01,221201,6.148,6.258
2019-10-01,221399,3.956,1.248
2019-10-01,230101,6.848,5.584
2019-10-01,230401,5.009,5.997
2019-10-01,230501,8.772,1.829
2019-10-01,230601,64.597,236.241
2019-10-01,230701,11.266,0.635
2019-10-01,230702,2.311,0.224
2019-10-01,230799,25.262,12.586
2019-10-01,230801,3.977,0.798
2019-10-01,230901,0.488,0.1
2019-10-01,231001,1.403,0.017
2019-10-01,231101,0.017,0.0
2019-10-01,231201,6.689,7.082
2019-10-01,231301,1.413,0.09
2019-10-01,231399,4.599,1.375
2019-10-01,231401,15.31,5.529
2019-10-01,231501,0.125,0.009
2019-10-01,231699,11.985,7.644
2019-10-01,310101,0.012,0.176
2019-10-01,320101,4.206,1.389
2019-10-01,330101,0.299,0.028
2019-10-01,330199,0.043,0.158
2019-10-01,410101,0.336,0.124
2019-11-01,110201,256.782,540.048
2019-11-01,110202,11.441,16.295
2019-11-01,110301,83.902,32.686
2019-11-01,110401,0.6,0.124
2019-11-01,110502,4.813,10.215
2019-11-01,110599,41.402,27.593
2019-11-01,111001,2.629,0.981
2019-11-01,111099,0.063,0.498
2019-11-01,111101,8.968,0.444
2019-11-01,111105,0.124,0.074
2019-11-01,111106,0.004,0.003
2019-11-01,111109,63.17,11.961
2019-11-01,111199,10.026,6.872
2019-11-01,120101,19.406,4.476
2019-11-01,120399,16.716,60.983
2019-11-01,130201,0.955,0.286
2019-11-01,130399,0.88,0.397
2019-11-01,140101,6.371,1.834
2019-11-01,140102,15.481,5.688
2019-11-01,140201,390.698,62.766
2019-11-01,140301,0.807,0.053
2019-11-01,140499,1.718,0.789
2019-11-01,150101,573.361,1541.391
2019-11-01,150201,15.863,0.001
2019-11-01,150301,4.581,2.547
2019-11-01,150501,0.035,0.424
2019-11-01,150699,10.589,12.236
2019-11-01,210101,2.401,0.05
2019-11-01,210201,0.207,0.047
2019-11-01,210399,7.062,6.633
2019-11-01,220101,7.243,3.325
2019-11-01,220201,0.226,0.18
2019-11-01,220301,0.006,0.012
2019-11-01,220401,7.735,1.192
2019-11-01,220501,10.198,2.427
2019-11-01,220601,11.034,9.268
2019-11-01,220701,4.846,4.149
2019-11-01,220702,0.259,0.19
2019-11-01,220703,82.731,21.454
2019-11-01,220799,3.461,0.582
2019-11-01,220801,19.499,11.544
2019-11-01,220901,1.195,0.538
2019-11-01,221001,0.021,0.008
2019-11-01,221101,0.97,0.879
2019-11-01,221201,9.037,11.371
2019-11-01,221399,5.483,1.588
2019-11-01,230101,4.677,4.289
2019-11-01,230401,6.301,8.419
2019-11-01,230501,9.878,1.846
2019-11-01,230601,47.616,205.846
2019-11-01,230701,7.439,0.462
2019-11-01,230702,4.901,0.298
2019-11-01,230799,28.53,11.798
2019-11-01,230801,6.258,1.424
2019-11-01,230901,0.59,0.123
2019-11-01,231001,1.318,0.024
2019-11-01,231101,0.026,0.0
2019-11-01,231201,6.017,5.252
2019-11-01,231301,1.889,0.118
2019-11-01,231399,4.483,1.217
2019-11-01,231401,13.789,4.929
2019-11-01,231501,0.166,0.024
2019-11-01,231699,13.214,39.706
2019-11-01,310101,0.034,0.298
2019-11-01,320101,4.502,1.637
2019-11-01,330101,0.876,0.025
2019-11-01,330199,0.262,0.386
2019-11-01,410101,0.3,0.166
2019-12-01,110101,9.851,14.266
2019-12-01,110201,303.402,615.748
2019-12-01,110202,28.18,17.666
2019-12-01,110301,99.577,38.304
2019-12-01,110401,1.865,0.33
2019-12-01,110402,0.417,0.05
2019-12-01,110502,4.28,8.966
2019-12-01,110599,18.483,19.505
2019-12-01,111001,2.552,0.939
2019-12-01,111099,0.042,0.42
2019-12-01,111101,9.76,0.504
2019-12-01,111105,0.077,0.044
2019-12-01,111106,0.012,0.046
2019-12-01,111109,72.038,14.505
2019-12-01,111199,6.054,4.721
2019-12-01,120101,24.6,5.321
2019-12-01,120399,15.914,59.66
2019-12-01,130201,0.402,0.027
2019-12-01,130399,0.872,1.454
2019-12-01,140101,5.27,0.913
2019-12-01,140102,13.352,3.534
2019-12-01,140201,292.183,48.814
2019-12-01,140301,0.291,0.029
2019-12-01,140499,1.834,0.71
2019-12-01,150101,679.46,1758.947
2019-12-01,150201,26.04,0.001
2019-12-01,150301,4.947,3.719
2019-12-01,150501,0.022,0.204
2019-12-01,150699,30.528,10.333
2019-12-01,210101,1.094,0.051
2019-12-01,210201,0.341,0.031
2019-12-01,210399,7.813,5.015
2019-12-01,220101,6.11,3.123
2019-12-01,220201,3.686,7.185
2019-12-01,220401,7.91,1.277
2019-12-01,220501,11.479,2.953
2019-12-01,220601,12.267,9.73
2019-12-01,220701,2.832,2.481
2019-12-01,220702,0.688,0.409
2019-12-01,220703,95.715,24.395
2019-12-01,220799,2.623,0.938
2019-12-01,220801,16.579,10.324
2019-12-01,220901,1.197,0.621
2019-12-01,221001,0.039,0.01
2019-12-01,221101,0.938,0.909
2019-12-01,221201,22.709,28.802
2019-12-01,221399,5.068,1.397
2019-12-01,230101,5.159,4.721
2019-12-01,230301,0.01,0.014
2019-12-01,230401,4.775,5.679
2019-12-01,230501,13.289,2.069
2019-12-01,230601,47.069,174.116
2019-12-01,230701,7.315,0.496
2019-12-01,230702,2.876,0.324
2019-12-01,230799,28.042,13.113
2019-12-01,230801,6.643,1.169
2019-12-01,230901,0.325,0.069
2019-12-01,231001,1.316,0.024
2019-12-01,231101,0.095,0.001
2019-12-01,231201,5.685,3.288
2019-12-01,231301,1.964,0.104
2019-12-01,231399,3.094,0.944
2019-12-01,231401,14.892,5.05
2019-12-01,231501,0.051,0.025
2019-12-01,231699,17.813,6.008
2019-12-01,310101,0.008,0.132
2019-12-01,320101,6.977,2.287
2019-12-01,330101,0.707,0.033
2019-12-01,330199,0.463,0.698
2019-12-01,410101,0.165,0.039
2020-01-01,110101,4.339,5.887
2020-01-01,110201,382.26,690.476
2020-01-01,110202,9.191,20.388
2020-01-01,110301,50.709,19.389
2020-01-01,110401,0.291,0.086
2020-01-01,110502,3.336,6.982
2020-01-01,110599,22.644,6.475
2020-01-01,111001,1.927,0.704
2020-01-01,111099,0.068,0.583
2020-01-01,111101,10.464,0.494
2020-01-01,111105,0.107,0.06
2020-01-01,111106,0.0,0.0
2020-01-01,111109,67.595,12.596
2020-01-01,111199,6.823,4.177
2020-01-01,120101,20.699,4.268
2020-01-01,120399,12.94,30.857
2020-01-01,130201,0.44,0.046
2020-01-01,130399,1.104,0.772
2020-01-01,140101,5.143,1.098
2020-01-01,140102,19.86,3.557
2020-01-01,140201,298.117,51.794
2020-01-01,140301,0.496,0.027
2020-01-01,140499,1.931,0.299
2020-01-01,150101,594.389,1645.107
2020-01-01,150201,32.576,0.001
2020-01-01,150301,33.713,27.299
2020-01-01,150501,0.021,0.35
2020-01-01,150699,28.001,5.286
2020-01-01,210101,1.27,0.027
2020-01-01,210201,0.214,0.011
2020-01-01,210399,7.504,6.976
2020-01-01,220101,6.963,3.345
2020-01-01,220201,1.306,2.381
2020-01-01,220301,0.001,0.001
2020-01-01,220401,3.599,0.572
2020-01-01,220501,7.7,1.96
2020-01-01,220601,11.658,10.275
2020-01-01,220701,3.512,3.092
2020-01-01,220702,0.757,0.539
2020-01-01,220703,71.435,18.441
2020-01-01,220799,3.317,0.492
2020-01-01,220801,13.095,7.575
2020-01-01,220901,0.767,0.321
2020-01-01,221001,0.023,0.007
2020-01-01,221101,0.935,0.837
2020-01-01,221201,17.743,19.69
2020-01-01,221399,1.953,0.569
2020-01-01,230101,5.886,5.477
2020-01-01,230401,5.594,6.865
2020-01-01,230501,11.248,1.816
2020-01-01,230601,81.765,285.38
2020-01-01,230701,8.8,0.488
2020-01-01,230702,4.746,0.361
2020-01-01,230799,22.261,11.786
2020-01-01,230801,6.907,1.414
2020-01-01,230901,0.442,0.087
2020-01-01,231001,1.341,0.018
2020-01-01,231101,0.039,0.0
2020-01-01,231201,3.846,2.331
2020-01-01,231301,1.907,0.101
2020-01-01,231399,3.399,0.966
2020-01-01,231401,10.729,3.89
2020-01-01,231501,0.166,0.015
2020-01-01,231699,13.686,6.683
2020-01-01,310101,0.006,0.087
2020-01-01,320101,4.396,2.07
2020-01-01,330101,0.902,0.046
2020-01-01,330199,0.2,0.357
2020-01-01,410101,0.246,0.076
2020-02-01,110101,11.224,14.756
2020-02-01,110201,303.411,575.476
2020-02-01,110202,7.742,18.53
2020-02-01,110301,63.695,23.043
2020-02-01,110401,0.248,0.037
2020-02-01,110502,2.712,5.541
2020-02-01,110503,0.0,0.0
2020-02-01,110599,18.395,4.623
2020-02-01,111001,1.203,0.45
2020-02-01,111099,0.045,0.46
2020-02-01,111101,8.504,0.425
2020-02-01,111105,0.098,0.051
2020-02-01,111106,0.001,0.001
2020-02-01,111109,106.818,17.676
2020-02-01,111199,7.53,5.269
2020-02-01,120101,31.328,6.291
2020-02-01,120399,11.962,28.274
2020-02-01,130201,0.244,0.04
2020-02-01,130399,1.365,1.356
2020-02-01,140101,7.78,0.931
2020-02-01,140102,29.301,7.692
2020-02-01,140201,352.537,61.089
2020-02-01,140499,1.522,0.414
2020-02-01,150101,420.49,1334.077
2020-02-01,150201,20.114,0.001
2020-02-01,150301,53.938,35.242
2020-02-01,150501,0.029,0.294
2020-02-01,150699,23.897,10.459
2020-02-01,210101,1.699,0.055
2020-02-01,210201,0.363,0.077
2020-02-01,210399,6.873,5.587
2020-02-01,220101,8.528,3.958
2020-02-01,220201,0.512,0.774
2020-02-01,220401,3.133,0.445
2020-02-01,220501,11.274,2.823
2020-02-01,220601,14.109,13.702
2020-02-01,220701,7.107,5.437
2020-02-01,220702,0.704,0.423
2020-02-01,220703,98.774,27.328
2020-02-01,220799,2.621,0.433
2020-02-01,220801,18.09,10.375
2020-02-01,220901,0.867,0.365
2020-02-01,221001,0.038,0.009
2020-02-01,221101,0.841,0.798
2020-02-01,221201,16.122,17.758
2020-02-01,221399,3.816,0.957
2020-02-01,230101,7.02,6.403
2020-02-01,230301,0.003,0.0
2020-02-01,230401,5.632,6.041
2020-02-01,230501,12.602,2.004
2020-02-01,230601,51.379,172.32
2020-02-01,230701,7.138,23.428
2020-02-01,230702,5.555,2.12
2020-02-01,230799,25.159,12.881
2020-02-01,230801,6.076,1.507
2020-02-01,230901,0.735,0.129
2020-02-01,231001,1.413,0.014
2020-02-01,231101,0.031,0.0
2020-02-01,231201,3.376,1.736
2020-02-01,231301,1.955,0.091
2020-02-01,231399,6.115,1.285
2020-02-01,231401,14.207,5.035
2020-02-01,231501,0.145,0.019
2020-02-01,231699,21.515,71.813
2020-02-01,310101,0.019,0.228
2020-02-01,320101,5.86,2.044
2020-02-01,330101,1.566,0.485
2020-02-01,330199,0.392,0.784
2020-02-01,410101,0.211,0.041
2020-03-01,110101,2.272,3.129
2020-03-01,110201,343.35,698.255
2020-03-01,110202,9.089,21.38
2020-03-01,110301,55.841,20.858
2020-03-01,110401,0.613,0.047
2020-03-01,110402,0.062,0.006
2020-03-01,110502,3.576,7.1
2020-03-01,110599,14.477,3.146
2020-03-01,111001,3.439,1.254
2020-03-01,111099,0.03,0.318
2020-03-01,111101,8.9,0.44
2020-03-01,111105,0.11,0.07
2020-03-01,111106,0.0,0.0
2020-03-01,111109,80.807,14.389
2020-03-01,111199,6.662,4.352
2020-03-01,120101,25.5,4.824
2020-03-01,120399,8.382,19.871
2020-03-01,130201,0.366,0.383
2020-03-01,130399,1.082,1.014
2020-03-01,140101,6.728,1.136
2020-03-01,140102,27.342,6.094
2020-03-01,140201,296.783,53.39
2020-03-01,140301,0.533,0.028
2020-03-01,140499,0.933,0.289
2020-03-01,150101,312.476,1904.517
2020-03-01,150201,23.825,0.001
2020-03-01,150202,0.051,0.0
2020-03-01,150301,59.799,38.288
2020-03-01,150501,0.023,0.353
2020-03-01,150699,29.789,11.615
2020-03-01,210101,2.635,0.049
2020-03-01,210201,0.154,0.042
2020-03-01,210399,6.565,4.854
2020-03-01,220101,8.395,3.917
2020-03-01,220201,0.515,0.526
2020-03-01,220401,3.208,0.537
2020-03-01,220501,11.114,2.736
2020-03-01,220601,13.682,13.838
2020-03-01,220701,4.698,3.481
2020-03-01,220702,0.731,0.421
2020-03-01,220703,93.207,24.55
2020-03-01,220799,1.969,0.289
2020-03-01,220801,20.27,11.065
2020-03-01,220901,0.993,0.473
2020-03-01,221001,0.011,0.003
2020-03-01,221101,1.042,0.961
2020-03-01,221201,7.306,6.995
2020-03-01,221399,3.417,0.783
2020-03-01,230101,8.675,7.79
2020-03-01,230301,0.002,0.0
2020-03-01,230401,6.237,7.039
2020-03-01,230501,12.784,1.823
2020-03-01,230601,41.676,286.527
2020-03-01,230701,7.167,0.284
2020-03-01,230702,1.467,0.122
2020-03-01,230799,20.09,9.908
2020-03-01,230801,3.892,0.762
2020-03-01,230901,0.165,0.032
2020-03-01,231001,0.804,0.008
2020-03-01,231101,0.042,0.002
2020-03-01,231201,2.847,1.38
2020-03-01,231301,1.606,0.075
2020-03-01,231399,3.36,0.932
2020-03-01,231401,10.118,3.62
2020-03-01,231501,0.01,0.004
2020-03-01,231699,10.821,36.292
2020-03-01,310101,0.004,0.051
2020-03-01,320101,4.993,1.883
2020-03-01,330101,1.55,0.028
2020-03-01,330199,0.525,0.697
2020-03-01,410101,0.09,0.03
2020-04-01,110101,0.383,0.547
2020-04-01,110201,309.887,627.511
2020-04-01,110202,8.366,18.952
2020-04-01,110301,40.512,16.217
2020-04-01,110401,0.167,0.075
2020-04-01,110502,2.416,4.723
2020-04-01,110599,2.347,0.706
2020-04-01,111001,2.554,0.914
2020-04-01,111099,0.008,0.068
2020-04-01,111101,2.033,0.078
2020-04-01,111105,0.125,0.065
2020-04-01,111106,0.002,0.005
2020-04-01,111109,62.345,8.832
2020-04-01,111199,4.337,3.262
2020-04-01,120101,19.05,4.682
2020-04-01,120399,3.739,9.278
2020-04-01,130201,0.394,0.123
2020-04-01,130399,0.613,0.692
2020-04-01,140101,5.068,1.403
2020-04-01,140102,16.228,2.846
2020-04-01,140201,322.285,59.43
2020-04-01,140499,0.487,0.113
2020-04-01,150101,74.812,735.779
2020-04-01,150201,11.435,0.0
2020-04-01,150301,0.905,0.755
2020-04-01,150501,0.05,0.549
2020-04-01,150699,2.476,2.513
2020-04-01,210101,1.593,0.039
2020-04-01,210201,0.048,0.005
2020-04-01,210399,4.214,3.944
2020-04-01,220101,8.346,3.702
2020-04-01,220201,0.38,0.444
2020-04-01,220301,0.003,0.005
2020-04-01,220401,6.889,1.213
2020-04-01,220501,7.436,1.882
2020-04-01,220601,12.165,12.35
2020-04-01,220701,3.122,2.959
2020-04-01,220702,0.412,0.264
2020-04-01,220703,74.856,19.326
2020-04-01,220799,1.234,0.322
2020-04-01,220801,16.775,9.116
2020-04-01,220901,0.74,0.366
2020-04-01,221001,0.012,0.004
2020-04-01,221101,0.356,0.398
2020-04-01,221201,8.097,8.459
2020-04-01,221399,2.563,0.581
2020-04-01,230101,6.215,5.698
2020-04-01,230401,5.27,5.473
2020-04-01,230501,6.405,1.002
2020-04-01,230601,10.302,86.182
2020-04-01,230701,0.392,0.003
2020-04-01,230702,0.858,0.052
2020-04-01,230799,8.029,3.903
2020-04-01,230801,1.171,0.161
2020-04-01,230901,0.061,0.012
2020-04-01,231001,0.286,0.005
2020-04-01,231101,0.007,0.0
2020-04-01,231201,1.943,1.347
2020-04-01,231301,0.456,0.021
2020-04-01,231399,2.296,0.888
2020-04-01,231401,6.033,2.242
2020-04-01,231501,0.107,0.008
2020-04-01,231699,9.111,33.005
2020-04-01,310101,0.005,0.104
2020-04-01,320101,1.011,0.604
2020-04-01,330101,2.885,0.015
2020-04-01,330199,0.094,0.121
2020-04-01,410101,0.053,0.071
2020-05-01,110101,8.189,10.811
2020-05-01,110201,296.245,609.819
2020-05-01,110202,10.972,24.718
2020-05-01,110301,51.519,20.185
2020-05-01,110401,0.063,0.005
2020-05-01,110502,2.814,5.848
2020-05-01,110599,2.447,0.526
2020-05-01,111001,2.679,0.982
2020-05-01,111099,0.05,0.516
2020-05-01,111101,4.759,0.2
2020-05-01,111105,0.099,0.034
2020-05-01,111109,85.455,15.919
2020-05-01,111199,11.007,7.456
2020-05-01,120101,25.558,4.865
2020-05-01,120399,3.789,8.08
2020-05-01,130201,0.119,0.008
2020-05-01,130399,1.291,0.216
2020-05-01,140101,5.994,2.13
2020-05-01,140102,20.46,4.817
2020-05-01,140201,393.385,72.633
2020-05-01,140499,1.833,0.39
2020-05-01,150101,222.286,1269.688
2020-05-01,150201,20.415,0.0
2020-05-01,150301,2.318,1.75
2020-05-01,150501,0.034,0.107
2020-05-01,150699,6.889,4.933
2020-05-01,210101,1.012,0.026
2020-05-01,210201,0.193,0.017
2020-05-01,210399,5.457,4.841
2020-05-01,220101,8.806,3.702
2020-05-01,220201,0.31,0.284
2020-05-01,220301,0.0,0.0
2020-05-01,220401,6.26,1.01
2020-05-01,220501,9.479,2.409
2020-05-01,220601,13.786,11.341
2020-05-01,220701,1.679,1.59
2020-05-01,220702,0.284,0.197
2020-05-01,220703,106.696,27.149
2020-05-01,220799,1.553,0.303
2020-05-01,220801,15.881,8.989
2020-05-01,220901,1.576,0.94
2020-05-01,221001,0.203,0.067
2020-05-01,221101,0.324,0.289
2020-05-01,221201,12.005,16.544
2020-05-01,221399,2.369,0.714
2020-05-01,230101,5.971,5.377
2020-05-01,230401,5.476,5.783
2020-05-01,230501,12.681,1.795
2020-05-01,230601,1.448,3.792
2020-05-01,230701,0.819,0.038
2020-05-01,230702,1.832,0.115
2020-05-01,230799,17.298,8.204
2020-05-01,230801,3.38,1.215
2020-05-01,230901,0.22,0.046
2020-05-01,231001,0.718,0.007
2020-05-01,231101,0.028,0.0
2020-05-01,231201,2.823,1.747
2020-05-01,231301,0.375,0.029
2020-05-01,231399,1.864,0.733
2020-05-01,231401,7.512,3.383
2020-05-01,231501,0.052,0.023
2020-05-01,231699,15.587,3.948
2020-05-01,310101,0.031,0.178
2020-05-01,320101,1.056,0.53
2020-05-01,330101,0.108,0.0
2020-05-01,330199,0.213,0.247
2020-05-01,410101,0.152,0.12
2020-06-01,110101,5.91,7.859
2020-06-01,110201,314.046,549.108
2020-06-01,110202,8.645,18.456
2020-06-01,110301,49.253,20.095
2020-06-01,110401,0.151,0.048
2020-06-01,110402,0.009,0.001
2020-06-01,110502,2.335,4.853
2020-06-01,110599,4.674,1.029
2020-06-01,111001,2.814,1.025
2020-06-01,111099,0.054,0.553
2020-06-01,111101,4.757,0.202
2020-06-01,111105,0.099,0.05
2020-06-01,111106,0.003,0.003
2020-06-01,111109,61.307,13.59
2020-06-01,111199,7.572,5.395
2020-06-01,120101,33.642,5.708
2020-06-01,120399,6.137,13.135
2020-06-01,130201,0.585,0.042
2020-06-01,130399,0.841,0.604
2020-06-01,140101,3.285,0.421
2020-06-01,140102,24.415,7.491
2020-06-01,140201,310.567,56.343
2020-06-01,140499,1.552,0.506
2020-06-01,150101,427.617,1748.543
2020-06-01,150201,19.901,0.0
2020-06-01,150301,2.254,1.616
2020-06-01,150501,0.139,0.548
2020-06-01,150699,10.171,6.885
2020-06-01,210101,2.443,0.068
2020-06-01,210201,0.519,0.063
2020-06-01,210399,7.593,6.481
2020-06-01,220101,7.628,3.558
2020-06-01,220201,0.143,0.093
2020-06-01,220401,3.45,0.537
2020-06-01,220501,10.432,2.795
2020-06-01,220601,12.272,10.772
2020-06-01,220701,5.957,4.4
2020-06-01,220702,1.539,0.978
2020-06-01,220703,110.606,29.756
2020-06-01,220799,2.797,0.481
2020-06-01,220801,16.211,9.694
2020-06-01,220901,3.011,1.773
2020-06-01,221001,0.07,0.015
2020-06-01,221101,0.766,0.618
2020-06-01,221201,18.568,31.325
2020-06-01,221399,2.162,0.747
2020-06-01,230101,6.199,5.723
2020-06-01,230301,0.005,0.0
2020-06-01,230401,7.121,7.6
2020-06-01,230501,19.758,3.155
2020-06-01,230601,29.269,145.491
2020-06-01,230701,1.495,0.07
2020-06-01,230702,1.929,0.191
2020-06-01,230799,21.594,10.444
2020-06-01,230801,4.709,1.552
2020-06-01,230901,0.173,0.032
2020-06-01,231001,1.375,0.016
2020-06-01,231101,0.026,0.0
2020-06-01,231201,3.369,1.633
2020-06-01,231301,0.593,0.033
2020-06-01,231399,2.942,0.93
2020-06-01,231401,8.903,3.634
2020-06-01,231501,0.111,0.01
2020-06-01,231699,14.997,4.724
2020-06-01,310101,0.014,0.18
2020-06-01,320101,2.443,1.075
2020-06-01,330101,0.858,0.018
2020-06-01,330199,0.17,0.299
2020-06-01,410101,0.125,0.044
2020-07-01,110101,0.001,0.002
2020-07-01,110201,302.345,540.23
2020-07-01,110202,8.79,18.532
2020-07-01,110301,47.539,20.357
2020-07-01,110401,0.515,0.274
2020-07-01,110402,0.053,0.007
2020-07-01,110502,3.223,6.556
2020-07-01,110503,0.0,0.0
2020-07-01,110599,5.234,1.417
2020-07-01,111001,1.826,0.668
2020-07-01,111099,0.083,0.904
2020-07-01,111101,2.167,0.124
2020-07-01,111105,0.099,0.033
2020-07-01,111106,0.002,0.001
2020-07-01,111109,60.876,11.007
2020-07-01,111199,8.273,5.536
2020-07-01,120101,46.695,8.173
2020-07-01,120399,16.433,36.322
2020-07-01,130201,0.088,0.03
2020-07-01,130399,1.397,2.179
2020-07-01,140101,4.173,0.444
2020-07-01,140102,24.847,6.543
2020-07-01,140201,257.482,45.918
2020-07-01,140301,0.022,0.002
2020-07-01,140499,1.226,0.419
2020-07-01,150101,403.225,1557.463
2020-07-01,150201,27.62,0.001
2020-07-01,150301,2.602,1.997
2020-07-01,150501,0.041,0.159
2020-07-01,150699,11.616,9.277
2020-07-01,210101,1.259,0.039
2020-07-01,210201,0.821,0.21
2020-07-01,210399,10.185,7.594
2020-07-01,220101,7.891,3.81
2020-07-01,220201,0.163,0.151
2020-07-01,220301,0.004,0.001
2020-07-01,220401,4.058,0.57
2020-07-01,220501,9.458,2.545
2020-07-01,220601,11.956,9.865
2020-07-01,220701,5.674,4.236
2020-07-01,220702,2.715,1.656
2020-07-01,220703,116.364,31.863
2020-07-01,220799,3.256,0.432
2020-07-01,220801,12.861,7.371
2020-07-01,220901,2.444,1.343
2020-07-01,221001,0.034,0.008
2020-07-01,221101,1.139,0.93
2020-07-01,221201,19.733,30.996
2020-07-01,221399,3.51,1.491
2020-07-01,230101,5.936,5.26
2020-07-01,230301,0.018,0.002
2020-07-01,230401,6.852,7.558
2020-07-01,230501,19.509,2.478
2020-07-01,230601,44.936,204.503
2020-07-01,230701,3.5,0.152
2020-07-01,230702,4.549,0.375
2020-07-01,230799,26.633,14.268
2020-07-01,230801,5.572,1.378
2020-07-01,230901,0.215,0.025
2020-07-01,231001,1.076,0.019
2020-07-01,231101,0.01,0.0
2020-07-01,231201,2.616,1.081
2020-07-01,231301,1.428,0.069
2020-07-01,231399,2.942,0.918
2020-07-01,231401,11.442,4.299
2020-07-01,231501,0.125,0.032
2020-07-01,231699,10.461,7.665
2020-07-01,310101,0.007,0.141
2020-07-01,320101,3.25,1.602
2020-07-01,330101,1.646,0.332
2020-07-01,330199,0.297,0.498
2020-07-01,410101,0.136,0.013
2020-08-01,110201,288.921,591.425
2020-08-01,110202,8.3,15.806
2020-08-01,110301,73.253,30.655
2020-08-01,110401,1.027,0.301
2020-08-01,110402,0.269,0.02
2020-08-01,110502,4.004,8.048
2020-08-01,110599,3.701,1.507
2020-08-01,111001,3.632,1.33
2020-08-01,111099,0.102,1.071
2020-08-01,111101,5.058,0.185
2020-08-01,111105,0.086,0.055
2020-08-01,111106,0.0,0.0
2020-08-01,111109,55.726,11.846
2020-08-01,111199,7.837,5.599
2020-08-01,120101,52.142,10.945
2020-08-01,120399,17.783,56.227
2020-08-01,130201,0.309,0.042
2020-08-01,130399,1.324,4.666
2020-08-01,140101,5.183,1.004
2020-08-01,140102,18.915,7.41
2020-08-01,140201,270.08,51.419
2020-08-01,140301,0.443,0.023
2020-08-01,140499,1.217,0.503
2020-08-01,150101,438.791,1614.044
2020-08-01,150201,42.517,0.001
2020-08-01,150202,0.091,0.0
2020-08-01,150301,35.98,25.341
2020-08-01,150501,0.011,0.194
2020-08-01,150699,42.224,34.963
2020-08-01,210101,3.613,0.142
2020-08-01,210201,1.362,0.509
2020-08-01,210399,10.51,7.578
2020-08-01,220101,10.494,4.591
2020-08-01,220201,3.435,6.226
2020-08-01,220301,0.003,0.001
2020-08-01,220401,4.7,0.731
2020-08-01,220501,9.738,2.516
2020-08-01,220601,12.99,11.959
2020-08-01,220701,5.401,4.325
2020-08-01,220702,2.526,1.441
2020-08-01,220703,108.852,30.022
2020-08-01,220799,3.344,0.401
2020-08-01,220801,15.792,9.62
2020-08-01,220901,1.625,0.798
2020-08-01,221001,0.029,0.008
2020-08-01,221101,1.877,1.602
2020-08-01,221201,7.749,8.994
2020-08-01,221399,3.275,1.226
2020-08-01,230101,5.715,5.044
2020-08-01,230301,0.006,0.0
2020-08-01,230401,7.228,8.516
2020-08-01,230501,23.479,3.047
2020-08-01,230601,73.869,292.942
2020-08-01,230701,4.706,0.293
2020-08-01,230702,3.562,0.319
2020-08-01,230799,29.24,12.018
2020-08-01,230801,5.262,1.099
2020-08-01,230901,0.335,0.054
2020-08-01,231001,0.406,0.006
2020-08-01,231101,0.008,0.0
2020-08-01,231201,2.885,1.924
2020-08-01,231301,1.387,0.067
2020-08-01,231399,4.536,1.259
2020-08-01,231401,12.9,4.78
2020-08-01,231501,0.0,0.0
2020-08-01,231699,9.722,38.136
2020-08-01,310101,0.017,0.204
2020-08-01,320101,4.892,1.831
2020-08-01,330101,2.939,3.168
2020-08-01,330199,0.345,0.435
2020-08-01,410101,0.133,0.036
2020-09-01,110101,0.0,0.0
2020-09-01,110201,239.107,501.194
2020-09-01,110202,8.771,16.122
2020-09-01,110301,98.876,39.283
2020-09-01,110401,0.514,0.203
2020-09-01,110402,0.069,0.006
2020-09-01,110502,4.179,8.45
2020-09-01,110599,3.851,2.045
2020-09-01,111001,3.056,1.122
2020-09-01,111099,0.109,1.109
2020-09-01,111101,5.947,0.175
2020-09-01,111105,0.103,0.052
2020-09-01,111106,0.002,0.001
2020-09-01,111109,56.549,10.145
2020-09-01,111199,7.544,5.498
2020-09-01,120101,49.048,8.187
2020-09-01,120399,20.832,68.907
2020-09-01,130201,0.692,0.227
2020-09-01,130399,1.511,6.7
2020-09-01,140101,7.106,1.345
2020-09-01,140102,16.992,5.912
2020-09-01,140201,288.992,54.803
2020-09-01,140301,0.159,0.005
2020-09-01,140499,1.096,0.502
2020-09-01,150101,455.571,1772.028
2020-09-01,150201,44.294,0.001
2020-09-01,150202,0.572,0.001
2020-09-01,150301,3.909,2.112
2020-09-01,150501,0.008,0.075
2020-09-01,150699,56.243,42.166
2020-09-01,210101,2.242,0.09
2020-09-01,210201,1.242,0.521
2020-09-01,210399,9.679,8.044
2020-09-01,220101,9.981,3.967
2020-09-01,220201,0.446,0.496
2020-09-01,220301,0.001,0.0
2020-09-01,220401,6.141,0.937
2020-09-01,220501,11.491,3.061
2020-09-01,220601,11.869,10.303
2020-09-01,220701,8.825,7.602
2020-09-01,220702,2.603,1.771
2020-09-01,220703,102.585,26.847
2020-09-01,220799,3.269,0.382
2020-09-01,220801,15.992,10.258
2020-09-01,220901,1.755,0.916
2020-09-01,221001,0.041,0.012
2020-09-01,221101,1.708,1.301
2020-09-01,221201,10.248,12.13
2020-09-01,221399,3.914,1.071
2020-09-01,230101,5.389,4.644
2020-09-01,230301,0.013,0.001
2020-09-01,230401,7.214,7.964
2020-09-01,230501,18.268,2.395
2020-09-01,230601,50.811,238.613
2020-09-01,230701,7.047,0.245
2020-09-01,230702,2.376,0.17
2020-09-01,230799,27.079,12.13
2020-09-01,230801,4.492,1.471
2020-09-01,230901,0.315,0.063
2020-09-01,231001,0.896,0.021
2020-09-01,231101,0.031,0.002
2020-09-01,231201,5.056,4.468
2020-09-01,231301,2.419,0.087
2020-09-01,231399,5.886,1.602
2020-09-01,231401,14.278,5.334
2020-09-01,231501,0.149,0.03
2020-09-01,231699,8.677,43.934
2020-09-01,310101,0.006,0.105
2020-09-01,320101,5.611,1.802
2020-09-01,330101,4.29,0.109
2020-09-01,330199,0.479,0.765
2020-09-01,410101,0.211,0.1
2020-10-01,110101,0.01,0.03
2020-10-01,110201,241.862,515.636
2020-10-01,110202,7.996,16.95
2020-10-01,110301,77.799,30.789
2020-10-01,110401,0.78,0.084
2020-10-01,110402,0.29,0.022
2020-10-01,110502,3.662,7.46
2020-10-01,110599,22.774,20.808
2020-10-01,111001,3.223,1.2
2020-10-01,111099,0.074,0.77
2020-10-01,111101,4.846,0.256
2020-10-01,111105,0.096,0.042
2020-10-01,111106,0.0,0.0
2020-10-01,111109,55.869,12.134
2020-10-01,111199,8.123,5.586
2020-10-01,120101,36.542,5.883
2020-10-01,120399,21.982,75.123
2020-10-01,130201,0.491,0.211
2020-10-01,130399,1.937,5.217
2020-10-01,140101,5.251,0.543
2020-10-01,140102,17.909,5.26
2020-10-01,140201,378.389,65.433
2020-10-01,140301,0.244,0.008
2020-10-01,140499,0.855,0.361
2020-10-01,150101,397.911,1549.006
2020-10-01,150201,28.805,0.001
2020-10-01,150301,59.077,35.518
2020-10-01,150501,0.025,0.243
2020-10-01,150699,42.747,24.523
2020-10-01,210101,2.002,0.06
2020-10-01,210201,0.864,0.172
2020-10-01,210399,9.36,8.4
2020-10-01,220101,9.666,4.142
2020-10-01,220201,0.391,0.453
2020-10-01,220301,0.001,0.0
2020-10-01,220401,9.456,1.466
2020-10-01,220501,11.732,2.899
2020-10-01,220601,13.635,11.771
2020-10-01,220701,6.264,6.029
2020-10-01,220702,1.073,0.586
2020-10-01,220703,104.956,27.503
2020-10-01,220799,3.481,0.448
2020-10-01,220801,16.4,10.233
2020-10-01,220901,1.78,1.074
2020-10-01,221001,0.337,0.106
2020-10-01,221101,1.564,1.28
2020-10-01,221201,9.862,10.972
2020-10-01,221399,3.811,1.204
2020-10-01,230101,6.204,5.916
2020-10-01,230401,6.326,6.701
2020-10-01,230501,15.138,2.086
2020-10-01,230601,50.268,225.587
2020-10-01,230701,7.492,0.383
2020-10-01,230702,4.532,0.469
2020-10-01,230799,32.61,15.784
2020-10-01,230801,4.491,1.508
2020-10-01,230901,0.377,0.077
2020-10-01,231001,1.013,0.019
2020-10-01,231101,0.018,0.0
2020-10-01,231201,5.386,5.55
2020-10-01,231301,1.928,0.101
2020-10-01,231399,6.642,1.901
2020-10-01,231401,15.047,5.603
2020-10-01,231501,0.001,0.0
2020-10-01,231699,8.181,42.217
2020-10-01,310101,0.011,0.15
2020-10-01,320101,6.243,2.048
2020-10-01,330101,1.381,0.051
2020-10-01,330199,0.275,0.717
2020-10-01,410101,0.199,0.061
2020-11-01,110101,0.196,0.32
2020-11-01,110201,271.864,567.377
2020-11-01,110202,7.349,17.02
2020-11-01,110301,102.983,42.203
2020-11-01,110401,1.945,0.302
2020-11-01,110402,0.018,0.002
2020-11-01,110501,0.0,0.0
2020-11-01,110502,4.821,9.952
2020-11-01,110599,24.2,26.711
2020-11-01,111001,3.422,1.252
2020-11-01,111099,0.095,0.998
2020-11-01,111101,8.699,0.66
2020-11-01,111105,0.129,0.053
2020-11-01,111106,0.003,0.002
2020-11-01,111109,61.403,13.623
2020-11-01,111199,7.402,5.43
2020-11-01,120101,35.297,6.059
2020-11-01,120399,22.237,78.185
2020-11-01,130201,0.914,0.309
2020-11-01,130399,2.313,7.482
2020-11-01,140101,4.132,0.462
2020-11-01,140102,19.607,5.819
2020-11-01,140201,411.806,71.774
2020-11-01,140301,0.338,0.011
2020-11-01,140499,0.788,0.309
2020-11-01,150101,412.639,1562.578
2020-11-01,150201,61.985,0.001
2020-11-01,150202,0.082,0.0
2020-11-01,150301,44.663,27.406
2020-11-01,150501,0.027,0.075
2020-11-01,150699,50.475,15.0
2020-11-01,210101,1.543,0.033
2020-11-01,210201,0.33,0.109
2020-11-01,210399,8.695,6.495
2020-11-01,220101,9.01,3.951
2020-11-01,220201,6.999,18.096
2020-11-01,220301,0.004,0.003
2020-11-01,220401,4.999,0.804
2020-11-01,220501,9.667,2.433
2020-11-01,220601,13.043,10.494
2020-11-01,220701,5.355,4.813
2020-11-01,220702,0.567,0.376
2020-11-01,220703,90.373,23.608
2020-11-01,220799,2.972,0.386
2020-11-01,220801,19.819,12.066
2020-11-01,220901,2.329,1.04
2020-11-01,221001,0.038,0.009
2020-11-01,221101,2.247,2.141
2020-11-01,221201,11.892,12.988
2020-11-01,221399,3.724,0.984
2020-11-01,230101,5.729,5.699
2020-11-01,230301,0.004,0.012
2020-11-01,230401,6.855,7.529
2020-11-01,230501,12.523,1.809
2020-11-01,230601,58.01,241.957
2020-11-01,230701,5.693,0.278
2020-11-01,230702,5.845,1.31
2020-11-01,230799,30.472,12.919
2020-11-01,230801,6.017,1.506
2020-11-01,230901,0.419,0.081
2020-11-01,231001,0.657,0.017
2020-11-01,231101,0.025,0.0
2020-11-01,231201,4.837,4.491
2020-11-01,231301,2.275,0.127
2020-11-01,231399,5.452,1.549
2020-11-01,231401,13.72,5.163
2020-11-01,231501,0.161,0.034
2020-11-01,231699,9.365,81.103
2020-11-01,310101,0.006,0.101
2020-11-01,320101,6.555,2.358
2020-11-01,330101,1.558,0.143
2020-11-01,330199,0.598,1.122
2020-11-01,410101,0.179,0.119
2020-12-01,110101,0.423,0.724
2020-12-01,110201,273.156,569.969
2020-12-01,110202,7.323,17.176
2020-12-01,110301,103.546,40.166
2020-12-01,110401,1.457,0.222
2020-12-01,110402,0.194,0.032
2020-12-01,110502,4.261,8.754
2020-12-01,110599,16.323,12.804
2020-12-01,111001,2.955,1.092
2020-12-01,111099,0.101,1.029
2020-12-01,111101,7.295,0.466
2020-12-01,111105,0.155,0.057
2020-12-01,111106,0.0,0.0
2020-12-01,111109,72.39,11.149
2020-12-01,111199,7.698,4.593
2020-12-01,120101,26.644,4.795
2020-12-01,120399,22.7,77.637
2020-12-01,130201,0.514,0.271
2020-12-01,130399,2.433,5.232
2020-12-01,140101,3.639,0.565
2020-12-01,140102,15.819,6.539
2020-12-01,140201,243.114,44.463
2020-12-01,140301,0.114,0.004
2020-12-01,140499,0.697,0.408
2020-12-01,150101,524.588,1701.83
2020-12-01,150201,45.004,0.001
2020-12-01,150202,0.127,0.0
2020-12-01,150301,7.032,3.999
2020-12-01,150501,0.018,0.285
2020-12-01,150699,60.015,17.228
2020-12-01,210101,1.375,0.075
2020-12-01,210201,0.627,0.63
2020-12-01,210399,7.554,7.249
2020-12-01,220101,7.633,3.453
2020-12-01,220201,2.197,4.793
2020-12-01,220401,5.151,0.829
2020-12-01,220501,10.045,2.631
2020-12-01,220601,12.448,10.539
2020-12-01,220701,4.938,4.233
2020-12-01,220702,0.354,0.279
2020-12-01,220703,92.256,24.328
2020-12-01,220799,2.579,0.34
2020-12-01,220801,14.831,8.933
2020-12-01,220901,1.861,0.79
2020-12-01,221001,0.048,0.012
2020-12-01,221101,3.581,3.622
2020-12-01,221201,14.749,15.001
2020-12-01,221399,3.885,0.92
2020-12-01,230101,6.319,5.985
2020-12-01,230301,0.003,0.0
2020-12-01,230401,5.819,6.561
2020-12-01,230501,12.333,1.794
2020-12-01,230601,50.371,187.976
2020-12-01,230701,3.074,0.191
2020-12-01,230702,3.185,0.716
2020-12-01,230799,31.48,12.296
2020-12-01,230801,4.87,1.289
2020-12-01,230901,0.422,0.087
2020-12-01,231001,1.358,0.022
2020-12-01,231101,0.042,0.0
2020-12-01,231201,3.427,3.721
2020-12-01,231301,2.095,0.138
2020-12-01,231399,6.185,1.75
2020-12-01,231401,16.244,6.239
2020-12-01,231501,0.006,0.0
2020-12-01,231699,28.424,91.332
2020-12-01,310101,0.006,0.085
2020-12-01,320101,8.075,2.301
2020-12-01,330101,1.953,0.055
2020-12-01,330199,0.69,1.154
2020-12-01,410101,0.223,0.12
2021-01-01,110101,0.023,0.036
2021-01-01,110201,319.267,664.281
2021-01-01,110202,10.684,23.851
2021-01-01,110301,61.413,24.113
2021-01-01,110401,0.878,0.208
2021-01-01,110402,0.139,0.022
2021-01-01,110502,4.371,8.704
2021-01-01,110599,9.543,2.808
2021-01-01,111001,2.851,1.052
2021-01-01,111099,0.093,0.979
2021-01-01,111101,11.134,0.566
2021-01-01,111105,0.115,0.066
2021-01-01,111106,0.003,0.003
2021-01-01,111109,71.585,13.175
2021-01-01,111199,7.851,4.728
2021-01-01,120101,11.071,2.318
2021-01-01,120399,17.675,55.364
2021-01-01,130201,0.634,0.275
2021-01-01,130399,1.446,1.798
2021-01-01,140101,3.528,0.468
2021-01-01,140102,19.178,7.373
2021-01-01,140201,246.595,45.951
2021-01-01,140499,0.53,0.325
2021-01-01,150101,531.232,1530.375
2021-01-01,150201,43.192,0.001
2021-01-01,150202,0.01,0.0
2021-01-01,150301,51.037,31.021
2021-01-01,150501,0.014,0.23
2021-01-01,150699,33.035,17.057
2021-01-01,210101,2.033,0.032
2021-01-01,210201,0.335,0.272
2021-01-01,210399,8.145,7.242
2021-01-01,220101,8.338,3.678
2021-01-01,220201,0.338,0.638
2021-01-01,220301,0.001,0.001
2021-01-01,220401,4.219,0.732
2021-01-01,220501,10.643,2.708
2021-01-01,220601,13.323,12.332
2021-01-01,220701,5.635,5.077
2021-01-01,220702,0.669,0.394
2021-01-01,220703,86.487,21.804
2021-01-01,220799,4.501,0.511
2021-01-01,220801,16.075,9.323
2021-01-01,220901,1.528,0.705
2021-01-01,221001,0.024,0.007
2021-01-01,221101,2.34,2.352
2021-01-01,221201,11.288,10.459
2021-01-01,221399,2.937,0.735
2021-01-01,230101,6.042,6.014
2021-01-01,230401,5.99,6.937
2021-01-01,230501,11.085,1.589
2021-01-01,230601,67.779,207.717
2021-01-01,230701,4.742,0.14
2021-01-01,230702,3.579,0.317
2021-01-01,230799,30.754,12.44
2021-01-01,230801,5.501,1.266
2021-01-01,230901,0.748,0.154
2021-01-01,231001,0.659,0.009
2021-01-01,231101,0.006,0.0
2021-01-01,231201,5.124,4.957
2021-01-01,231301,1.488,0.084
2021-01-01,231399,4.098,1.258
2021-01-01,231401,13.025,5.098
2021-01-01,231501,0.327,0.032
2021-01-01,231699,8.203,40.456
2021-01-01,310101,0.003,0.043
2021-01-01,320101,5.602,1.739
2021-01-01,330101,1.474,0.018
2021-01-01,330199,0.458,1.059
2021-01-01,410101,0.217,0.099
2021-02-01,110101,0.067,0.1
2021-02-01,110201,287.573,579.809
2021-02-01,110202,8.345,19.6
2021-02-01,110301,49.779,19.61
2021-02-01,110401,0.269,0.068
2021-02-01,110402,0.055,0.007
2021-02-01,110502,3.715,7.723
2021-02-01,110599,11.2,3.3
2021-02-01,111001,2.761,1.028
2021-02-01,111099,0.092,0.875
2021-02-01,111101,8.342,0.45
2021-02-01,111105,0.085,0.034
2021-02-01,111106,0.004,0.002
2021-02-01,111109,112.215,19.019
2021-02-01,111199,8.168,4.167
2021-02-01,120101,9.451,2.344
2021-02-01,120399,16.347,42.509
2021-02-01,130201,0.72,0.304
2021-02-01,130399,1.25,2.654
2021-02-01,140101,5.199,0.698
2021-02-01,140102,25.813,9.472
2021-02-01,140201,307.078,58.309
2021-02-01,140301,0.133,0.005
2021-02-01,140499,0.356,0.114
2021-02-01,150101,565.471,1430.183
2021-02-01,150201,43.884,0.001
2021-02-01,150202,0.217,0.0
2021-02-01,150301,87.67,47.277
2021-02-01,150501,0.015,0.25
2021-02-01,150699,31.828,24.376
2021-02-01,210101,1.478,0.067
2021-02-01,210201,0.34,0.287
2021-02-01,210399,8.299,7.454
2021-02-01,220101,7.739,3.337
2021-02-01,220201,0.29,0.313
2021-02-01,220401,3.395,0.527
2021-02-01,220501,9.689,2.538
2021-02-01,220601,12.612,10.738
2021-02-01,220701,2.868,2.568
2021-02-01,220702,0.562,0.301
2021-02-01,220703,95.97,23.053
2021-02-01,220799,5.807,0.664
2021-02-01,220801,15.572,9.211
2021-02-01,220901,1.422,0.742
2021-02-01,221001,0.027,0.008
2021-02-01,221101,1.792,1.627
2021-02-01,221201,8.9,7.626
2021-02-01,221399,3.131,0.783
2021-02-01,230101,5.49,5.242
2021-02-01,230301,0.004,0.012
2021-02-01,230401,8.087,6.46
2021-02-01,230501,14.99,2.224
2021-02-01,230601,75.765,215.459
2021-02-01,230701,2.353,0.203
2021-02-01,230702,1.655,0.136
2021-02-01,230799,30.384,11.261
2021-02-01,230801,3.993,1.16
2021-02-01,230901,0.435,0.086
2021-02-01,231001,0.999,0.017
2021-02-01,231101,0.028,0.0
2021-02-01,231201,4.07,3.206
2021-02-01,231301,1.679,0.064
2021-02-01,231399,4.409,1.296
2021-02-01,231401,15.392,6.063
2021-02-01,231501,0.014,0.003
2021-02-01,231699,8.634,38.96
2021-02-01,310101,0.039,0.22
2021-02-01,320101,6.186,1.768
2021-02-01,330101,0.512,0.004
2021-02-01,330199,0.517,0.963
2021-02-01,410101,0.195,0.108
2021-03-01,110101,0.074,0.111
2021-03-01,110201,292.711,596.783
2021-03-01,110202,9.032,19.608
2021-03-01,110301,65.541,25.821
2021-03-01,110401,0.353,0.073
2021-03-01,110402,0.377,0.025
2021-03-01,110502,4.122,8.103
2021-03-01,110599,12.047,3.856
2021-03-01,111001,3.088,1.148
2021-03-01,111099,0.12,1.106
2021-03-01,111101,9.897,0.527
2021-03-01,111105,0.113,0.044
2021-03-01,111106,0.002,0.003
2021-03-01,111109,81.226,11.994
2021-03-01,111199,7.616,3.834
2021-03-01,120101,8.246,2.166
2021-03-01,120399,20.69,56.076
2021-03-01,130201,1.222,0.481
2021-03-01,130399,1.615,3.083
2021-03-01,140101,4.77,0.721
2021-03-01,140102,33.569,15.883
2021-03-01,140201,347.702,62.483
2021-03-01,140301,0.213,0.008
2021-03-01,140499,0.694,0.241
2021-03-01,150101,673.169,1606.55
2021-03-01,150201,35.146,0.001
2021-03-01,150202,0.112,0.0
2021-03-01,150301,5.145,2.952
2021-03-01,150501,0.015,0.19
2021-03-01,150699,47.028,37.009
2021-03-01,210101,2.36,0.05
2021-03-01,210201,0.498,0.325
2021-03-01,210399,11.862,9.128
2021-03-01,220101,8.119,3.405
2021-03-01,220201,0.443,0.446
2021-03-01,220301,0.003,0.004
2021-03-01,220401,3.374,0.54
2021-03-01,220501,8.917,2.321
2021-03-01,220601,15.533,12.857
2021-03-01,220701,11.292,7.779
2021-03-01,220702,0.494,0.284
2021-03-01,220703,110.422,28.426
2021-03-01,220799,5.048,0.562
2021-03-01,220801,16.528,9.206
2021-03-01,220901,1.833,0.75
2021-03-01,221001,0.056,0.02
2021-03-01,221101,1.773,1.579
2021-03-01,221201,16.069,13.686
2021-03-01,221399,4.529,0.854
2021-03-01,230101,6.562,5.802
2021-03-01,230401,6.71,7.529
2021-03-01,230501,14.044,2.21
2021-03-01,230601,66.736,181.781
2021-03-01,230701,2.324,0.115
2021-03-01,230702,4.401,0.547
2021-03-01,230799,40.539,16.536
2021-03-01,230801,5.549,1.201
2021-03-01,230901,0.65,0.123
2021-03-01,231001,1.272,0.019
2021-03-01,231101,0.064,0.001
2021-03-01,231201,6.291,4.784
2021-03-01,231301,2.121,0.136
2021-03-01,231399,6.046,1.784
2021-03-01,231401,19.253,7.022
2021-03-01,231501,0.112,0.043
2021-03-01,231699,14.773,42.465
2021-03-01,310101,0.025,0.232
2021-03-01,320101,8.066,2.117
2021-03-01,330101,1.363,0.208
2021-03-01,330199,0.594,1.325
2021-03-01,410101,0.295,0.189
2021-04-01,110101,0.082,0.14
2021-04-01,110201,292.442,601.584
2021-04-01,110202,9.333,20.185
2021-04-01,110301,44.563,18.041
2021-04-01,110401,0.403,0.027
2021-04-01,110502,3.902,7.559
2021-04-01,110503,0.016,0.004
2021-04-01,110599,7.903,2.589
2021-04-01,111001,2.904,1.128
2021-04-01,111099,0.083,0.839
2021-04-01,111101,7.314,0.342
2021-04-01,111105,0.094,0.04
2021-04-01,111106,0.0,0.0
2021-04-01,111109,64.436,11.668
2021-04-01,111199,7.996,4.115
2021-04-01,120101,8.271,2.043
2021-04-01,120399,18.918,57.821
2021-04-01,130201,1.093,0.404
2021-04-01,130399,1.654,3.694
2021-04-01,140101,3.489,0.423
2021-04-01,140102,26.953,13.172
2021-04-01,140201,433.825,76.378
2021-04-01,140301,0.311,0.01
2021-04-01,140499,0.382,0.11
2021-04-01,150101,586.833,1437.523
2021-04-01,150201,60.08,0.001
2021-04-01,150202,0.131,0.0
2021-04-01,150301,135.585,68.266
2021-04-01,150501,0.022,0.292
2021-04-01,150699,60.059,28.041
2021-04-01,210101,1.758,0.032
2021-04-01,210201,0.22,0.121
2021-04-01,210399,12.042,8.723
2021-04-01,220101,9.772,4.186
2021-04-01,220201,1.072,1.812
2021-04-01,220301,0.002,0.0
2021-04-01,220401,4.385,0.78
2021-04-01,220501,9.288,2.335
2021-04-01,220601,15.579,13.63
2021-04-01,220701,12.198,7.96
2021-04-01,220702,1.473,0.819
2021-04-01,220703,113.396,28.549
2021-04-01,220799,6.711,0.751
2021-04-01,220801,16.462,8.793
2021-04-01,220901,1.613,0.735
2021-04-01,221001,0.03,0.008
2021-04-01,221101,1.567,1.402
2021-04-01,221201,16.961,14.194
2021-04-01,221399,3.646,0.905
2021-04-01,230101,6.109,5.555
2021-04-01,230401,7.413,8.277
2021-04-01,230501,11.237,1.899
2021-04-01,230601,91.345,249.303
2021-04-01,230701,2.323,0.735
2021-04-01,230702,1.784,0.172
2021-04-01,230799,41.765,16.339
2021-04-01,230801,3.849,1.008
2021-04-01,230901,0.634,0.117
2021-04-01,231001,1.15,0.021
2021-04-01,231101,0.065,0.001
2021-04-01,231201,7.836,6.787
2021-04-01,231301,1.488,0.068
2021-04-01,231399,6.205,1.782
2021-04-01,231401,16.884,5.776
2021-04-01,231501,0.325,0.044
2021-04-01,231699,12.498,39.465
2021-04-01,310101,0.055,0.326
2021-04-01,320101,8.169,1.858
2021-04-01,330101,2.25,0.016
2021-04-01,330199,0.258,0.396
2021-04-01,410101,0.198,0.051
2021-05-01,110101,0.18,0.393
2021-05-01,110201,299.549,602.267
2021-05-01,110202,8.496,16.681
2021-05-01,110301,45.147,18.162
2021-05-01,110401,0.13,0.038
2021-05-01,110402,0.059,0.008
2021-05-01,110502,3.687,7.029
2021-05-01,110599,4.968,0.911
2021-05-01,111001,3.493,1.335
2021-05-01,111099,0.072,0.719
2021-05-01,111101,2.583,0.115
2021-05-01,111105,0.091,0.026
2021-05-01,111106,0.431,1.356
2021-05-01,111109,87.41,16.682
2021-05-01,111199,9.926,5.555
2021-05-01,120101,9.974,2.104
2021-05-01,120301,0.003,0.025
2021-05-01,120399,18.185,50.882
2021-05-01,130201,0.714,0.268
2021-05-01,130399,1.371,2.38
2021-05-01,140101,7.323,1.136
2021-05-01,140102,27.35,12.069
2021-05-01,140201,438.891,72.667
2021-05-01,140499,0.499,0.077
2021-05-01,150101,681.006,1549.518
2021-05-01,150201,44.491,0.001
2021-05-01,150202,0.146,0.0
2021-05-01,150301,6.942,3.1
2021-05-01,150501,0.028,0.46
2021-05-01,150699,53.946,23.059
2021-05-01,210101,2.213,0.065
2021-05-01,210201,0.484,0.166
2021-05-01,210399,7.521,5.684
2021-05-01,220101,8.91,3.654
2021-05-01,220201,0.22,0.199
2021-05-01,220301,0.001,0.0
2021-05-01,220401,5.617,1.014
2021-05-01,220501,10.162,2.578
2021-05-01,220601,15.913,12.497
2021-05-01,220701,11.597,7.89
2021-05-01,220702,1.284,0.746
2021-05-01,220703,108.183,27.169
2021-05-01,220799,5.715,0.682
2021-05-01,220801,15.827,8.422
2021-05-01,220901,2.211,1.057
2021-05-01,221001,0.044,0.011
2021-05-01,221101,1.462,1.324
2021-05-01,221201,15.309,11.453
2021-05-01,221399,3.55,0.958
2021-05-01,230101,5.265,4.928
2021-05-01,230401,6.886,7.755
2021-05-01,230501,10.785,1.82
2021-05-01,230601,128.202,327.299
2021-05-01,230701,1.96,0.156
2021-05-01,230702,4.836,0.469
2021-05-01,230799,37.916,13.972
2021-05-01,230801,4.587,1.481
2021-05-01,230901,0.321,0.064
2021-05-01,231001,1.017,0.017
2021-05-01,231101,0.107,0.001
2021-05-01,231201,4.926,3.651
2021-05-01,231301,1.863,0.083
2021-05-01,231399,4.582,1.249
2021-05-01,231401,12.803,4.328
2021-05-01,231501,0.179,0.005
2021-05-01,231699,9.965,43.949
2021-05-01,310101,0.137,0.261
2021-05-01,320101,8.628,1.861
2021-05-01,330101,1.862,0.013
2021-05-01,330199,0.638,1.005
2021-05-01,410101,0.302,0.176
2021-06-01,110101,0.264,0.512
2021-06-01,110201,258.407,497.034
2021-06-01,110202,8.058,15.11
2021-06-01,110301,45.388,18.54
2021-06-01,110401,0.356,0.126
2021-06-01,110402,0.086,0.008
2021-06-01,110501,0.017,0.154
2021-06-01,110502,3.404,6.765
2021-06-01,110599,4.991,1.058
2021-06-01,111001,2.892,1.098
2021-06-01,111099,0.128,0.718
2021-06-01,111101,2.747,0.148
2021-06-01,111105,0.194,0.097
2021-06-01,111106,1.007,3.176
2021-06-01,111109,73.888,12.682
2021-06-01,111199,7.938,4.61
2021-06-01,120101,8.179,1.747
2021-06-01,120399,17.82,51.967
2021-06-01,130201,0.909,0.246
2021-06-01,130399,1.185,2.32
2021-06-01,140101,9.136,1.566
2021-06-01,140102,21.763,6.303
2021-06-01,140201,447.986,71.003
2021-06-01,140499,0.722,0.327
2021-06-01,150101,708.049,1477.324
2021-06-01,150201,34.642,0.001
2021-06-01,150301,90.54,40.76
2021-06-01,150699,53.617,14.518
2021-06-01,210101,2.476,0.057
2021-06-01,210201,0.8,0.064
2021-06-01,210399,10.003,6.272
2021-06-01,220101,8.375,3.641
2021-06-01,220201,0.418,0.399
2021-06-01,220301,0.002,0.001
2021-06-01,220401,5.334,0.94
2021-06-01,220501,9.883,2.297
2021-06-01,220601,17.078,14.363
2021-06-01,220701,7.762,6.023
2021-06-01,220702,0.213,0.14
2021-06-01,220703,120.218,28.726
2021-06-01,220799,4.355,0.461
2021-06-01,220801,13.536,7.661
2021-06-01,220901,2.045,0.953
2021-06-01,221001,0.047,0.009
2021-06-01,221101,0.909,0.75
2021-06-01,221201,17.133,12.641
2021-06-01,221399,3.783,0.826
2021-06-01,230101,4.939,3.748
2021-06-01,230401,6.669,8.187
2021-06-01,230501,9.522,1.825
2021-06-01,230601,108.768,269.932
2021-06-01,230701,3.304,0.101
2021-06-01,230702,4.58,0.361
2021-06-01,230799,41.959,16.329
2021-06-01,230801,4.796,1.093
2021-06-01,230901,0.388,0.077
2021-06-01,231001,1.165,0.024
2021-06-01,231101,0.065,0.0
2021-06-01,231201,6.335,5.353
2021-06-01,231301,1.632,0.119
2021-06-01,231399,6.422,1.793
2021-06-01,231401,18.666,6.201
2021-06-01,231501,0.158,0.048
2021-06-01,231699,13.08,80.489
2021-06-01,310101,0.0,0.016
2021-06-01,320101,9.618,1.94
2021-06-01,330101,1.081,0.03
2021-06-01,330199,0.745,1.335
2021-06-01,410101,0.295,0.11
2021-07-01,110101,0.058,0.054
2021-07-01,110201,251.128,501.817
2021-07-01,110202,7.373,14.465
2021-07-01,110301,49.888,20.817
2021-07-01,110401,0.532,0.275
2021-07-01,110402,0.028,0.002
2021-07-01,110501,0.06,0.447
2021-07-01,110502,4.086,8.101
2021-07-01,110599,6.312,2.083
2021-07-01,111001,2.75,1.055
2021-07-01,111099,0.125,0.919
2021-07-01,111101,7.029,0.254
2021-07-01,111105,0.097,0.046
2021-07-01,111106,0.027,0.109
2021-07-01,111109,65.578,13.069
2021-07-01,111199,10.431,5.533
2021-07-01,120101,8.264,1.974
2021-07-01,120399,28.465,80.191
2021-07-01,130201,1.269,0.436
2021-07-01,130399,2.647,5.654
2021-07-01,140101,7.84,1.07
2021-07-01,140102,23.689,9.681
2021-07-01,140201,497.277,74.917
2021-07-01,140499,1.252,0.407
2021-07-01,150101,629.064,1318.367
2021-07-01,150201,43.564,0.001
2021-07-01,150202,0.062,0.0
2021-07-01,150301,64.691,28.376
2021-07-01,150501,0.019,0.37
2021-07-01,150699,46.428,31.255
2021-07-01,210101,1.238,0.036
2021-07-01,210201,1.094,0.094
2021-07-01,210399,11.952,8.967
2021-07-01,220101,10.525,4.141
2021-07-01,220201,0.426,0.617
2021-07-01,220301,0.0,0.0
2021-07-01,220401,5.509,0.856
2021-07-01,220501,11.057,2.724
2021-07-01,220601,15.938,13.256
2021-07-01,220701,6.907,5.566
2021-07-01,220702,0.264,0.17
2021-07-01,220703,117.906,30.351
2021-07-01,220799,4.79,0.612
2021-07-01,220801,13.817,7.465
2021-07-01,220901,2.126,1.042
2021-07-01,221001,0.043,0.023
2021-07-01,221101,1.583,1.393
2021-07-01,221201,16.062,11.373
2021-07-01,221399,4.322,1.047
2021-07-01,230101,5.856,5.429
2021-07-01,230401,7.292,7.971
2021-07-01,230501,7.354,1.265
2021-07-01,230601,145.999,368.382
2021-07-01,230701,3.067,0.199
2021-07-01,230702,3.288,0.246
2021-07-01,230799,39.622,16.443
2021-07-01,230801,6.157,1.435
2021-07-01,230901,0.25,0.049
2021-07-01,231001,1.419,0.022
2021-07-01,231101,0.061,0.0
2021-07-01,231201,9.082,7.956
2021-07-01,231301,2.677,0.145
2021-07-01,231399,6.454,1.75
2021-07-01,231401,24.227,7.405
2021-07-01,231501,0.253,0.083
2021-07-01,231699,14.998,114.25
2021-07-01,310101,0.077,0.422
2021-07-01,320101,9.512,2.282
2021-07-01,330101,2.493,0.38
2021-07-01,330199,1.052,1.636
2021-07-01,410101,0.338,0.105
2021-08-01,110101,0.111,0.183
2021-08-01,110201,275.043,550.141
2021-08-01,110202,7.828,14.385
2021-08-01,110301,65.051,27.07
2021-08-01,110401,2.823,0.937
2021-08-01,110402,0.008,0.0
2021-08-01,110501,0.015,0.074
2021-08-01,110502,4.269,8.51
2021-08-01,110599,4.147,2.349
2021-08-01,111001,3.521,1.362
2021-08-01,111099,0.227,1.303
2021-08-01,111101,3.968,0.116
2021-08-01,111105,0.157,0.053
2021-08-01,111106,0.004,0.001
2021-08-01,111109,63.56,12.938
2021-08-01,111199,10.146,5.742
2021-08-01,120101,5.684,1.357
2021-08-01,120399,27.151,87.207
2021-08-01,130201,1.01,0.4
2021-08-01,130399,1.969,6.03
2021-08-01,140101,6.572,0.909
2021-08-01,140102,23.0,10.852
2021-08-01,140201,456.026,69.379
2021-08-01,140499,0.783,0.104
2021-08-01,150101,617.704,1416.191
2021-08-01,150201,41.393,0.001
2021-08-01,150301,63.23,27.846
2021-08-01,150401,0.005,0.024
2021-08-01,150501,0.047,0.551
2021-08-01,150699,53.761,28.88
2021-08-01,210101,2.395,0.062
2021-08-01,210201,0.275,0.04
2021-08-01,210399,10.228,6.908
2021-08-01,220101,9.207,3.661
2021-08-01,220201,0.804,1.094
2021-08-01,220401,3.201,0.593
2021-08-01,220501,11.409,2.626
2021-08-01,220601,15.725,14.474
2021-08-01,220701,11.199,8.333
2021-08-01,220702,0.596,0.327
2021-08-01,220703,106.29,27.862
2021-08-01,220799,5.413,0.578
2021-08-01,220801,17.608,9.959
2021-08-01,220901,1.952,0.987
2021-08-01,221001,0.133,0.181
2021-08-01,221101,1.172,0.965
2021-08-01,221201,22.791,16.885
2021-08-01,221399,4.574,1.207
2021-08-01,230101,5.078,4.503
2021-08-01,230401,7.105,7.806
2021-08-01,230501,8.244,1.489
2021-08-01,230601,127.328,312.286
2021-08-01,230701,3.293,0.188
2021-08-01,230702,12.272,2.063
2021-08-01,230799,39.155,16.908
2021-08-01,230801,7.683,1.292
2021-08-01,230901,0.36,0.068
2021-08-01,231001,0.997,0.017
2021-08-01,231101,0.015,0.0
2021-08-01,231201,7.51,5.916
2021-08-01,231301,3.035,0.175
2021-08-01,231399,6.514,1.524
2021-08-01,231401,22.793,7.062
2021-08-01,231501,0.345,0.033
2021-08-01,231699,14.763,74.84
2021-08-01,310101,0.097,0.5
2021-08-01,320101,10.686,2.39
2021-08-01,330101,2.682,0.057
2021-08-01,330199,0.831,1.316
2021-08-01,410101,0.327,0.132
2021-09-01,110101,0.404,0.613
2021-09-01,110201,245.386,501.857
2021-09-01,110202,7.319,13.819
2021-09-01,110301,92.74,36.945
2021-09-01,110401,1.896,0.66
2021-09-01,110502,3.789,7.565
2021-09-01,110599,6.354,4.362
2021-09-01,111001,2.926,1.125
2021-09-01,111099,0.121,0.953
2021-09-01,111101,1.918,0.083
2021-09-01,111105,0.083,0.025
2021-09-01,111106,0.002,0.001
2021-09-01,111109,64.186,11.847
2021-09-01,111199,9.5,5.465
2021-09-01,120101,4.974,1.172
2021-09-01,120301,0.043,0.189
2021-09-01,120399,42.825,67.762
2021-09-01,130201,1.16,0.329
2021-09-01,130399,1.792,3.172
2021-09-01,140101,6.193,0.826
2021-09-01,140102,20.902,9.903
2021-09-01,140201,515.208,76.364
2021-09-01,140301,0.02,0.001
2021-09-01,140499,1.059,0.227
2021-09-01,150101,607.233,1314.894
2021-09-01,150201,49.855,0.001
2021-09-01,150301,89.431,40.32
2021-09-01,150401,0.008,0.024
2021-09-01,150699,59.068,12.83
2021-09-01,210101,2.544,0.061
2021-09-01,210201,0.736,0.182
2021-09-01,210399,10.273,6.219
2021-09-01,220101,10.389,3.805
2021-09-01,220201,0.743,1.155
2021-09-01,220301,0.0,0.002
2021-09-01,220401,3.476,0.628
2021-09-01,220501,11.577,2.617
2021-09-01,220601,14.385,13.259
2021-09-01,220701,8.86,7.019
2021-09-01,220702,1.613,0.953
2021-09-01,220703,100.155,26.038
2021-09-01,220799,7.506,0.699
2021-09-01,220801,19.735,12.054
2021-09-01,220901,2.375,1.159
2021-09-01,221001,0.086,0.1
2021-09-01,221101,1.467,1.305
2021-09-01,221201,15.942,10.335
2021-09-01,221399,4.028,1.007
2021-09-01,230101,6.959,5.825
2021-09-01,230401,5.3,5.816
2021-09-01,230501,6.519,1.157
2021-09-01,230601,120.777,277.834
2021-09-01,230701,2.941,0.151
2021-09-01,230702,2.318,0.266
2021-09-01,230799,38.016,14.508
2021-09-01,230801,4.507,1.382
2021-09-01,230901,0.666,0.121
2021-09-01,231001,1.52,0.025
2021-09-01,231101,0.012,0.0
2021-09-01,231201,6.421,4.997
2021-09-01,231301,1.995,0.133
2021-09-01,231399,10.514,1.39
2021-09-01,231401,17.999,5.844
2021-09-01,231501,0.286,0.033
2021-09-01,231699,11.593,42.183
2021-09-01,310101,0.072,0.398
2021-09-01,320101,8.434,2.151
2021-09-01,330101,1.131,0.002
2021-09-01,330199,1.555,1.606
2021-09-01,410101,0.326,0.15
2021-10-01,110101,0.411,0.754
2021-10-01,110201,284.091,582.168
2021-10-01,110202,10.205,20.905
2021-10-01,110301,100.401,39.649
2021-10-01,110401,1.847,0.482
2021-10-01,110402,0.137,0.01
2021-10-01,110502,4.973,9.724
2021-10-01,110599,31.378,26.185
2021-10-01,111001,2.811,1.066
2021-10-01,111099,0.131,1.15
2021-10-01,111101,6.994,0.307
2021-10-01,111105,0.062,0.003
2021-10-01,111106,0.001,0.0
2021-10-01,111109,81.536,15.054
2021-10-01,111199,8.707,4.857
2021-10-01,120101,3.309,0.94
2021-10-01,120301,0.005,0.047
2021-10-01,120399,23.844,69.634
2021-10-01,130201,1.373,0.455
2021-10-01,130399,1.978,1.477
2021-10-01,140101,6.941,0.771
2021-10-01,140102,19.357,11.043
2021-10-01,140201,483.895,70.383
2021-10-01,140301,0.192,0.02
2021-10-01,140499,1.215,0.194
2021-10-01,150101,800.605,1496.958
2021-10-01,150201,60.198,0.001
2021-10-01,150202,0.039,0.0
2021-10-01,150301,84.498,37.304
2021-10-01,150501,0.038,0.55
2021-10-01,150699,49.614,18.563
2021-10-01,210101,3.077,0.102
2021-10-01,210201,0.888,0.052
2021-10-01,210399,12.505,8.771
2021-10-01,220101,11.348,4.445
2021-10-01,220201,9.443,14.025
2021-10-01,220401,5.675,0.912
2021-10-01,220501,9.585,2.442
2021-10-01,220601,14.842,14.177
2021-10-01,220701,5.478,4.65
2021-10-01,220702,1.044,0.605
2021-10-01,220703,101.459,25.091
2021-10-01,220799,6.268,0.635
2021-10-01,220801,19.253,11.969
2021-10-01,220901,2.166,1.013
2021-10-01,221001,1.551,0.492
2021-10-01,221101,1.918,1.73
2021-10-01,221201,14.381,8.947
2021-10-01,221399,4.973,1.17
2021-10-01,230101,5.731,4.762
2021-10-01,230401,5.409,6.476
2021-10-01,230501,6.361,1.212
2021-10-01,230601,157.658,329.992
2021-10-01,230701,4.787,0.173
2021-10-01,230702,3.536,0.33
2021-10-01,230799,34.275,12.048
2021-10-01,230801,3.689,1.216
2021-10-01,230901,0.501,0.093
2021-10-01,231001,1.159,0.019
2021-10-01,231101,0.043,0.001
2021-10-01,231201,7.565,4.282
2021-10-01,231301,2.516,0.154
2021-10-01,231399,5.45,1.411
2021-10-01,231401,18.84,5.951
2021-10-01,231501,0.132,0.009
2021-10-01,231699,12.388,72.809
2021-10-01,310101,0.101,0.459
2021-10-01,320101,7.264,1.884
2021-10-01,330101,2.556,0.035
2021-10-01,330199,0.792,1.446
2021-10-01,410101,0.259,0.101
2021-11-01,110101,2.064,3.854
2021-11-01,110201,267.545,536.08
2021-11-01,110202,8.273,15.242
2021-11-01,110301,110.679,44.594
2021-11-01,110401,2.724,0.578
2021-11-01,110402,0.138,0.013
2021-11-01,110502,5.277,10.403
2021-11-01,110599,33.714,28.007
2021-11-01,111001,3.374,1.3
2021-11-01,111099,0.193,1.276
2021-11-01,111101,12.072,0.614
2021-11-01,111105,0.212,0.104
2021-11-01,111106,0.0,0.0
2021-11-01,111109,78.415,15.061
2021-11-01,111199,9.843,5.357
2021-11-01,120101,6.304,1.601
2021-11-01,120301,0.031,0.301
2021-11-01,120399,25.514,65.199
2021-11-01,130201,1.462,0.423
2021-11-01,130399,1.643,1.037
2021-11-01,140101,6.593,0.817
2021-11-01,140102,23.477,10.747
2021-11-01,140201,580.64,85.836
2021-11-01,140301,0.457,0.01
2021-11-01,140499,0.62,0.13
2021-11-01,150101,689.126,1407.336
2021-11-01,150201,37.039,0.001
2021-11-01,150301,159.826,69.37
2021-11-01,150401,0.094,0.067
2021-11-01,150699,58.625,13.27
2021-11-01,210101,3.102,0.087
2021-11-01,210201,0.63,0.112
2021-11-01,210399,15.806,7.89
2021-11-01,220101,9.652,3.667
2021-11-01,220201,0.186,0.181
2021-11-01,220301,0.04,0.028
2021-11-01,220401,5.76,0.978
2021-11-01,220501,10.27,2.584
2021-11-01,220601,14.787,13.009
2021-11-01,220701,6.506,5.438
2021-11-01,220702,0.88,0.473
2021-11-01,220703,86.659,22.198
2021-11-01,220799,8.618,0.9
2021-11-01,220801,20.007,12.443
2021-11-01,220901,2.744,1.362
2021-11-01,221001,0.095,0.106
2021-11-01,221101,1.231,1.035
2021-11-01,221201,22.503,15.292
2021-11-01,221399,5.461,1.349
2021-11-01,230101,8.656,6.875
2021-11-01,230401,9.771,10.333
2021-11-01,230501,7.953,1.575
2021-11-01,230601,119.813,278.727
2021-11-01,230701,1.789,0.084
2021-11-01,230702,4.679,0.517
2021-11-01,230799,35.628,12.22
2021-11-01,230801,7.535,2.129
2021-11-01,230901,0.479,0.099
2021-11-01,231001,1.433,0.031
2021-11-01,231101,0.049,0.0
2021-11-01,231201,7.163,4.819
2021-11-01,231301,2.336,0.179
2021-11-01,231399,7.994,2.045
2021-11-01,231401,21.447,6.661
2021-11-01,231501,0.187,0.051
2021-11-01,231699,14.269,78.427
2021-11-01,310101,0.02,0.086
2021-11-01,320101,11.063,2.506
2021-11-01,330101,4.365,0.324
2021-11-01,330199,0.449,0.862
2021-11-01,410101,0.266,0.022
2021-12-01,110101,7.453,15.088
2021-12-01,110201,308.281,596.061
2021-12-01,110202,9.106,18.099
2021-12-01,110301,86.887,35.994
2021-12-01,110401,1.483,0.291
2021-12-01,110402,0.224,0.013
2021-12-01,110501,0.0,0.0
2021-12-01,110502,4.977,10.01
2021-12-01,110599,19.878,15.792
2021-12-01,111001,2.453,0.902
2021-12-01,111099,0.153,1.244
2021-12-01,111101,11.479,0.599
2021-12-01,111105,0.112,0.051
2021-12-01,111106,0.004,0.002
2021-12-01,111109,83.241,14.607
2021-12-01,111199,8.216,4.984
2021-12-01,120101,7.998,1.912
2021-12-01,120301,0.033,0.345
2021-12-01,120399,21.609,50.958
2021-12-01,130201,0.934,0.292
2021-12-01,130399,1.965,0.607
2021-12-01,140101,6.68,0.817
2021-12-01,140102,27.884,11.602
2021-12-01,140201,568.198,84.314
2021-12-01,140301,0.702,0.017
2021-12-01,140499,1.204,0.119
2021-12-01,150101,188.669,440.875
2021-12-01,150201,79.138,0.002
2021-12-01,150202,0.03,0.0
2021-12-01,150301,82.049,34.24
2021-12-01,150501,0.017,0.286
2021-12-01,150699,50.8,13.66
2021-12-01,210101,2.169,0.052
2021-12-01,210201,0.961,0.084
2021-12-01,210399,14.13,9.567
2021-12-01,220101,11.911,4.489
2021-12-01,220201,0.692,1.0
2021-12-01,220301,0.004,0.007
2021-12-01,220401,13.277,2.004
2021-12-01,220501,10.342,2.467
2021-12-01,220601,16.273,14.927
2021-12-01,220701,6.204,4.88
2021-12-01,220702,0.449,0.218
2021-12-01,220703,115.37,28.832
2021-12-01,220799,8.303,0.825
2021-12-01,220801,16.803,9.767
2021-12-01,220901,3.253,1.527
2021-12-01,221001,0.095,0.117
2021-12-01,221101,1.336,1.233
2021-12-01,221201,27.332,17.47
2021-12-01,221399,5.895,1.412
2021-12-01,230101,8.664,6.913
2021-12-01,230401,7.895,8.227
2021-12-01,230501,7.1,1.425
2021-12-01,230601,118.922,287.619
2021-12-01,230701,3.533,0.191
2021-12-01,230702,3.113,0.334
2021-12-01,230799,35.549,21.623
2021-12-01,230801,5.498,1.216
2021-12-01,230901,0.303,0.054
2021-12-01,231001,1.122,0.031
2021-12-01,231101,0.073,0.0
2021-12-01,231201,7.611,4.614
2021-12-01,231301,3.322,0.175
2021-12-01,231399,5.415,1.441
2021-12-01,231401,21.303,6.404
2021-12-01,231501,0.245,0.046
2021-12-01,231699,23.33,75.614
2021-12-01,310101,0.02,0.084
2021-12-01,320101,11.311,2.349
2021-12-01,330101,0.286,0.01
2021-12-01,330199,0.688,1.252
2021-12-01,410101,0.512,0.173
2022-01-01,110101,0.25,0.495
2022-01-01,110201,311.657,595.776
2022-01-01,110202,9.245,20.007
2022-01-01,110301,63.309,26.193
2022-01-01,110401,1.049,0.174
2022-01-01,110402,0.083,0.004
2022-01-01,110502,3.766,7.405
2022-01-01,110599,7.233,3.528
2022-01-01,111001,2.62,1.028
2022-01-01,111099,0.183,0.867
2022-01-01,111101,9.188,0.498
2022-01-01,111105,0.034,0.006
2022-01-01,111106,0.0,0.0
2022-01-01,111109,82.054,14.476
2022-01-01,111199,8.168,4.405
2022-01-01,120101,5.404,1.379
2022-01-01,120301,0.002,0.026
2022-01-01,120399,22.982,52.89
2022-01-01,130201,0.162,0.05
2022-01-01,130399,1.759,2.032
2022-01-01,140101,7.544,1.026
2022-01-01,140102,30.845,8.103
2022-01-01,140201,537.244,72.803
2022-01-01,140301,0.474,0.01
2022-01-01,140499,1.068,0.104
2022-01-01,150101,668.971,1208.926
2022-01-01,150201,61.742,0.001
2022-01-01,150202,0.207,0.0
2022-01-01,150301,156.725,68.561
2022-01-01,150501,0.007,0.12
2022-01-01,150699,53.167,13.969
2022-01-01,210101,1.083,0.053
2022-01-01,210201,0.331,0.043
2022-01-01,210399,11.275,7.243
2022-01-01,220101,11.238,4.01
2022-01-01,220201,0.669,0.92
2022-01-01,220301,0.002,0.0
2022-01-01,220401,5.796,0.684
2022-01-01,220501,7.732,1.9
2022-01-01,220601,13.371,13.566
2022-01-01,220701,2.482,2.153
2022-01-01,220702,0.491,0.226
2022-01-01,220703,92.272,23.089
2022-01-01,220799,3.867,0.483
2022-01-01,220801,14.565,8.853
2022-01-01,220901,2.062,0.97
2022-01-01,221001,0.032,0.009
2022-01-01,221101,0.891,0.827
2022-01-01,221201,23.798,16.508
2022-01-01,221399,3.751,0.935
2022-01-01,230101,6.097,5.506
2022-01-01,230401,7.298,7.728
2022-01-01,230501,7.591,1.543
2022-01-01,230601,96.721,189.941
2022-01-01,230701,3.186,0.099
2022-01-01,230702,5.794,0.395
2022-01-01,230799,28.695,10.284
2022-01-01,230801,4.655,0.943
2022-01-01,230901,0.153,0.027
2022-01-01,231001,1.517,0.029
2022-01-01,231101,0.021,0.0
2022-01-01,231201,7.539,5.039
2022-01-01,231301,1.327,0.056
2022-01-01,231399,4.213,1.143
2022-01-01,231401,18.578,5.454
2022-01-01,231501,0.324,0.047
2022-01-01,231699,8.492,7.23
2022-01-01,310101,0.006,0.067
2022-01-01,320101,9.351,2.445
2022-01-01,330101,0.392,0.118
2022-01-01,330199,0.42,0.773
2022-01-01,410101,0.35,0.089
2022-02-01,110101,0.306,0.535
2022-02-01,110201,314.777,601.701
2022-02-01,110202,9.901,22.769
2022-02-01,110301,55.765,22.759
2022-02-01,110401,1.616,0.245
2022-02-01,110402,0.053,0.008
2022-02-01,110502,3.663,7.071
2022-02-01,110599,11.103,4.318
2022-02-01,111001,2.778,1.108
2022-02-01,111099,0.118,1.235
2022-02-01,111101,10.339,0.597
2022-02-01,111105,0.086,0.044
2022-02-01,111106,0.008,0.002
2022-02-01,111109,115.321,16.25
2022-02-01,111199,9.076,4.931
2022-02-01,120101,7.198,1.789
2022-02-01,120301,0.031,0.311
2022-02-01,120399,20.914,41.722
2022-02-01,130201,0.905,0.216
2022-02-01,130399,1.927,0.766
2022-02-01,140101,5.982,0.738
2022-02-01,140102,37.712,11.399
2022-02-01,140201,607.353,83.006
2022-02-01,140301,0.163,0.017
2022-02-01,140499,0.442,0.027
2022-02-01,150101,748.588,1240.998
2022-02-01,150201,77.716,0.002
2022-02-01,150301,91.846,39.618
2022-02-01,150501,0.021,0.34
2022-02-01,150699,67.703,16.636
2022-02-01,210101,2.951,0.099
2022-02-01,210201,0.189,0.035
2022-02-01,210399,12.376,7.265
2022-02-01,220101,11.27,3.885
2022-02-01,220201,0.317,0.33
2022-02-01,220401,2.583,0.35
2022-02-01,220501,10.166,2.43
2022-02-01,220601,15.953,14.342
2022-02-01,220701,2.479,2.071
2022-02-01,220702,0.742,0.367
2022-02-01,220703,113.31,27.077
2022-02-01,220799,7.345,0.787
2022-02-01,220801,16.173,9.612
2022-02-01,220901,2.804,1.325
2022-02-01,221001,0.186,0.055
2022-02-01,221101,1.538,1.275
2022-02-01,221201,20.477,13.076
2022-02-01,221399,5.56,1.173
2022-02-01,230101,9.425,7.213
2022-02-01,230401,8.145,8.283
2022-02-01,230501,9.299,1.767
2022-02-01,230601,102.616,190.809
2022-02-01,230701,3.844,0.129
2022-02-01,230702,3.012,0.488
2022-02-01,230799,36.063,11.405
2022-02-01,230801,4.701,1.024
2022-02-01,230901,0.279,0.046
2022-02-01,231001,1.816,0.025
2022-02-01,231101,0.088,0.0
2022-02-01,231201,5.65,3.044
2022-02-01,231301,1.955,0.098
2022-02-01,231399,5.644,1.301
2022-02-01,231401,18.114,5.329
2022-02-01,231501,0.23,0.039
2022-02-01,231699,10.254,9.761
2022-02-01,310101,0.042,0.204
2022-02-01,320101,9.889,2.177
2022-02-01,330101,5.04,0.299
2022-02-01,330199,0.535,0.797
2022-02-01,410101,0.386,0.11
2022-03-01,110101,0.095,0.192
2022-03-01,110201,286.454,513.057
2022-03-01,110202,9.859,25.453
2022-03-01,110301,54.615,22.115
2022-03-01,110401,0.628,0.125
2022-03-01,110402,0.376,0.022
2022-03-01,110501,0.028,0.002
2022-03-01,110502,4.466,8.855
2022-03-01,110599,11.328,4.544
2022-03-01,111001,1.55,0.616
2022-03-01,111099,0.152,1.087
2022-03-01,111101,9.741,0.493
2022-03-01,111105,0.048,0.02
2022-03-01,111106,0.0,0.0
2022-03-01,111109,81.604,13.058
2022-03-01,111199,8.502,3.993
2022-03-01,120101,6.937,1.636
2022-03-01,120399,22.714,46.619
2022-03-01,130201,0.779,0.197
2022-03-01,130399,2.363,0.972
2022-03-01,140101,7.759,0.956
2022-03-01,140102,36.481,12.042
2022-03-01,140201,611.022,84.793
2022-03-01,140301,0.213,0.005
2022-03-01,140499,0.857,0.106
2022-03-01,150101,1070.671,1501.086
2022-03-01,150201,60.282,0.001
2022-03-01,150301,77.103,32.576
2022-03-01,150501,0.015,0.24
2022-03-01,150699,42.623,13.984
2022-03-01,210101,2.326,0.062
2022-03-01,210201,0.901,0.118
2022-03-01,210399,15.783,9.555
2022-03-01,220101,12.491,4.383
2022-03-01,220201,0.566,0.755
2022-03-01,220401,4.901,0.652
2022-03-01,220501,10.908,2.578
2022-03-01,220601,16.315,13.967
2022-03-01,220701,6.185,4.29
2022-03-01,220702,0.395,0.22
2022-03-01,220703,105.172,25.049
2022-03-01,220799,4.976,0.597
2022-03-01,220801,17.222,10.371
2022-03-01,220901,2.415,1.125
2022-03-01,221001,0.294,0.087
2022-03-01,221101,1.718,1.546
2022-03-01,221201,20.637,12.452
2022-03-01,221399,4.837,1.1
2022-03-01,230101,7.295,6.148
2022-03-01,230401,9.634,9.258
2022-03-01,230501,7.952,1.565
2022-03-01,230601,169.486,271.794
2022-03-01,230701,3.691,0.144
2022-03-01,230702,6.665,0.547
2022-03-01,230799,41.655,13.371
2022-03-01,230801,5.509,1.179
2022-03-01,230901,0.86,0.148
2022-03-01,231001,2.082,0.026
2022-03-01,231101,0.111,0.001
2022-03-01,231201,6.64,3.699
2022-03-01,231301,1.844,0.099
2022-03-01,231399,5.655,1.312
2022-03-01,231401,21.997,6.52
2022-03-01,231501,0.278,0.042
2022-03-01,231699,17.579,80.859
2022-03-01,310101,0.028,0.179
2022-03-01,320101,11.997,2.591
2022-03-01,330101,2.566,0.04
2022-03-01,330199,1.264,1.504
2022-03-01,410101,0.562,0.199
2022-04-01,110101,4.352,6.662
2022-04-01,110201,264.754,548.67
2022-04-01,110202,11.164,28.819
2022-04-01,110301,60.487,24.257
2022-04-01,110401,0.449,0.054
2022-04-01,110402,0.04,0.0
2022-04-01,110501,0.062,0.403
2022-04-01,110502,6.327,11.174
2022-04-01,110503,0.0,0.0
2022-04-01,110599,7.706,3.545
2022-04-01,111001,2.522,1.008
2022-04-01,111099,0.089,0.795
2022-04-01,111101,11.37,0.473
2022-04-01,111105,0.172,0.067
2022-04-01,111109,64.111,11.986
2022-04-01,111199,6.839,3.272
2022-04-01,120101,7.154,1.78
2022-04-01,120399,22.821,45.917
2022-04-01,130201,1.051,0.407
2022-04-01,130399,1.838,1.274
2022-04-01,140101,12.584,1.72
2022-04-01,140102,22.882,6.128
2022-04-01,140201,631.897,85.602
2022-04-01,140301,0.019,0.003
2022-04-01,140499,0.947,0.373
2022-04-01,150101,883.709,1311.458
2022-04-01,150201,55.679,0.001
2022-04-01,150301,192.086,78.269
2022-04-01,150501,0.021,0.418
2022-04-01,150699,47.529,47.645
2022-04-01,210101,2.497,0.043
2022-04-01,210201,0.305,0.06
2022-04-01,210399,13.615,7.343
2022-04-01,220101,12.876,4.245
2022-04-01,220201,2.153,3.022
2022-04-01,220401,6.699,0.803
2022-04-01,220501,12.185,2.96
2022-04-01,220601,17.774,14.487
2022-04-01,220701,4.273,3.591
2022-04-01,220702,0.435,0.204
2022-04-01,220703,123.945,28.28
2022-04-01,220799,7.424,0.782
2022-04-01,220801,16.29,9.497
2022-04-01,220901,2.753,1.207
2022-04-01,221001,0.826,0.207
2022-04-01,221101,1.367,1.161
2022-04-01,221201,15.43,7.678
2022-04-01,221399,4.927,1.21
2022-04-01,230101,9.246,7.278
2022-04-01,230401,8.234,8.113
2022-04-01,230501,10.924,2.119
2022-04-01,230601,166.638,269.834
2022-04-01,230701,5.037,0.15
2022-04-01,230702,2.486,0.323
2022-04-01,230799,43.935,12.589
2022-04-01,230801,8.418,1.528
2022-04-01,230901,0.575,0.106
2022-04-01,231001,2.197,0.027
2022-04-01,231101,0.191,0.001
2022-04-01,231201,7.585,4.803
2022-04-01,231301,1.671,0.1
2022-04-01,231399,5.824,1.325
2022-04-01,231401,22.894,6.839
2022-04-01,231501,0.2,0.039
2022-04-01,231699,14.129,10.74
2022-04-01,310101,0.046,0.195
2022-04-01,320101,10.958,2.238
2022-04-01,330101,2.986,0.309
2022-04-01,330199,0.686,1.029
2022-04-01,410101,0.428,0.196
2022-05-01,110101,13.389,23.036
2022-05-01,110201,266.464,553.519
2022-05-01,110202,10.476,23.996
2022-05-01,110301,52.026,20.742
2022-05-01,110401,1.559,0.311
2022-05-01,110501,0.022,0.166
2022-05-01,110502,4.666,7.8
2022-05-01,110599,9.027,2.118
2022-05-01,111001,2.281,0.92
2022-05-01,111099,0.106,0.927
2022-05-01,111101,5.862,0.33
2022-05-01,111105,0.164,0.08
2022-05-01,111106,0.0,0.0
2022-05-01,111109,89.23,15.515
2022-05-01,111199,8.75,4.063
2022-05-01,120101,6.66,1.662
2022-05-01,120399,19.59,46.38
2022-05-01,130201,0.409,0.094
2022-05-01,130399,1.979,1.187
2022-05-01,140101,9.61,1.266
2022-05-01,140102,19.302,5.635
2022-05-01,140201,710.888,94.903
2022-05-01,140301,0.084,0.003
2022-05-01,140499,1.909,0.833
2022-05-01,150101,929.723,1286.857
2022-05-01,150201,49.385,0.001
2022-05-01,150301,7.361,2.876
2022-05-01,150401,0.036,0.023
2022-05-01,150501,0.031,0.355
2022-05-01,150699,60.116,15.672
2022-05-01,210101,3.28,0.064
2022-05-01,210201,0.484,0.191
2022-05-01,210399,15.852,9.102
2022-05-01,220101,11.746,4.027
2022-05-01,220201,1.002,1.304
2022-05-01,220401,3.503,0.434
2022-05-01,220501,12.267,2.953
2022-05-01,220601,16.295,15.058
2022-05-01,220701,8.777,6.132
2022-05-01,220702,0.278,0.142
2022-05-01,220703,110.877,25.178
2022-05-01,220799,6.654,0.766
2022-05-01,220801,15.931,8.883
2022-05-01,220901,3.208,1.376
2022-05-01,221001,0.096,0.057
2022-05-01,221101,1.082,0.853
2022-05-01,221201,24.566,13.192
2022-05-01,221399,3.759,0.837
2022-05-01,230101,8.0,6.603
2022-05-01,230401,7.146,6.926
2022-05-01,230501,7.646,1.437
2022-05-01,230601,178.354,281.947
2022-05-01,230701,3.55,0.085
2022-05-01,230702,2.634,0.364
2022-05-01,230799,38.764,12.864
2022-05-01,230801,8.627,1.271
2022-05-01,230901,0.542,0.092
2022-05-01,231001,2.534,0.036
2022-05-01,231101,0.122,0.001
2022-05-01,231201,6.451,3.507
2022-05-01,231301,1.728,0.134
2022-05-01,231399,5.38,1.336
2022-05-01,231401,21.081,5.811
2022-05-01,231501,0.342,0.092
2022-05-01,231699,17.074,88.054
2022-05-01,310101,0.11,0.394
2022-05-01,320101,11.361,2.605
2022-05-01,330101,0.816,0.016
2022-05-01,330199,0.686,1.177
2022-05-01,410101,0.311,0.142
2022-06-01,110101,5.667,8.761
2022-06-01,110201,198.591,410.408
2022-06-01,110202,7.858,16.95
2022-06-01,110301,50.957,21.139
2022-06-01,110401,1.862,0.462
2022-06-01,110402,0.008,0.001
2022-06-01,110501,0.043,0.275
2022-06-01,110502,3.408,6.308
2022-06-01,110599,8.715,2.238
2022-06-01,111001,1.952,0.772
2022-06-01,111099,0.123,0.864
2022-06-01,111101,3.452,0.205
2022-06-01,111105,0.039,0.021
2022-06-01,111106,0.002,0.002
2022-06-01,111109,76.756,12.656
2022-06-01,111199,5.858,2.935
2022-06-01,120101,7.474,1.794
2022-06-01,120399,17.778,58.746
2022-06-01,130201,0.636,0.131
2022-06-01,130399,1.631,1.037
2022-06-01,140101,12.179,1.557
2022-06-01,140102,17.47,6.09
2022-06-01,140201,692.445,97.048
2022-06-01,140301,0.028,0.001
2022-06-01,140499,1.353,0.186
2022-06-01,150101,1034.559,1389.412
2022-06-01,150201,65.604,0.001
2022-06-01,150301,241.167,105.467
2022-06-01,150501,0.019,0.31
2022-06-01,150699,48.729,13.753
2022-06-01,210101,2.332,0.039
2022-06-01,210201,0.639,0.291
2022-06-01,210399,17.396,8.924
2022-06-01,220101,10.147,3.583
2022-06-01,220201,0.867,1.247
2022-06-01,220401,3.385,0.447
2022-06-01,220501,11.029,2.508
2022-06-01,220601,14.461,12.738
2022-06-01,220701,6.576,5.187
2022-06-01,220702,0.346,0.155
2022-06-01,220703,127.901,28.514
2022-06-01,220799,7.419,0.724
2022-06-01,220801,10.15,5.356
2022-06-01,220901,2.228,0.969
2022-06-01,221001,0.043,0.017
2022-06-01,221101,0.756,0.492
2022-06-01,221201,9.948,5.077
2022-06-01,221399,3.944,1.014
2022-06-01,230101,7.236,5.871
2022-06-01,230401,8.494,8.583
2022-06-01,230501,8.817,1.805
2022-06-01,230601,186.464,292.765
2022-06-01,230701,5.745,0.081
2022-06-01,230702,2.974,0.187
2022-06-01,230799,28.759,8.091
2022-06-01,230801,9.43,1.691
2022-06-01,230901,0.498,0.085
2022-06-01,231001,1.566,0.021
2022-06-01,231101,0.041,0.0
2022-06-01,231201,4.683,3.143
2022-06-01,231301,1.332,0.077
2022-06-01,231399,2.721,0.593
2022-06-01,231401,16.233,4.521
2022-06-01,231501,0.004,0.002
2022-06-01,231699,15.743,89.96
2022-06-01,310101,0.043,0.158
2022-06-01,320101,7.7,2.108
2022-06-01,330101,2.249,0.112
2022-06-01,330199,0.714,0.751
2022-06-01,410101,0.387,0.146
2022-07-01,110101,0.021,0.027
2022-07-01,110201,226.361,498.34
2022-07-01,110202,8.951,17.064
2022-07-01,110301,47.593,20.789
2022-07-01,110401,2.882,0.715
2022-07-01,110402,0.366,0.021
2022-07-01,110501,0.001,0.0
2022-07-01,110502,4.272,8.178
2022-07-01,110599,12.596,3.925
2022-07-01,111001,2.295,0.901
2022-07-01,111099,0.11,0.665
2022-07-01,111101,3.542,0.153
2022-07-01,111105,0.124,0.057
2022-07-01,111106,0.002,0.001
2022-07-01,111109,67.261,11.938
2022-07-01,111199,10.347,5.545
2022-07-01,120101,7.342,1.849
2022-07-01,120399,28.702,71.29
2022-07-01,130201,0.583,0.185
2022-07-01,130399,1.646,0.502
2022-07-01,140101,16.299,2.194
2022-07-01,140102,18.395,5.307
2022-07-01,140201,709.159,100.323
2022-07-01,140499,1.739,0.32
2022-07-01,150101,800.171,1282.92
2022-07-01,150201,75.258,0.002
2022-07-01,150301,6.317,2.222
2022-07-01,150501,0.034,0.38
2022-07-01,150699,69.644,19.872
2022-07-01,210101,3.555,0.092
2022-07-01,210201,1.266,0.139
2022-07-01,210399,18.197,9.661
2022-07-01,220101,13.524,4.341
2022-07-01,220201,1.426,1.858
2022-07-01,220401,10.426,1.227
2022-07-01,220501,12.056,2.812
2022-07-01,220601,16.049,13.483
2022-07-01,220701,5.534,4.374
2022-07-01,220702,1.155,0.496
2022-07-01,220703,133.308,27.843
2022-07-01,220799,8.853,0.826
2022-07-01,220801,15.368,8.771
2022-07-01,220901,3.475,1.41
2022-07-01,221001,0.052,0.022
2022-07-01,221101,1.483,1.34
2022-07-01,221201,28.229,17.874
2022-07-01,221399,5.77,1.267
2022-07-01,230101,6.195,4.76
2022-07-01,230401,7.239,7.037
2022-07-01,230501,10.487,2.179
2022-07-01,230601,165.579,293.033
2022-07-01,230701,6.86,0.191
2022-07-01,230702,2.858,0.355
2022-07-01,230799,37.977,11.046
2022-07-01,230801,10.728,1.729
2022-07-01,230901,0.869,0.159
2022-07-01,231001,1.939,0.041
2022-07-01,231101,0.023,0.0
2022-07-01,231201,8.442,5.124
2022-07-01,231301,1.988,0.108
2022-07-01,231399,6.382,1.254
2022-07-01,231401,23.942,7.008
2022-07-01,231501,0.662,0.081
2022-07-01,231699,15.596,48.447
2022-07-01,310101,0.13,0.423
2022-07-01,320101,10.385,2.733
2022-07-01,330101,0.566,0.021
2022-07-01,330199,0.666,1.141
2022-07-01,410101,0.579,0.151
2022-08-01,110101,0.01,0.027
2022-08-01,110201,230.57,524.89
2022-08-01,110202,7.743,13.712
2022-08-01,110301,50.79,22.55
2022-08-01,110401,3.332,0.857
2022-08-01,110402,0.002,0.0
2022-08-01,110502,4.471,8.375
2022-08-01,110599,6.883,3.149
2022-08-01,111001,1.541,0.622
2022-08-01,111099,0.094,1.005
2022-08-01,111101,4.823,0.195
2022-08-01,111105,0.051,0.02
2022-08-01,111106,0.003,0.002
2022-08-01,111109,65.816,12.554
2022-08-01,111199,10.08,5.118
2022-08-01,120101,6.127,1.463
2022-08-01,120301,0.004,0.026
2022-08-01,120399,35.867,88.576
2022-08-01,130201,0.594,0.085
2022-08-01,130399,2.696,1.177
2022-08-01,140101,11.512,1.712
2022-08-01,140102,22.321,12.512
2022-08-01,140201,584.506,85.739
2022-08-01,140499,1.079,0.259
2022-08-01,150101,810.691,1365.998
2022-08-01,150201,81.38,0.002
2022-08-01,150301,126.943,69.756
2022-08-01,150401,0.055,0.087
2022-08-01,150501,0.006,0.1
2022-08-01,150699,49.887,17.214
2022-08-01,210101,4.262,0.065
2022-08-01,210201,0.411,0.062
2022-08-01,210399,16.743,8.587
2022-08-01,220101,13.151,4.052
2022-08-01,220201,1.309,1.971
2022-08-01,220301,0.002,0.0
2022-08-01,220401,7.976,0.991
2022-08-01,220501,11.99,2.923
2022-08-01,220601,14.305,11.994
2022-08-01,220701,6.156,4.378
2022-08-01,220702,0.675,0.314
2022-08-01,220703,115.558,25.641
2022-08-01,220799,7.293,0.788
2022-08-01,220801,17.971,10.357
2022-08-01,220901,3.246,1.266
2022-08-01,221001,0.059,0.022
2022-08-01,221101,1.464,1.148
2022-08-01,221201,14.701,8.585
2022-08-01,221399,4.721,1.062
2022-08-01,230101,6.522,4.619
2022-08-01,230401,10.064,9.801
2022-08-01,230501,8.177,1.663
2022-08-01,230601,130.377,258.12
2022-08-01,230701,5.737,0.161
2022-08-01,230702,6.107,0.737
2022-08-01,230799,34.369,9.849
2022-08-01,230801,12.772,2.183
2022-08-01,230901,0.393,0.073
2022-08-01,231001,1.888,0.036
2022-08-01,231101,0.046,0.003
2022-08-01,231201,8.436,6.357
2022-08-01,231301,3.137,0.189
2022-08-01,231399,5.536,1.102
2022-08-01,231401,21.238,5.898
2022-08-01,231501,0.128,0.035
2022-08-01,231699,15.668,81.536
2022-08-01,310101,0.088,0.281
2022-08-01,320101,5.084,1.741
2022-08-01,330101,3.964,0.259
2022-08-01,330199,0.358,0.515
2022-08-01,410101,0.509,0.173
2022-09-01,110101,0.141,0.132
2022-09-01,110201,238.62,545.838
2022-09-01,110202,10.236,16.414
2022-09-01,110301,60.38,26.904
2022-09-01,110401,3.878,0.868
2022-09-01,110502,4.446,8.588
2022-09-01,110599,7.443,4.096
2022-09-01,111001,2.906,1.202
2022-09-01,111099,0.144,0.938
2022-09-01,111101,3.525,0.189
2022-09-01,111105,0.125,0.026
2022-09-01,111106,0.0,0.0
2022-09-01,111109,67.677,12.294
2022-09-01,111199,13.366,6.579
2022-09-01,120101,9.304,2.303
2022-09-01,120301,0.008,0.052
2022-09-01,120399,28.895,75.128
2022-09-01,130201,0.384,0.048
2022-09-01,130399,2.506,0.915
2022-09-01,140101,10.4,1.906
2022-09-01,140102,18.809,8.997
2022-09-01,140201,591.687,94.949
2022-09-01,140301,0.016,0.003
2022-09-01,140499,1.332,0.231
2022-09-01,150101,747.287,1354.157
2022-09-01,150201,63.035,0.001
2022-09-01,150301,131.191,69.383
2022-09-01,150501,0.032,0.36
2022-09-01,150699,58.988,16.118
2022-09-01,210101,1.786,0.069
2022-09-01,210201,0.496,0.096
2022-09-01,210399,12.528,6.925
2022-09-01,220101,12.672,3.889
2022-09-01,220201,10.871,15.628
2022-09-01,220401,15.025,1.582
2022-09-01,220501,12.564,2.85
2022-09-01,220601,16.211,14.327
2022-09-01,220701,6.12,4.668
2022-09-01,220702,1.228,0.485
2022-09-01,220703,127.158,27.829
2022-09-01,220799,12.313,1.181
2022-09-01,220801,22.921,12.435
2022-09-01,220901,3.44,1.109
2022-09-01,221001,0.061,0.023
2022-09-01,221101,1.647,1.307
2022-09-01,221201,23.616,14.746
2022-09-01,221399,4.479,0.955
2022-09-01,230101,10.5,7.766
2022-09-01,230401,7.073,6.798
2022-09-01,230501,12.884,2.428
2022-09-01,230601,112.406,288.303
2022-09-01,230701,4.783,0.213
2022-09-01,230702,8.632,0.658
2022-09-01,230799,35.345,10.137
2022-09-01,230801,7.032,1.019
2022-09-01,230901,0.439,0.076
2022-09-01,231001,2.169,0.03
2022-09-01,231101,0.036,0.0
2022-09-01,231201,8.479,6.18
2022-09-01,231301,1.467,0.116
2022-09-01,231399,3.826,0.798
2022-09-01,231401,21.677,6.12
2022-09-01,231501,0.278,0.066
2022-09-01,231699,15.406,51.324
2022-09-01,310101,0.227,0.74
2022-09-01,320101,8.566,2.336
2022-09-01,330101,1.389,0.018
2022-09-01,330199,0.32,0.872
2022-09-01,410101,0.434,0.185
2022-10-01,110101,0.22,0.365
2022-10-01,110201,270.856,521.493
2022-10-01,110202,10.4,16.232
2022-10-01,110301,125.9,56.079
2022-10-01,110401,1.692,0.399
2022-10-01,110402,0.547,0.042
2022-10-01,110502,4.127,7.83
2022-10-01,110599,29.81,22.63
2022-10-01,111001,2.745,1.135
2022-10-01,111099,0.091,0.929
2022-10-01,111101,8.428,0.368
2022-10-01,111105,0.024,0.006
2022-10-01,111106,0.004,0.003
2022-10-01,111109,77.685,14.048
2022-10-01,111199,10.683,5.507
2022-10-01,120101,8.967,2.342
2022-10-01,120301,0.005,0.052
2022-10-01,120399,24.684,64.411
2022-10-01,130201,0.591,0.041
2022-10-01,130399,2.594,1.427
2022-10-01,140101,10.044,1.659
2022-10-01,140102,10.548,5.278
2022-10-01,140201,597.614,94.57
2022-10-01,140499,1.489,0.295
2022-10-01,150101,769.385,1345.06
2022-10-01,150201,69.56,0.002
2022-10-01,150301,71.577,38.884
2022-10-01,150501,0.02,0.32
2022-10-01,150699,49.625,19.341
2022-10-01,210101,2.523,0.057
2022-10-01,210201,1.282,0.257
2022-10-01,210399,10.937,6.207
2022-10-01,220101,10.609,3.322
2022-10-01,220201,1.119,1.389
2022-10-01,220301,0.001,0.0
2022-10-01,220401,13.054,1.492
2022-10-01,220501,13.764,3.206
2022-10-01,220601,14.626,14.091
2022-10-01,220701,6.759,5.179
2022-10-01,220702,0.936,0.352
2022-10-01,220703,106.633,23.71
2022-10-01,220799,7.588,0.756
2022-10-01,220801,28.633,14.733
2022-10-01,220901,3.945,1.683
2022-10-01,221001,0.076,0.025
2022-10-01,221101,1.981,1.55
2022-10-01,221201,14.785,8.541
2022-10-01,221399,4.769,0.991
2022-10-01,230101,9.789,6.743
2022-10-01,230401,5.824,5.686
2022-10-01,230501,8.387,1.637
2022-10-01,230601,86.33,247.176
2022-10-01,230701,4.367,0.07
2022-10-01,230702,3.417,0.332
2022-10-01,230799,33.135,9.834
2022-10-01,230801,7.307,0.804
2022-10-01,230901,0.271,0.051
2022-10-01,231001,1.647,0.027
2022-10-01,231101,0.027,0.0
2022-10-01,231201,7.563,5.208
2022-10-01,231301,1.759,0.118
2022-10-01,231399,4.576,1.032
2022-10-01,231401,18.537,4.974
2022-10-01,231501,0.366,0.029
2022-10-01,231699,15.233,45.066
2022-10-01,310101,0.044,0.158
2022-10-01,320101,8.092,2.188
2022-10-01,330101,2.024,0.12
2022-10-01,330199,0.571,1.044
2022-10-01,410101,0.448,0.188
2022-11-01,110101,0.623,1.015
2022-11-01,110201,243.486,482.773
2022-11-01,110202,11.722,15.485
2022-11-01,110301,153.46,68.291
2022-11-01,110401,1.556,0.23
2022-11-01,110402,0.165,0.021
2022-11-01,110502,4.707,9.232
2022-11-01,110599,29.281,28.398
2022-11-01,111001,1.434,0.584
2022-11-01,111099,0.065,0.685
2022-11-01,111101,14.063,0.677
2022-11-01,111105,0.136,0.063
2022-11-01,111106,0.011,0.006
2022-11-01,111109,82.646,14.973
2022-11-01,111199,8.996,4.735
2022-11-01,120101,8.047,2.146
2022-11-01,120399,20.183,50.934
2022-11-01,130201,0.562,0.082
2022-11-01,130399,2.042,1.272
2022-11-01,140101,5.424,0.515
2022-11-01,140102,17.374,6.806
2022-11-01,140201,520.496,85.561
2022-11-01,140301,0.35,0.037
2022-11-01,140499,1.727,0.555
2022-11-01,150101,794.743,1479.843
2022-11-01,150201,88.113,0.002
2022-11-01,150301,62.254,33.811
2022-11-01,150501,0.007,0.12
2022-11-01,150699,58.349,18.859
2022-11-01,210101,2.801,0.082
2022-11-01,210201,0.215,0.035
2022-11-01,210399,11.66,8.049
2022-11-01,220101,11.539,3.377
2022-11-01,220201,1.495,2.019
2022-11-01,220401,11.163,1.223
2022-11-01,220501,12.801,3.247
2022-11-01,220601,12.263,8.922
2022-11-01,220701,3.67,2.814
2022-11-01,220702,0.351,0.151
2022-11-01,220703,96.411,22.681
2022-11-01,220799,8.925,0.918
2022-11-01,220801,31.313,15.62
2022-11-01,220901,3.535,1.384
2022-11-01,221001,0.063,0.016
2022-11-01,221101,1.891,1.728
2022-11-01,221201,18.288,13.203
2022-11-01,221399,4.48,0.939
2022-11-01,230101,8.333,5.539
2022-11-01,230401,7.699,7.264
2022-11-01,230501,8.852,1.837
2022-11-01,230601,67.315,179.121
2022-11-01,230701,6.885,0.066
2022-11-01,230702,6.194,0.287
2022-11-01,230799,27.889,8.768
2022-11-01,230801,11.743,1.554
2022-11-01,230901,0.218,0.034
2022-11-01,231001,1.787,0.029
2022-11-01,231101,0.045,0.0
2022-11-01,231201,7.319,4.517
2022-11-01,231301,2.17,0.173
2022-11-01,231399,4.64,0.811
2022-11-01,231401,16.454,4.626
2022-11-01,231501,0.126,0.093
2022-11-01,231699,15.801,44.441
2022-11-01,310101,0.067,0.251
2022-11-01,320101,7.723,2.304
2022-11-01,330101,3.28,0.232
2022-11-01,330199,0.317,0.473
2022-11-01,410101,0.339,0.053
2022-12-01,110101,3.009,4.444
2022-12-01,110201,292.274,580.082
2022-12-01,110202,15.153,19.224
2022-12-01,110301,90.511,38.707
2022-12-01,110401,1.567,0.202
2022-12-01,110402,0.026,0.001
2022-12-01,110502,5.42,9.841
2022-12-01,110599,26.345,18.199
2022-12-01,111001,2.31,0.958
2022-12-01,111099,0.104,0.894
2022-12-01,111101,13.783,0.585
2022-12-01,111105,0.124,0.053
2022-12-01,111106,0.004,0.002
2022-12-01,111109,80.339,15.222
2022-12-01,111199,10.897,5.405
2022-12-01,120101,8.214,2.094
2022-12-01,120399,22.47,58.679
2022-12-01,130201,0.338,0.02
2022-12-01,130399,3.256,1.934
2022-12-01,140101,4.725,0.54
2022-12-01,140102,19.034,4.084
2022-12-01,140201,494.946,89.661
2022-12-01,140499,1.423,0.466
2022-12-01,150101,775.969,1583.483
2022-12-01,150201,79.796,0.002
2022-12-01,150301,123.638,63.347
2022-12-01,150401,0.049,0.074
2022-12-01,150501,0.033,0.638
2022-12-01,150699,52.305,16.627
2022-12-01,210101,2.287,0.047
2022-12-01,210201,0.076,0.005
2022-12-01,210399,12.191,8.627
2022-12-01,220101,13.087,3.912
2022-12-01,220201,0.44,0.469
2022-12-01,220301,0.001,0.0
2022-12-01,220401,12.113,1.323
2022-12-01,220501,12.438,3.223
2022-12-01,220601,12.569,8.733
2022-12-01,220701,5.621,4.043
2022-12-01,220702,0.711,0.238
2022-12-01,220703,114.081,25.237
2022-12-01,220799,7.291,0.739
2022-12-01,220801,25.285,12.707
2022-12-01,220901,3.392,1.193
2022-12-01,221001,0.076,0.024
2022-12-01,221101,1.116,0.953
2022-12-01,221201,31.261,26.888
2022-12-01,221399,4.411,1.06
2022-12-01,230101,9.365,7.113
2022-12-01,230401,7.28,7.336
2022-12-01,230501,11.048,2.131
2022-12-01,230601,90.2,259.145
2022-12-01,230701,5.64,0.213
2022-12-01,230702,2.718,0.434
2022-12-01,230799,24.016,7.561
2022-12-01,230801,9.8,1.884
2022-12-01,230901,0.233,0.046
2022-12-01,231001,1.716,0.02
2022-12-01,231101,0.041,0.0
2022-12-01,231201,6.956,5.317
2022-12-01,231301,2.643,0.126
2022-12-01,231399,4.064,1.067
2022-12-01,231401,17.48,4.604
2022-12-01,231501,0.264,0.102
2022-12-01,231699,13.721,44.436
2022-12-01,310101,0.088,0.32
2022-12-01,320101,9.056,2.513
2022-12-01,330101,2.945,0.113
2022-12-01,330199,0.199,0.578
2022-12-01,410101,0.384,0.146
2023-01-01,110201,367.131,707.098
2023-01-01,110202,12.963,20.057
2023-01-01,110301,45.081,18.493
2023-01-01,110401,0.905,0.128
2023-01-01,110402,0.01,0.0
2023-01-01,110502,4.311,8.542
2023-01-01,110599,18.178,5.129
2023-01-01,111001,1.408,0.625
2023-01-01,111099,0.051,0.524
2023-01-01,111101,12.796,0.606
2023-01-01,111105,0.064,0.032
2023-01-01,111109,82.961,13.994
2023-01-01,111199,11.764,5.294
2023-01-01,120101,6.15,1.526
2023-01-01,120399,20.127,44.415
2023-01-01,130201,0.598,0.036
2023-01-01,130399,2.781,1.034
2023-01-01,140101,7.379,0.901
2023-01-01,140102,23.07,7.238
2023-01-01,140201,561.225,95.416
2023-01-01,140301,0.219,0.016
2023-01-01,140499,0.778,0.281
2023-01-01,150101,557.942,1205.046
2023-01-01,150201,69.634,0.001
2023-01-01,150301,79.325,39.072
2023-01-01,150501,0.004,0.07
2023-01-01,150699,59.433,21.283
2023-01-01,210101,2.339,0.045
2023-01-01,210201,0.34,0.161
2023-01-01,210399,9.472,7.463
2023-01-01,220101,10.367,3.153
2023-01-01,220201,0.184,0.123
2023-01-01,220301,0.006,0.002
2023-01-01,220401,8.421,1.035
2023-01-01,220501,10.589,2.646
2023-01-01,220601,14.071,11.056
2023-01-01,220701,4.411,3.343
2023-01-01,220702,0.738,0.237
2023-01-01,220703,86.781,17.789
2023-01-01,220799,2.896,0.268
2023-01-01,220801,19.501,9.966
2023-01-01,220901,3.034,1.185
2023-01-01,221001,0.06,0.027
2023-01-01,221101,1.191,0.938
2023-01-01,221201,11.407,7.907
2023-01-01,221399,4.937,1.014
2023-01-01,230101,10.065,8.476
2023-01-01,230401,7.13,6.926
2023-01-01,230501,7.662,1.404
2023-01-01,230601,96.037,275.458
2023-01-01,230701,5.42,0.053
2023-01-01,230702,2.477,0.292
2023-01-01,230799,18.578,6.016
2023-01-01,230801,9.943,1.526
2023-01-01,230901,0.084,0.015
2023-01-01,231001,1.346,0.017
2023-01-01,231101,0.023,0.0
2023-01-01,231201,4.343,3.054
2023-01-01,231301,1.19,0.064
2023-01-01,231399,2.174,0.629
2023-01-01,231401,13.056,3.963
2023-01-01,231501,0.518,0.126
2023-01-01,231699,9.783,7.263
2023-01-01,320101,7.98,2.231
2023-01-01,330101,2.154,0.107
2023-01-01,330199,0.319,0.86
2023-01-01,410101,0.407,0.111
2023-02-01,110101,0.001,0.0
2023-02-01,110201,311.627,597.315
2023-02-01,110202,17.381,22.449
2023-02-01,110301,49.707,19.668
2023-02-01,110401,0.934,0.116
2023-02-01,110402,0.006,0.001
2023-02-01,110502,4.764,8.888
2023-02-01,110599,22.352,10.627
2023-02-01,111001,2.123,0.92
2023-02-01,111099,0.071,0.724
2023-02-01,111101,12.17,0.65
2023-02-01,111105,0.088,0.037
2023-02-01,111106,0.01,0.006
2023-02-01,111109,116.459,20.256
2023-02-01,111199,10.729,4.272
2023-02-01,120101,4.422,1.099
2023-02-01,120301,0.002,0.001
2023-02-01,120399,22.933,40.867
2023-02-01,130201,0.058,0.002
2023-02-01,130399,1.943,0.95
2023-02-01,140101,6.348,0.675
2023-02-01,140102,24.348,8.804
2023-02-01,140201,601.741,93.709
2023-02-01,140301,0.411,0.01
2023-02-01,140499,0.354,0.172
2023-02-01,150101,579.083,1268.405
2023-02-01,150201,109.978,0.002
2023-02-01,150301,162.844,75.507
2023-02-01,150501,0.019,0.32
2023-02-01,150699,61.526,16.398
2023-02-01,210101,1.958,0.043
2023-02-01,210201,0.324,0.079
2023-02-01,210399,13.06,10.1
2023-02-01,220101,11.349,3.758
2023-02-01,220201,0.324,0.247
2023-02-01,220301,0.001,0.0
2023-02-01,220401,11.36,1.329
2023-02-01,220501,10.57,2.612
2023-02-01,220601,14.623,12.158
2023-02-01,220701,4.95,3.363
2023-02-01,220702,0.669,0.216
2023-02-01,220703,100.473,21.578
2023-02-01,220799,4.141,0.469
2023-02-01,220801,18.631,8.751
2023-02-01,220901,3.286,1.249
2023-02-01,221001,0.083,0.031
2023-02-01,221101,1.085,0.839
2023-02-01,221201,13.519,10.478
2023-02-01,221399,4.312,0.989
2023-02-01,230101,9.127,7.468
2023-02-01,230401,7.035,7.026
2023-02-01,230501,9.637,1.82
2023-02-01,230601,56.291,154.406
2023-02-01,230701,3.901,0.047
2023-02-01,230702,2.866,0.393
2023-02-01,230799,28.216,8.468
2023-02-01,230801,12.015,1.755
2023-02-01,230901,0.489,0.085
2023-02-01,231001,2.156,0.023
2023-02-01,231101,0.062,0.001
2023-02-01,231201,4.86,3.538
2023-02-01,231301,1.365,0.061
2023-02-01,231399,3.858,0.955
2023-02-01,231401,15.64,5.251
2023-02-01,231501,0.44,0.102
2023-02-01,231699,14.624,50.993
2023-02-01,320101,8.386,2.303
2023-02-01,330101,1.371,0.025
2023-02-01,330199,0.339,0.758
2023-02-01,410101,0.463,0.159
2023-03-01,110101,0.15,0.208
2023-03-01,110201,330.481,599.36
2023-03-01,110202,15.862,26.635
2023-03-01,110301,82.181,31.823
2023-03-01,110401,1.499,0.12
2023-03-01,110402,0.022,0.002
2023-03-01,110502,5.212,9.845
2023-03-01,110599,22.468,12.97
2023-03-01,111001,2.003,0.86
2023-03-01,111099,0.062,0.649
2023-03-01,111101,14.158,0.715
2023-03-01,111105,0.084,0.042
2023-03-01,111106,0.004,0.002
2023-03-01,111109,82.688,15.104
2023-03-01,111199,12.898,5.751
2023-03-01,120101,6.823,1.711
2023-03-01,120301,0.007,0.002
2023-03-01,120399,21.958,46.635
2023-03-01,130201,0.408,0.112
2023-03-01,130399,2.353,1.596
2023-03-01,140101,5.348,0.604
2023-03-01,140102,18.457,5.617
2023-03-01,140201,708.921,107.885
2023-03-01,140301,0.335,0.008
2023-03-01,140499,0.966,0.3
2023-03-01,150101,532.278,1230.678
2023-03-01,150201,126.82,0.003
2023-03-01,150301,68.639,32.458
2023-03-01,150401,0.134,0.22
2023-03-01,150501,0.029,0.33
2023-03-01,150699,63.501,16.062
2023-03-01,210101,2.129,0.084
2023-03-01,210201,0.415,0.019
2023-03-01,210399,13.059,9.272
2023-03-01,220101,13.165,4.283
2023-03-01,220201,0.234,0.161
2023-03-01,220301,0.008,0.012
2023-03-01,220401,10.181,1.188
2023-03-01,220501,10.737,2.461
2023-03-01,220601,19.611,15.968
2023-03-01,220701,4.453,3.651
2023-03-01,220702,0.71,0.223
2023-03-01,220703,117.233,25.37
2023-03-01,220799,4.324,0.464
2023-03-01,220801,20.944,10.225
2023-03-01,220901,4.353,1.566
2023-03-01,221001,0.094,0.031
2023-03-01,221101,1.051,0.889
2023-03-01,221201,16.29,13.249
2023-03-01,221399,4.787,1.137
2023-03-01,230101,9.713,7.059
2023-03-01,230401,8.141,7.598
2023-03-01,230501,11.82,2.118
2023-03-01,230601,78.175,213.399
2023-03-01,230701,11.525,0.641
2023-03-01,230702,4.538,0.6
2023-03-01,230799,30.499,10.723
2023-03-01,230801,10.926,1.716
2023-03-01,230901,0.412,0.065
2023-03-01,231001,2.307,0.027
2023-03-01,231101,0.086,0.0
2023-03-01,231201,4.926,3.311
2023-03-01,231301,1.997,0.089
2023-03-01,231399,5.55,1.325
2023-03-01,231401,19.403,5.205
2023-03-01,231501,0.432,0.164
2023-03-01,231699,15.742,48.045
2023-03-01,310101,0.141,0.547
2023-03-01,320101,11.555,2.79
2023-03-01,330101,2.257,0.011
2023-03-01,330199,0.604,1.028
2023-03-01,410101,0.416,0.125
2023-04-01,110101,0.341,0.504
2023-04-01,110201,316.504,583.217
2023-04-01,110202,16.311,22.253
2023-04-01,110301,73.1,26.951
2023-04-01,110401,0.592,0.11
2023-04-01,110402,0.075,0.008
2023-04-01,110501,0.098,0.979
2023-04-01,110502,5.643,10.642
2023-04-01,110599,16.863,8.041
2023-04-01,111001,1.65,0.734
2023-04-01,111099,0.066,0.69
2023-04-01,111101,10.497,0.468
2023-04-01,111105,0.1,0.028
2023-04-01,111106,0.027,0.085
2023-04-01,111109,65.905,12.418
2023-04-01,111199,11.47,4.474
2023-04-01,120101,7.002,1.782
2023-04-01,120399,20.617,45.167
2023-04-01,130201,0.26,0.019
2023-04-01,130399,3.206,0.888
2023-04-01,140101,8.171,1.368
2023-04-01,140102,16.474,5.881
2023-04-01,140201,613.476,93.561
2023-04-01,140499,1.135,0.354
2023-04-01,150101,597.648,1223.575
2023-04-01,150201,108.204,0.002
2023-04-01,150301,80.199,37.941
2023-04-01,150501,0.024,0.32
2023-04-01,150699,62.549,13.764
2023-04-01,210101,2.476,0.061
2023-04-01,210201,1.177,0.375
2023-04-01,210399,10.385,7.042
2023-04-01,220101,14.375,4.078
2023-04-01,220201,0.396,0.275
2023-04-01,220401,10.319,1.207
2023-04-01,220501,10.7,2.589
2023-04-01,220601,17.889,13.49
2023-04-01,220701,5.9,4.107
2023-04-01,220702,1.76,0.448
2023-04-01,220703,121.576,25.524
2023-04-01,220799,4.644,0.499
2023-04-01,220801,15.795,8.486
2023-04-01,220901,3.107,1.055
2023-04-01,221001,0.067,0.039
2023-04-01,221101,1.595,1.217
2023-04-01,221201,14.524,11.454
2023-04-01,221399,4.659,1.057
2023-04-01,230101,8.458,5.985
2023-04-01,230401,6.927,6.756
2023-04-01,230501,9.646,1.773
2023-04-01,230601,121.673,304.095
2023-04-01,230701,3.929,0.081
2023-04-01,230702,2.127,0.282
2023-04-01,230799,33.372,9.621
2023-04-01,230801,8.057,1.282
2023-04-01,230901,0.202,0.035
2023-04-01,231001,2.663,0.034
2023-04-01,231101,0.065,0.0
2023-04-01,231201,4.462,3.576
2023-04-01,231301,2.095,0.107
2023-04-01,231399,3.789,0.977
2023-04-01,231401,15.957,4.861
2023-04-01,231501,0.211,0.059
2023-04-01,231699,10.894,7.19
2023-04-01,310101,0.02,0.071
2023-04-01,320101,7.373,1.76
2023-04-01,330101,6.132,0.012
2023-04-01,330199,0.24,0.37
2023-04-01,410101,0.398,0.108
2023-05-01,110101,1.595,2.635
2023-05-01,110201,290.748,532.509
2023-05-01,110202,15.53,19.253
2023-05-01,110301,64.678,22.983
2023-05-01,110401,0.124,0.009
2023-05-01,110402,0.004,0.0
2023-05-01,110501,0.114,1.129
2023-05-01,110502,3.933,7.218
2023-05-01,110599,11.138,4.165
2023-05-01,111001,1.271,0.549
2023-05-01,111099,0.072,0.726
2023-05-01,111101,9.366,0.399
2023-05-01,111105,0.007,0.002
2023-05-01,111106,0.015,0.006
2023-05-01,111109,91.879,16.352
2023-05-01,111199,12.469,4.257
2023-05-01,120101,9.738,2.435
2023-05-01,120301,0.018,0.006
2023-05-01,120399,22.412,54.159
2023-05-01,130201,0.532,0.033
2023-05-01,130399,1.902,1.366
2023-05-01,140101,8.212,1.604
2023-05-01,140102,14.298,3.731
2023-05-01,140201,696.249,107.713
2023-05-01,140499,1.624,0.367
2023-05-01,150101,606.206,1384.427
2023-05-01,150201,132.169,0.003
2023-05-01,150301,81.683,38.729
2023-05-01,150401,0.184,0.302
2023-05-01,150501,0.063,0.64
2023-05-01,150699,65.509,18.628
2023-05-01,210101,2.788,0.086
2023-05-01,210201,1.188,0.716
2023-05-01,210399,11.153,8.294
2023-05-01,220101,12.435,3.403
2023-05-01,220201,0.341,0.337
2023-05-01,220401,9.773,1.161
2023-05-01,220501,11.344,2.792
2023-05-01,220601,17.919,13.859
2023-05-01,220701,8.404,5.36
2023-05-01,220702,1.27,0.379
2023-05-01,220703,111.565,23.591
2023-05-01,220799,4.093,0.416
2023-05-01,220801,16.393,9.39
2023-05-01,220901,3.02,1.013
2023-05-01,221001,0.177,0.078
2023-05-01,221101,0.673,0.522
2023-05-01,221201,16.508,13.224
2023-05-01,221399,5.453,1.189
2023-05-01,230101,9.017,7.152
2023-05-01,230401,8.043,7.445
2023-05-01,230501,10.645,2.28
2023-05-01,230601,111.669,307.547
2023-05-01,230701,5.211,0.063
2023-05-01,230702,2.544,0.5
2023-05-01,230799,27.163,8.786
2023-05-01,230801,10.625,1.322
2023-05-01,230901,0.494,0.063
2023-05-01,231001,2.309,0.026
2023-05-01,231101,0.061,0.0
2023-05-01,231201,5.898,4.552
2023-05-01,231301,1.66,0.096
2023-05-01,231399,4.825,0.994
2023-05-01,231401,16.224,5.123
2023-05-01,231501,0.57,0.137
2023-05-01,231699,28.644,121.766
2023-05-01,310101,0.061,0.284
2023-05-01,320101,10.734,2.928
2023-05-01,330101,2.716,0.078
2023-05-01,330199,0.346,0.948
2023-05-01,410101,0.562,0.222
2023-06-01,110101,0.54,0.93
2023-06-01,110201,279.812,491.008
2023-06-01,110202,15.843,20.404
2023-06-01,110301,57.234,18.718
2023-06-01,110401,0.615,0.178
2023-06-01,110402,0.008,0.001
2023-06-01,110501,0.171,1.706
2023-06-01,110502,4.03,7.69
2023-06-01,110599,10.933,3.395
2023-06-01,111001,2.677,1.184
2023-06-01,111003,0.0,0.0
2023-06-01,111099,0.038,0.404
2023-06-01,111101,5.415,0.261
2023-06-01,111105,0.109,0.065
2023-06-01,111106,0.001,0.001
2023-06-01,111109,81.638,14.139
2023-06-01,111199,12.421,4.817
2023-06-01,120101,12.84,2.955
2023-06-01,120399,19.837,46.647
2023-06-01,130201,0.515,0.045
2023-06-01,130399,2.292,1.754
2023-06-01,140101,7.302,1.298
2023-06-01,140102,12.111,2.264
2023-06-01,140201,654.231,109.286
2023-06-01,140499,1.087,0.487
2023-06-01,150101,568.483,1372.866
2023-06-01,150201,107.547,0.002
2023-06-01,150301,141.731,72.323
2023-06-01,150401,0.092,0.195
2023-06-01,150501,0.043,0.44
2023-06-01,150699,61.045,19.22
2023-06-01,210101,2.998,0.09
2023-06-01,210201,0.369,0.187
2023-06-01,210399,12.63,8.191
2023-06-01,220101,11.602,3.44
2023-06-01,220201,0.398,0.322
2023-06-01,220301,0.005,0.002
2023-06-01,220401,12.584,1.375
2023-06-01,220501,13.417,3.043
2023-06-01,220601,20.634,15.395
2023-06-01,220701,8.536,5.937
2023-06-01,220702,2.537,0.627
2023-06-01,220703,120.761,25.765
2023-06-01,220799,3.675,0.399
2023-06-01,220801,15.556,9.021
2023-06-01,220901,3.273,1.238
2023-06-01,221001,0.088,0.02
2023-06-01,221101,0.975,0.767
2023-06-01,221201,12.834,10.021
2023-06-01,221399,6.739,1.645
2023-06-01,230101,9.01,6.796
2023-06-01,230401,6.897,6.347
2023-06-01,230501,6.653,1.509
2023-06-01,230601,84.07,196.344
2023-06-01,230701,7.827,0.312
2023-06-01,230702,2.691,0.564
2023-06-01,230799,30.43,10.857
2023-06-01,230801,10.206,1.319
2023-06-01,230901,0.231,0.062
2023-06-01,231001,2.501,0.032
2023-06-01,231101,0.034,0.0
2023-06-01,231201,5.434,4.298
2023-06-01,231301,1.907,0.076
2023-06-01,231399,3.008,0.865
2023-06-01,231401,17.242,5.417
2023-06-01,231501,0.306,0.096
2023-06-01,231699,21.646,51.202
2023-06-01,310101,0.05,0.231
2023-06-01,320101,8.685,2.166
2023-06-01,330101,0.84,0.203
2023-06-01,330199,0.401,0.686
2023-06-01,410101,0.527,0.172
2023-07-01,110101,0.176,0.403
2023-07-01,110201,293.032,546.429
2023-07-01,110202,11.826,15.401
2023-07-01,110301,97.817,30.962
2023-07-01,110401,0.443,0.136
2023-07-01,110501,0.083,0.824
2023-07-01,110502,5.696,9.013
2023-07-01,110599,11.002,3.403
2023-07-01,111001,2.015,0.874
2023-07-01,111099,0.054,0.553
2023-07-01,111101,4.083,0.188
2023-07-01,111105,0.085,0.054
2023-07-01,111106,0.092,0.322
2023-07-01,111109,72.599,14.451
2023-07-01,111199,10.706,4.283
2023-07-01,120101,12.895,3.518
2023-07-01,120399,19.682,49.925
2023-07-01,130201,0.699,0.05
2023-07-01,130399,2.509,1.945
2023-07-01,140101,7.998,1.02
2023-07-01,140102,15.488,3.201
2023-07-01,140201,560.871,99.539
2023-07-01,140499,1.478,0.344
2023-07-01,150101,640.854,1370.009
2023-07-01,150201,118.589,0.002
2023-07-01,150301,137.821,67.988
2023-07-01,150501,0.022,0.2
2023-07-01,150699,53.339,19.872
2023-07-01,210101,2.749,0.09
2023-07-01,210201,0.707,0.149
2023-07-01,210399,8.822,6.65
2023-07-01,220101,9.269,2.851
2023-07-01,220201,0.216,0.158
2023-07-01,220401,8.525,1.064
2023-07-01,220501,12.725,2.725
2023-07-01,220601,19.033,15.212
2023-07-01,220701,8.989,5.845
2023-07-01,220702,1.368,0.388
2023-07-01,220703,99.471,20.418
2023-07-01,220799,4.647,0.658
2023-07-01,220801,14.382,8.359
2023-07-01,220901,2.801,0.972
2023-07-01,221001,0.367,0.126
2023-07-01,221101,0.593,0.646
2023-07-01,221201,23.499,19.693
2023-07-01,221399,4.803,1.117
2023-07-01,230101,8.57,6.865
2023-07-01,230401,6.296,6.112
2023-07-01,230501,6.486,1.378
2023-07-01,230601,131.642,289.304
2023-07-01,230701,5.738,0.107
2023-07-01,230702,3.916,0.372
2023-07-01,230799,25.564,9.629
2023-07-01,230801,7.649,1.064
2023-07-01,230901,0.413,0.097
2023-07-01,231001,1.601,0.024
2023-07-01,231101,0.041,0.0
2023-07-01,231201,5.05,4.622
2023-07-01,231301,1.935,0.119
2023-07-01,231399,3.593,1.079
2023-07-01,231401,16.21,4.985
2023-07-01,231501,0.13,0.09
2023-07-01,231699,23.843,7.455
2023-07-01,320101,10.008,2.61
2023-07-01,330101,2.957,0.364
2023-07-01,330199,0.344,0.924
2023-07-01,410101,0.466,0.102
2023-08-01,110101,0.315,0.641
2023-08-01,110201,264.481,501.178
2023-08-01,110202,12.698,15.585
2023-08-01,110301,125.612,37.453
2023-08-01,110401,0.489,0.165
2023-08-01,110402,0.008,0.001
2023-08-01,110501,0.009,0.089
2023-08-01,110502,5.629,10.679
2023-08-01,110599,10.029,4.098
2023-08-01,111001,1.972,0.879
2023-08-01,111099,0.07,0.724
2023-08-01,111101,3.421,0.144
2023-08-01,111105,0.109,0.061
2023-08-01,111106,0.004,0.002
2023-08-01,111109,70.938,13.801
2023-08-01,111199,10.53,4.297
2023-08-01,120101,10.818,2.215
2023-08-01,120301,0.003,0.001
2023-08-01,120399,23.027,64.304
2023-08-01,130201,0.171,0.02
2023-08-01,130399,2.659,1.671
2023-08-01,140101,8.252,0.905
2023-08-01,140102,15.389,3.391
2023-08-01,140201,563.091,98.313
2023-08-01,140499,1.436,0.134
2023-08-01,150101,716.5,1347.798
2023-08-01,150201,144.33,0.003
2023-08-01,150301,76.294,37.439
2023-08-01,150401,0.061,0.191
2023-08-01,150501,0.032,0.3
2023-08-01,150699,61.786,18.08
2023-08-01,210101,2.815,0.086
2023-08-01,210201,0.402,0.06
2023-08-01,210399,10.72,7.571
2023-08-01,220101,10.718,3.074
2023-08-01,220201,4.823,6.286
2023-08-01,220401,10.765,1.291
2023-08-01,220501,14.17,3.132
2023-08-01,220601,20.596,16.055
2023-08-01,220701,12.119,7.269
2023-08-01,220702,1.855,0.541
2023-08-01,220703,103.249,22.815
2023-08-01,220799,5.115,0.63
2023-08-01,220801,16.454,9.876
2023-08-01,220901,3.618,1.184
2023-08-01,221001,0.396,0.139
2023-08-01,221101,1.168,0.944
2023-08-01,221201,14.992,11.471
2023-08-01,221399,5.455,1.281
2023-08-01,230101,10.632,8.013
2023-08-01,230401,7.603,7.545
2023-08-01,230501,5.213,1.32
2023-08-01,230601,101.371,195.313
2023-08-01,230701,12.176,0.547
2023-08-01,230702,3.174,0.379
2023-08-01,230799,30.285,9.759
2023-08-01,230801,11.859,1.369
2023-08-01,230901,0.254,0.075
2023-08-01,231001,1.758,0.029
2023-08-01,231101,0.009,0.0
2023-08-01,231201,6.645,7.039
2023-08-01,231301,2.062,0.126
2023-08-01,231399,4.042,1.021
2023-08-01,231401,16.259,5.087
2023-08-01,231501,0.418,0.16
2023-08-01,231699,23.724,84.594
2023-08-01,310101,0.078,0.449
2023-08-01,320101,9.674,2.476
2023-08-01,330101,3.299,0.086
2023-08-01,330199,0.322,0.474
2023-08-01,410101,0.537,0.132
2023-09-01,110101,0.207,0.421
2023-09-01,110201,257.007,444.528
2023-09-01,110202,15.839,17.318
2023-09-01,110301,123.767,35.812
2023-09-01,110401,0.874,0.285
2023-09-01,110402,0.372,0.025
2023-09-01,110502,5.814,11.4
2023-09-01,110599,14.889,4.921
2023-09-01,111001,1.803,0.84
2023-09-01,111099,0.06,0.581
2023-09-01,111101,2.252,0.099
2023-09-01,111105,0.101,0.031
2023-09-01,111106,0.021,0.007
2023-09-01,111109,72.344,13.863
2023-09-01,111199,16.206,6.949
2023-09-01,120101,9.2,1.862
2023-09-01,120399,21.91,61.009
2023-09-01,130201,0.77,0.051
2023-09-01,130399,2.173,0.523
2023-09-01,140101,7.331,1.003
2023-09-01,140102,13.152,4.136
2023-09-01,140201,601.189,107.491
2023-09-01,140301,0.197,0.018
2023-09-01,140499,0.642,0.106
2023-09-01,150101,997.837,1688.249
2023-09-01,150201,119.801,0.002
2023-09-01,150202,0.149,0.0
2023-09-01,150301,264.521,135.226
2023-09-01,150501,0.068,0.332
2023-09-01,150699,47.581,16.15
2023-09-01,210101,3.034,0.098
2023-09-01,210201,0.444,0.042
2023-09-01,210399,9.749,8.098
2023-09-01,220101,12.295,3.594
2023-09-01,220201,0.509,0.432
2023-09-01,220401,10.776,1.256
2023-09-01,220501,13.759,2.903
2023-09-01,220601,20.275,14.247
2023-09-01,220701,11.776,6.909
2023-09-01,220702,2.639,0.526
2023-09-01,220703,114.653,24.817
2023-09-01,220799,5.3,0.557
2023-09-01,220801,17.065,10.245
2023-09-01,220901,3.401,1.16
2023-09-01,221001,0.369,0.124
2023-09-01,221101,0.862,0.752
2023-09-01,221201,8.72,5.965
2023-09-01,221399,4.926,1.021
2023-09-01,230101,8.526,6.386
2023-09-01,230401,6.214,6.197
2023-09-01,230501,2.974,0.777
2023-09-01,230601,102.49,191.251
2023-09-01,230701,4.305,0.093
2023-09-01,230702,3.277,0.506
2023-09-01,230799,31.442,9.55
2023-09-01,230801,13.124,1.395
2023-09-01,230901,0.308,0.058
2023-09-01,231001,1.803,0.023
2023-09-01,231101,0.004,0.0
2023-09-01,231201,5.696,6.043
2023-09-01,231301,1.81,0.116
2023-09-01,231399,4.042,1.079
2023-09-01,231401,18.191,5.111
2023-09-01,231501,0.592,0.117
2023-09-01,231699,9.682,6.464
2023-09-01,310101,0.037,0.278
2023-09-01,320101,9.287,2.759
2023-09-01,330101,1.812,0.062
2023-09-01,330199,0.579,0.721
2023-09-01,410101,0.429,0.07
2023-10-01,110101,0.131,0.301
2023-10-01,110201,286.837,495.902
2023-10-01,110202,17.572,17.754
2023-10-01,110301,139.902,40.571
2023-10-01,110401,1.217,0.181
2023-10-01,110501,0.0,0.0
2023-10-01,110502,6.386,10.769
2023-10-01,110599,22.756,10.814
2023-10-01,111001,2.458,1.117
2023-10-01,111099,0.043,0.429
2023-10-01,111101,6.37,0.262
2023-10-01,111105,0.15,0.056
2023-10-01,111106,0.0,0.001
2023-10-01,111109,80.172,15.461
2023-10-01,111199,14.718,5.676
2023-10-01,120101,9.851,2.251
2023-10-01,120301,0.003,0.001
2023-10-01,120399,24.828,82.57
2023-10-01,130201,0.283,0.017
2023-10-01,130399,0.844,0.464
2023-10-01,140101,8.067,1.25
2023-10-01,140102,15.844,5.213
2023-10-01,140201,557.467,98.328
2023-10-01,140301,0.076,0.005
2023-10-01,140499,0.996,0.182
2023-10-01,150101,663.017,1187.632
2023-10-01,150201,141.817,0.003
2023-10-01,150301,74.404,38.168
2023-10-01,150401,0.423,0.806
2023-10-01,150501,0.068,0.387
2023-10-01,150699,54.808,18.832
2023-10-01,210101,2.475,0.205
2023-10-01,210201,1.198,0.405
2023-10-01,210399,11.86,8.373
2023-10-01,220101,14.024,3.742
2023-10-01,220201,0.719,0.584
2023-10-01,220401,8.794,0.968
2023-10-01,220501,15.838,3.382
2023-10-01,220601,17.178,11.597
2023-10-01,220701,15.348,9.08
2023-10-01,220702,4.681,1.046
2023-10-01,220703,122.328,26.509
2023-10-01,220799,5.896,0.687
2023-10-01,220801,17.641,10.735
2023-10-01,220901,3.054,1.055
2023-10-01,221001,0.398,0.144
2023-10-01,221101,0.961,0.877
2023-10-01,221201,10.061,7.827
2023-10-01,221399,6.155,1.346
2023-10-01,230101,9.608,6.877
2023-10-01,230401,6.751,7.076
2023-10-01,230501,3.015,0.822
2023-10-01,230601,83.964,175.456
2023-10-01,230701,4.309,0.145
2023-10-01,230702,4.692,0.41
2023-10-01,230799,39.125,10.292
2023-10-01,230801,6.435,1.025
2023-10-01,230901,0.364,0.07
2023-10-01,231001,1.705,0.025
2023-10-01,231101,0.052,0.0
2023-10-01,231201,6.125,5.24
2023-10-01,231301,1.834,0.158
2023-10-01,231399,3.421,0.865
2023-10-01,231401,18.388,5.541
2023-10-01,231501,0.271,0.159
2023-10-01,231699,14.952,82.895
2023-10-01,310101,0.039,0.184
2023-10-01,320101,8.76,2.518
2023-10-01,330101,1.744,0.234
2023-10-01,330199,0.534,0.945
2023-10-01,410101,0.455,0.089
2023-11-01,110101,0.271,0.29
2023-11-01,110201,257.331,438.308
2023-11-01,110202,15.426,17.62
2023-11-01,110301,142.681,37.609
2023-11-01,110401,1.188,0.116
2023-11-01,110402,0.018,0.003
2023-11-01,110502,7.459,10.409
2023-11-01,110599,23.895,11.239
2023-11-01,111001,1.931,0.84
2023-11-01,111099,0.052,0.535
2023-11-01,111101,9.253,0.412
2023-11-01,111105,0.12,0.052
2023-11-01,111106,0.001,0.001
2023-11-01,111109,83.765,15.651
2023-11-01,111199,13.072,5.426
2023-11-01,120101,9.906,2.36
2023-11-01,120301,0.003,0.001
2023-11-01,120399,23.102,73.395
2023-11-01,130201,0.053,0.003
2023-11-01,130399,2.794,1.032
2023-11-01,140101,7.031,1.451
2023-11-01,140102,16.863,4.968
2023-11-01,140201,536.532,98.412
2023-11-01,140301,0.194,0.018
2023-11-01,140499,0.627,0.091
2023-11-01,150101,749.557,1469.13
2023-11-01,150201,100.245,0.002
2023-11-01,150301,7.558,3.42
2023-11-01,150401,0.21,0.358
2023-11-01,150501,0.042,0.386
2023-11-01,150699,52.238,20.588
2023-11-01,210101,2.369,0.087
2023-11-01,210201,0.479,0.138
2023-11-01,210399,10.685,7.886
2023-11-01,220101,13.338,3.776
2023-11-01,220201,1.028,0.924
2023-11-01,220301,0.01,0.02
2023-11-01,220401,10.222,1.139
2023-11-01,220501,13.009,3.062
2023-11-01,220601,16.008,10.485
2023-11-01,220701,11.693,7.868
2023-11-01,220702,3.917,1.074
2023-11-01,220703,105.54,23.096
2023-11-01,220799,3.919,0.461
2023-11-01,220801,22.392,12.716
2023-11-01,220901,2.879,1.096
2023-11-01,221001,0.403,0.133
2023-11-01,221101,1.167,1.117
2023-11-01,221201,14.453,13.235
2023-11-01,221399,5.837,1.126
2023-11-01,230101,7.324,5.023
2023-11-01,230401,6.759,7.625
2023-11-01,230501,2.495,0.737
2023-11-01,230601,81.501,178.368
2023-11-01,230701,6.044,0.108
2023-11-01,230702,4.591,0.623
2023-11-01,230799,33.151,9.939
2023-11-01,230801,8.057,1.323
2023-11-01,230901,0.419,0.083
2023-11-01,231001,1.317,0.03
2023-11-01,231101,0.023,0.0
2023-11-01,231201,6.69,5.757
2023-11-01,231301,3.607,0.25
2023-11-01,231399,3.704,0.997
2023-11-01,231401,16.093,4.698
2023-11-01,231501,0.444,0.191
2023-11-01,231699,12.307,42.491
2023-11-01,310101,0.07,0.351
2023-11-01,320101,8.345,2.317
2023-11-01,330101,4.54,0.073
2023-11-01,330199,0.434,0.569
2023-11-01,410101,0.448,0.11
2023-12-01,110101,0.514,0.607
2023-12-01,110201,332.393,548.301
2023-12-01,110202,16.111,21.713
2023-12-01,110301,169.073,41.45
2023-12-01,110401,1.915,0.216
2023-12-01,110402,0.016,0.001
2023-12-01,110502,4.994,9.333
2023-12-01,110599,37.195,19.377
2023-12-01,111001,1.644,0.77
2023-12-01,111099,0.062,0.567
2023-12-01,111101,11.28,0.464
2023-12-01,111105,0.085,0.045
2023-12-01,111106,0.009,0.003
2023-12-01,111109,85.715,15.415
2023-12-01,111199,16.299,6.546
2023-12-01,120101,10.884,2.577
2023-12-01,120301,0.001,0.0
2023-12-01,120399,20.931,59.948
2023-12-01,130201,0.461,0.028
2023-12-01,130399,2.057,0.299
2023-12-01,140101,10.869,2.52
2023-12-01,140102,15.803,4.564
2023-12-01,140201,550.236,105.145
2023-12-01,140301,0.365,0.023
2023-12-01,140499,0.708,0.174
2023-12-01,150101,613.962,1343.178
2023-12-01,150201,111.669,0.002
2023-12-01,150301,64.229,32.259
2023-12-01,150401,0.258,0.475
2023-12-01,150501,0.018,0.014
2023-12-01,150699,49.057,22.475
2023-12-01,210101,2.575,0.074
2023-12-01,210201,0.945,0.261
2023-12-01,210399,10.038,7.054
2023-12-01,220101,11.751,3.675
2023-12-01,220201,0.149,0.101
2023-12-01,220401,7.61,0.877
2023-12-01,220501,15.149,2.924
2023-12-01,220601,19.526,13.407
2023-12-01,220701,9.84,6.368
2023-12-01,220702,6.222,1.673
2023-12-01,220703,124.105,26.043
2023-12-01,220799,7.006,0.822
2023-12-01,220801,22.823,11.236
2023-12-01,220901,3.458,1.293
2023-12-01,221001,0.47,0.156
2023-12-01,221101,1.06,0.905
2023-12-01,221201,18.003,15.932
2023-12-01,221399,5.504,1.173
2023-12-01,230101,7.197,5.216
2023-12-01,230401,6.369,6.963
2023-12-01,230501,4.193,1.132
2023-12-01,230601,79.347,165.692
2023-12-01,230701,4.618,0.205
2023-12-01,230702,4.109,0.333
2023-12-01,230799,26.791,9.33
2023-12-01,230801,14.859,2.061
2023-12-01,230901,0.621,0.134
2023-12-01,231001,1.521,0.02
2023-12-01,231101,0.056,0.0
2023-12-01,231201,6.193,5.73
2023-12-01,231301,2.727,0.122
2023-12-01,231399,3.661,0.95
2023-12-01,231401,15.47,4.48
2023-12-01,231501,0.381,0.16
2023-12-01,231699,12.823,42.303
2023-12-01,310101,0.005,0.041
2023-12-01,320101,5.487,1.735
2023-12-01,330101,3.561,0.088
2023-12-01,330199,0.628,1.042
2023-12-01,410101,0.379,0.069
2024-01-01,110101,0.098,0.124
2024-01-01,110201,316.586,534.958
2024-01-01,110202,14.368,20.983
2024-01-01,110301,106.659,25.618
2024-01-01,110401,0.987,0.128
2024-01-01,110502,4.828,8.95
2024-01-01,110599,17.771,6.832
2024-01-01,111001,1.078,0.48
2024-01-01,111099,0.091,0.679
2024-01-01,111101,12.788,0.668
2024-01-01,111105,0.11,0.053
2024-01-01,111106,0.005,0.002
2024-01-01,111109,83.551,13.004
2024-01-01,111199,13.485,4.615
2024-01-01,120101,6.737,1.591
2024-01-01,120301,0.0,0.0
2024-01-01,120399,17.59,35.481
2024-01-01,130201,0.116,0.007
2024-01-01,130399,0.986,0.124
2024-01-01,140101,7.413,1.466
2024-01-01,140102,18.675,4.71
2024-01-01,140201,455.298,88.602
2024-01-01,140301,0.399,0.033
2024-01-01,140499,1.65,0.261
2024-01-01,150101,785.281,1778.846
2024-01-01,150201,108.512,0.002
2024-01-01,150202,0.425,0.001
2024-01-01,150301,148.119,75.505
2024-01-01,150401,0.154,0.261
2024-01-01,150501,0.079,0.558
2024-01-01,150699,55.904,15.274
2024-01-01,210101,1.815,0.057
2024-01-01,210201,0.645,0.163
2024-01-01,210399,10.032,8.535
2024-01-01,220101,10.707,3.301
2024-01-01,220201,0.226,0.232
2024-01-01,220401,10.111,1.056
2024-01-01,220501,13.146,2.503
2024-01-01,220601,16.502,11.417
2024-01-01,220701,9.593,6.886
2024-01-01,220702,2.643,0.653
2024-01-01,220703,97.426,21.605
2024-01-01,220799,5.917,0.608
2024-01-01,220801,24.355,11.485
2024-01-01,220901,2.104,0.779
2024-01-01,221001,0.421,0.157
2024-01-01,221101,0.893,0.757
2024-01-01,221201,15.492,15.092
2024-01-01,221399,5.333,1.063
2024-01-01,230101,6.761,5.04
2024-01-01,230401,7.545,8.483
2024-01-01,230501,2.423,0.499
2024-01-01,230601,88.871,221.237
2024-01-01,230701,8.786,4.408
2024-01-01,230702,5.273,0.337
2024-01-01,230799,26.247,9.861
2024-01-01,230801,5.505,0.838
2024-01-01,230901,0.277,0.053
2024-01-01,231001,1.572,0.021
2024-01-01,231101,0.016,0.0
2024-01-01,231201,5.193,5.209
2024-01-01,231301,2.595,0.113
2024-01-01,231399,2.894,0.889
2024-01-01,231401,12.133,3.974
2024-01-01,231501,0.443,0.135
2024-01-01,231699,12.14,74.622
2024-01-01,310101,0.06,0.368
2024-01-01,320101,12.298,2.81
2024-01-01,330101,1.832,0.041
2024-01-01,330199,0.429,0.608
2024-01-01,410101,0.414,0.048
2024-02-01,110101,0.598,0.687
2024-02-01,110201,329.681,536.2
2024-02-01,110202,17.952,25.189
2024-02-01,110301,181.916,37.949
2024-02-01,110401,0.867,0.108
2024-02-01,110402,0.01,0.0
2024-02-01,110502,5.114,9.242
2024-02-01,110599,27.034,9.577
2024-02-01,111001,3.487,1.575
2024-02-01,111099,0.052,0.533
2024-02-01,111101,16.383,0.797
2024-02-01,111105,0.157,0.061
2024-02-01,111106,0.001,0.0
2024-02-01,111109,120.774,19.862
2024-02-01,111199,14.071,5.839
2024-02-01,120101,12.568,3.018
2024-02-01,120301,0.035,0.325
2024-02-01,120399,21.563,53.881
2024-02-01,130201,0.559,0.036
2024-02-01,130399,1.435,0.193
2024-02-01,140101,9.941,1.822
2024-02-01,140102,17.857,3.658
2024-02-01,140201,551.156,94.037
2024-02-01,140301,0.203,0.018
2024-02-01,140499,0.382,0.136
2024-02-01,150101,684.287,1449.638
2024-02-01,150201,92.656,0.002
2024-02-01,150301,8.13,3.622
2024-02-01,150401,0.122,0.26
2024-02-01,150501,0.058,0.282
2024-02-01,150699,58.759,20.483
2024-02-01,210101,3.189,0.149
2024-02-01,210201,0.397,0.143
2024-02-01,210399,13.148,10.252
2024-02-01,220101,10.07,3.26
2024-02-01,220201,0.3,0.227
2024-02-01,220401,9.292,1.019
2024-02-01,220501,23.218,3.896
2024-02-01,220601,20.368,16.351
2024-02-01,220701,13.846,9.419
2024-02-01,220702,5.866,1.51
2024-02-01,220703,138.949,29.271
2024-02-01,220799,6.597,0.74
2024-02-01,220801,25.227,11.355
2024-02-01,220901,3.434,1.323
2024-02-01,221001,0.452,0.139
2024-02-01,221101,1.277,1.081
2024-02-01,221201,10.604,8.627
2024-02-01,221399,5.426,1.183
2024-02-01,230101,5.29,3.402
2024-02-01,230301,0.008,0.003
2024-02-01,230401,6.974,7.677
2024-02-01,230501,5.516,1.417
2024-02-01,230601,79.631,195.142
2024-02-01,230701,5.265,0.076
2024-02-01,230702,4.669,0.766
2024-02-01,230799,28.347,10.598
2024-02-01,230801,9.592,1.508
2024-02-01,230901,0.333,0.065
2024-02-01,231001,2.447,0.023
2024-02-01,231101,0.039,0.0
2024-02-01,231201,5.492,4.712
2024-02-01,231301,2.518,0.073
2024-02-01,231399,4.603,1.209
2024-02-01,231401,13.682,4.472
2024-02-01,231501,0.269,0.172
2024-02-01,231699,10.966,44.045
2024-02-01,310101,0.037,0.193
2024-02-01,320101,10.617,2.957
2024-02-01,330101,2.846,0.031
2024-02-01,330199,0.724,0.929
2024-02-01,410101,0.441,0.07
2024-03-01,110101,0.751,0.908
2024-03-01,110201,326.821,557.736
2024-03-01,110202,15.058,31.218
2024-03-01,110301,167.791,28.483
2024-03-01,110401,0.807,0.104
2024-03-01,110402,0.117,0.005
2024-03-01,110502,5.313,10.023
2024-03-01,110599,24.602,10.681
2024-03-01,111001,1.88,0.908
2024-03-01,111099,0.037,0.365
2024-03-01,111101,8.957,0.452
2024-03-01,111105,0.166,0.075
2024-03-01,111106,0.021,0.007
2024-03-01,111109,83.167,14.197
2024-03-01,111199,11.422,5.131
2024-03-01,120101,12.546,2.954
2024-03-01,120301,0.002,0.001
2024-03-01,120399,18.466,42.873
2024-03-01,130201,0.596,0.038
2024-03-01,130399,0.926,0.141
2024-03-01,140101,9.199,1.116
2024-03-01,140102,22.502,7.101
2024-03-01,140201,514.929,92.351
2024-03-01,140499,0.545,0.057
2024-03-01,150101,794.38,1591.914
2024-03-01,150201,85.547,0.001
2024-03-01,150202,0.006,0.0
2024-03-01,150301,137.515,67.95
2024-03-01,150401,0.241,0.426
2024-03-01,150501,0.148,0.411
2024-03-01,150699,58.349,16.32
2024-03-01,210101,2.737,0.083
2024-03-01,210201,0.253,0.021
2024-03-01,210399,14.042,11.027
2024-03-01,220101,10.966,3.403
2024-03-01,220201,0.222,0.21
2024-03-01,220301,0.0,0.001
2024-03-01,220401,10.162,1.05
2024-03-01,220501,18.038,2.815
2024-03-01,220601,19.034,14.385
2024-03-01,220701,11.021,7.626
2024-03-01,220702,3.028,0.755
2024-03-01,220703,139.247,30.694
2024-03-01,220799,5.748,0.572
2024-03-01,220801,16.709,9.325
2024-03-01,220901,3.778,1.323
2024-03-01,221001,0.416,0.153
2024-03-01,221101,1.09,0.803
2024-03-01,221201,15.032,13.401
2024-03-01,221399,5.407,1.259
2024-03-01,230101,5.785,3.694
2024-03-01,230401,6.475,7.017
2024-03-01,230501,2.85,0.595
2024-03-01,230601,85.069,195.621
2024-03-01,230701,6.651,0.158
2024-03-01,230702,4.12,0.455
2024-03-01,230799,39.249,21.645
2024-03-01,230801,10.383,1.906
2024-03-01,230901,0.357,0.073
2024-03-01,231001,2.071,0.023
2024-03-01,231101,0.056,0.0
2024-03-01,231201,4.871,4.242
2024-03-01,231301,1.776,0.064
2024-03-01,231399,3.641,0.891
2024-03-01,231401,16.807,5.165
2024-03-01,231501,0.372,0.142
2024-03-01,231699,12.259,44.215
2024-03-01,310101,0.036,0.185
2024-03-01,320101,9.474,2.728
2024-03-01,330101,2.305,0.063
2024-03-01,330199,0.601,0.901
2024-03-01,410101,0.416,0.053
2024-04-01,110101,8.269,10.399
2024-04-01,110201,315.466,547.636
2024-04-01,110202,14.847,28.583
2024-04-01,110301,244.786,27.846
2024-04-01,110401,0.665,0.086
2024-04-01,110402,0.006,0.0
2024-04-01,110502,5.245,9.716
2024-04-01,110599,17.246,6.643
2024-04-01,111001,2.264,1.064
2024-04-01,111099,0.052,0.524
2024-04-01,111101,7.098,0.344
2024-04-01,111105,0.09,0.051
2024-04-01,111106,0.004,0.001
2024-04-01,111109,68.266,12.58
2024-04-01,111199,9.401,4.746
2024-04-01,120101,15.117,3.741
2024-04-01,120301,0.001,0.001
2024-04-01,120399,21.44,47.494
2024-04-01,130201,0.701,0.064
2024-04-01,130399,1.124,0.174
2024-04-01,140101,5.494,0.652
2024-04-01,140102,20.028,7.137
2024-04-01,140201,648.057,111.512
2024-04-01,140301,0.213,0.018
2024-04-01,140499,0.725,0.228
2024-04-01,150101,811.753,1546.482
2024-04-01,150201,88.67,0.002
2024-04-01,150202,0.004,0.0
2024-04-01,150301,56.45,26.504
2024-04-01,150401,0.175,0.317
2024-04-01,150501,0.047,0.159
2024-04-01,150699,65.429,14.811
2024-04-01,210101,1.974,0.059
2024-04-01,210201,0.4,0.135
2024-04-01,210399,16.514,10.445
2024-04-01,220101,8.257,2.581
2024-04-01,220201,0.535,0.475
2024-04-01,220301,0.005,0.013
2024-04-01,220401,9.996,1.003
2024-04-01,220501,17.956,2.839
2024-04-01,220601,17.319,14.493
2024-04-01,220701,16.44,11.311
2024-04-01,220702,3.568,0.924
2024-04-01,220703,123.432,27.47
2024-04-01,220799,2.636,0.336
2024-04-01,220801,17.762,9.198
2024-04-01,220901,3.375,1.311
2024-04-01,221001,0.352,0.134
2024-04-01,221101,1.05,0.856
2024-04-01,221201,23.188,20.679
2024-04-01,221399,5.488,1.105
2024-04-01,230101,5.899,4.674
2024-04-01,230401,6.476,7.42
2024-04-01,230501,3.879,0.801
2024-04-01,230601,85.772,186.765
2024-04-01,230701,4.551,0.088
2024-04-01,230702,3.953,0.385
2024-04-01,230799,27.806,10.931
2024-04-01,230801,11.812,1.537
2024-04-01,230901,0.462,0.092
2024-04-01,231001,2.125,0.026
2024-04-01,231101,0.055,0.001
2024-04-01,231201,5.301,4.718
2024-04-01,231301,2.996,0.115
2024-04-01,231399,4.396,1.103
2024-04-01,231401,16.189,5.041
2024-04-01,231501,0.293,0.127
2024-04-01,231699,11.396,6.301
2024-04-01,310101,0.032,0.173
2024-04-01,320101,10.795,2.799
2024-04-01,330101,4.567,0.103
2024-04-01,330199,0.66,1.071
2024-04-01,410101,0.498,0.066
2024-05-01,110101,12.064,15.349
2024-05-01,110201,275.18,466.644
2024-05-01,110202,14.234,27.575
2024-05-01,110301,237.402,25.528
2024-05-01,110401,0.384,0.06
2024-05-01,110402,0.015,0.002
2024-05-01,110502,5.407,10.085
2024-05-01,110599,16.068,3.89
2024-05-01,111001,2.114,0.997
2024-05-01,111099,0.03,0.298
2024-05-01,111101,6.73,0.245
2024-05-01,111105,0.088,0.041
2024-05-01,111106,0.0,0.0
2024-05-01,111109,92.034,16.436
2024-05-01,111199,13.379,6.266
2024-05-01,120101,13.432,3.455
2024-05-01,120301,0.001,0.0
2024-05-01,120399,24.567,58.635
2024-05-01,130201,0.411,0.03
2024-05-01,130399,1.341,0.21
2024-05-01,140101,11.701,2.17
2024-05-01,140102,22.614,8.091
2024-05-01,140201,744.439,124.131
2024-05-01,140301,0.144,0.004
2024-05-01,140499,0.643,0.189
2024-05-01,150101,808.134,1652.186
2024-05-01,150201,91.358,0.002
2024-05-01,150301,5.719,1.797
2024-05-01,150501,0.056,0.261
2024-05-01,150699,80.686,17.895
2024-05-01,210101,2.337,0.081
2024-05-01,210201,0.306,0.038
2024-05-01,210399,16.733,12.641
2024-05-01,220101,9.692,3.165
2024-05-01,220201,0.25,0.16
2024-05-01,220301,0.005,0.013
2024-05-01,220401,12.015,1.233
2024-05-01,220501,20.149,3.164
2024-05-01,220601,20.782,15.469
2024-05-01,220701,17.385,11.743
2024-05-01,220702,3.553,0.872
2024-05-01,220703,151.133,32.959
2024-05-01,220799,3.726,0.476
2024-05-01,220801,26.919,12.106
2024-05-01,220901,4.055,1.493
2024-05-01,221001,0.35,0.131
2024-05-01,221101,1.118,1.009
2024-05-01,221201,23.413,20.496
2024-05-01,221399,5.698,1.262
2024-05-01,230101,6.651,4.612
2024-05-01,230401,7.586,8.585
2024-05-01,230501,4.302,0.975
2024-05-01,230601,99.325,213.079
2024-05-01,230701,5.824,0.067
2024-05-01,230702,4.551,0.568
2024-05-01,230799,37.119,13.171
2024-05-01,230801,11.677,1.546
2024-05-01,230901,0.477,0.091
2024-05-01,231001,1.723,0.021
2024-05-01,231101,0.061,0.0
2024-05-01,231201,6.004,4.641
2024-05-01,231301,2.213,0.082
2024-05-01,231399,4.211,1.064
2024-05-01,231401,19.773,5.885
2024-05-01,231501,0.279,0.095
2024-05-01,231699,12.879,6.315
2024-05-01,310101,0.051,0.25
2024-05-01,320101,12.696,3.093
2024-05-01,330101,3.242,0.047
2024-05-01,330199,0.359,0.597
2024-05-01,410101,0.641,0.098
2024-06-01,110101,5.934,7.437
2024-06-01,110201,279.418,477.162
2024-06-01,110202,12.612,20.855
2024-06-01,110301,218.113,22.858
2024-06-01,110401,0.27,0.206
2024-06-01,110402,0.002,0.0
2024-06-01,110501,0.0,0.0
2024-06-01,110502,5.567,10.485
2024-06-01,110599,17.504,4.133
2024-06-01,111001,1.796,0.831
2024-06-01,111099,0.031,0.327
2024-06-01,111101,2.216,0.11
2024-06-01,111105,0.077,0.036
2024-06-01,111106,0.025,0.011
2024-06-01,111109,82.756,14.388
2024-06-01,111199,14.004,5.069
2024-06-01,120101,15.23,4.087
2024-06-01,120301,0.002,0.001
2024-06-01,120399,22.541,64.14
2024-06-01,130201,0.31,0.021
2024-06-01,130399,1.293,0.215
2024-06-01,140101,14.819,3.923
2024-06-01,140102,21.871,7.294
2024-06-01,140201,637.926,106.542
2024-06-01,140301,0.194,0.018
2024-06-01,140499,1.08,0.267
2024-06-01,150101,586.751,1201.149
2024-06-01,150201,79.946,0.001
2024-06-01,150301,333.36,140.839
2024-06-01,150401,0.139,0.216
2024-06-01,150501,0.083,0.166
2024-06-01,150699,85.085,19.36
2024-06-01,210101,3.443,0.094
2024-06-01,210201,0.239,0.009
2024-06-01,210399,12.862,9.873
2024-06-01,220101,8.292,2.682
2024-06-01,220201,0.259,0.173
2024-06-01,220301,0.005,0.002
2024-06-01,220401,11.542,1.147
2024-06-01,220501,17.772,1.946
2024-06-01,220601,19.211,14.851
2024-06-01,220701,14.677,10.798
2024-06-01,220702,4.255,1.124
2024-06-01,220703,137.221,30.812
2024-06-01,220799,2.495,0.332
2024-06-01,220801,17.088,8.483
2024-06-01,220901,3.755,1.269
2024-06-01,221001,0.512,0.171
2024-06-01,221101,0.971,0.857
2024-06-01,221201,11.249,8.454
2024-06-01,221399,6.08,1.338
2024-06-01,230101,7.574,5.269
2024-06-01,230401,6.316,7.298
2024-06-01,230501,3.7,0.971
2024-06-01,230601,80.762,176.158
2024-06-01,230701,4.185,0.174
2024-06-01,230702,3.796,0.489
2024-06-01,230799,33.063,11.782
2024-06-01,230801,10.493,1.747
2024-06-01,230901,0.732,0.158
2024-06-01,231001,1.056,0.02
2024-06-01,231101,0.045,0.0
2024-06-01,231201,5.265,4.247
2024-06-01,231301,1.661,0.092
2024-06-01,231399,4.129,1.041
2024-06-01,231401,16.812,5.418
2024-06-01,231501,0.322,0.083
2024-06-01,231699,14.724,44.359
2024-06-01,310101,0.007,0.038
2024-06-01,320101,13.212,3.047
2024-06-01,330101,3.707,0.129
2024-06-01,330199,0.573,1.029
2024-06-01,410101,0.617,0.114
2024-07-01,110101,1.984,2.451
2024-07-01,110201,273.366,484.184
2024-07-01,110202,13.796,20.045
2024-07-01,110301,229.01,24.566
2024-07-01,110401,0.27,0.059
2024-07-01,110402,0.009,0.001
2024-07-01,110501,0.0,0.0
2024-07-01,110502,4.547,8.663
2024-07-01,110599,17.235,5.31
2024-07-01,111001,1.402,0.69
2024-07-01,111099,0.053,0.56
2024-07-01,111101,4.917,0.16
2024-07-01,111105,0.081,0.04
2024-07-01,111106,0.021,0.006
2024-07-01,111109,72.83,13.603
2024-07-01,111199,13.015,5.792
2024-07-01,120101,14.018,3.903
2024-07-01,120301,0.007,0.002
2024-07-01,120399,24.746,65.404
2024-07-01,130201,0.325,0.019
2024-07-01,130399,0.698,0.117
2024-07-01,140101,13.605,3.119
2024-07-01,140102,20.155,6.038
2024-07-01,140201,561.522,98.605
2024-07-01,140301,0.232,0.045
2024-07-01,140499,1.17,0.68
2024-07-01,150101,679.829,1348.551
2024-07-01,150201,88.102,0.001
2024-07-01,150202,0.248,0.0
2024-07-01,150301,75.857,32.463
2024-07-01,150501,0.118,0.25
2024-07-01,150699,68.643,18.451
2024-07-01,210101,2.167,0.108
2024-07-01,210201,0.077,0.027
2024-07-01,210399,14.797,13.584
2024-07-01,220101,7.63,2.573
2024-07-01,220201,0.232,0.167
2024-07-01,220401,9.625,0.891
2024-07-01,220501,19.534,2.226
2024-07-01,220601,19.131,14.215
2024-07-01,220701,13.003,9.057
2024-07-01,220702,1.858,0.438
2024-07-01,220703,143.837,31.937
2024-07-01,220799,1.868,0.231
2024-07-01,220801,15.545,9.11
2024-07-01,220901,3.509,1.352
2024-07-01,221001,0.521,0.236
2024-07-01,221101,1.147,1.002
2024-07-01,221201,15.756,13.495
2024-07-01,221399,6.496,1.32
2024-07-01,230101,8.664,6.065
2024-07-01,230401,6.844,7.464
2024-07-01,230501,5.77,1.22
2024-07-01,230601,113.863,247.998
2024-07-01,230701,9.406,0.21
2024-07-01,230702,3.18,0.304
2024-07-01,230799,31.442,15.694
2024-07-01,230801,12.151,2.191
2024-07-01,230901,0.799,0.161
2024-07-01,231001,1.143,0.019
2024-07-01,231101,0.029,0.0
2024-07-01,231201,6.555,5.322
2024-07-01,231301,2.874,0.115
2024-07-01,231399,4.57,1.137
2024-07-01,231401,16.65,5.784
2024-07-01,231501,0.227,0.125
2024-07-01,231699,11.46,5.747
2024-07-01,310101,0.053,0.267
2024-07-01,320101,10.051,2.476
2024-07-01,330101,2.462,0.042
2024-07-01,330199,0.491,0.782
2024-07-01,410101,0.554,0.069
2024-08-01,110101,5.502,7.238
2024-08-01,110201,304.709,503.132
2024-08-01,110202,16.249,22.128
2024-08-01,110301,278.145,30.761
2024-08-01,110401,1.167,0.246
2024-08-01,110402,0.007,0.001
2024-08-01,110501,0.0,0.0
2024-08-01,110502,4.86,9.422
2024-08-01,110503,0.0,0.0
2024-08-01,110599,15.103,5.425
2024-08-01,111001,1.891,0.87
2024-08-01,111099,0.05,0.526
2024-08-01,111101,2.666,0.121
2024-08-01,111105,0.058,0.015
2024-08-01,111106,0.006,0.003
2024-08-01,111109,71.264,13.036
2024-08-01,111199,13.914,7.089
2024-08-01,120101,12.837,3.963
2024-08-01,120301,0.007,0.003
2024-08-01,120399,27.091,83.778
2024-08-01,130201,0.106,0.006
2024-08-01,130399,1.228,0.215
2024-08-01,140101,10.403,2.386
2024-08-01,140102,20.03,5.235
2024-08-01,140201,570.779,103.425
2024-08-01,140301,0.343,0.023
2024-08-01,140499,0.549,0.167
2024-08-01,150101,812.124,1766.157
2024-08-01,150201,82.792,0.001
2024-08-01,150301,135.183,61.258
2024-08-01,150401,0.075,0.117
2024-08-01,150501,0.041,0.325
2024-08-01,150699,56.269,11.502
2024-08-01,210101,2.469,0.066
2024-08-01,210201,0.294,0.051
2024-08-01,210399,14.022,11.742
2024-08-01,220101,12.125,3.772
2024-08-01,220201,9.947,12.97
2024-08-01,220301,0.003,0.001
2024-08-01,220401,15.436,1.496
2024-08-01,220501,21.813,2.395
2024-08-01,220601,20.276,14.333
2024-08-01,220701,7.32,5.476
2024-08-01,220702,3.372,0.825
2024-08-01,220703,147.575,32.649
2024-08-01,220799,3.146,0.389
2024-08-01,220801,19.013,11.357
2024-08-01,220901,3.503,1.438
2024-08-01,221001,0.694,0.342
2024-08-01,221101,1.362,1.257
2024-08-01,221201,13.767,11.237
2024-08-01,221399,6.334,1.372
2024-08-01,230101,6.277,4.277
2024-08-01,230401,5.552,6.189
2024-08-01,230501,8.077,1.746
2024-08-01,230601,100.121,235.097
2024-08-01,230701,7.289,0.641
2024-08-01,230702,3.625,0.33
2024-08-01,230799,31.611,16.633
2024-08-01,230801,13.194,2.077
2024-08-01,230901,0.62,0.144
2024-08-01,231001,1.531,0.028
2024-08-01,231101,0.011,0.0
2024-08-01,231201,6.766,5.172
2024-08-01,231301,2.062,0.123
2024-08-01,231399,5.412,1.4
2024-08-01,231401,18.243,5.86
2024-08-01,231501,0.391,0.097
2024-08-01,231699,14.286,44.375
2024-08-01,310101,0.116,0.466
2024-08-01,320101,12.826,3.038
2024-08-01,330101,3.295,0.258
2024-08-01,330199,0.584,0.744
2024-08-01,410101,0.955,0.215
2024-09-01,110101,3.718,5.199
2024-09-01,110201,280.728,498.449
2024-09-01,110202,14.791,21.033
2024-09-01,110301,371.079,43.512
2024-09-01,110401,0.908,0.17
2024-09-01,110402,0.009,0.001
2024-09-01,110501,0.0,0.0
2024-09-01,110502,5.033,9.334
2024-09-01,110599,26.104,10.968
2024-09-01,111001,2.167,1.037
2024-09-01,111099,0.052,0.324
2024-09-01,111101,3.573,0.203
2024-09-01,111105,0.1,0.039
2024-09-01,111106,0.105,0.021
2024-09-01,111109,72.798,13.108
2024-09-01,111199,13.282,6.724
2024-09-01,120101,15.099,4.699
2024-09-01,120301,0.002,0.001
2024-09-01,120399,28.356,87.912
2024-09-01,130201,0.521,0.033
2024-09-01,130399,1.245,0.225
2024-09-01,140101,7.075,1.818
2024-09-01,140102,14.139,4.361
2024-09-01,140201,507.149,95.072
2024-09-01,140301,0.409,0.243
2024-09-01,140499,1.205,0.511
2024-09-01,150101,622.9,1470.783
2024-09-01,150201,89.673,0.001
2024-09-01,150301,83.775,37.339
2024-09-01,150401,0.492,0.698
2024-09-01,150501,0.07,0.161
2024-09-01,150699,84.673,23.487
2024-09-01,210101,2.652,0.072
2024-09-01,210201,0.801,0.04
2024-09-01,210399,15.153,16.46
2024-09-01,220101,10.126,3.362
2024-09-01,220201,0.337,0.245
2024-09-01,220401,12.442,1.161
2024-09-01,220501,26.247,3.003
2024-09-01,220601,19.904,15.039
2024-09-01,220701,6.909,5.634
2024-09-01,220702,1.573,0.453
2024-09-01,220703,151.287,33.125
2024-09-01,220799,3.884,0.507
2024-09-01,220801,18.397,10.758
2024-09-01,220901,3.761,1.462
2024-09-01,221001,0.667,0.317
2024-09-01,221101,1.094,0.946
2024-09-01,221201,14.695,11.277
2024-09-01,221399,6.563,1.238
2024-09-01,230101,6.145,4.43
2024-09-01,230301,0.014,0.006
2024-09-01,230401,6.674,7.487
2024-09-01,230501,7.308,1.702
2024-09-01,230601,65.72,154.113
2024-09-01,230701,13.234,0.525
2024-09-01,230702,3.842,0.273
2024-09-01,230799,30.959,10.923
2024-09-01,230801,13.533,1.907
2024-09-01,230901,0.917,0.219
2024-09-01,231001,0.936,0.018
2024-09-01,231101,0.009,0.0
2024-09-01,231201,6.822,4.993
2024-09-01,231301,1.564,0.084
2024-09-01,231399,5.452,1.376
2024-09-01,231401,19.923,6.098
2024-09-01,231501,0.192,0.116
2024-09-01,231699,12.71,6.636
2024-09-01,310101,0.137,0.544
2024-09-01,320101,10.43,3.048
2024-09-01,330101,3.201,0.171
2024-09-01,330199,0.675,1.112
2024-09-01,410101,0.71,0.217
2024-10-01,110101,5.482,8.289
2024-10-01,110201,293.284,510.896
2024-10-01,110202,14.737,21.898
2024-10-01,110301,310.999,38.054
2024-10-01,110401,1.462,0.183
2024-10-01,110402,0.01,0.001
2024-10-01,110502,5.009,9.124
2024-10-01,110599,42.134,31.822
2024-10-01,111001,1.095,0.528
2024-10-01,111099,0.079,0.469
2024-10-01,111101,5.577,0.285
2024-10-01,111105,0.171,0.085
2024-10-01,111106,0.023,0.009
2024-10-01,111109,83.84,14.722
2024-10-01,111199,11.584,5.101
2024-10-01,120101,12.074,3.61
2024-10-01,120301,0.002,0.001
2024-10-01,120399,25.232,64.142
2024-10-01,130201,0.29,0.017
2024-10-01,130399,1.051,0.21
2024-10-01,140101,8.097,1.843
2024-10-01,140102,10.032,3.402
2024-10-01,140201,505.974,86.285
2024-10-01,140301,0.761,0.236
2024-10-01,140499,1.71,0.829
2024-10-01,150101,797.763,1802.61
2024-10-01,150201,78.88,0.001
2024-10-01,150202,0.289,0.0
2024-10-01,150301,91.273,39.322
2024-10-01,150401,0.069,0.117
2024-10-01,150501,0.055,0.44
2024-10-01,150699,81.034,15.462
2024-10-01,210101,1.732,0.05
2024-10-01,210201,0.316,0.126
2024-10-01,210399,15.167,14.299
2024-10-01,220101,9.534,3.061
2024-10-01,220201,0.26,0.209
2024-10-01,220301,0.005,0.002
2024-10-01,220401,8.341,0.827
2024-10-01,220501,23.392,2.928
2024-10-01,220601,14.711,9.897
2024-10-01,220701,6.082,5.264
2024-10-01,220702,1.367,0.371
2024-10-01,220703,134.131,29.665
2024-10-01,220799,4.257,0.457
2024-10-01,220801,19.055,10.335
2024-10-01,220901,2.2,0.842
2024-10-01,221001,0.616,0.221
2024-10-01,221101,1.455,0.898
2024-10-01,221201,11.787,8.685
2024-10-01,221399,5.464,0.996
2024-10-01,230101,5.211,3.383
2024-10-01,230401,5.804,6.378
2024-10-01,230501,7.349,1.803
2024-10-01,230601,51.391,108.888
2024-10-01,230701,9.945,0.111
2024-10-01,230702,13.345,1.765
2024-10-01,230799,27.9,10.156
2024-10-01,230801,13.6,2.365
2024-10-01,230901,0.389,0.07
2024-10-01,231001,1.033,0.015
2024-10-01,231101,0.022,0.0
2024-10-01,231201,7.057,5.545
2024-10-01,231301,1.916,0.131
2024-10-01,231399,5.174,1.217
2024-10-01,231401,15.458,4.42
2024-10-01,231501,0.332,0.053
2024-10-01,231699,12.751,37.1
2024-10-01,310101,0.063,0.283
2024-10-01,320101,8.971,1.843
2024-10-01,330101,3.99,0.041
2024-10-01,330199,0.469,0.855
2024-10-01,410101,0.67,0.199
2024-11-01,110101,2.11,3.383
2024-11-01,110201,312.602,542.717
2024-11-01,110202,18.091,27.098
2024-11-01,110301,441.293,56.095
2024-11-01,110401,1.099,0.116
2024-11-01,110502,6.419,12.211
2024-11-01,110599,49.53,33.368
2024-11-01,111001,1.889,0.876
2024-11-01,111099,0.086,0.524
2024-11-01,111101,10.899,0.572
2024-11-01,111105,0.064,0.018
2024-11-01,111106,0.017,0.01
2024-11-01,111109,93.72,15.848
2024-11-01,111199,16.003,7.362
2024-11-01,120101,15.118,4.799
2024-11-01,120301,0.005,0.002
2024-11-01,120399,24.289,76.9
2024-11-01,130201,0.26,0.034
2024-11-01,130399,1.828,0.345
2024-11-01,140101,9.847,1.803
2024-11-01,140102,9.767,3.794
2024-11-01,140201,718.837,118.034
2024-11-01,140301,0.633,0.203
2024-11-01,140499,1.814,0.988
2024-11-01,150101,585.207,1416.335
2024-11-01,150201,75.969,0.001
2024-11-01,150301,10.175,3.266
2024-11-01,150401,0.08,0.113
2024-11-01,150501,0.04,0.14
2024-11-01,150699,68.486,20.801
2024-11-01,210101,2.527,0.065
2024-11-01,210201,0.486,0.084
2024-11-01,210399,15.011,11.636
2024-11-01,220101,10.816,3.599
2024-11-01,220201,7.785,11.428
2024-11-01,220401,11.569,0.989
2024-11-01,220501,32.432,3.162
2024-11-01,220601,19.758,12.682
2024-11-01,220701,5.382,4.869
2024-11-01,220702,0.847,0.22
2024-11-01,220703,139.386,31.231
2024-11-01,220799,6.71,0.745
2024-11-01,220801,23.175,12.203
2024-11-01,220901,3.324,1.256
2024-11-01,221001,0.596,0.233
2024-11-01,221101,1.093,0.968
2024-11-01,221201,23.058,19.267
2024-11-01,221399,6.434,1.194
2024-11-01,230101,6.891,3.841
2024-11-01,230401,7.366,8.253
2024-11-01,230501,8.216,1.971
2024-11-01,230601,45.263,105.809
2024-11-01,230701,6.817,0.084
2024-11-01,230702,8.908,0.823
2024-11-01,230799,28.584,9.97
2024-11-01,230801,12.438,1.691
2024-11-01,230901,0.598,0.112
2024-11-01,231001,1.147,0.023
2024-11-01,231101,0.024,0.0
2024-11-01,231201,8.014,5.906
2024-11-01,231301,4.313,0.175
2024-11-01,231399,4.812,1.15
2024-11-01,231401,14.986,4.444
2024-11-01,231501,0.712,0.046
2024-11-01,231699,14.825,51.464
2024-11-01,310101,0.042,0.212
2024-11-01,320101,13.057,2.89
2024-11-01,330101,2.047,0.033
2024-11-01,330199,0.366,0.927
2024-11-01,410101,0.551,0.177
2024-12-01,110101,1.455,2.145
2024-12-01,110201,348.323,590.683
2024-12-01,110202,15.805,22.658
2024-12-01,110301,564.013,64.896
2024-12-01,110401,2.279,0.241
2024-12-01,110402,0.013,0.002
2024-12-01,110502,6.302,10.933
2024-12-01,110599,37.302,17.227
2024-12-01,111001,2.582,1.248
2024-12-01,111099,0.045,0.465
2024-12-01,111101,11.271,0.561
2024-12-01,111105,0.034,0.009
2024-12-01,111106,0.008,0.003
2024-12-01,111109,90.955,16.277
2024-12-01,111199,11.217,5.633
2024-12-01,120101,16.547,5.281
2024-12-01,120301,0.002,0.001
2024-12-01,120399,22.204,62.413
2024-12-01,130201,0.278,0.024
2024-12-01,130399,1.723,0.353
2024-12-01,140101,11.793,1.89
2024-12-01,140102,16.051,6.254
2024-12-01,140201,575.672,94.497
2024-12-01,140301,0.196,0.03
2024-12-01,140499,3.268,1.346
2024-12-01,150101,678.136,1613.37
2024-12-01,150201,65.289,0.001
2024-12-01,150301,79.361,34.83
2024-12-01,150401,1.155,1.106
2024-12-01,150501,0.102,0.679
2024-12-01,150699,114.652,22.187
2024-12-01,210101,1.676,0.051
2024-12-01,210201,0.294,0.072
2024-12-01,210399,14.803,14.215
2024-12-01,220101,9.079,3.296
2024-12-01,220201,0.31,0.243
2024-12-01,220401,13.102,1.178
2024-12-01,220501,33.042,3.304
2024-12-01,220601,18.857,13.084
2024-12-01,220701,7.019,6.669
2024-12-01,220702,1.339,0.383
2024-12-01,220703,172.359,38.217
2024-12-01,220799,5.506,0.544
2024-12-01,220801,16.722,8.677
2024-12-01,220901,3.654,1.353
2024-12-01,221001,0.787,0.239
2024-12-01,221101,1.16,0.969
2024-12-01,221201,27.271,22.565
2024-12-01,221399,7.595,1.475
2024-12-01,230101,6.655,4.542
2024-12-01,230401,7.453,8.274
2024-12-01,230501,10.895,2.811
2024-12-01,230601,29.958,59.987
2024-12-01,230701,7.137,0.361
2024-12-01,230702,4.963,0.428
2024-12-01,230799,29.056,10.937
2024-12-01,230801,14.752,2.689
2024-12-01,230901,0.684,0.139
2024-12-01,231001,1.394,0.019
2024-12-01,231101,0.052,0.0
2024-12-01,231201,7.402,5.739
2024-12-01,231301,2.292,0.133
2024-12-01,231399,3.832,0.96
2024-12-01,231401,17.638,5.175
2024-12-01,231501,0.186,0.131
2024-12-01,231699,16.705,45.896
2024-12-01,310101,0.038,0.193
2024-12-01,320101,11.186,3.375
2024-12-01,330101,5.587,0.166
2024-12-01,330199,0.444,0.986
2024-12-01,410101,0.702,0.199
2025-01-01,110101,3.087,4.781
2025-01-01,110201,337.608,548.357
2025-01-01,110202,15.735,25.493
2025-01-01,110301,483.51,47.113
2025-01-01,110401,0.9,0.074
2025-01-01,110402,0.002,0.0
2025-01-01,110502,5.428,10.139
2025-01-01,110599,30.802,10.114
2025-01-01,111001,1.638,0.863
2025-01-01,111099,0.045,0.456
2025-01-01,111101,10.678,0.53
2025-01-01,111105,0.055,0.03
2025-01-01,111106,0.004,0.003
2025-01-01,111109,88.515,13.737
2025-01-01,111199,11.469,5.412
2025-01-01,120101,13.026,3.568
2025-01-01,120399,15.506,44.073
2025-01-01,130201,0.366,0.045
2025-01-01,130399,0.655,0.149
2025-01-01,140101,7.363,0.907
2025-01-01,140102,11.758,4.079
2025-01-01,140201,596.249,101.698
2025-01-01,140301,0.218,0.005
2025-01-01,140499,1.798,0.631
2025-01-01,150101,827.31,1812.211
2025-01-01,150201,76.725,0.001
2025-01-01,150301,110.435,47.764
2025-01-01,150401,0.082,0.113
2025-01-01,150501,0.025,0.2
2025-01-01,150699,85.004,13.88
2025-01-01,210101,2.991,0.062
2025-01-01,210201,0.18,0.026
2025-01-01,210399,10.606,12.453
2025-01-01,220101,7.723,2.556
2025-01-01,220201,0.26,0.209
2025-01-01,220401,4.794,0.447
2025-01-01,220501,33.662,2.804
2025-01-01,220601,17.953,12.957
2025-01-01,220701,7.382,7.568
2025-01-01,220702,1.673,0.517
2025-01-01,220703,120.352,27.693
2025-01-01,220799,4.649,0.524
2025-01-01,220801,24.23,11.888
2025-01-01,220901,1.928,0.729
2025-01-01,221001,0.615,0.258
2025-01-01,221101,1.196,0.954
2025-01-01,221201,16.54,13.284
2025-01-01,221399,3.609,0.749
2025-01-01,230101,5.724,3.681
2025-01-01,230401,6.631,6.986
2025-01-01,230501,7.989,2.003
2025-01-01,230601,50.114,101.083
2025-01-01,230701,6.871,0.085
2025-01-01,230702,4.135,0.376
2025-01-01,230799,28.494,10.067
2025-01-01,230801,12.082,1.865
2025-01-01,230901,0.866,0.186
2025-01-01,231001,1.353,0.019
2025-01-01,231101,0.032,0.0
2025-01-01,231201,6.437,5.03
2025-01-01,231301,2.23,0.053
2025-01-01,231399,3.579,0.718
2025-01-01,231401,14.999,4.874
2025-01-01,231501,0.376,0.059
2025-01-01,231699,11.097,43.659
2025-01-01,310101,0.12,0.578
2025-01-01,320101,9.065,1.906
2025-01-01,330101,2.747,0.179
2025-01-01,330199,0.159,0.678
2025-01-01,410101,0.67,0.172
2025-02-01,110101,1.462,2.087
2025-02-01,110201,326.777,529.095
2025-02-01,110202,16.563,21.419
2025-02-01,110301,396.821,41.484
2025-02-01,110401,0.676,0.093
2025-02-01,110402,0.026,0.002
2025-02-01,110502,5.069,9.17
2025-02-01,110599,26.014,9.271
2025-02-01,111001,1.491,0.689
2025-02-01,111099,0.029,0.286
2025-02-01,111101,18.74,0.913
2025-02-01,111105,0.113,0.045
2025-02-01,111106,0.094,0.018
2025-02-01,111109,123.918,20.568
2025-02-01,111199,14.88,6.523
2025-02-01,120101,14.947,4.707
2025-02-01,120301,0.023,0.017
2025-02-01,120399,21.581,52.942
2025-02-01,130201,0.487,0.046
2025-02-01,130399,1.291,0.283
2025-02-01,140101,10.953,1.775
2025-02-01,140102,13.843,4.23
2025-02-01,140201,633.49,110.946
2025-02-01,140301,0.252,0.017
2025-02-01,140499,3.442,1.023
2025-02-01,150101,591.862,1350.09
2025-02-01,150201,57.801,0.001
2025-02-01,150301,123.922,51.964
2025-02-01,150501,0.055,0.44
2025-02-01,150699,65.158,17.945
2025-02-01,210101,2.825,0.057
2025-02-01,210201,0.384,0.031
2025-02-01,210399,17.074,17.243
2025-02-01,220101,7.218,2.764
2025-02-01,220201,0.349,0.266
2025-02-01,220401,8.177,0.73
2025-02-01,220501,42.021,3.974
2025-02-01,220601,20.745,13.38
2025-02-01,220701,6.371,6.161
2025-02-01,220702,0.946,0.31
2025-02-01,220703,142.889,31.072
2025-02-01,220799,5.307,0.637
2025-02-01,220801,31.447,12.843
2025-02-01,220901,3.624,1.414
2025-02-01,221001,0.952,0.315
2025-02-01,221101,0.758,0.643
2025-02-01,221201,25.096,19.095
2025-02-01,221399,4.54,0.981
2025-02-01,230101,5.387,3.55
2025-02-01,230401,6.501,6.5
2025-02-01,230501,8.944,2.201
2025-02-01,230601,52.316,104.509
2025-02-01,230701,6.08,2.084
2025-02-01,230702,4.466,1.344
2025-02-01,230799,27.63,9.828
2025-02-01,230801,14.096,2.48
2025-02-01,230901,0.597,0.11
2025-02-01,231001,1.257,0.017
2025-02-01,231101,0.019,0.0
2025-02-01,231201,5.495,3.315
2025-02-01,231301,1.357,0.063
2025-02-01,231399,4.055,1.046
2025-02-01,231401,18.058,5.568
2025-02-01,231501,0.174,0.07
2025-02-01,231699,14.51,42.063
2025-02-01,310101,0.07,0.318
2025-02-01,320101,13.018,3.45
2025-02-01,330101,3.829,0.273
2025-02-01,330199,0.444,1.092
2025-02-01,410101,0.99,0.376
2025-03-01,110101,1.118,1.585
2025-03-01,110201,398.854,654.322
2025-03-01,110202,20.612,23.437
2025-03-01,110301,327.723,39.13
2025-03-01,110401,0.663,0.073
2025-03-01,110402,0.002,0.0
2025-03-01,110502,7.442,12.94
2025-03-01,110599,25.86,7.784
2025-03-01,111001,2.082,1.02
2025-03-01,111003,0.193,0.011
2025-03-01,111099,0.031,0.316
2025-03-01,111101,11.019,0.58
2025-03-01,111105,0.081,0.039
2025-03-01,111106,0.035,0.012
2025-03-01,111109,90.826,14.915
2025-03-01,111199,15.706,4.827
2025-03-01,120101,14.065,4.122
2025-03-01,120301,0.004,0.001
2025-03-01,120399,20.754,45.921
2025-03-01,130201,0.306,0.018
2025-03-01,130399,1.027,0.221
2025-03-01,140101,11.742,1.45
2025-03-01,140102,16.909,4.092
2025-03-01,140201,657.866,112.965
2025-03-01,140499,1.755,0.329
2025-03-01,150101,653.477,1569.311
2025-03-01,150201,93.193,0.001
2025-03-01,150301,129.457,51.372
2025-03-01,150401,0.086,0.116
2025-03-01,150501,0.03,0.24
2025-03-01,150699,93.673,17.654
2025-03-01,210101,2.318,0.065
2025-03-01,210201,0.144,0.034
2025-03-01,210399,13.102,12.322
2025-03-01,220101,9.081,2.913
2025-03-01,220201,0.508,0.509
2025-03-01,220401,11.922,0.935
2025-03-01,220501,49.91,4.348
2025-03-01,220601,23.087,16.221
2025-03-01,220701,6.135,5.718
2025-03-01,220702,0.868,0.275
2025-03-01,220703,157.769,34.071
2025-03-01,220799,6.002,0.685
2025-03-01,220801,27.625,11.791
2025-03-01,220901,3.875,1.454
2025-03-01,221001,0.949,0.332
2025-03-01,221101,0.96,0.831
2025-03-01,221201,13.541,8.645
2025-03-01,221399,5.573,1.191
2025-03-01,230101,4.44,2.162
2025-03-01,230401,6.502,6.938
2025-03-01,230501,10.153,2.785
2025-03-01,230601,78.852,182.904
2025-03-01,230701,6.341,0.207
2025-03-01,230702,6.193,0.451
2025-03-01,230799,30.969,10.852
2025-03-01,230801,15.728,2.591
2025-03-01,230901,0.88,0.213
2025-03-01,231001,1.846,0.022
2025-03-01,231101,0.052,0.007
2025-03-01,231201,6.147,5.093
2025-03-01,231301,1.518,0.059
2025-03-01,231399,3.93,0.979
2025-03-01,231401,17.059,5.363
2025-03-01,231501,0.151,0.018
2025-03-01,231699,13.676,5.116
2025-03-01,310101,0.008,0.042
2025-03-01,320101,10.991,2.97
2025-03-01,330101,1.713,0.051
2025-03-01,330199,0.386,0.837
2025-03-01,410101,0.998,0.33
2025-04-01,110101,2.56,4.139
2025-04-01,110201,382.614,623.305
2025-04-01,110202,16.289,20.179
2025-04-01,110301,245.648,29.583
2025-04-01,110401,0.152,0.006
2025-04-01,110402,0.007,0.001
2025-04-01,110501,0.003,0.03
2025-04-01,110502,6.461,11.409
2025-04-01,110599,27.151,5.892
2025-04-01,111001,2.098,1.038
2025-04-01,111099,0.046,0.462
2025-04-01,111101,11.148,0.547
2025-04-01,111105,0.07,0.018
2025-04-01,111106,0.112,0.016
2025-04-01,111109,69.843,12.9
2025-04-01,111199,15.481,5.016
2025-04-01,120101,14.84,4.321
2025-04-01,120301,0.001,0.0
2025-04-01,120399,19.631,42.442
2025-04-01,130201,0.332,0.023
2025-04-01,130399,1.224,0.259
2025-04-01,140101,13.043,1.936
2025-04-01,140102,12.362,3.304
2025-04-01,140201,694.525,115.396
2025-04-01,140499,2.724,0.744
2025-04-01,150101,547.736,1439.264
2025-04-01,150201,75.428,0.001
2025-04-01,150202,0.212,0.0
2025-04-01,150301,96.568,38.406
2025-04-01,150401,0.145,0.167
2025-04-01,150501,0.022,0.18
2025-04-01,150699,98.082,17.709
2025-04-01,210101,3.85,0.088
2025-04-01,210201,0.495,0.117
2025-04-01,210399,13.713,13.166
2025-04-01,220101,7.656,2.808
2025-04-01,220201,0.291,0.274
2025-04-01,220301,0.002,0.005
2025-04-01,220401,7.153,0.542
2025-04-01,220501,43.824,3.633
2025-04-01,220601,21.069,15.657
2025-04-01,220701,3.855,3.991
2025-04-01,220702,1.013,0.24
2025-04-01,220703,153.917,33.014
2025-04-01,220799,4.613,0.491
2025-04-01,220801,18.278,9.591
2025-04-01,220901,2.918,1.087
2025-04-01,221001,0.996,0.363
2025-04-01,221101,0.669,0.522
2025-04-01,221201,18.216,13.87
2025-04-01,221399,5.4,1.046
2025-04-01,230101,4.154,2.511
2025-04-01,230401,7.98,8.363
2025-04-01,230501,10.329,2.646
2025-04-01,230601,75.161,193.943
2025-04-01,230701,6.838,0.194
2025-04-01,230702,4.602,0.446
2025-04-01,230799,33.704,11.509
2025-04-01,230801,13.921,2.148
2025-04-01,230901,0.396,0.098
2025-04-01,231001,1.586,0.025
2025-04-01,231101,0.063,0.0
2025-04-01,231201,6.674,5.237
2025-04-01,231301,1.768,0.111
2025-04-01,231399,4.716,1.239
2025-04-01,231401,14.492,4.715
2025-04-01,231501,0.29,0.069
2025-04-01,231699,16.408,80.135
2025-04-01,310101,0.051,0.264
2025-04-01,320101,13.858,3.413
2025-04-01,330101,5.747,0.153
2025-04-01,330199,0.74,1.288
2025-04-01,410101,0.952,0.343
2025-05-01,110101,4.191,6.804
2025-05-01,110201,351.43,575.145
2025-05-01,110202,20.118,22.852
2025-05-01,110301,322.846,37.328
2025-05-01,110401,0.347,0.046
2025-05-01,110501,0.003,0.03
2025-05-01,110502,7.027,11.955
2025-05-01,110599,27.271,5.045
2025-05-01,111001,1.907,0.931
2025-05-01,111099,0.041,0.404
2025-05-01,111101,9.185,0.437
2025-05-01,111105,0.072,0.037
2025-05-01,111106,0.012,0.004
2025-05-01,111109,91.5,16.376
2025-05-01,111199,17.209,7.315
2025-05-01,120101,19.444,5.978
2025-05-01,120301,0.002,0.001
2025-05-01,120399,18.484,43.274
2025-05-01,130201,0.411,0.031
2025-05-01,130399,1.35,0.298
2025-05-01,140101,14.146,2.42
2025-05-01,140102,17.774,5.053
2025-05-01,140201,880.254,150.811
2025-05-01,140499,2.917,0.598
2025-05-01,150101,561.979,1500.453
2025-05-01,150201,97.669,0.001
2025-05-01,150202,0.112,0.0
2025-05-01,150301,167.861,70.809
2025-05-01,150401,1.113,1.316
2025-05-01,150501,0.051,0.38
2025-05-01,150699,132.923,23.218
2025-05-01,210101,3.536,0.056
2025-05-01,210201,0.719,0.042
2025-05-01,210399,15.592,12.661
2025-05-01,220101,10.055,3.308
2025-05-01,220201,0.558,0.542
2025-05-01,220401,10.626,0.795
2025-05-01,220501,41.91,3.718
2025-05-01,220601,23.686,16.977
2025-05-01,220701,5.153,5.389
2025-05-01,220702,0.852,0.274
2025-05-01,220703,159.14,34.278
2025-05-01,220799,4.801,0.543
2025-05-01,220801,18.211,9.218
2025-05-01,220901,3.897,1.501
2025-05-01,221001,0.939,0.305
2025-05-01,221101,1.347,1.444
2025-05-01,221201,18.416,13.997
2025-05-01,221399,5.95,1.301
2025-05-01,230101,5.87,3.498
2025-05-01,230401,7.166,7.427
2025-05-01,230501,10.778,2.848
2025-05-01,230601,44.523,105.983
2025-05-01,230701,10.113,0.123
2025-05-01,230702,6.902,0.414
2025-05-01,230799,30.175,10.042
2025-05-01,230801,13.051,2.009
2025-05-01,230901,0.757,0.134
2025-05-01,231001,1.775,0.024
2025-05-01,231101,0.117,0.001
2025-05-01,231201,7.523,7.109
2025-05-01,231301,3.138,0.102
2025-05-01,231399,4.25,1.12
2025-05-01,231401,19.05,5.739
2025-05-01,231501,0.074,0.025
2025-05-01,231699,16.365,86.785
2025-05-01,310101,0.043,0.225
2025-05-01,320101,11.849,2.96
2025-05-01,330101,4.638,0.3
2025-05-01,330199,0.425,1.073
2025-05-01,410101,0.829,0.314
2025-06-01,110101,2.907,4.887
2025-06-01,110201,324.326,534.16
2025-06-01,110202,16.912,18.003
2025-06-01,110301,276.104,30.892
2025-06-01,110401,1.61,0.276
2025-06-01,110402,0.001,0.0
2025-06-01,110502,7.613,12.528
2025-06-01,110599,32.485,6.335
2025-06-01,111001,1.624,0.763
2025-06-01,111099,0.044,0.462
2025-06-01,111101,5.638,0.305
2025-06-01,111105,0.077,0.04
2025-06-01,111106,0.017,0.009
2025-06-01,111109,85.893,15.87
2025-06-01,111199,17.156,5.99
2025-06-01,120101,17.596,5.534
2025-06-01,120301,0.001,0.0
2025-06-01,120399,17.599,50.232
2025-06-01,130201,0.369,0.022
2025-06-01,130399,1.16,0.245
2025-06-01,140101,19.559,3.485
2025-06-01,140102,21.285,6.758
2025-06-01,140201,791.708,125.724
2025-06-01,140499,4.258,0.979
2025-06-01,150101,807.856,1967.354
2025-06-01,150201,100.942,0.001
2025-06-01,150202,0.119,0.0
2025-06-01,150301,159.067,64.119
2025-06-01,150501,0.055,0.44
2025-06-01,150699,107.018,18.659
2025-06-01,210101,3.24,0.071
2025-06-01,210201,0.341,0.073
2025-06-01,210399,13.357,12.547
2025-06-01,220101,8.203,2.926
2025-06-01,220201,0.47,0.493
2025-06-01,220401,11.452,0.862
2025-06-01,220501,46.504,3.989
2025-06-01,220601,23.406,14.903
2025-06-01,220701,4.951,5.153
2025-06-01,220702,0.46,0.126
2025-06-01,220703,162.622,36.05
2025-06-01,220799,5.553,0.564
2025-06-01,220801,16.967,8.748
2025-06-01,220901,4.583,1.617
2025-06-01,221001,1.212,0.404
2025-06-01,221101,1.0,0.973
2025-06-01,221201,24.268,20.354
2025-06-01,221399,6.772,1.322
2025-06-01,230101,7.739,5.133
2025-06-01,230401,7.312,7.47
2025-06-01,230501,10.083,2.681
2025-06-01,230601,31.274,63.466
2025-06-01,230701,9.262,0.148
2025-06-01,230702,3.709,0.614
2025-06-01,230799,28.154,10.361
2025-06-01,230801,13.235,2.482
2025-06-01,230901,0.821,0.155
2025-06-01,231001,1.049,0.014
2025-06-01,231101,0.084,0.0
2025-06-01,231201,6.124,5.8
2025-06-01,231301,1.583,0.083
2025-06-01,231399,3.918,1.102
2025-06-01,231401,18.494,6.02
2025-06-01,231501,0.213,0.032
2025-06-01,231699,11.518,43.414
2025-06-01,310101,0.036,0.186
2025-06-01,320101,12.916,3.455
2025-06-01,330101,2.821,0.038
2025-06-01,330199,0.506,1.046
2025-06-01,410101,0.935,0.301
2025-07-01,110101,2.258,3.641
2025-07-01,110201,306.569,524.067
2025-07-01,110202,14.536,16.059
2025-07-01,110301,282.204,35.335
2025-07-01,110401,1.372,0.256
2025-07-01,110502,5.995,10.323
2025-07-01,110599,27.941,6.831
2025-07-01,111001,1.296,0.598
2025-07-01,111003,0.142,0.021
2025-07-01,111099,0.04,0.426
2025-07-01,111101,6.749,0.277
2025-07-01,111105,0.143,0.042
2025-07-01,111106,0.005,0.002
2025-07-01,111109,76.428,14.427
2025-07-01,111199,16.632,6.797
2025-07-01,120101,18.479,5.827
2025-07-01,120301,0.003,0.001
2025-07-01,120399,26.795,77.089
2025-07-01,130201,0.421,0.028
2025-07-01,130399,0.646,0.133
2025-07-01,140101,21.436,4.435
2025-07-01,140102,15.053,6.806
2025-07-01,140201,649.298,107.871
2025-07-01,140301,0.152,0.014
2025-07-01,140499,5.984,1.667
2025-07-01,150101,161.405,411.729
2025-07-01,150201,82.072,0.001
2025-07-01,150301,158.055,63.293
2025-07-01,150501,0.046,0.37
2025-07-01,150699,102.018,17.868
2025-07-01,210101,3.996,0.092
2025-07-01,210201,0.293,0.106
2025-07-01,210399,15.079,12.052
2025-07-01,220101,10.471,3.249
2025-07-01,220201,0.618,0.545
2025-07-01,220401,13.283,0.999
2025-07-01,220501,43.532,3.679
2025-07-01,220601,21.221,15.258
2025-07-01,220701,5.531,5.654
2025-07-01,220702,0.804,0.203
2025-07-01,220703,178.911,37.818
2025-07-01,220799,5.038,0.59
2025-07-01,220801,20.851,10.413
2025-07-01,220901,3.565,1.285
2025-07-01,221001,0.729,0.301
2025-07-01,221101,1.204,1.071
2025-07-01,221201,24.054,19.695
2025-07-01,221399,7.415,1.43
2025-07-01,230101,4.734,2.341
2025-07-01,230401,7.22,7.461
2025-07-01,230501,13.78,3.762
2025-07-01,230601,11.207,11.422
2025-07-01,230701,7.428,0.108
2025-07-01,230702,5.181,0.453
2025-07-01,230799,26.638,10.292
2025-07-01,230801,12.772,2.469
2025-07-01,230901,0.89,0.226
2025-07-01,231001,1.26,0.026
2025-07-01,231101,0.019,0.0
2025-07-01,231201,7.215,5.453
2025-07-01,231301,1.415,0.084
2025-07-01,231399,4.141,1.056
2025-07-01,231401,18.606,5.728
2025-07-01,231501,0.201,0.055
2025-07-01,231699,14.659,44.588
2025-07-01,310101,0.008,0.04
2025-07-01,320101,17.345,4.096
2025-07-01,330101,5.891,0.075
2025-07-01,330199,0.547,1.146
2025-07-01,410101,1.021,0.383
2025-08-01,110101,1.949,3.179
2025-08-01,110201,325.259,553.203
2025-08-01,110202,14.98,16.749
2025-08-01,110301,318.887,44.371
2025-08-01,110401,2.331,0.437
2025-08-01,110402,0.026,0.002
2025-08-01,110502,6.942,12.212
2025-08-01,110599,23.535,7.185
2025-08-01,111001,1.605,0.83
2025-08-01,111099,0.043,0.372
2025-08-01,111101,5.256,0.181
2025-08-01,111105,0.102,0.031
2025-08-01,111106,0.313,0.048
2025-08-01,111109,75.905,13.415
2025-08-01,111199,17.79,7.457
2025-08-01,120101,16.05,4.858
2025-08-01,120301,0.003,0.001
2025-08-01,120399,30.497,92.366
2025-08-01,130201,0.4,0.051
2025-08-01,130399,1.027,0.207
2025-08-01,140101,19.134,3.567
2025-08-01,140102,20.018,8.135
2025-08-01,140201,654.006,108.377
2025-08-01,140301,0.295,0.022
2025-08-01,140499,2.87,0.754
2025-08-01,150101,735.211,1847.692
2025-08-01,150201,94.186,0.001
2025-08-01,150301,99.713,39.784
2025-08-01,150501,0.022,0.16
2025-08-01,150699,111.845,20.332
2025-08-01,210101,5.169,0.087
2025-08-01,210201,0.414,0.129
2025-08-01,210399,13.499,10.438
2025-08-01,220101,12.64,3.786
2025-08-01,220201,0.358,0.343
2025-08-01,220401,11.044,0.826
2025-08-01,220501,41.105,3.415
2025-08-01,220601,22.832,14.694
2025-08-01,220701,6.871,6.135
2025-08-01,220702,0.572,0.181
2025-08-01,220703,162.79,35.754
2025-08-01,220799,5.971,0.721
2025-08-01,220801,27.21,11.67
2025-08-01,220901,2.935,0.979
2025-08-01,221001,1.021,0.348
2025-08-01,221101,1.928,1.818
2025-08-01,221201,17.187,13.443
2025-08-01,221399,4.731,0.949
2025-08-01,230101,7.145,3.694
2025-08-01,230401,5.836,6.054
2025-08-01,230501,12.414,3.634
2025-08-01,230601,27.174,59.336
2025-08-01,230701,6.38,0.109
2025-08-01,230702,5.121,0.47
2025-08-01,230799,30.116,9.14
2025-08-01,230801,13.458,2.377
2025-08-01,230901,0.761,0.173
2025-08-01,231001,1.214,0.022
2025-08-01,231101,0.014,0.0
2025-08-01,231201,6.356,4.522
2025-08-01,231301,1.966,0.106
2025-08-01,231399,4.089,1.18
2025-08-01,231401,15.429,4.96
2025-08-01,231501,0.322,0.129
2025-08-01,231699,16.896,84.46
2025-08-01,310101,0.07,0.364
2025-08-01,320101,13.711,3.616
2025-08-01,330101,0.797,0.077
2025-08-01,330199,0.558,1.123
2025-08-01,410101,0.984,0.315
2025-09-01,110101,2.4,3.948
2025-09-01,110201,280.109,490.009
2025-09-01,110202,3.717,6.505
2025-09-01,110301,293.867,42.613
2025-09-01,110401,3.253,0.575
2025-09-01,110501,0.051,0.506
2025-09-01,110502,6.167,10.838
2025-09-01,110599,26.729,8.514
2025-09-01,111001,1.57,0.754
2025-09-01,111099,0.034,0.363
2025-09-01,111101,5.698,0.21
2025-09-01,111105,0.046,0.015
2025-09-01,111106,0.157,0.032
2025-09-01,111109,70.885,12.816
2025-09-01,111199,16.754,7.014
2025-09-01,120101,15.236,4.907
2025-09-01,120399,23.081,70.915
2025-09-01,130201,0.459,0.037
2025-09-01,130399,0.604,0.119
2025-09-01,140101,11.971,2.351
2025-09-01,140102,14.364,5.07
2025-09-01,140201,646.641,104.66
2025-09-01,140301,0.137,0.008
2025-09-01,140499,4.924,1.526
2025-09-01,150101,561.406,1443.901
2025-09-01,150201,98.813,0.001
2025-09-01,150202,0.086,0.0
2025-09-01,150301,152.22,59.126
2025-09-01,150501,0.03,0.24
2025-09-01,150699,108.325,19.137
2025-09-01,210101,3.65,0.204
2025-09-01,210201,0.302,0.069
2025-09-01,210399,11.715,11.535
2025-09-01,220101,12.463,3.877
2025-09-01,220201,0.479,0.444
2025-09-01,220301,0.003,0.0
2025-09-01,220401,14.285,1.08
2025-09-01,220501,43.297,4.198
2025-09-01,220601,18.51,12.479
2025-09-01,220701,9.853,7.255
2025-09-01,220702,0.246,0.052
2025-09-01,220703,174.568,36.017
2025-09-01,220799,7.3,0.864
2025-09-01,220801,25.299,13.334
2025-09-01,220901,4.443,1.521
2025-09-01,221001,0.94,0.316
2025-09-01,221101,1.082,0.952
2025-09-01,221201,18.902,13.573
2025-09-01,221399,6.138,1.131
2025-09-01,230101,5.689,3.065
2025-09-01,230401,5.972,6.21
2025-09-01,230501,14.852,4.234
2025-09-01,230601,87.6,219.48
2025-09-01,230701,5.776,0.104
2025-09-01,230702,4.117,0.227
2025-09-01,230799,26.251,9.06
2025-09-01,230801,12.752,2.042
2025-09-01,230901,1.0,0.243
2025-09-01,231001,1.075,0.017
2025-09-01,231101,0.027,0.0
2025-09-01,231201,8.105,6.441
2025-09-01,231301,1.507,0.074
2025-09-01,231399,4.24,1.097
2025-09-01,231401,14.742,4.369
2025-09-01,231501,0.082,0.05
2025-09-01,231699,14.694,44.911
2025-09-01,310101,0.049,0.252
2025-09-01,320101,11.81,2.871
2025-09-01,330101,5.38,0.039
2025-09-01,330199,0.675,1.185
2025-09-01,410101,0.775,0.287
2025-10-01,110101,3.784,6.999
2025-10-01,110201,325.184,536.75
2025-10-01,110202,19.064,19.539
2025-10-01,110301,360.301,56.49
2025-10-01,110401,1.526,0.179
2025-10-01,110402,0.0,0.0
2025-10-01,110501,0.066,0.662
2025-10-01,110502,7.277,12.45
2025-10-01,110599,55.3,27.385
2025-10-01,111001,1.469,0.651
2025-10-01,111099,0.035,0.336
2025-10-01,111101,5.109,0.276
2025-10-01,111105,0.072,0.02
2025-10-01,111106,0.006,0.002
2025-10-01,111109,79.448,14.932
2025-10-01,111199,22.935,8.711
2025-10-01,120101,13.631,4.382
2025-10-01,120301,0.001,0.0
2025-10-01,120399,25.871,72.35
2025-10-01,130201,0.374,0.024
2025-10-01,130399,1.594,0.304
2025-10-01,140101,9.161,1.478
2025-10-01,140102,15.97,4.679
2025-10-01,140201,744.467,117.368
2025-10-01,140301,0.481,0.028
2025-10-01,140499,3.698,1.096
2025-10-01,150101,523.144,1395.804
2025-10-01,150201,120.438,0.001
2025-10-01,150301,109.572,39.109
2025-10-01,150501,0.04,0.32
2025-10-01,150699,120.139,19.938
2025-10-01,210101,6.376,0.097
2025-10-01,210201,0.507,0.186
2025-10-01,210399,15.3,12.445
2025-10-01,220101,12.683,3.984
2025-10-01,220201,7.683,11.587
2025-10-01,220401,9.142,0.769
2025-10-01,220501,35.803,3.772
2025-10-01,220601,21.344,11.69
2025-10-01,220701,5.857,5.175
2025-10-01,220702,0.821,0.28
2025-10-01,220703,160.972,34.1
2025-10-01,220799,7.885,0.983
2025-10-01,220801,26.056,15.348
2025-10-01,220901,4.76,1.604
2025-10-01,221001,0.806,0.23
2025-10-01,221101,1.575,1.464
2025-10-01,221201,11.396,7.599
2025-10-01,221399,5.671,1.224
2025-10-01,230101,6.498,4.087
2025-10-01,230401,7.88,7.801
2025-10-01,230501,10.694,3.418
2025-10-01,230601,114.633,285.244
2025-10-01,230701,9.531,0.275
2025-10-01,230702,6.403,0.514
2025-10-01,230799,28.618,9.814
2025-10-01,230801,17.145,2.625
2025-10-01,230901,0.849,0.183
2025-10-01,231001,1.126,0.016
2025-10-01,231101,0.039,0.0
2025-10-01,231201,9.948,7.43
2025-10-01,231301,2.63,0.078
2025-10-01,231399,3.546,0.896
2025-10-01,231401,18.9,5.711
2025-10-01,231501,0.228,0.087
2025-10-01,231699,15.042,42.976
2025-10-01,310101,0.008,0.041
2025-10-01,320101,14.138,2.629
2025-10-01,330101,1.411,0.054
2025-10-01,330199,0.511,1.071
2025-10-01,410101,0.54,0.077
2025-11-01,110101,3.578,6.918
2025-11-01,110201,324.313,540.461
2025-11-01,110202,19.282,16.611
2025-11-01,110301,503.054,84.072
2025-11-01,110401,4.413,0.492
2025-11-01,110402,0.005,0.0
2025-11-01,110502,8.076,13.558
2025-11-01,110599,65.939,32.509
2025-11-01,111001,1.914,0.876
2025-11-01,111099,0.041,0.42
2025-11-01,111101,14.281,0.618
2025-11-01,111105,0.12,0.05
2025-11-01,111106,0.027,0.027
2025-11-01,111109,94.858,16.26
2025-11-01,111199,21.873,7.608
2025-11-01,120101,11.492,3.866
2025-11-01,120301,0.007,0.002
2025-11-01,120399,25.422,86.373
2025-11-01,130201,0.509,0.034
2025-11-01,130399,0.849,0.169
2025-11-01,140101,9.371,1.397
2025-11-01,140102,14.998,4.841
2025-11-01,140201,736.567,124.022
2025-11-01,140301,0.413,0.04
2025-11-01,140499,4.324,1.57
2025-11-01,150101,522.229,1445.369
2025-11-01,150201,103.881,0.001
2025-11-01,150301,229.838,80.628
2025-11-01,150401,2.344,1.665
2025-11-01,150501,0.049,0.215
2025-11-01,150699,137.177,22.628
2025-11-01,210101,2.895,0.07
2025-11-01,210201,0.623,0.226
2025-11-01,210399,10.29,13.395
2025-11-01,220101,12.737,3.93
2025-11-01,220201,0.439,0.432
2025-11-01,220401,15.243,1.226
2025-11-01,220501,24.501,2.941
2025-11-01,220601,18.509,10.844
2025-11-01,220701,4.811,4.633
2025-11-01,220702,0.436,0.139
2025-11-01,220703,131.593,30.117
2025-11-01,220799,5.917,0.687
2025-11-01,220801,20.296,11.904
2025-11-01,220901,3.573,1.242
2025-11-01,221001,0.966,0.416
2025-11-01,221101,1.565,1.452
2025-11-01,221201,15.996,12.367
2025-11-01,221399,6.981,1.436
2025-11-01,230101,9.335,5.663
2025-11-01,230401,7.15,7.38
2025-11-01,230501,9.602,3.182
2025-11-01,230601,117.139,322.316
2025-11-01,230701,5.426,0.038
2025-11-01,230702,3.791,0.273
2025-11-01,230799,26.666,10.67
2025-11-01,230801,14.157,2.357
2025-11-01,230901,0.709,0.106
2025-11-01,231001,1.074,0.022
2025-11-01,231101,0.006,0.0
2025-11-01,231201,8.325,6.923
2025-11-01,231301,2.886,0.154
2025-11-01,231399,3.585,0.963
2025-11-01,231401,18.473,5.265
2025-11-01,231501,0.238,0.08
2025-11-01,231699,15.852,49.831
2025-11-01,310101,0.065,0.332
2025-11-01,320101,12.731,2.643
2025-11-01,330101,5.657,0.099
2025-11-01,330199,0.533,1.046
2025-11-01,410101,0.404,0.056
2025-12-01,110101,2.055,3.925
2025-12-01,110201,379.557,651.317
2025-12-01,110202,21.946,17.826
2025-12-01,110301,372.919,60.887
2025-12-01,110401,4.077,0.462
2025-12-01,110502,7.612,12.925
2025-12-01,110599,43.883,21.484
2025-12-01,111001,1.957,0.909
2025-12-01,111099,0.073,0.484
2025-12-01,111101,14.246,0.598
2025-12-01,111105,0.099,0.054
2025-12-01,111106,0.06,0.008
2025-12-01,111109,96.658,17.924
2025-12-01,111199,20.202,6.075
2025-12-01,120101,14.225,4.684
2025-12-01,120399,22.784,75.173
2025-12-01,130201,0.752,0.056
2025-12-01,130399,0.999,0.198
2025-12-01,140101,9.116,1.477
2025-12-01,140102,16.897,4.936
2025-12-01,140201,716.184,118.636
2025-12-01,140301,0.209,0.019
2025-12-01,140499,2.552,0.802
2025-12-01,150101,492.277,1404.74
2025-12-01,150201,137.398,0.001
2025-12-01,150202,0.098,0.0
2025-12-01,150301,190.707,65.458
2025-12-01,150501,0.015,0.12
2025-12-01,150699,131.093,21.596
2025-12-01,210101,6.349,0.111
2025-12-01,210201,0.597,0.356
2025-12-01,210399,13.974,16.641
2025-12-01,220101,11.127,3.819
2025-12-01,220201,0.3,0.235
2025-12-01,220401,11.953,0.892
2025-12-01,220501,38.34,4.218
2025-12-01,220601,18.561,10.35
2025-12-01,220701,6.532,6.153
2025-12-01,220702,0.596,0.145
2025-12-01,220703,142.486,31.621
2025-12-01,220799,7.186,0.862
2025-12-01,220801,15.929,9.028
2025-12-01,220901,4.757,1.735
2025-12-01,221001,0.452,0.218
2025-12-01,221101,0.826,0.782
2025-12-01,221201,24.084,19.595
2025-12-01,221399,8.579,1.777
2025-12-01,230101,9.226,6.019
2025-12-01,230301,0.014,0.006
2025-12-01,230401,7.747,7.818
2025-12-01,230501,11.614,3.874
2025-12-01,230601,74.212,224.433
2025-12-01,230701,5.453,0.139
2025-12-01,230702,4.472,0.478
2025-12-01,230799,30.068,11.751
2025-12-01,230801,14.57,2.514
2025-12-01,230901,0.771,0.15
2025-12-01,231001,1.211,0.021
2025-12-01,231101,0.064,0.0
2025-12-01,231201,9.955,6.874
2025-12-01,231301,3.921,0.156
2025-12-01,231399,3.294,0.842
2025-12-01,231401,18.016,5.588
2025-12-01,231501,0.459,0.194
2025-12-01,231699,13.121,45.628
2025-12-01,310101,0.016,0.077
2025-12-01,320101,11.901,2.071
2025-12-01,330101,3.561,0.262
2025-12-01,330199,0.611,1.055
2025-12-01,410101,0.394,0.051
2026-01-01,110101,3.135,6.344
2026-01-01,110201,396.436,627.231
2026-01-01,110202,22.921,24.43
2026-01-01,110301,189.985,30.23
2026-01-01,110401,2.23,0.191
2026-01-01,110502,8.696,13.333
2026-01-01,110599,30.406,10.655
2026-01-01,111001,1.048,0.501
2026-01-01,111099,0.041,0.353
2026-01-01,111101,13.37,0.639
2026-01-01,111105,0.027,0.01
2026-01-01,111106,0.021,0.008
2026-01-01,111109,93.769,13.913
2026-01-01,111199,24.4,6.291
2026-01-01,120101,11.285,3.544
2026-01-01,120301,0.012,0.004
2026-01-01,120399,20.098,55.543
2026-01-01,130201,0.054,0.002
2026-01-01,130399,1.256,0.214
2026-01-01,140101,15.439,2.782
2026-01-01,140102,24.921,7.269
2026-01-01,140201,728.874,126.493
2026-01-01,140301,0.207,0.019
2026-01-01,140499,1.827,0.793
2026-01-01,150101,543.732,1513.995
2026-01-01,150201,96.273,0.001
2026-01-01,150202,0.208,0.0
2026-01-01,150301,251.775,73.549
2026-01-01,150401,0.196,0.182
2026-01-01,150501,0.084,0.672
2026-01-01,150699,135.052,21.691
2026-01-01,210101,2.041,0.038
2026-01-01,210201,0.508,0.204
2026-01-01,210399,10.635,9.759
2026-01-01,220101,11.468,3.469
2026-01-01,220201,0.367,0.29
2026-01-01,220401,15.26,1.118
2026-01-01,220501,33.521,3.713
2026-01-01,220601,20.904,13.925
2026-01-01,220701,6.052,5.163
2026-01-01,220702,0.281,0.109
2026-01-01,220703,117.278,25.791
2026-01-01,220799,5.212,0.643
2026-01-01,220801,17.481,9.894
2026-01-01,220901,2.768,0.844
2026-01-01,221001,0.622,0.288
2026-01-01,221101,0.911,0.848
2026-01-01,221201,39.169,35.072
2026-01-01,221399,5.018,1.177
2026-01-01,230101,9.79,6.071
2026-01-01,230401,6.486,7.03
2026-01-01,230501,8.508,2.801
2026-01-01,230601,66.02,195.376
2026-01-01,230701,9.42,0.126
2026-01-01,230702,4.098,0.445
2026-01-01,230799,29.709,10.701
2026-01-01,230801,9.849,1.628
2026-01-01,230901,0.535,0.091
2026-01-01,231001,1.898,0.02
2026-01-01,231101,0.029,0.001
2026-01-01,231201,7.007,5.952
2026-01-01,231301,1.984,0.077
2026-01-01,231399,2.567,0.719
2026-01-01,231401,14.917,5.026
2026-01-01,231501,0.326,0.153
2026-01-01,231699,12.611,36.799
2026-01-01,310101,0.09,0.459
2026-01-01,320101,4.14,0.805
2026-01-01,330101,2.721,0.145
2026-01-01,330199,0.591,1.159
2026-01-01,410101,0.305,0.087
2026-02-01,110101,1.891,3.905
2026-02-01,110201,369.336,579.069
2026-02-01,110202,19.236,22.25
2026-02-01,110301,137.924,32.906
2026-02-01,110401,0.573,0.05
2026-02-01,110402,0.313,0.009
2026-02-01,110502,7.191,11.527
2026-02-01,110599,27.991,10.976
2026-02-01,111001,1.763,0.826
2026-02-01,111099,0.037,0.327
2026-02-01,111101,11.739,0.586
2026-02-01,111105,0.004,0.0
2026-02-01,111106,0.115,0.017
2026-02-01,111109,127.035,21.197
2026-02-01,111199,19.516,5.165
2026-02-01,120101,9.183,2.835
2026-02-01,120301,0.011,0.004
2026-02-01,120399,18.269,42.883
2026-02-01,130201,0.356,0.036
2026-02-01,130399,1.129,0.215
2026-02-01,140101,8.005,1.41
2026-02-01,140102,15.413,5.119
2026-02-01,140201,670.87,116.972
2026-02-01,140301,0.31,0.012
2026-02-01,140499,1.335,0.559
2026-02-01,150101,472.76,1238.333
2026-02-01,150201,103.632,0.001
2026-02-01,150301,110.628,27.835
2026-02-01,150401,0.259,0.209
2026-02-01,150501,0.116,0.722
2026-02-01,150699,119.731,12.773
2026-02-01,210101,5.375,0.113
2026-02-01,210201,0.217,0.135
2026-02-01,210399,13.742,15.348
2026-02-01,220101,12.846,3.855
2026-02-01,220201,0.388,0.285
2026-02-01,220301,0.001,0.0
2026-02-01,220401,13.797,1.068
2026-02-01,220501,32.94,4.199
2026-02-01,220601,22.588,14.328
2026-02-01,220701,5.372,5.093
2026-02-01,220702,0.246,0.068
2026-02-01,220703,138.47,31.167
2026-02-01,220799,5.56,0.666
2026-02-01,220801,15.938,8.927
2026-02-01,220901,3.387,1.162
2026-02-01,221001,0.843,0.27
2026-02-01,221101,0.356,0.355
2026-02-01,221201,9.674,6.701
2026-02-01,221399,5.582,1.221
2026-02-01,230101,11.455,7.603
2026-02-01,230401,6.699,6.682
2026-02-01,230501,10.827,3.615
2026-02-01,230601,56.289,152.721
2026-02-01,230701,20.63,3.262
2026-02-01,230702,5.641,0.575
2026-02-01,230799,30.29,9.477
2026-02-01,230801,8.467,1.549
2026-02-01,230901,0.78,0.175
2026-02-01,231001,1.114,0.014
2026-02-01,231101,0.055,0.0
2026-02-01,231201,7.093,4.994
2026-02-01,231301,1.331,0.056
2026-02-01,231399,3.112,0.713
2026-02-01,231401,16.277,6.092
2026-02-01,231501,0.265,0.255
2026-02-01,231699,14.334,41.136
2026-02-01,310101,0.028,0.134
2026-02-01,320101,14.022,3.24
2026-02-01,330101,6.538,0.054
2026-02-01,330199,0.534,0.811
2026-02-01,410101,0.232,0.035
2026-03-01,110101,0.222,0.338
2026-03-01,110201,424.221,681.879
2026-03-01,110202,21.957,25.85
2026-03-01,110301,112.919,34.429
2026-03-01,110401,1.237,0.12
2026-03-01,110402,0.079,0.002
2026-03-01,110502,7.889,12.376
2026-03-01,110503,0.0,0.0
2026-03-01,110599,31.967,10.81
2026-03-01,111001,1.789,0.827
2026-03-01,111099,0.056,0.491
2026-03-01,111101,14.344,0.625
2026-03-01,111105,0.031,0.021
2026-03-01,111106,0.021,0.007
2026-03-01,111109,93.455,15.795
2026-03-01,111199,16.498,4.64
2026-03-01,120101,8.594,2.515
2026-03-01,120301,0.012,0.004
2026-03-01,120399,18.006,39.47
2026-03-01,130201,0.289,0.032
2026-03-01,130399,1.532,0.289
2026-03-01,140101,13.021,2.174
2026-03-01,140102,18.774,5.264
2026-03-01,140201,744.034,128.716
2026-03-01,140301,0.365,0.024
2026-03-01,140499,1.976,0.663
2026-03-01,150101,881.252,1543.145
2026-03-01,150201,148.425,0.001
2026-03-01,150202,0.17,0.0
2026-03-01,150301,260.589,73.831
2026-03-01,150501,0.018,0.014
2026-03-01,150699,154.291,21.405
2026-03-01,210101,2.802,0.071
2026-03-01,210201,0.326,0.175
2026-03-01,210399,13.764,15.54
2026-03-01,220101,10.418,3.315
2026-03-01,220201,0.295,0.206
2026-03-01,220401,10.205,0.83
2026-03-01,220501,35.166,4.825
2026-03-01,220601,25.528,17.291
2026-03-01,220701,5.956,6.253
2026-03-01,220702,0.408,0.057
2026-03-01,220703,148.893,31.457
2026-03-01,220799,6.438,0.731
2026-03-01,220801,19.772,11.283
2026-03-01,220901,4.434,1.622
2026-03-01,221001,0.868,0.408
2026-03-01,221101,0.591,0.73
2026-03-01,221201,50.116,43.34
2026-03-01,221399,6.453,1.598
2026-03-01,230101,11.446,8.136
2026-03-01,230401,7.173,7.142
2026-03-01,230501,12.475,3.996
2026-03-01,230601,67.489,117.337
2026-03-01,230701,5.222,0.098
2026-03-01,230702,3.497,0.384
2026-03-01,230799,26.523,9.793
2026-03-01,230801,9.912,1.831
2026-03-01,230901,0.898,0.162
2026-03-01,231001,1.983,0.022
2026-03-01,231101,0.084,0.001
2026-03-01,231201,6.534,4.522
2026-03-01,231301,1.889,0.115
2026-03-01,231399,3.805,1.002
2026-03-01,231401,14.757,6.071
2026-03-01,231501,0.435,0.245
2026-03-01,231699,9.486,5.076
2026-03-01,310101,0.039,0.199
2026-03-01,320101,22.317,4.451
2026-03-01,330101,5.778,0.188
2026-03-01,330199,0.651,1.063
2026-03-01,410101,0.361,0.051
2026-04-01,110101,0.509,0.949
2026-04-01,110201,367.269,610.022
2026-04-01,110202,17.9,24.627
2026-04-01,110301,98.626,29.152
2026-04-01,110401,0.381,0.078
2026-04-01,110402,0.033,0.003
2026-04-01,110502,9.642,15.074
2026-04-01,110599,19.349,7.844
2026-04-01,111001,1.818,0.855
2026-04-01,111099,0.056,0.411
2026-04-01,111101,8.653,0.377
2026-04-01,111105,0.062,0.033
2026-04-01,111106,0.089,0.017
2026-04-01,111109,71.911,13.288
2026-04-01,111199,17.131,5.083
2026-04-01,120101,9.782,2.99
2026-04-01,120301,0.004,0.001
2026-04-01,120399,17.619,40.269
2026-04-01,130201,0.555,0.04
2026-04-01,130399,1.354,0.256
2026-04-01,140101,12.099,2.047
2026-04-01,140102,12.063,3.103
2026-04-01,140201,794.138,136.919
2026-04-01,140499,1.677,0.404
2026-04-01,150101,843.341,1395.507
2026-04-01,150201,69.609,0.001
2026-04-01,150202,0.255,0.0
2026-04-01,150301,136.861,38.766
2026-04-01,150501,0.065,0.51
2026-04-01,150699,151.835,18.686
2026-04-01,210101,3.446,0.397
2026-04-01,210201,0.429,0.072
2026-04-01,210399,12.525,11.024
2026-04-01,220101,14.293,4.132
2026-04-01,220201,0.354,0.247
2026-04-01,220301,0.001,0.0
2026-04-01,220401,11.553,0.924
2026-04-01,220501,26.701,4.547
2026-04-01,220601,25.032,17.475
2026-04-01,220701,5.473,4.549
2026-04-01,220702,0.433,0.11
2026-04-01,220703,141.685,31.231
2026-04-01,220799,5.321,0.555
2026-04-01,220801,17.122,9.74
2026-04-01,220901,4.045,1.472
2026-04-01,221001,0.943,0.423
2026-04-01,221101,0.595,0.598
2026-04-01,221201,33.296,27.585
2026-04-01,221399,5.368,1.341
2026-04-01,230101,8.817,5.585
2026-04-01,230401,7.389,7.218
2026-04-01,230501,16.741,5.499
2026-04-01,230601,54.633,79.785
2026-04-01,230701,5.157,0.114
2026-04-01,230702,3.234,0.355
2026-04-01,230799,40.553,25.848
2026-04-01,230801,14.392,2.052
2026-04-01,230901,0.827,0.128
2026-04-01,231001,1.993,0.027
2026-04-01,231101,0.019,0.0
2026-04-01,231201,8.296,6.358
2026-04-01,231301,2.334,0.097
2026-04-01,231399,2.944,0.824
2026-04-01,231401,18.12,6.755
2026-04-01,231501,0.089,0.083
2026-04-01,231699,12.18,5.611
2026-04-01,310101,0.095,0.47
2026-04-01,320101,17.981,3.589
2026-04-01,330101,5.073,0.662
2026-04-01,330199,0.797,1.237
2026-04-01,410101,0.331,0.067
2026-05-01,110101,0.71,1.389
2026-05-01,110201,367.658,604.166
2026-05-01,110202,15.873,24.483
2026-05-01,110301,122.379,33.613
2026-05-01,110401,0.569,0.034
2026-05-01,110402,0.027,0.0
2026-05-01,110501,0.025,0.25
2026-05-01,110502,9.432,15.006
2026-05-01,110599,19.044,7.23
2026-05-01,111001,1.188,0.527
2026-05-01,111099,0.037,0.297
2026-05-01,111101,13.363,0.612
2026-05-01,111105,0.138,0.046
2026-05-01,111106,0.3,0.05
2026-05-01,111109,92.279,16.679
2026-05-01,111199,19.464,5.883
2026-05-01,120101,13.299,3.78
2026-05-01,120399,18.486,52.416
2026-05-01,130201,0.436,0.034
2026-05-01,130399,0.865,0.166
2026-05-01,140101,17.862,3.432
2026-05-01,140102,11.836,4.3
2026-05-01,140201,953.837,167.34
2026-05-01,140499,1.261,0.401
2026-05-01,150101,1038.474,1643.086
2026-05-01,150201,117.093,0.001
2026-05-01,150301,211.203,56.84
2026-05-01,150401,0.438,0.447
2026-05-01,150501,0.037,0.29
2026-05-01,150699,151.887,18.931
2026-05-01,210101,6.233,0.443
2026-05-01,210201,0.531,0.137
2026-05-01,210399,13.836,15.98
2026-05-01,220101,10.388,3.408
2026-05-01,220201,0.563,0.434
2026-05-01,220301,0.0,0.0
2026-05-01,220401,14.845,1.185
2026-05-01,220501,30.254,5.045
2026-05-01,220601,27.995,18.564
2026-05-01,220701,9.153,7.652
2026-05-01,220702,0.033,0.021
2026-05-01,220703,148.322,31.061
2026-05-01,220799,5.861,0.669
2026-05-01,220801,17.919,10.091
2026-05-01,220901,3.322,1.136
2026-05-01,221001,1.458,0.793
2026-05-01,221101,1.053,1.196
2026-05-01,221201,14.931,9.976
2026-05-01,221399,6.005,1.655
2026-05-01,230101,9.834,6.545
2026-05-01,230401,6.069,6.4
2026-05-01,230501,17.112,5.555
2026-05-01,230601,30.184,39.271
2026-05-01,230701,5.569,0.104
2026-05-01,230702,2.939,0.253
2026-05-01,230799,31.07,9.813
2026-05-01,230801,12.299,1.932
2026-05-01,230901,0.587,0.104
2026-05-01,231001,1.953,0.027
2026-05-01,231101,0.034,0.0
2026-05-01,231201,6.649,3.728
2026-05-01,231301,1.963,0.093
2026-05-01,231399,4.305,1.032
2026-05-01,231401,19.536,6.025
2026-05-01,231501,0.324,0.173
2026-05-01,231699,13.698,39.921
2026-05-01,310101,0.088,0.431
2026-05-01,320101,19.478,4.321
2026-05-01,330101,1.377,0.258
2026-05-01,330199,0.489,0.979
2026-05-01,410101,0.366,0.153
2026-06-01,110101,1.575,3.297
2026-06-01,110201,327.177,572.857
2026-06-01,110202,10.776,18.224
2026-06-01,110301,132.104,33.451
2026-06-01,110401,0.238,0.012
2026-06-01,110402,0.009,0.0
2026-06-01,110501,0.034,0.341
2026-06-01,110502,7.141,11.234
2026-06-01,110599,20.811,7.345
2026-06-01,111001,0.943,0.426
2026-06-01,111099,0.032,0.262
2026-06-01,111101,7.407,0.323
2026-06-01,111105,0.055,0.013
2026-06-01,111106,0.014,0.006
2026-06-01,111109,93.255,16.018
2026-06-01,111199,12.924,4.806
2026-06-01,120101,11.41,3.876
2026-06-01,120301,0.001,0.0
2026-06-01,120399,25.293,65.518
2026-06-01,130201,0.395,0.03
2026-06-01,130399,1.179,0.223
2026-06-01,140101,19.621,3.871
2026-06-01,140102,12.469,2.838
2026-06-01,140201,806.388,142.684
2026-06-01,140499,0.639,0.274
2026-06-01,150101,827.23,1554.508
2026-06-01,150201,123.581,0.001
2026-06-01,150202,0.19,0.0
2026-06-01,150301,158.798,41.591
2026-06-01,150501,0.073,0.74
2026-06-01,150699,130.846,19.988
2026-06-01,210101,3.09,0.129
2026-06-01,210201,0.36,0.125
2026-06-01,210399,12.723,14.918
2026-06-01,220101,12.341,4.093
2026-06-01,220201,0.351,0.246
2026-06-01,220401,11.391,0.896
2026-06-01,220501,30.257,4.679
2026-06-01,220601,22.067,16.478
2026-06-01,220701,7.428,5.625
2026-06-01,220702,1.448,0.269
2026-06-01,220703,158.503,34.017
2026-06-01,220799,5.659,0.6
2026-06-01,220801,19.846,11.253
2026-06-01,220901,3.192,1.229
2026-06-01,221001,1.111,0.591
2026-06-01,221101,1.149,1.187
2026-06-01,221201,41.519,34.139
2026-06-01,221399,7.76,1.564
2026-06-01,230101,12.84,8.641
2026-06-01,230401,6.643,7.168
2026-06-01,230501,17.628,5.373
2026-06-01,230601,38.67,63.479
2026-06-01,230701,4.642,0.444
2026-06-01,230702,4.324,0.292
2026-06-01,230799,33.92,12.508
2026-06-01,230801,19.557,2.264
2026-06-01,230901,0.983,0.163
2026-06-01,231001,1.237,0.019
2026-06-01,231101,0.015,0.001
2026-06-01,231201,6.949,3.929
2026-06-01,231301,1.351,0.114
2026-06-01,231399,3.754,0.976
2026-06-01,231401,17.438,5.683
2026-06-01,231501,0.341,0.13
2026-06-01,231699,12.588,5.516
2026-06-01,310101,0.093,0.474
2026-06-01,320101,19.895,3.821
2026-06-01,330101,7.017,0.089
2026-06-01,330199,0.542,0.73
2026-06-01,410101,0.335,0.109
2026-07-01,110101,3.651,7.577
2026-07-01,110201,363.796,619.606
2026-07-01,110202,15.311,21.898
2026-07-01,110301,188.778,38.795
2026-07-01,110401,0.283,0.038
2026-07-01,110402,0.024,0.001
2026-07-01,110501,0.109,1.093
2026-07-01,110502,8.796,14.222
2026-07-01,110599,19.781,7.898
2026-07-01,111001,1.585,0.704
2026-07-01,111099,0.032,0.266
2026-07-01,111101,7.774,0.257
2026-07-01,111105,0.115,0.041
2026-07-01,111106,0.077,0.017
2026-07-01,111109,79.44,14.88
2026-07-01,111199,18.131,5.998
2026-07-01,120101,10.874,3.126
2026-07-01,120301,0.006,0.002
2026-07-01,120399,27.563,78.625
2026-07-01,130201,0.346,0.024
2026-07-01,130399,0.645,0.123
2026-07-01,140101,17.808,3.121
2026-07-01,140102,9.947,2.028
2026-07-01,140201,1067.57,164.0
2026-07-01,140301,0.215,0.02
2026-07-01,140499,0.944,0.562
2026-07-01,150101,698.629,1377.592
2026-07-01,150201,92.733,0.001
2026-07-01,150301,261.403,72.367
2026-07-01,150401,1.353,1.149
2026-07-01,150501,0.025,0.2
2026-07-01,150699,189.812,26.77
2026-07-01,210101,4.599,0.359
2026-07-01,210201,0.34,0.091
2026-07-01,210399,15.477,15.319
2026-07-01,220101,9.734,3.572
2026-07-01,220201,0.624,0.545
2026-07-01,220401,11.146,0.934
2026-07-01,220501,24.119,3.551
2026-07-01,220601,25.499,17.249
2026-07-01,220701,9.868,8.89
2026-07-01,220702,2.129,0.424
2026-07-01,220703,166.12,34.067
2026-07-01,220799,7.681,0.885
2026-07-01,220801,22.213,12.101
2026-07-01,220901,4.136,1.576
2026-07-01,221001,0.787,0.496
2026-07-01,221101,0.997,0.865
2026-07-01,221201,35.741,28.817
2026-07-01,221399,5.732,1.26
2026-07-01,230101,11.584,7.55
2026-07-01,230401,5.868,5.965
2026-07-01,230501,14.75,4.642
2026-07-01,230601,105.382,224.847
2026-07-01,230701,6.119,0.048
2026-07-01,230702,6.573,0.686
2026-07-01,230799,39.5,20.333
2026-07-01,230801,14.914,2.231
2026-07-01,230901,0.717,0.116
2026-07-01,231001,1.134,0.017
2026-07-01,231101,0.008,0.0
2026-07-01,231201,7.02,5.014
2026-07-01,231301,2.726,0.105
2026-07-01,231399,4.901,1.195
2026-07-01,231401,19.276,6.337
2026-07-01,231501,0.129,0.078
2026-07-01,231699,13.861,45.442
2026-07-01,310101,0.104,0.554
2026-07-01,320101,20.967,3.308
2026-07-01,330101,6.905,0.052
2026-07-01,330199,0.608,1.029
2026-07-01,410101,0.373,0.1
