fecha,spx,nasdaq,dow,stoxx50,dax,ftse,cac,ibex,nikkei,hangseng,shanghai,bovespa,fed,fed_efectiva,bce_tasa,boe,boj,sofr_1m,sofr_3m,sofr_6m,sofr_12m,dxy,eurusd,gbpusd,usdjpy,usdcny,usdcop,usdbrl,usdmxn,wti,brent,gasolina,diesel,gas_natural,cacao,oro,cobre,soya,palma,trigo,maiz,ec2030_px,ec2034_px,ec2035_px,ec2039_px,ec2040_px,ec2030_ytm,ec2034_ytm,ec2035_ytm,ec2039_ytm,ec2040_ytm,us_1m,us_3m,us_6m,us_1a,us_2a,us_3a,us_5a,us_7a,us_10a,us_30a,de_2a,de_5a,de_10a,de_30a,uk_1a,uk_2a,uk_5a,uk_7a,uk_10a,uk_15a,uk_20a,uk_30a,jp_3m,jp_1a,jp_2a,jp_3a,jp_5a,jp_7a,jp_10a,jp_20a,jp_30a
2020-01-01,,,,,,,,,,,,,1.75,,0.0,0.75,-0.1,,,,,96.445,,,,,,,,,,,,,,,,,,,,,,,,,,,,,,,,,,1.5691,,,,1.9175,,,,,,,,,,,,,,,,,,,,,,
2020-01-02,,,,,,,,,,,,,1.75,,0.0,0.75,-0.1,,,,,96.846,,,,,,,,61.18,66.25,170.42,202.41,,2532.0,1528.1,282.5,,,,,,,,,,,,,,,,,,,1.569,,,,1.8771,,,,,,,,,,,,,,,,,,,,,,
2020-01-03,,,,,,,,,,,,,1.75,,0.0,0.75,-0.1,,,,,96.838,,,,,,,,63.05,68.6,174.88,206.14,,2519.0,1552.4,278.7,,,,,,,,,,,,,,,,,,,1.5246,,,,1.7881,,,,,,,,,,,,,,,,,,,,,,
2020-01-06,,,,,,,,,,,,,1.75,,0.0,0.75,-0.1,,,,,96.671,,,,,,,,63.27,68.91,175.44,203.39,,2484.0,1568.8,279.0,,,,,,,,,,,,,,,,,,,1.5445,,,,1.809,,,,,,,,,,,,,,,,,,,,,,
2020-01-07,,,,,,,,,,,,,1.75,,0.0,0.75,-0.1,,,,,97.005,,,,,,,,62.7,68.27,172.22,203.24,,2533.0,1574.3,279.35,,,,,,,,,,,,,,,,,,,1.5404,,,,1.8177,,,,,,,,,,,,,,,,,,,,,,
2020-01-08,,,,,,,,,,,,,1.75,,0.0,0.75,-0.1,,,,,97.299,,,,,,,,59.61,65.44,164.88,195.82,,2501.0,1560.2,281.2,,,,,,,,,,,,,,,,,,,1.5806,,,,1.8738,,,,,,,,,,,,,,,,,,,,,,
2020-01-09,,,,,,,,,,,,,1.75,,0.0,0.75,-0.1,,,,,97.45,,,,,,,,59.56,65.37,165.27,195.01,,2554.0,1554.3,280.2,,,,,,,,,,,,,,,,,,,1.5785,,,,1.8545,,,,,,,,,,,,,,,,,,,,,,
2020-01-10,,,,,,,,,,,,,1.75,,0.0,0.75,-0.1,,,,,97.356,,,,,,,,59.04,64.98,165.96,192.84,,2589.0,1560.1,281.35,,,,,,,,,,,,,,,,,,,1.5702,,,,1.8196,,,,,,,,,,,,,,,,,,,,,,
2020-01-13,,,,,,,,,,,,,1.75,,0.0,0.75,-0.1,,,,,97.345,,,,,,,,58.08,64.2,165.73,189.8,,2583.0,1550.6,286.1,,,,,,,,,,,,,,,,,,,1.5843,,,,1.8459,,,,,,,,,,,,,,,,,,,,,,
2020-01-14,,,,,,,,,,,,,1.75,,0.0,0.75,-0.1,,,,,97.372,,,,,,,,58.23,64.49,165.44,191.03,,2655.0,1544.6,287.35,,,,,,,,,,,,,,,,,,,1.57,,,,1.8109,,,,,,,,,,,,,,,,,,,,,,
2020-01-15,,,,,,,,,,,,,1.75,,0.0,0.75,-0.1,,,,,97.229,,,,,,,,57.81,64.0,163.68,187.79,,2689.0,1554.0,286.6,,,,,,,,,,,,,,,,,,,1.5536,,,,1.783,,,,,,,,,,,,,,,,,,,,,,
2020-01-16,,,,,,,,,,,,,1.75,,0.0,0.75,-0.1,,,,,97.32,,,,,,,,58.52,64.62,165.48,186.0,,2712.0,1550.5,284.7,,,,,,,,,,,,,,,,,,,1.5657,,,,1.8074,,,,,,,,,,,,,,,,,,,,,,
2020-01-17,,,,,,,,,,,,,1.75,,0.0,0.75,-0.1,,,,,97.606,,,,,,,,58.54,64.85,164.06,185.92,,2797.0,1560.3,284.55,,,,,,,,,,,,,,,,,,,1.5592,,,,1.8215,,,,,,,,,,,,,,,,,,,,,,
2020-01-20,,,,,,,,,,,,,1.75,,0.0,0.75,-0.1,,,,,97.606,,,,,,,,,65.2,,,,,,,,,,,,,,,,,,,,,,,,,1.5592,,,,1.8215,,,,,,,,,,,,,,,,,,,,,,
2020-01-21,,,,,,,,,,,,,1.75,,0.0,0.75,-0.1,,,,,97.531,,,,,,,,58.34,64.59,163.65,182.92,,2818.0,1557.9,279.35,,,,,,,,,,,,,,,,,,,1.5304,,,,1.7743,,,,,,,,,,,,,,,,,,,,,,
2020-01-22,,,,,,,,,,,,,1.75,,0.0,0.75,-0.1,,,,,97.527,,,,,,,,56.74,63.21,157.96,180.02,,2803.0,1556.7,276.5,,,,,,,,,,,,,,,,,,,1.5283,,,,1.7691,,,,,,,,,,,,,,,,,,,,,,
2020-01-23,,,,,,,,,,,,,1.75,,0.0,0.75,-0.1,,,,,97.693,,,,,,,,55.59,62.04,156.02,179.16,,2771.0,1565.4,272.6,,,,,,,,,,,,,,,,,,,1.5137,,,,1.7325,,,,,,,,,,,,,,,,,,,,,,
2020-01-24,,,,,,,,,,,,,1.75,,0.0,0.75,-0.1,,,,,97.853,,,,,,,,54.19,60.69,151.52,173.4,,2733.0,1571.9,268.4,,,,,,,,,,,,,,,,,,,1.4947,,,,1.6839,,,,,,,,,,,,,,,,,,,,,,
2020-01-27,,,,,,,,,,,,,1.75,,0.0,0.75,-0.1,,,,,97.956,,,,,,,,53.14,59.32,148.4,167.95,,2734.0,1577.4,259.65,,,,,,,,,,,,,,,,,,,1.4409,,,,1.608,,,,,,,,,,,,,,,,,,,,,,
2020-01-28,,,,,,,,,,,,,1.75,,0.0,0.75,-0.1,,,,,98.018,,,,,,,,53.48,59.51,150.32,171.59,,2703.0,1569.8,257.95,,,,,,,,,,,,,,,,,,,1.4625,,,,1.6562,,,,,,,,,,,,,,,,,,,,,,
2020-01-29,,,,,,,,,,,,,1.75,,0.0,0.75,-0.1,,,,,97.991,,,,,,,,53.33,59.81,153.08,170.35,,2727.0,1570.4,255.4,,,,,,,,,,,,,,,,,,,1.4128,,,,1.5839,,,,,,,,,,,,,,,,,,,,,,
2020-01-30,,,,,,,,,,,,,1.75,,0.0,0.75,-0.1,,,,,97.867,,,,,,,,52.14,58.29,149.37,163.96,,2801.0,1583.5,252.4,,,,,,,,,,,,,,,,,,,1.4128,,,,1.5856,,,,,,,,,,,,,,,,,,,,,,
2020-01-31,,,,,,,,,,,,,1.75,,0.0,0.75,-0.1,,,,,97.39,,,,,,,,51.56,58.16,148.87,162.45,,2777.0,1582.9,251.7,,,,,,,,,,,,,,,,,,,1.3132,,,,1.5068,,,,,,,,,,,,,,,,,,,,,,
2020-02-03,,,,,,,,,,,,,1.75,,0.0,0.75,-0.1,,,,,97.8,,,,,,,,50.11,54.45,147.37,157.79,,2734.0,1577.2,250.7,,,,,,,,,,,,,,,,,,,1.353,,,,1.5272,,,,,,,,,,,,,,,,,,,,,,
2020-02-04,,,,,,,,,,,,,1.75,,0.0,0.75,-0.1,,,,,97.961,,,,,,,,49.61,53.96,144.32,158.39,,2757.0,1550.4,254.2,,,,,,,,,,,,,,,,,,,1.409,,,,1.5991,,,,,,,,,,,,,,,,,,,,,,
2020-02-05,,,,,,,,,,,,,1.75,,0.0,0.75,-0.1,,,,,98.301,,,,,,,,50.75,55.28,148.63,164.54,,2790.0,1557.8,257.45,,,,,,,,,,,,,,,,,,,1.4431,,,,1.6508,,,,,,,,,,,,,,,,,,,,,,
2020-02-06,,,,,,,,,,,,,1.75,,0.0,0.75,-0.1,,,,,98.496,,,,,,,,50.95,54.93,149.8,166.54,,2849.0,1565.1,259.3,,,,,,,,,,,,,,,,,,,1.4452,,,,1.6422,,,,,,,,,,,,,,,,,,,,,,
2020-02-07,,,,,,,,,,,,,1.75,,0.0,0.75,-0.1,,,,,98.684,,,,,,,,50.32,54.47,152.39,164.33,,2900.0,1568.6,255.3,,,,,,,,,,,,,,,,,,,1.4011,,,,1.5834,,,,,,,,,,,,,,,,,,,,,,
2020-02-10,,,,,,,,,,,,,1.75,,0.0,0.75,-0.1,,,,,98.832,,,,,,,,49.57,53.27,152.13,161.25,,2940.0,1574.7,255.05,,,,,,,,,,,,,,,,,,,1.3931,,,,1.5696,,,,,,,,,,,,,,,,,,,,,,
2020-02-11,,,,,,,,,,,,,1.75,,0.0,0.75,-0.1,,,,,98.721,,,,,,,,49.94,54.01,151.42,162.67,,2918.0,1565.6,258.3,,,,,,,,,,,,,,,,,,,1.4234,,,,1.6006,,,,,,,,,,,,,,,,,,,,,,
2020-02-12,,,,,,,,,,,,,1.75,,0.0,0.75,-0.1,,,,,99.049,,,,,,,,51.17,55.79,158.1,167.57,,2904.0,1567.4,260.0,,,,,,,,,,,,,,,,,,,1.4437,,,,1.6333,,,,,,,,,,,,,,,,,,,,,,
2020-02-13,,,,,,,,,,,,,1.75,,0.0,0.75,-0.1,,,,,99.067,,,,,,,,51.42,56.34,158.02,168.05,,2988.0,1575.1,261.3,,,,,,,,,,,,,,,,,,,1.4438,,,,1.6173,,,,,,,,,,,,,,,,,,,,,,
2020-02-14,,,,,,,,,,,,,1.75,,0.0,0.75,-0.1,,,,,99.124,,,,,,,,52.05,57.32,158.33,169.82,,2904.0,1582.7,259.95,,,,,,,,,,,,,,,,,,,1.4279,,,,1.5848,,,,,,,,,,,,,,,,,,,,,,
2020-02-17,,,,,,,,,,,,,1.75,,0.0,0.75,-0.1,,,,,99.003,,,,,,,,,57.67,,,,,,,,,,,,,,,,,,,,,,,,,1.4279,,,,1.5848,,,,,,,,,,,,,,,,,,,,,,
2020-02-18,,,,,,,,,,,,,1.75,,0.0,0.75,-0.1,,,,,99.44,,,,,,,,52.05,57.75,161.48,167.24,,2900.0,1600.0,260.4,,,,,,,,,,,,,,,,,,,1.4116,,,,1.561,,,,,,,,,,,,,,,,,,,,,,
2020-02-19,,,,,,,,,,,,,1.75,,0.0,0.75,-0.1,,,,,99.705,,,,,,,,53.29,59.12,166.33,170.68,,2925.0,1607.5,260.6,,,,,,,,,,,,,,,,,,,1.4219,,,,1.5661,,,,,,,,,,,,,,,,,,,,,,
2020-02-20,,,,,,,,,,,,,1.75,,0.0,0.75,-0.1,,,,,99.865,,,,,,,,53.78,59.31,166.97,169.76,,2939.0,1616.6,258.8,,,,,,,,,,,,,,,,,,,1.3892,,,,1.5152,,,,,,,,,,,,,,,,,,,,,,
2020-02-21,,,,,,,,,,,,,1.75,,0.0,0.75,-0.1,,,,,99.262,,,,,,,,53.38,58.5,165.06,168.66,,2922.0,1644.6,260.8,,,,,,,,,,,,,,,,,,,1.3543,,,,1.4713,,,,,,,,,,,,,,,,,,,,,,
2020-02-24,,,,,,,,,,,,,1.75,,0.0,0.75,-0.1,,,,,99.359,,,,,,,,51.43,56.3,160.91,161.32,,2883.0,1672.4,257.7,,,,,,,,,,,,,,,,,,,1.2476,,,,1.3705,,,,,,,,,,,,,,,,,,,,,,
2020-02-25,,,,,,,,,,,,,1.75,,0.0,0.75,-0.1,,,,,98.968,,,,,,,,49.9,54.95,153.24,156.85,,2888.0,1646.9,257.8,,,,,,,,,,,,,,,,,,,1.2248,,,,1.3521,,,,,,,,,,,,,,,,,,,,,,
2020-02-26,,,,,,,,,,,,,1.75,,0.0,0.75,-0.1,,,,,98.996,,,,,,,,48.73,53.43,145.49,149.94,,2828.0,1640.0,257.25,,,,,,,,,,,,,,,,,,,1.1647,,,,1.3371,,,,,,,,,,,,,,,,,,,,,,
2020-02-27,,,,,,,,,,,,,1.75,,0.0,0.75,-0.1,,,,,98.508,,,,,,,,47.09,52.18,141.06,148.92,,2833.0,1642.5,257.15,,,,,,,,,,,,,,,,,,,1.0615,,,,1.2607,,,,,,,,,,,,,,,,,,,,,,
2020-02-28,,,,,,,,,,,,,1.75,,0.0,0.75,-0.1,,,,,98.132,,,,,,,,44.76,50.52,139.55,149.06,,2760.0,1566.7,254.6,,,,,,,,,,,,,,,,,,,0.913,,,,1.1486,,,,,,,,,,,,,,,,,,,,,,
2020-03-02,,,,,,,,,,,,,1.75,,0.0,0.75,-0.1,,,,,97.36,,,,,,,,46.75,51.9,153.96,152.87,,2748.0,1594.8,260.1,,,,,,,,,,,,,,,,,,,0.9029,,,,1.1632,,,,,,,,,,,,,,,,,,,,,,
2020-03-03,,,,,,,,,,,,,1.25,,0.0,0.75,-0.1,,,,,97.153,,,,,,,,47.18,51.86,153.13,153.3,,2740.0,1644.4,257.95,,,,,,,,,,,,,,,,,,,0.6991,,,,0.999,,,,,,,,,,,,,,,,,,,,,,
2020-03-04,,,,,,,,,,,,,1.25,,0.0,0.75,-0.1,,,,,97.336,,,,,,,,46.78,51.13,155.55,153.32,,2713.0,1643.0,259.3,,,,,,,,,,,,,,,,,,,0.6926,,,,1.0522,,,,,,,,,,,,,,,,,,,,,,
2020-03-05,,,,,,,,,,,,,1.25,,0.0,0.75,-0.1,,,,,96.82,,,,,,,,45.9,49.99,152.18,148.85,,2684.0,1668.0,258.25,,,,,,,,,,,,,,,,,,,0.5973,,,,0.912,,,,,,,,,,,,,,,,,,,,,,
2020-03-06,,,,,,,,,,,,,1.25,,0.0,0.75,-0.1,,,,,95.951,,,,,,,,41.28,45.27,138.9,138.52,,2702.0,1672.4,257.3,,,,,,,,,,,,,,,,,,,0.5062,,,,0.7623,,,,,,,,,,,,,,,,,,,,,,
2020-03-09,,,,,,,,,,,,,1.25,,0.0,0.75,-0.1,,,,,94.895,,,,,,,,31.13,34.36,113.69,116.29,,2686.0,1675.7,252.4,,,,,,,,,,,,,,,,,,,0.381,,,,0.5407,,,,,,,,,,,,,,,,,,,,,,
2020-03-10,,,,,,,,,,,,,1.25,,0.0,0.75,-0.1,,,,,96.414,,,,,,,,34.36,37.22,115.71,124.99,,2718.0,1660.3,253.4,,,,,,,,,,,,,,,,,,,0.5342,,,,0.803,,,,,,,,,,,,,,,,,,,,,,
2020-03-11,,,,,,,,,,,,,1.25,,0.0,0.25,-0.1,,,,,96.507,,,,,,,,32.98,35.79,111.03,123.8,,2766.0,1642.3,251.2,,,,,,,,,,,,,,,,,,,0.5195,,,,0.8695,,,,,,,,,,,,,,,,,,,,,,
2020-03-12,,,,,,,,,,,,,1.25,,0.0,0.25,-0.1,,,,,97.468,,,,,,,,31.5,33.22,89.75,115.98,,2636.0,1590.3,248.1,,,,,,,,,,,,,,,,,,,0.481,,,,0.8042,,,,,,,,,,,,,,,,,,,,,,
2020-03-13,,,,,,,,,,,,,1.25,,0.0,0.25,-0.1,,,,,98.749,,,,,,,,31.73,33.85,89.92,113.74,,2482.0,1516.7,247.4,,,,,,,,,,,,,,,,,,,0.4903,,,,0.9603,,,,,,,,,,,,,,,,,,,,,,
2020-03-16,,,,,,,,,,,,,0.25,,0.0,0.25,-0.1,,,,,98.069,,,,,,,,28.7,30.05,68.99,104.66,,2388.0,1486.5,239.85,,,,,,,,,,,,,,,,,,,0.3599,,,,0.7182,,,,,,,,,,,,,,,,,,,,,,
2020-03-17,,,,,,,,,,,,,0.25,,0.0,0.25,-0.1,,,,,99.575,,,,,,,,26.95,28.73,71.14,103.57,,2318.0,1525.8,231.55,,,,,,,,,,,,,,,,,,,0.4925,,,,1.0784,,,,,,,,,,,,,,,,,,,,,,
2020-03-18,,,,,,,,,,,,,0.25,,0.0,0.25,-0.1,,,,,101.16,,,,,,,,20.37,24.88,63.77,95.42,,2284.0,1477.9,216.05,,,,,,,,,,,,,,,,,,,0.5337,,,,1.1915,,,,,,,,,,,,,,,,,,,,,,
2020-03-19,,,,,,,,,,,,,0.25,,0.0,0.1,-0.1,,,,,102.755,,,,,,,,25.22,28.47,68.5,104.17,,2216.0,1479.3,220.0,,,,,,,,,,,,,,,,,,,0.4507,,,,1.1404,,,,,,,,,,,,,,,,,,,,,,
2020-03-20,,,,,,,,,,,,,0.25,,0.0,0.1,-0.1,,,,,102.817,,,,,,,,22.43,26.98,60.54,100.63,,2230.0,1484.6,219.05,,,,,,,,,,,,,,,,,,,0.3134,,,,0.8454,,,,,,,,,,,,,,,,,,,,,,
2020-03-23,,,,,,,,,,,,,0.25,,0.0,0.1,-0.1,,,,,102.487,,,,,,,,23.36,27.03,41.18,101.61,,2257.0,1567.6,211.95,,,,,,,,,,,,,,,,,,,0.3123,,,,0.7863,,,,,,,,,,,,,,,,,,,,,,
2020-03-24,,,,,,,,,,,,,0.25,,0.0,0.1,-0.1,,,,,102.039,,,,,,,,24.01,27.15,44.37,108.03,,2275.0,1660.8,219.75,,,,,,,,,,,,,,,,,,,0.3715,,,,0.8466,,,,,,,,,,,,,,,,,,,,,,
2020-03-25,,,,,,,,,,,,,0.25,,0.0,0.1,-0.1,,,,,101.05,,,,,,,,24.49,27.39,54.68,109.78,,2248.0,1633.4,223.4,,,,,,,,,,,,,,,,,,,0.3299,,,,0.8673,,,,,,,,,,,,,,,,,,,,,,
2020-03-26,,,,,,,,,,,,,0.25,,0.0,0.1,-0.1,,,,,99.352,,,,,,,,22.6,26.34,54.38,105.03,,2255.0,1651.2,220.8,,,,,,,,,,,,,,,,,,,0.2927,,,,0.8447,,,,,,,,,,,,,,,,,,,,,,
2020-03-27,,,,,,,,,,,,,0.25,,0.0,0.1,-0.1,,,,,98.365,,,,,,,,21.51,24.93,57.37,106.85,,2257.0,1625.0,219.7,,,,,,,,,,,,,,,,,,,0.2418,,,,0.6746,,,,,,,,,,,,,,,,,,,,,,
2020-03-30,,,,,,,,,,,,,0.25,,0.0,0.1,-0.1,,,,,99.181,,,,,,,,20.09,22.76,58.55,101.94,,2265.0,1622.0,215.55,,,,,,,,,,,,,,,,,,,0.2281,,,,0.7264,,,,,,,,,,,,,,,,,,,,,,
2020-03-31,,,,,,,,,,,,,0.25,,0.0,0.1,-0.1,,,,,99.048,,,,,,,,20.48,22.74,57.32,101.21,,2249.0,1583.4,222.8,,,,,,,,,,,,,,,,,,,0.2455,,,,0.6695,,,,,,,,,,,,,,,,,,,,,,
2020-04-01,,,,,,,,,,,,,0.25,,0.0,0.1,-0.1,,,,,99.673,,,,,,,,20.31,24.74,54.65,93.23,,2227.0,1578.2,217.45,,,,,,,,,,,,,,,,,,,0.2061,,,,0.5832,,,,,,,,,,,,,,,,,,,,,,
2020-04-02,,,,,,,,,,,,,0.25,,0.0,0.1,-0.1,,,,,100.18,,,,,,,,25.32,29.94,66.28,99.51,,2285.0,1625.7,221.85,,,,,,,,,,,,,,,,,,,0.2255,,,,0.597,,,,,,,,,,,,,,,,,,,,,,
2020-04-03,,,,,,,,,,,,,0.25,,0.0,0.1,-0.1,,,,,100.576,,,,,,,,28.34,34.11,69.16,107.06,,2264.0,1633.7,219.25,,,,,,,,,,,,,,,,,,,0.2289,,,,0.5948,,,,,,,,,,,,,,,,,,,,,,
2020-04-06,,,,,,,,,,,,,0.25,,0.0,0.1,-0.1,,,,,100.685,,,,,,,,26.08,33.05,70.16,104.57,,2366.0,1677.0,221.75,,,,,,,,,,,,,,,,,,,0.2622,,,,0.6698,,,,,,,,,,,,,,,,,,,,,,
2020-04-07,,,,,,,,,,,,,0.25,,0.0,0.1,-0.1,,,,,99.9,,,,,,,,23.63,31.87,64.82,102.75,,2410.0,1664.8,227.25,,,,,,,,,,,,,,,,,,,0.2601,,,,0.7122,,,,,,,,,,,,,,,,,,,,,,
2020-04-08,,,,,,,,,,,,,0.25,,0.0,0.1,-0.1,,,,,100.119,,,,,,,,25.09,32.84,67.8,101.07,,2379.0,1665.4,226.0,,,,,,,,,,,,,,,,,,,0.252,,,,0.7722,,,,,,,,,,,,,,,,,,,,,,
2020-04-09,,,,,,,,,,,,,0.25,,0.0,0.1,-0.1,,,,,99.517,,,,,,,,22.76,31.48,67.73,97.26,,2305.0,1736.2,225.95,,,,,,,,,,,,,,,,,,,0.2254,,,,0.7191,,,,,,,,,,,,,,,,,,,,,,
2020-04-10,,,,,,,,,,,,,0.25,,0.0,0.1,-0.1,,,,,99.482,,,,,,,,,,,,,,,,,,,,,,,,,,,,,,,,,,0.2254,,,,0.7191,,,,,,,,,,,,,,,,,,,,,,
2020-04-13,,,,,,,,,,,,,0.25,,0.0,0.1,-0.1,,,,,99.348,,,,,,,,22.41,31.74,70.33,99.46,,2253.0,1744.8,230.25,,,,,,,,,,,,,,,,,,,0.2452,,,,0.7713,,,,,,,,,,,,,,,,,,,,,,
2020-04-14,,,,,,,,,,,,,0.25,,0.0,0.1,-0.1,,,,,98.887,,,,,,,,20.11,29.6,72.0,94.42,,2265.0,1756.7,232.95,,,,,,,,,,,,,,,,,,,0.219,,,,0.752,,,,,,,,,,,,,,,,,,,,,,
2020-04-15,,,,,,,,,,,,,0.25,,0.0,0.1,-0.1,,,,,99.461,,,,,,,,19.87,27.69,72.04,91.38,,2205.0,1727.2,229.6,,,,,,,,,,,,,,,,,,,0.1969,,,,0.6316,,,,,,,,,,,,,,,,,,,,,,
2020-04-16,,,,,,,,,,,,,0.25,,0.0,0.1,-0.1,,,,,100.025,,,,,,,,19.87,27.82,70.51,94.63,,2235.0,1720.4,229.1,,,,,,,,,,,,,,,,,,,0.2066,,,,0.6267,,,,,,,,,,,,,,,,,,,,,,
2020-04-17,,,,,,,,,,,,,0.25,,0.0,0.1,-0.1,,,,,99.782,,,,,,,,18.27,28.08,71.07,95.63,,2379.0,1689.2,234.45,,,,,,,,,,,,,,,,,,,0.2019,,,,0.6417,,,,,,,,,,,,,,,,,,,,,,
2020-04-20,,,,,,,,,,,,,0.25,,0.0,0.1,-0.1,,,,,99.955,,,,,,,,-37.63,25.57,66.83,88.78,,2338.0,1701.6,232.0,,,,,,,,,,,,,,,,,,,0.2016,,,,0.6053,,,,,,,,,,,,,,,,,,,,,,
2020-04-21,,,,,,,,,,,,,0.25,,0.0,0.1,-0.1,,,,,100.258,,,,,,,,10.01,19.33,51.03,72.69,,2298.0,1678.2,222.95,,,,,,,,,,,,,,,,,,,0.2034,,,,0.5691,,,,,,,,,,,,,,,,,,,,,,
2020-04-22,,,,,,,,,,,,,0.25,,0.0,0.1,-0.1,,,,,100.388,,,,,,,,13.78,20.37,63.84,73.11,,2355.0,1728.7,229.0,,,,,,,,,,,,,,,,,,,0.2133,,,,0.619,,,,,,,,,,,,,,,,,,,,,,
2020-04-23,,,,,,,,,,,,,0.25,,0.0,0.1,-0.1,,,,,100.433,,,,,,,,16.5,21.33,64.36,73.45,,2343.0,1733.3,231.2,,,,,,,,,,,,,,,,,,,0.2191,,,,0.6015,,,,,,,,,,,,,,,,,,,,,,
2020-04-24,,,,,,,,,,,,,0.25,,0.0,0.1,-0.1,,,,,100.38,,,,,,,,16.94,21.44,66.12,64.67,,2341.0,1723.5,233.7,,,,,,,,,,,,,,,,,,,0.2245,,,,0.6008,,,,,,,,,,,,,,,,,,,,,,
2020-04-27,,,,,,,,,,,,,0.25,,0.0,0.1,-0.1,,,,,100.041,,,,,,,,12.78,19.99,64.83,61.04,,2348.0,1711.9,235.0,,,,,,,,,,,,,,,,,,,0.2223,,,,0.6605,,,,,,,,,,,,,,,,,,,,,,
2020-04-28,,,,,,,,,,,,,0.25,,0.0,0.1,-0.1,,,,,99.865,,,,,,,,12.34,20.46,66.72,63.08,,2360.0,1710.5,234.55,,,,,,,,,,,,,,,,,,,0.2112,,,,0.6129,,,,,,,,,,,,,,,,,,,,,,
2020-04-29,,,,,,,,,,,,,0.25,,0.0,0.1,-0.1,,,,,99.565,,,,,,,,15.06,22.54,72.72,69.45,,2395.0,1713.4,237.45,,,,,,,,,,,,,,,,,,,0.2014,,,,0.6269,,,,,,,,,,,,,,,,,,,,,,
2020-04-30,,,,,,,,,,,,,0.25,,0.0,0.1,-0.1,,,,,99.016,,,,,,,,18.84,25.27,69.78,73.19,,2432.0,1694.2,235.4,,,,,,,,,,,,,,,,,,,0.1956,,,,0.6393,,,,,,,,,,,,,,,,,,,,,,
2020-05-01,,,,,,,,,,,,,0.25,,0.0,0.1,-0.1,,,,,99.079,,,,,,,,19.78,26.44,76.63,79.61,,2420.0,1700.9,231.85,,,,,,,,,,,,,,,,,,,0.19,,,,0.6118,,,,,,,,,,,,,,,,,,,,,,
2020-05-04,,,,,,,,,,,,,0.25,,0.0,0.1,-0.1,,,,,99.484,,,,,,,,20.39,27.2,82.15,80.31,,2405.0,1713.3,232.4,,,,,,,,,,,,,,,,,,,0.1822,,,,0.6336,,,,,,,,,,,,,,,,,,,,,,
2020-05-05,,,,,,,,,,,,,0.25,,0.0,0.1,-0.1,,,,,99.709,,,,,,,,24.56,30.97,90.13,89.6,,2396.0,1710.6,234.1,,,,,,,,,,,,,,,,,,,0.1882,,,,0.6619,,,,,,,,,,,,,,,,,,,,,,
2020-05-06,,,,,,,,,,,,,0.25,,0.0,0.1,-0.1,,,,,100.091,,,,,,,,23.99,29.72,87.69,82.4,,2381.0,1688.5,235.25,,,,,,,,,,,,,,,,,,,0.1784,,,,0.703,,,,,,,,,,,,,,,,,,,,,,
2020-05-07,,,,,,,,,,,,,0.25,,0.0,0.1,-0.1,,,,,99.889,,,,,,,,23.55,29.46,93.14,83.71,,2399.0,1725.8,238.55,,,,,,,,,,,,,,,,,,,0.1388,,,,0.6409,,,,,,,,,,,,,,,,,,,,,,
2020-05-08,,,,,,,,,,,,,0.25,,0.0,0.1,-0.1,,,,,99.734,,,,,,,,24.74,30.97,95.22,89.93,,2418.0,1713.9,240.85,,,,,,,,,,,,,,,,,,,0.1568,,,,0.6831,,,,,,,,,,,,,,,,,,,,,,
2020-05-11,,,,,,,,,,,,,0.25,,0.0,0.1,-0.1,,,,,100.236,,,,,,,,24.14,29.63,92.42,86.87,,2481.0,1698.0,238.2,,,,,,,,,,,,,,,,,,,0.1747,,,,0.7099,,,,,,,,,,,,,,,,,,,,,,
2020-05-12,,,,,,,,,,,,,0.25,,0.0,0.1,-0.1,,,,,99.933,,,,,,,,25.78,29.98,91.85,83.84,,2420.0,1706.8,236.05,,,,,,,,,,,,,,,,,,,0.1589,,,,0.6651,,,,,,,,,,,,,,,,,,,,,,
2020-05-13,,,,,,,,,,,,,0.25,,0.0,0.1,-0.1,,,,,100.242,,,,,,,,25.29,29.19,85.27,83.14,,2474.0,1716.4,234.9,,,,,,,,,,,,,,,,,,,0.1589,,,,0.6525,,,,,,,,,,,,,,,,,,,,,,
2020-05-14,,,,,,,,,,,,,0.25,,0.0,0.1,-0.1,,,,,100.466,,,,,,,,27.56,31.13,91.45,89.48,,2413.0,1740.9,235.1,,,,,,,,,,,,,,,,,,,0.147,,,,0.6218,,,,,,,,,,,,,,,,,,,,,,
2020-05-15,,,,,,,,,,,,,0.25,,0.0,0.1,-0.1,,,,,100.402,,,,,,,,29.43,32.5,97.02,92.04,,2399.0,1756.3,233.35,,,,,,,,,,,,,,,,,,,0.1451,,,,0.6428,,,,,,,,,,,,,,,,,,,,,,
2020-05-18,,,,,,,,,,,,,0.25,,0.0,0.1,-0.1,,,,,99.665,,,,,,,,31.82,34.81,102.58,100.64,,2404.0,1734.4,240.5,,,,,,,,,,,,,,,,,,,0.1772,,,,0.7257,,,,,,,,,,,,,,,,,,,,,,
2020-05-19,,,,,,,,,,,,,0.25,,0.0,0.1,-0.1,,,,,99.371,,,,,,,,32.5,34.65,104.52,97.36,,2435.0,1745.6,242.3,,,,,,,,,,,,,,,,,,,0.1652,,,,0.6882,,,,,,,,,,,,,,,,,,,,,,
2020-05-20,,,,,,,,,,,,,0.25,,0.0,0.1,-0.1,,,,,99.124,,,,,,,,33.49,35.75,104.38,99.06,,2401.0,1752.1,246.75,,,,,,,,,,,,,,,,,,,0.1633,,,,0.6801,,,,,,,,,,,,,,,,,,,,,,
2020-05-21,,,,,,,,,,,,,0.25,,0.0,0.1,-0.1,,,,,99.37,,,,,,,,33.92,36.06,104.51,98.9,,2340.0,1721.9,245.2,,,,,,,,,,,,,,,,,,,0.1653,,,,0.672,,,,,,,,,,,,,,,,,,,,,,
2020-05-22,,,,,,,,,,,,,0.25,,0.0,0.1,-0.1,,,,,99.863,,,,,,,,33.25,35.13,103.82,98.2,,2394.0,1735.5,240.9,,,,,,,,,,,,,,,,,,,0.1676,,,,0.6591,,,,,,,,,,,,,,,,,,,,,,
2020-05-25,,,,,,,,,,,,,0.25,,0.0,0.1,-0.1,,,,,99.863,,,,,,,,,35.53,,,,,,,,,,,,,,,,,,,,,,,,,0.1676,,,,0.6591,,,,,,,,,,,,,,,,,,,,,,
2020-05-26,,,,,,,,,,,,,0.25,,0.0,0.1,-0.1,,,,,98.908,,,,,,,,34.35,36.17,104.89,99.08,,2394.0,1705.6,243.85,,,,,,,,,,,,,,,,,,,0.1717,,,,0.6965,,,,,,,,,,,,,,,,,,,,,,
2020-05-27,,,,,,,,,,,,,0.25,,0.0,0.1,-0.1,,,,,99.062,,,,,,,,32.81,34.74,99.33,97.21,,2363.0,1710.7,240.25,,,,,,,,,,,,,,,,,,,0.1799,,,,0.6819,,,,,,,,,,,,,,,,,,,,,,
2020-05-28,,,,,,,,,,,,,0.25,,0.0,0.1,-0.1,,,,,98.383,,,,,,,,33.71,35.29,99.85,92.56,,2429.0,1713.3,241.35,,,,,,,,,,,,,,,,,,,0.1701,,,,0.69,,,,,,,,,,,,,,,,,,,,,,
2020-05-29,,,,,,,,,,,,,0.25,,0.0,0.1,-0.1,,,,,98.344,,,,,,,,35.49,35.33,102.59,96.47,,2454.0,1736.9,242.55,,,,,,,,,,,,,,,,,,,0.1603,,,,0.6526,,,,,,,,,,,,,,,,,,,,,,
2020-06-01,,,,,,,,,,,,,0.25,,0.0,0.1,-0.1,,,,,97.83,,,,,,,,35.44,38.32,106.67,102.9,,2493.0,1737.8,247.05,,,,,,,,,,,,,,,,,,,0.1564,,,,0.6591,,,,,,,,,,,,,,,,,,,,,,
2020-06-02,,,,,,,,,,,,,0.25,,0.0,0.1,-0.1,,,,,97.673,,,,,,,,36.81,39.57,111.83,109.21,,2402.0,1725.2,249.1,,,,,,,,,,,,,,,,,,,0.1623,,,,0.6852,,,,,,,,,,,,,,,,,,,,,,
2020-06-03,,,,,,,,,,,,,0.25,,0.0,0.1,-0.1,,,,,97.276,,,,,,,,37.29,39.79,111.93,106.46,,2395.0,1697.8,248.75,,,,,,,,,,,,,,,,,,,0.19,,,,0.7458,,,,,,,,,,,,,,,,,,,,,,
2020-06-04,,,,,,,,,,,,,0.25,,0.0,0.1,-0.1,,,,,96.677,,,,,,,,37.41,39.99,114.9,107.41,,2396.0,1718.9,248.95,,,,,,,,,,,,,,,,,,,0.194,,,,0.8234,,,,,,,,,,,,,,,,,,,,,,
2020-06-05,,,,,,,,,,,,,0.25,,0.0,0.1,-0.1,,,,,96.937,,,,,,,,39.55,42.3,121.36,115.06,,2398.0,1676.2,255.55,,,,,,,,,,,,,,,,,,,0.2062,,,,0.8951,,,,,,,,,,,,,,,,,,,,,,
2020-06-08,,,,,,,,,,,,,0.25,,0.0,0.1,-0.1,,,,,96.618,,,,,,,,38.19,40.8,119.5,112.13,,2413.0,1698.3,256.55,,,,,,,,,,,,,,,,,,,0.2261,,,,0.8752,,,,,,,,,,,,,,,,,,,,,,
2020-06-09,,,,,,,,,,,,,0.25,,0.0,0.1,-0.1,,,,,96.324,,,,,,,,38.94,41.18,121.03,115.47,,2484.0,1714.7,259.9,,,,,,,,,,,,,,,,,,,0.2024,,,,0.8253,,,,,,,,,,,,,,,,,,,,,,
2020-06-10,,,,,,,,,,,,,0.25,,0.0,0.1,-0.1,,,,,95.959,,,,,,,,39.6,41.73,120.99,117.3,,2470.0,1713.3,265.65,,,,,,,,,,,,,,,,,,,0.1667,,,,0.7263,,,,,,,,,,,,,,,,,,,,,,
2020-06-11,,,,,,,,,,,,,0.25,,0.0,0.1,-0.1,,,,,96.733,,,,,,,,36.34,38.55,111.88,108.8,,2362.0,1732.0,258.65,,,,,,,,,,,,,,,,,,,0.1967,,,,0.669,,,,,,,,,,,,,,,,,,,,,,
2020-06-12,,,,,,,,,,,,,0.25,,0.0,0.1,-0.1,,,,,97.319,,,,,,,,36.26,38.73,112.43,110.14,,2396.0,1729.3,260.0,,,,,,,,,,,,,,,,,,,0.193,,,,0.7034,,,,,,,,,,,,,,,,,,,,,,
2020-06-15,,,,,,,,,,,,,0.25,,0.0,0.1,-0.1,,,,,96.706,,,,,,,,37.12,39.72,116.57,113.7,,2355.0,1720.3,256.7,,,,,,,,,,,,,,,,,,,0.189,,,,0.7215,,,,,,,,,,,,,,,,,,,,,,
2020-06-16,,,,,,,,,,,,,0.25,,0.0,0.1,-0.1,,,,,96.958,,,,,,,,38.38,40.96,120.73,118.22,,2360.0,1729.6,256.45,,,,,,,,,,,,,,,,,,,0.1992,,,,0.7528,,,,,,,,,,,,,,,,,,,,,,
2020-06-17,,,,,,,,,,,,,0.25,,0.0,0.1,-0.1,,,,,97.158,,,,,,,,37.96,40.71,121.53,118.2,,2379.0,1729.2,258.95,,,,,,,,,,,,,,,,,,,0.1952,,,,0.738,,,,,,,,,,,,,,,,,,,,,,
2020-06-18,,,,,,,,,,,,,0.25,,0.0,0.1,-0.1,,,,,97.421,,,,,,,,38.84,41.51,125.77,119.86,,2419.0,1724.8,258.8,,,,,,,,,,,,,,,,,,,0.1933,,,,0.7084,,,,,,,,,,,,,,,,,,,,,,
2020-06-19,,,,,,,,,,,,,0.25,,0.0,0.1,-0.1,,,,,97.623,,,,,,,,39.75,42.19,127.16,121.14,,2387.0,1745.9,261.1,,,,,,,,,,,,,,,,,,,0.1855,,,,0.6937,,,,,,,,,,,,,,,,,,,,,,
2020-06-22,,,,,,,,,,,,,0.25,,0.0,0.1,-0.1,,,,,97.039,,,,,,,,40.46,43.08,129.13,121.86,,2405.0,1756.7,265.25,,,,,,,,,,,,,,,,,,,0.1917,,,,0.7085,,,,,,,,,,,,,,,,,,,,,,
2020-06-23,,,,,,,,,,,,,0.25,,0.0,0.1,-0.1,,,,,96.646,,,,,,,,40.37,42.63,129.94,120.3,,2425.0,1772.1,265.85,,,,,,,,,,,,,,,,,,,0.1857,,,,0.7118,,,,,,,,,,,,,,,,,,,,,,
2020-06-24,,,,,,,,,,,,,0.25,,0.0,0.1,-0.1,,,,,97.148,,,,,,,,38.01,40.31,119.64,115.08,,2441.0,1765.8,265.05,,,,,,,,,,,,,,,,,,,0.1876,,,,0.679,,,,,,,,,,,,,,,,,,,,,,
2020-06-25,,,,,,,,,,,,,0.25,,0.0,0.1,-0.1,,,,,97.429,,,,,,,,38.72,41.05,119.42,115.56,,2521.0,1762.1,266.3,,,,,,,,,,,,,,,,,,,0.1857,,,,0.6856,,,,,,,,,,,,,,,,,,,,,,
2020-06-26,,,,,,,,,,,,,0.25,,0.0,0.1,-0.1,,,,,97.433,,,,,,,,38.49,41.02,115.33,113.63,,2352.0,1772.5,265.9,,,,,,,,,,,,,,,,,,,0.1661,,,,0.6413,,,,,,,,,,,,,,,,,,,,,,
2020-06-29,,,,,,,,,,,,,0.25,,0.0,0.1,-0.1,,,,,97.536,,,,,,,,39.7,41.71,118.41,116.54,,2313.0,1781.2,267.95,,,,,,,,,,,,,,,,,,,0.1485,,,,0.6234,,,,,,,,,,,,,,,,,,,,,,
2020-06-30,,,,,,,,,,,,,0.25,,0.0,0.1,-0.1,,,,,97.391,,,,,,,,39.27,41.15,120.01,117.81,,2251.0,1800.5,271.35,,,,,,,,,,,,,,,,,,,0.1485,,,,0.6561,,,,,,,,,,,,,,,,,,,,,,
2020-07-01,,,,,,,,,,,,,0.25,,0.0,0.1,-0.1,,,,,97.196,,,,,,,,39.82,42.03,121.69,119.96,,2209.0,1779.9,271.7,,,,,,,,,,,,,,,,,,,0.1603,,,,0.6758,,,,,,,,,,,,,,,,,,,,,,
2020-07-02,,,,,,,,,,,,,0.25,,0.0,0.1,-0.1,,,,,97.317,,,,,,,,40.65,43.14,125.92,123.11,,2214.0,1790.0,273.35,,,,,,,,,,,,,,,,,,,0.1526,,,,0.6693,,,,,,,,,,,,,,,,,,,,,,
2020-07-03,,,,,,,,,,,,,0.25,,0.0,0.1,-0.1,,,,,97.172,,,,,,,,,42.8,,,,,,,,,,,,,,,,,,,,,,,,,0.1526,,,,0.6693,,,,,,,,,,,,,,,,,,,,,,
2020-07-06,,,,,,,,,,,,,0.25,,0.0,0.1,-0.1,,,,,96.725,,,,,,,,40.63,43.1,124.08,124.17,,2187.0,1793.5,276.6,,,,,,,,,,,,,,,,,,,0.1566,,,,0.6759,,,,,,,,,,,,,,,,,,,,,,
2020-07-07,,,,,,,,,,,,,0.25,,0.0,0.1,-0.1,,,,,96.881,,,,,,,,40.62,43.08,127.5,124.33,,2217.0,1809.9,278.75,,,,,,,,,,,,,,,,,,,0.1567,,,,0.6397,,,,,,,,,,,,,,,,,,,,,,
2020-07-08,,,,,,,,,,,,,0.25,,0.0,0.1,-0.1,,,,,96.428,,,,,,,,40.9,43.29,129.09,123.44,,2221.0,1820.6,281.45,,,,,,,,,,,,,,,,,,,0.1587,,,,0.6644,,,,,,,,,,,,,,,,,,,,,,
2020-07-09,,,,,,,,,,,,,0.25,,0.0,0.1,-0.1,,,,,96.7,,,,,,,,39.62,42.35,125.05,122.39,,2267.0,1803.8,282.8,,,,,,,,,,,,,,,,,,,0.1508,,,,0.6135,,,,,,,,,,,,,,,,,,,,,,
2020-07-10,,,,,,,,,,,,,0.25,,0.0,0.1,-0.1,,,,,96.652,,,,,,,,40.55,43.24,128.31,124.12,,2278.0,1801.9,288.7,,,,,,,,,,,,,,,,,,,0.1529,,,,0.6447,,,,,,,,,,,,,,,,,,,,,,
2020-07-13,,,,,,,,,,,,,0.25,,0.0,0.1,-0.1,,,,,96.464,,,,,,,,40.1,42.72,127.34,122.35,,2311.0,1814.1,294.2,,,,,,,,,,,,,,,,,,,0.1509,,,,0.6184,,,,,,,,,,,,,,,,,,,,,,
2020-07-14,,,,,,,,,,,,,0.25,,0.0,0.1,-0.1,,,,,96.259,,,,,,,,40.29,42.9,124.74,122.08,,2273.0,1813.4,291.6,,,,,,,,,,,,,,,,,,,0.157,,,,0.6233,,,,,,,,,,,,,,,,,,,,,,
2020-07-15,,,,,,,,,,,,,0.25,,0.0,0.1,-0.1,,,,,96.081,,,,,,,,41.2,43.79,126.45,124.48,,2253.0,1813.8,287.05,,,,,,,,,,,,,,,,,,,0.155,,,,0.6299,,,,,,,,,,,,,,,,,,,,,,
2020-07-16,,,,,,,,,,,,,0.25,,0.0,0.1,-0.1,,,,,96.346,,,,,,,,40.75,43.37,123.39,122.79,,2279.0,1800.3,288.6,,,,,,,,,,,,,,,,,,,0.145,,,,0.6168,,,,,,,,,,,,,,,,,,,,,,
2020-07-17,,,,,,,,,,,,,0.25,,0.0,0.1,-0.1,,,,,95.942,,,,,,,,40.59,43.14,122.45,121.91,,2160.0,1810.0,288.75,,,,,,,,,,,,,,,,,,,0.1451,,,,0.6266,,,,,,,,,,,,,,,,,,,,,,
2020-07-20,,,,,,,,,,,,,0.25,,0.0,0.1,-0.1,,,,,95.832,,,,,,,,40.81,43.28,122.85,123.55,,2219.0,1817.4,289.85,,,,,,,,,,,,,,,,,,,0.1472,,,,0.6102,,,,,,,,,,,,,,,,,,,,,,
2020-07-21,,,,,,,,,,,,,0.25,,0.0,0.1,-0.1,,,,,95.117,,,,,,,,41.96,44.32,127.97,128.0,,2176.0,1843.9,294.1,,,,,,,,,,,,,,,,,,,0.1411,,,,0.6004,,,,,,,,,,,,,,,,,,,,,,
2020-07-22,,,,,,,,,,,,,0.25,,0.0,0.1,-0.1,,,,,94.988,,,,,,,,41.9,44.29,128.28,127.07,,2205.0,1865.1,290.85,,,,,,,,,,,,,,,,,,,0.1492,,,,0.5971,,,,,,,,,,,,,,,,,,,,,,
2020-07-23,,,,,,,,,,,,,0.25,,0.0,0.1,-0.1,,,,,94.692,,,,,,,,41.07,43.31,125.86,125.41,,2202.0,1890.0,292.45,,,,,,,,,,,,,,,,,,,0.1513,,,,0.5774,,,,,,,,,,,,,,,,,,,,,,
2020-07-24,,,,,,,,,,,,,0.25,,0.0,0.1,-0.1,,,,,94.435,,,,,,,,41.29,43.34,128.48,125.63,,2224.0,1897.5,288.2,,,,,,,,,,,,,,,,,,,0.1473,,,,0.5888,,,,,,,,,,,,,,,,,,,,,,
2020-07-27,,,,,,,,,,,,,0.25,,0.0,0.1,-0.1,,,,,93.668,,,,,,,,41.6,43.41,127.47,125.41,,2286.0,1931.0,288.8,,,,,,,,,,,,,,,,,,,0.1514,,,,0.6151,,,,,,,,,,,,,,,,,,,,,,
2020-07-28,,,,,,,,,,,,,0.25,,0.0,0.1,-0.1,,,,,93.696,,,,,,,,41.04,43.22,126.56,124.21,,2291.0,1944.6,290.5,,,,,,,,,,,,,,,,,,,0.1387,,,,0.579,,,,,,,,,,,,,,,,,,,,,,
2020-07-29,,,,,,,,,,,,,0.25,,0.0,0.1,-0.1,,,,,93.453,,,,,,,,41.27,43.75,124.15,125.33,,2341.0,1953.4,290.55,,,,,,,,,,,,,,,,,,,0.1309,,,,0.5741,,,,,,,,,,,,,,,,,,,,,,
2020-07-30,,,,,,,,,,,,,0.25,,0.0,0.1,-0.1,,,,,93.021,,,,,,,,39.92,42.94,122.04,121.19,,2344.0,1942.3,291.4,,,,,,,,,,,,,,,,,,,0.1172,,,,0.5462,,,,,,,,,,,,,,,,,,,,,,
2020-07-31,,,,,,,,,,,,,0.25,,0.0,0.1,-0.1,,,,,93.349,,,,,,,,40.27,43.3,118.71,121.71,,2400.0,1962.8,286.8,,,,,,,,,,,,,,,,,,,0.1054,,,,0.5282,,,,,,,,,,,,,,,,,,,,,,
2020-08-03,,,,,,,,,,,,,0.25,,0.0,0.1,-0.1,,,,,93.542,,,,,,,,41.01,44.15,121.31,124.09,,2469.0,1966.0,291.2,,,,,,,,,,,,,,,,,,,0.1093,,,,0.5543,,,,,,,,,,,,,,,,,,,,,,
2020-08-04,,,,,,,,,,,,,0.25,,0.0,0.1,-0.1,,,,,93.382,,,,,,,,41.7,44.43,121.43,125.84,,2449.0,2001.2,289.45,,,,,,,,,,,,,,,,,,,0.1073,,,,0.5069,,,,,,,,,,,,,,,,,,,,,,
2020-08-05,,,,,,,,,,,,,0.25,,0.0,0.1,-0.1,,,,,92.868,,,,,,,,42.19,45.17,122.28,126.31,,2481.0,2031.1,291.7,,,,,,,,,,,,,,,,,,,0.1171,,,,0.5477,,,,,,,,,,,,,,,,,,,,,,
2020-08-06,,,,,,,,,,,,,0.25,,0.0,0.1,-0.1,,,,,92.788,,,,,,,,41.95,45.09,122.81,124.99,,2510.0,2051.5,291.05,,,,,,,,,,,,,,,,,,,0.1151,,,,0.5362,,,,,,,,,,,,,,,,,,,,,,
2020-08-07,,,,,,,,,,,,,0.25,,0.0,0.1,-0.1,,,,,93.435,,,,,,,,41.22,44.4,120.76,121.99,,2546.0,2010.1,279.25,,,,,,,,,,,,,,,,,,,0.129,,,,0.564,,,,,,,,,,,,,,,,,,,,,,
2020-08-10,,,,,,,,,,,,,0.25,,0.0,0.1,-0.1,,,,,93.582,,,,,,,,41.94,44.99,122.93,123.69,,2495.0,2024.4,286.15,,,,,,,,,,,,,,,,,,,0.131,,,,0.5755,,,,,,,,,,,,,,,,,,,,,,
2020-08-11,,,,,,,,,,,,,0.25,,0.0,0.1,-0.1,,,,,93.628,,,,,,,,41.61,44.5,120.45,123.84,,2458.0,1932.6,287.55,,,,,,,,,,,,,,,,,,,0.1489,,,,0.6415,,,,,,,,,,,,,,,,,,,,,,
2020-08-12,,,,,,,,,,,,,0.25,,0.0,0.1,-0.1,,,,,93.443,,,,,,,,42.67,45.43,124.38,125.72,,2479.0,1934.9,289.1,,,,,,,,,,,,,,,,,,,0.1609,,,,0.6747,,,,,,,,,,,,,,,,,,,,,,
2020-08-13,,,,,,,,,,,,,0.25,,0.0,0.1,-0.1,,,,,93.335,,,,,,,,42.24,44.96,123.48,123.81,,2487.0,1956.7,280.7,,,,,,,,,,,,,,,,,,,0.1629,,,,0.7208,,,,,,,,,,,,,,,,,,,,,,
2020-08-14,,,,,,,,,,,,,0.25,,0.0,0.1,-0.1,,,,,93.096,,,,,,,,42.01,44.8,124.46,123.67,,2436.0,1937.0,285.9,,,,,,,,,,,,,,,,,,,0.145,,,,0.7094,,,,,,,,,,,,,,,,,,,,,,
2020-08-17,,,,,,,,,,,,,0.25,,0.0,0.1,-0.1,,,,,92.851,,,,,,,,42.89,45.37,127.0,123.91,,2421.0,1985.0,290.15,,,,,,,,,,,,,,,,,,,0.1511,,,,0.6882,,,,,,,,,,,,,,,,,,,,,,
2020-08-18,,,,,,,,,,,,,0.25,,0.0,0.1,-0.1,,,,,92.271,,,,,,,,42.89,45.46,128.3,126.04,,2476.0,1999.4,297.5,,,,,,,,,,,,,,,,,,,0.1431,,,,0.6687,,,,,,,,,,,,,,,,,,,,,,
2020-08-19,,,,,,,,,,,,,0.25,,0.0,0.1,-0.1,,,,,92.887,,,,,,,,42.93,45.37,129.05,125.1,,2446.0,1958.7,302.3,,,,,,,,,,,,,,,,,,,0.1391,,,,0.6801,,,,,,,,,,,,,,,,,,,,,,
2020-08-20,,,,,,,,,,,,,0.25,,0.0,0.1,-0.1,,,,,92.793,,,,,,,,42.58,44.9,129.65,124.67,,2440.0,1933.8,297.45,,,,,,,,,,,,,,,,,,,0.1411,,,,0.6509,,,,,,,,,,,,,,,,,,,,,,
2020-08-21,,,,,,,,,,,,,0.25,,0.0,0.1,-0.1,,,,,93.247,,,,,,,,42.34,44.35,128.41,120.8,,2459.0,1934.6,291.75,,,,,,,,,,,,,,,,,,,0.1432,,,,0.6282,,,,,,,,,,,,,,,,,,,,,,
2020-08-24,,,,,,,,,,,,,0.25,,0.0,0.1,-0.1,,,,,93.298,,,,,,,,42.62,45.13,136.71,124.76,,2509.0,1927.7,292.65,,,,,,,,,,,,,,,,,,,0.1513,,,,0.6542,,,,,,,,,,,,,,,,,,,,,,
2020-08-25,,,,,,,,,,,,,0.25,,0.0,0.1,-0.1,,,,,93.019,,,,,,,,43.35,45.86,139.59,126.01,,2537.0,1911.8,293.4,,,,,,,,,,,,,,,,,,,0.1493,,,,0.6835,,,,,,,,,,,,,,,,,,,,,,
2020-08-26,,,,,,,,,,,,,0.25,,0.0,0.1,-0.1,,,,,93.006,,,,,,,,43.39,45.64,136.06,124.47,,2526.0,1940.7,296.15,,,,,,,,,,,,,,,,,,,0.1504,,,,0.6884,,,,,,,,,,,,,,,,,,,,,,
2020-08-27,,,,,,,,,,,,,0.25,,0.0,0.1,-0.1,,,,,93.001,,,,,,,,43.04,45.09,128.45,121.07,,2589.0,1921.6,296.75,,,,,,,,,,,,,,,,,,,0.1583,,,,0.7522,,,,,,,,,,,,,,,,,,,,,,
2020-08-28,,,,,,,,,,,,,0.25,,0.0,0.1,-0.1,,,,,92.371,,,,,,,,42.97,45.05,131.55,121.62,,2692.0,1966.8,299.5,,,,,,,,,,,,,,,,,,,0.127,,,,0.7211,,,,,,,,,,,,,,,,,,,,,,
2020-08-31,,,,,,,,,,,,,0.25,,0.0,0.1,-0.1,,,,,92.144,,,,,,,,42.61,45.28,127.61,119.61,,2723.0,1970.5,304.1,,,,,,,,,,,,,,,,,,,0.1309,,,,0.7048,,,,,,,,,,,,,,,,,,,,,,
2020-09-01,,,,,,,,,,,,,0.25,,0.0,0.1,-0.1,,,,,92.338,,,,,,,,42.76,45.58,122.47,123.08,,2735.0,1970.8,300.95,,,,,,,,,,,,,,,,,,,0.1309,,,,0.6689,,,,,,,,,,,,,,,,,,,,,,
2020-09-02,,,,,,,,,,,,,0.25,,0.0,0.1,-0.1,,,,,92.847,,,,,,,,41.51,44.43,120.2,118.85,,2750.0,1936.9,300.3,,,,,,,,,,,,,,,,,,,0.1329,,,,0.6477,,,,,,,,,,,,,,,,,,,,,,
2020-09-03,,,,,,,,,,,,,0.25,,0.0,0.1,-0.1,,,,,92.739,,,,,,,,41.37,44.07,120.49,116.77,,2703.0,1930.2,295.8,,,,,,,,,,,,,,,,,,,0.127,,,,0.6347,,,,,,,,,,,,,,,,,,,,,,
2020-09-04,,,,,,,,,,,,,0.25,,0.0,0.1,-0.1,,,,,92.719,,,,,,,,39.77,42.66,117.72,115.15,,2664.0,1926.2,304.65,,,,,,,,,,,,,,,,,,,0.1428,,,,0.718,,,,,,,,,,,,,,,,,,,,,,
2020-09-07,,,,,,,,,,,,,0.25,,0.0,0.1,-0.1,,,,,92.719,,,,,,,,,42.01,,,,,,,,,,,,,,,,,,,,,,,,,0.1428,,,,0.718,,,,,,,,,,,,,,,,,,,,,,
2020-09-08,,,,,,,,,,,,,0.25,,0.0,0.1,-0.1,,,,,93.445,,,,,,,,36.76,39.78,110.28,107.68,,2624.0,1935.1,301.25,,,,,,,,,,,,,,,,,,,0.1408,,,,0.6788,,,,,,,,,,,,,,,,,,,,,,
2020-09-09,,,,,,,,,,,,,0.25,,0.0,0.1,-0.1,,,,,93.255,,,,,,,,38.05,40.79,111.93,110.61,,2631.0,1946.8,304.0,,,,,,,,,,,,,,,,,,,0.1468,,,,0.7001,,,,,,,,,,,,,,,,,,,,,,
2020-09-10,,,,,,,,,,,,,0.25,,0.0,0.1,-0.1,,,,,93.336,,,,,,,,37.3,40.06,109.77,108.24,,2606.0,1956.0,298.7,,,,,,,,,,,,,,,,,,,0.1389,,,,0.6772,,,,,,,,,,,,,,,,,,,,,,
2020-09-11,,,,,,,,,,,,,0.25,,0.0,0.1,-0.1,,,,,93.333,,,,,,,,37.33,39.83,109.49,108.96,,2620.0,1939.5,303.4,,,,,,,,,,,,,,,,,,,0.127,,,,0.6658,,,,,,,,,,,,,,,,,,,,,,
2020-09-14,,,,,,,,,,,,,0.25,,0.0,0.1,-0.1,,,,,93.052,,,,,,,,37.26,39.61,110.68,109.34,,2628.0,1954.7,306.65,,,,,,,,,,,,,,,,,,,0.137,,,,0.6723,,,,,,,,,,,,,,,,,,,,,,
2020-09-15,,,,,,,,,,,,,0.25,,0.0,0.1,-0.1,,,,,93.05,,,,,,,,38.28,40.53,113.81,109.93,,2766.0,1958.0,306.3,,,,,,,,,,,,,,,,,,,0.139,,,,0.6789,,,,,,,,,,,,,,,,,,,,,,
2020-09-16,,,,,,,,,,,,,0.25,,0.0,0.1,-0.1,,,,,93.214,,,,,,,,40.16,42.22,118.89,111.63,,2602.0,1962.0,305.8,,,,,,,,,,,,,,,,,,,0.137,,,,0.6969,,,,,,,,,,,,,,,,,,,,,,
2020-09-17,,,,,,,,,,,,,0.25,,0.0,0.1,-0.1,,,,,92.97,,,,,,,,40.97,43.3,122.44,115.98,,2600.0,1941.3,306.65,,,,,,,,,,,,,,,,,,,0.135,,,,0.6887,,,,,,,,,,,,,,,,,,,,,,
2020-09-18,,,,,,,,,,,,,0.25,,0.0,0.1,-0.1,,,,,92.926,,,,,,,,41.11,43.15,123.66,115.9,,2641.0,1953.2,311.35,,,,,,,,,,,,,,,,,,,0.1391,,,,0.6937,,,,,,,,,,,,,,,,,,,,,,
2020-09-21,,,,,,,,,,,,,0.25,,0.0,0.1,-0.1,,,,,93.656,,,,,,,,39.31,41.44,117.71,110.73,,2629.0,1902.1,302.95,,,,,,,,,,,,,,,,,,,0.1371,,,,0.6658,,,,,,,,,,,,,,,,,,,,,,
2020-09-22,,,,,,,,,,,,,0.25,,0.0,0.1,-0.1,,,,,93.988,,,,,,,,39.6,41.72,116.43,109.61,,2556.0,1899.3,305.9,,,,,,,,,,,,,,,,,,,0.1351,,,,0.6708,,,,,,,,,,,,,,,,,,,,,,
2020-09-23,,,,,,,,,,,,,0.25,,0.0,0.1,-0.1,,,,,94.389,,,,,,,,39.93,41.77,118.13,110.75,,2580.0,1860.5,299.35,,,,,,,,,,,,,,,,,,,0.1387,,,,0.6724,,,,,,,,,,,,,,,,,,,,,,
2020-09-24,,,,,,,,,,,,,0.25,,0.0,0.1,-0.1,,,,,94.354,,,,,,,,40.31,41.94,119.57,111.67,,2599.0,1868.9,296.9,,,,,,,,,,,,,,,,,,,0.1328,,,,0.6659,,,,,,,,,,,,,,,,,,,,,,
2020-09-25,,,,,,,,,,,,,0.25,,0.0,0.1,-0.1,,,,,94.642,,,,,,,,40.25,41.92,121.42,112.62,,2568.0,1857.8,297.3,,,,,,,,,,,,,,,,,,,0.1289,,,,0.6544,,,,,,,,,,,,,,,,,,,,,,
2020-09-28,,,,,,,,,,,,,0.25,,0.0,0.1,-0.1,,,,,94.278,,,,,,,,40.6,42.43,124.66,113.95,,2587.0,1872.8,298.95,,,,,,,,,,,,,,,,,,,0.125,,,,0.6528,,,,,,,,,,,,,,,,,,,,,,
2020-09-29,,,,,,,,,,,,,0.25,,0.0,0.1,-0.1,,,,,93.891,,,,,,,,39.29,41.03,120.17,110.9,,2588.0,1894.3,299.0,,,,,,,,,,,,,,,,,,,0.123,,,,0.6495,,,,,,,,,,,,,,,,,,,,,,
2020-09-30,,,,,,,,,,,,,0.25,,0.0,0.1,-0.1,,,,,93.886,,,,,,,,40.22,40.95,120.08,114.54,,2546.0,1887.5,303.25,,,,,,,,,,,,,,,,,,,0.127,,,,0.684,,,,,,,,,,,,,,,,,,,,,,
2020-10-01,,,,,,,,,,,,,0.25,,0.0,0.1,-0.1,,,,,93.711,,,,,,,,38.72,40.93,115.24,112.5,,2508.0,1908.4,286.55,,,,,,,,,,,,,,,,,,,0.127,,,,0.6774,,,,,,,,,,,,,,,,,,,,,,
2020-10-02,,,,,,,,,,,,,0.25,,0.0,0.1,-0.1,,,,,93.844,,,,,,,,37.05,39.27,112.35,108.5,,2482.0,1900.2,297.75,,,,,,,,,,,,,,,,,,,0.1289,,,,0.7005,,,,,,,,,,,,,,,,,,,,,,
2020-10-05,,,,,,,,,,,,,0.25,,0.0,0.1,-0.1,,,,,93.513,,,,,,,,39.22,41.29,119.41,113.33,,2459.0,1912.5,296.3,,,,,,,,,,,,,,,,,,,0.1447,,,,0.7817,,,,,,,,,,,,,,,,,,,,,,
2020-10-06,,,,,,,,,,,,,0.25,,0.0,0.1,-0.1,,,,,93.686,,,,,,,,40.67,42.65,123.51,118.86,,2437.0,1901.1,296.35,,,,,,,,,,,,,,,,,,,0.1467,,,,0.7353,,,,,,,,,,,,,,,,,,,,,,
2020-10-07,,,,,,,,,,,,,0.25,,0.0,0.1,-0.1,,,,,93.63,,,,,,,,39.95,41.99,120.09,116.08,,2452.0,1883.6,303.3,,,,,,,,,,,,,,,,,,,0.1507,,,,0.7868,,,,,,,,,,,,,,,,,,,,,,
2020-10-08,,,,,,,,,,,,,0.25,,0.0,0.1,-0.1,,,,,93.605,,,,,,,,41.19,43.34,123.16,119.23,,2473.0,1888.6,304.2,,,,,,,,,,,,,,,,,,,0.1508,,,,0.7852,,,,,,,,,,,,,,,,,,,,,,
2020-10-09,,,,,,,,,,,,,0.25,,0.0,0.1,-0.1,,,,,93.057,,,,,,,,40.6,42.85,120.32,119.33,,2432.0,1919.5,308.25,,,,,,,,,,,,,,,,,,,0.1529,,,,0.7737,,,,,,,,,,,,,,,,,,,,,,
2020-10-12,,,,,,,,,,,,,0.25,,0.0,0.1,-0.1,,,,,93.065,,,,,,,,39.43,41.72,117.57,115.71,,2444.0,1922.5,306.4,,,,,,,,,,,,,,,,,,,0.1529,,,,0.7737,,,,,,,,,,,,,,,,,,,,,,
2020-10-13,,,,,,,,,,,,,0.25,,0.0,0.1,-0.1,,,,,93.531,,,,,,,,40.2,42.45,118.27,116.9,,2381.0,1888.5,304.45,,,,,,,,,,,,,,,,,,,0.139,,,,0.7272,,,,,,,,,,,,,,,,,,,,,,
2020-10-14,,,,,,,,,,,,,0.25,,0.0,0.1,-0.1,,,,,93.382,,,,,,,,41.04,43.32,119.71,119.25,,2391.0,1901.3,305.05,,,,,,,,,,,,,,,,,,,0.139,,,,0.7256,,,,,,,,,,,,,,,,,,,,,,
2020-10-15,,,,,,,,,,,,,0.25,,0.0,0.1,-0.1,,,,,93.856,,,,,,,,40.96,43.16,118.0,118.87,,2343.0,1903.2,308.55,,,,,,,,,,,,,,,,,,,0.139,,,,0.7322,,,,,,,,,,,,,,,,,,,,,,
2020-10-16,,,,,,,,,,,,,0.25,,0.0,0.1,-0.1,,,,,93.682,,,,,,,,40.88,42.93,116.88,117.91,,2361.0,1900.8,306.75,,,,,,,,,,,,,,,,,,,0.1431,,,,0.7456,,,,,,,,,,,,,,,,,,,,,,
2020-10-19,,,,,,,,,,,,,0.25,,0.0,0.1,-0.1,,,,,93.427,,,,,,,,40.83,42.62,116.23,115.81,,2425.0,1906.4,308.6,,,,,,,,,,,,,,,,,,,0.1451,,,,0.769,,,,,,,,,,,,,,,,,,,,,,
2020-10-20,,,,,,,,,,,,,0.25,,0.0,0.1,-0.1,,,,,93.067,,,,,,,,41.46,43.16,118.79,117.35,,2382.0,1910.4,314.8,,,,,,,,,,,,,,,,,,,0.1431,,,,0.7857,,,,,,,,,,,,,,,,,,,,,,
2020-10-21,,,,,,,,,,,,,0.25,,0.0,0.1,-0.1,,,,,92.611,,,,,,,,40.03,41.73,114.03,113.99,,2427.0,1924.6,319.85,,,,,,,,,,,,,,,,,,,0.1472,,,,0.8226,,,,,,,,,,,,,,,,,,,,,,
2020-10-22,,,,,,,,,,,,,0.25,,0.0,0.1,-0.1,,,,,92.951,,,,,,,,40.64,42.46,115.81,116.07,,2474.0,1901.1,315.35,,,,,,,,,,,,,,,,,,,0.1533,,,,0.8562,,,,,,,,,,,,,,,,,,,,,,
2020-10-23,,,,,,,,,,,,,0.25,,0.0,0.1,-0.1,,,,,92.768,,,,,,,,39.85,41.77,113.89,115.13,,2479.0,1902.0,312.9,,,,,,,,,,,,,,,,,,,0.1554,,,,0.8429,,,,,,,,,,,,,,,,,,,,,,
2020-10-26,,,,,,,,,,,,,0.25,,0.0,0.1,-0.1,,,,,93.045,,,,,,,,38.56,40.46,111.16,112.18,,2497.0,1902.7,308.95,,,,,,,,,,,,,,,,,,,0.1494,,,,0.801,,,,,,,,,,,,,,,,,,,,,,
2020-10-27,,,,,,,,,,,,,0.25,,0.0,0.1,-0.1,,,,,92.94,,,,,,,,39.57,41.2,114.34,115.77,,2452.0,1908.8,309.35,,,,,,,,,,,,,,,,,,,0.1453,,,,0.7676,,,,,,,,,,,,,,,,,,,,,,
2020-10-28,,,,,,,,,,,,,0.25,,0.0,0.1,-0.1,,,,,93.405,,,,,,,,37.39,39.12,108.14,111.42,,2376.0,1876.2,306.4,,,,,,,,,,,,,,,,,,,0.1466,,,,0.771,,,,,,,,,,,,,,,,,,,,,,
2020-10-29,,,,,,,,,,,,,0.25,,0.0,0.1,-0.1,,,,,93.955,,,,,,,,36.17,37.65,105.15,108.84,,2339.0,1868.0,305.65,,,,,,,,,,,,,,,,,,,0.1466,,,,0.823,,,,,,,,,,,,,,,,,,,,,,
2020-10-30,,,,,,,,,,,,,0.25,,0.0,0.1,-0.1,,,,,94.038,,,,,,,,35.79,37.46,104.95,108.13,,2293.0,1879.9,304.75,,,,,,,,,,,,,,,,,,,0.1525,,,,0.8737,,,,,,,,,,,,,,,,,,,,,,
2020-11-02,,,,,,,,,,,,,0.25,,0.0,0.1,-0.1,,,,,94.129,,,,,,,,36.81,38.97,105.2,111.23,,2257.0,1892.5,307.7,,,,,,,,,,,,,,,,,,,0.1545,,,,0.8434,,,,,,,,,,,,,,,,,,,,,,
2020-11-03,,,,,,,,,,,,,0.25,,0.0,0.1,-0.1,,,,,93.553,,,,,,,,37.66,39.71,107.69,112.71,,2290.0,1910.4,309.25,,,,,,,,,,,,,,,,,,,0.1663,,,,0.8993,,,,,,,,,,,,,,,,,,,,,,
2020-11-04,,,,,,,,,,,,,0.25,,0.0,0.1,-0.1,,,,,93.407,,,,,,,,39.15,41.23,110.81,117.35,,2276.0,1896.2,310.7,,,,,,,,,,,,,,,,,,,0.1447,,,,0.7629,,,,,,,,,,,,,,,,,,,,,,
2020-11-05,,,,,,,,,,,,,0.25,,0.0,0.1,-0.1,,,,,92.525,,,,,,,,38.79,40.93,111.59,116.96,,2312.0,1946.8,311.0,,,,,,,,,,,,,,,,,,,0.1447,,,,0.7629,,,,,,,,,,,,,,,,,,,,,,
2020-11-06,,,,,,,,,,,,,0.25,,0.0,0.1,-0.1,,,,,92.229,,,,,,,,37.14,39.45,108.44,114.26,,2333.0,1951.7,315.4,,,,,,,,,,,,,,,,,,,0.1527,,,,0.8185,,,,,,,,,,,,,,,,,,,,,,
2020-11-09,,,,,,,,,,,,,0.25,,0.0,0.1,-0.1,,,,,92.725,,,,,,,,40.29,42.4,116.07,121.67,,2390.0,1854.4,315.6,,,,,,,,,,,,,,,,,,,0.1706,,,,0.9235,,,,,,,,,,,,,,,,,,,,,,
2020-11-10,,,,,,,,,,,,,0.25,,0.0,0.1,-0.1,,,,,92.749,,,,,,,,41.36,43.61,119.41,125.25,,2339.0,1876.4,315.55,,,,,,,,,,,,,,,,,,,0.1807,,,,0.9595,,,,,,,,,,,,,,,,,,,,,,
2020-11-11,,,,,,,,,,,,,0.25,,0.0,0.1,-0.1,,,,,93.043,,,,,,,,41.45,43.8,117.59,124.58,,2353.0,1861.6,313.4,,,,,,,,,,,,,,,,,,,0.1807,,,,0.9753,,,,,,,,,,,,,,,,,,,,,,
2020-11-12,,,,,,,,,,,,,0.25,,0.0,0.1,-0.1,,,,,92.963,,,,,,,,41.12,43.53,115.71,123.33,,2340.0,1873.3,314.5,,,,,,,,,,,,,,,,,,,0.1768,,,,0.8815,,,,,,,,,,,,,,,,,,,,,,
2020-11-13,,,,,,,,,,,,,0.25,,0.0,0.1,-0.1,,,,,92.755,,,,,,,,40.13,42.78,112.54,120.42,,2365.0,1886.2,317.8,,,,,,,,,,,,,,,,,,,0.179,,,,0.8963,,,,,,,,,,,,,,,,,,,,,,
2020-11-16,,,,,,,,,,,,,0.25,,0.0,0.1,-0.1,,,,,92.642,,,,,,,,41.34,43.82,114.68,122.89,,2653.0,1887.8,322.2,,,,,,,,,,,,,,,,,,,0.1771,,,,0.9061,,,,,,,,,,,,,,,,,,,,,,
2020-11-17,,,,,,,,,,,,,0.25,,0.0,0.1,-0.1,,,,,92.416,,,,,,,,41.43,43.75,115.32,123.91,,2768.0,1885.1,319.8,,,,,,,,,,,,,,,,,,,0.1692,,,,0.857,,,,,,,,,,,,,,,,,,,,,,
2020-11-18,,,,,,,,,,,,,0.25,,0.0,0.1,-0.1,,,,,92.316,,,,,,,,41.82,44.34,116.29,126.4,,2831.0,1873.9,319.8,,,,,,,,,,,,,,,,,,,0.1732,,,,0.8701,,,,,,,,,,,,,,,,,,,,,,
2020-11-19,,,,,,,,,,,,,0.25,,0.0,0.1,-0.1,,,,,92.294,,,,,,,,41.74,44.2,116.25,127.07,,2915.0,1861.5,320.2,,,,,,,,,,,,,,,,,,,0.1612,,,,0.8293,,,,,,,,,,,,,,,,,,,,,,
2020-11-20,,,,,,,,,,,,,0.25,,0.0,0.1,-0.1,,,,,92.392,,,,,,,,42.15,44.96,117.52,128.63,,2962.0,1872.4,329.1,,,,,,,,,,,,,,,,,,,0.1573,,,,0.8243,,,,,,,,,,,,,,,,,,,,,,
2020-11-23,,,,,,,,,,,,,0.25,,0.0,0.1,-0.1,,,,,92.505,,,,,,,,43.06,46.06,120.4,131.05,,3022.0,1837.8,325.8,,,,,,,,,,,,,,,,,,,0.1594,,,,0.8537,,,,,,,,,,,,,,,,,,,,,,
2020-11-24,,,,,,,,,,,,,0.25,,0.0,0.1,-0.1,,,,,92.226,,,,,,,,44.91,47.86,125.82,135.95,,3054.0,1804.6,329.95,,,,,,,,,,,,,,,,,,,0.1602,,,,0.8799,,,,,,,,,,,,,,,,,,,,,,
2020-11-25,,,,,,,,,,,,,0.25,,0.0,0.1,-0.1,,,,,91.994,,,,,,,,45.71,48.61,128.75,138.66,,2993.0,1805.5,330.95,,,,,,,,,,,,,,,,,,,0.1583,,,,0.8816,,,,,,,,,,,,,,,,,,,,,,
2020-11-26,,,,,,,,,,,,,0.25,,0.0,0.1,-0.1,,,,,91.994,,,,,,,,,47.8,,,,,,,,,,,,,,,,,,,,,,,,,0.1583,,,,0.8816,,,,,,,,,,,,,,,,,,,,,,
2020-11-27,,,,,,,,,,,,,0.25,,0.0,0.1,-0.1,,,,,91.79,,,,,,,,45.53,48.18,128.2,138.05,,3035.0,1781.9,339.95,,,,,,,,,,,,,,,,,,,0.1524,,,,0.8373,,,,,,,,,,,,,,,,,,,,,,
2020-11-30,,,,,,,,,,,,,0.25,,0.0,0.1,-0.1,,,,,91.869,,,,,,,,45.34,47.59,124.89,135.59,,3008.0,1775.7,342.05,,,,,,,,,,,,,,,,,,,0.1485,,,,0.8389,,,,,,,,,,,,,,,,,,,,,,
2020-12-01,,,,,,,,,,,,,0.25,,0.0,0.1,-0.1,,,,,91.313,,,,,,,,44.55,47.42,122.04,134.73,,2960.0,1814.1,346.8,,,,,,,,,,,,,,,,,,,0.1662,,,,0.926,,,,,,,,,,,,,,,,,,,,,,
2020-12-02,,,,,,,,,,,,,0.25,,0.0,0.1,-0.1,,,,,91.118,,,,,,,,45.28,48.25,123.99,136.62,,2907.0,1825.7,347.5,,,,,,,,,,,,,,,,,,,0.1584,,,,0.936,,,,,,,,,,,,,,,,,,,,,,
2020-12-03,,,,,,,,,,,,,0.25,,0.0,0.1,-0.1,,,,,90.714,,,,,,,,45.64,48.71,126.17,139.33,,2897.0,1836.8,347.9,,,,,,,,,,,,,,,,,,,0.1486,,,,0.9063,,,,,,,,,,,,,,,,,,,,,,
2020-12-04,,,,,,,,,,,,,0.25,,0.0,0.1,-0.1,,,,,90.701,,,,,,,,46.26,49.25,126.85,140.3,,2878.0,1835.9,351.4,,,,,,,,,,,,,,,,,,,0.1507,,,,0.9659,,,,,,,,,,,,,,,,,,,,,,
2020-12-07,,,,,,,,,,,,,0.25,,0.0,0.1,-0.1,,,,,90.792,,,,,,,,45.76,48.79,125.58,139.92,,2836.0,1861.8,350.85,,,,,,,,,,,,,,,,,,,0.1408,,,,0.9228,,,,,,,,,,,,,,,,,,,,,,
2020-12-08,,,,,,,,,,,,,0.25,,0.0,0.1,-0.1,,,,,90.965,,,,,,,,45.6,48.84,125.59,140.67,,2700.0,1870.8,349.4,,,,,,,,,,,,,,,,,,,0.1508,,,,0.9179,,,,,,,,,,,,,,,,,,,,,,
2020-12-09,,,,,,,,,,,,,0.25,,0.0,0.1,-0.1,,,,,91.087,,,,,,,,45.52,48.86,127.59,139.89,,2674.0,1834.6,350.8,,,,,,,,,,,,,,,,,,,0.1488,,,,0.9361,,,,,,,,,,,,,,,,,,,,,,
2020-12-10,,,,,,,,,,,,,0.25,,0.0,0.1,-0.1,,,,,90.824,,,,,,,,46.78,50.25,131.66,143.57,,2692.0,1833.6,357.05,,,,,,,,,,,,,,,,,,,0.1369,,,,0.9063,,,,,,,,,,,,,,,,,,,,,,
2020-12-11,,,,,,,,,,,,,0.25,,0.0,0.1,-0.1,,,,,90.976,,,,,,,,46.57,49.97,130.77,143.69,,2747.0,1839.8,352.4,,,,,,,,,,,,,,,,,,,0.115,,,,0.8964,,,,,,,,,,,,,,,,,,,,,,
2020-12-14,,,,,,,,,,,,,0.25,,0.0,0.1,-0.1,,,,,90.711,,,,,,,,46.99,50.29,131.91,145.44,,2713.0,1828.7,352.2,,,,,,,,,,,,,,,,,,,0.115,,,,0.8931,,,,,,,,,,,,,,,,,,,,,,
2020-12-15,,,,,,,,,,,,,0.25,,0.0,0.1,-0.1,,,,,90.473,,,,,,,,47.62,50.76,132.68,146.44,,2665.0,1852.3,353.8,,,,,,,,,,,,,,,,,,,0.113,,,,0.908,,,,,,,,,,,,,,,,,,,,,,
2020-12-16,,,,,,,,,,,,,0.25,,0.0,0.1,-0.1,,,,,90.45,,,,,,,,47.82,51.08,135.29,147.79,,2517.0,1856.1,355.4,,,,,,,,,,,,,,,,,,,0.115,,,,0.9163,,,,,,,,,,,,,,,,,,,,,,
2020-12-17,,,,,,,,,,,,,0.25,,0.0,0.1,-0.1,,,,,89.822,,,,,,,,48.36,51.5,138.81,149.52,,2541.0,1887.2,359.7,,,,,,,,,,,,,,,,,,,0.121,,,,0.9329,,,,,,,,,,,,,,,,,,,,,,
2020-12-18,,,,,,,,,,,,,0.25,,0.0,0.1,-0.1,,,,,90.016,,,,,,,,49.1,52.26,139.56,151.3,,2506.0,1885.7,362.85,,,,,,,,,,,,,,,,,,,0.121,,,,0.9462,,,,,,,,,,,,,,,,,,,,,,
2020-12-21,,,,,,,,,,,,,0.25,,0.0,0.1,-0.1,,,,,90.043,,,,,,,,47.74,50.91,136.04,147.74,,2555.0,1879.2,357.3,,,,,,,,,,,,,,,,,,,0.121,,,,0.9346,,,,,,,,,,,,,,,,,,,,,,
2020-12-22,,,,,,,,,,,,,0.25,,0.0,0.1,-0.1,,,,,90.654,,,,,,,,47.02,50.08,133.95,146.16,,2535.0,1866.6,351.8,,,,,,,,,,,,,,,,,,,0.1129,,,,0.9164,,,,,,,,,,,,,,,,,,,,,,
2020-12-23,,,,,,,,,,,,,0.25,,0.0,0.1,-0.1,,,,,90.413,,,,,,,,48.12,51.2,138.2,149.75,,2557.0,1874.7,355.2,,,,,,,,,,,,,,,,,,,0.1169,,,,0.943,,,,,,,,,,,,,,,,,,,,,,
2020-12-24,,,,,,,,,,,,,0.25,,0.0,0.1,-0.1,,,,,90.323,,,,,,,,48.23,51.29,137.89,149.0,,2593.0,1879.9,356.0,,,,,,,,,,,,,,,,,,,0.1189,,,,0.9231,,,,,,,,,,,,,,,,,,,,,,
2020-12-25,,,,,,,,,,,,,0.25,,0.0,0.1,-0.1,,,,,90.223,,,,,,,,,,,,,,,,,,,,,,,,,,,,,,,,,,0.1189,,,,0.9231,,,,,,,,,,,,,,,,,,,,,,
2020-12-28,,,,,,,,,,,,,0.25,,0.0,0.1,-0.1,,,,,90.337,,,,,,,,47.62,50.86,136.77,147.9,,2560.0,1877.2,357.0,,,,,,,,,,,,,,,,,,,0.1189,,,,0.9231,,,,,,,,,,,,,,,,,,,,,,
2020-12-29,,,,,,,,,,,,,0.25,,0.0,0.1,-0.1,,,,,89.994,,,,,,,,48.0,51.09,138.79,148.68,,2507.0,1879.7,355.3,,,,,,,,,,,,,,,,,,,0.125,,,,0.9364,,,,,,,,,,,,,,,,,,,,,,
2020-12-30,,,,,,,,,,,,,0.25,,0.0,0.1,-0.1,,,,,89.68,,,,,,,,48.4,51.34,141.2,148.98,,2597.0,1893.4,354.9,,,,,,,,,,,,,,,,,,,0.1211,,,,0.9231,,,,,,,,,,,,,,,,,,,,,,
2020-12-31,,,,,,,,,,,,,0.25,,0.0,0.1,-0.1,,,,,89.937,,,,,,,,48.52,51.8,140.84,147.63,,2603.0,1895.1,351.9,,,,,,,,,,,,,,,,,,,0.1211,,,,0.9132,,,,,,,,,,,,,,,,,,,,,,
2021-01-01,,,,,,,,,,,,,0.25,,0.0,0.1,-0.1,,,,,,,,,,,,,,,,,,,,,,,,,,,,,,,,,,,,,,,0.1211,,,,0.9132,,,,,,,,,,,,,,,,,,,,,,
2021-01-04,,,,,,,,,,,,,0.25,,0.0,0.1,-0.1,,,,,89.869,,,,,,,,47.62,51.09,137.29,146.2,,2552.0,1946.6,355.45,,,,,,,,,,,,,,,,,,,0.1132,,,,0.9132,,,,,,,,,,,,,,,,,,,,,,
2021-01-05,,,,,,,,,,,,,0.25,,0.0,0.1,-0.1,,,,,89.436,,,,,,,,49.93,53.6,145.21,151.89,,2514.0,1954.4,363.95,,,,,,,,,,,,,,,,,,,0.1211,,,,0.9549,,,,,,,,,,,,,,,,,,,,,,
2021-01-06,,,,,,,,,,,,,0.25,,0.0,0.1,-0.1,,,,,89.53,,,,,,,,50.63,54.3,147.5,152.87,,2486.0,1908.6,365.05,,,,,,,,,,,,,,,,,,,0.1369,,,,1.0355,,,,,,,,,,,,,,,,,,,,,,
2021-01-07,,,,,,,,,,,,,0.25,,0.0,0.1,-0.1,,,,,89.826,,,,,,,,50.83,54.38,148.27,153.81,,2547.0,1913.6,369.6,,,,,,,,,,,,,,,,,,,0.1369,,,,1.0795,,,,,,,,,,,,,,,,,,,,,,
2021-01-08,,,,,,,,,,,,,0.25,,0.0,0.1,-0.1,,,,,90.098,,,,,,,,52.24,55.99,154.23,157.95,,2516.0,1835.4,367.35,,,,,,,,,,,,,,,,,,,0.1329,,,,1.1153,,,,,,,,,,,,,,,,,,,,,,
2021-01-11,,,,,,,,,,,,,0.25,,0.0,0.1,-0.1,,,,,90.465,,,,,,,,52.25,55.66,152.08,157.35,,2480.0,1850.8,356.45,,,,,,,,,,,,,,,,,,,0.1449,,,,1.146,,,,,,,,,,,,,,,,,,,,,,
2021-01-12,,,,,,,,,,,,,0.25,,0.0,0.1,-0.1,,,,,90.093,,,,,,,,53.21,56.58,155.3,159.67,,2498.0,1844.2,360.55,,,,,,,,,,,,,,,,,,,0.1449,,,,1.1291,,,,,,,,,,,,,,,,,,,,,,
2021-01-13,,,,,,,,,,,,,0.25,,0.0,0.1,-0.1,,,,,90.355,,,,,,,,52.91,56.06,154.88,159.89,,2499.0,1854.9,361.7,,,,,,,,,,,,,,,,,,,0.143,,,,1.0832,,,,,,,,,,,,,,,,,,,,,,
2021-01-14,,,,,,,,,,,,,0.25,,0.0,0.1,-0.1,,,,,90.239,,,,,,,,53.57,56.42,155.39,161.94,,2500.0,1851.4,366.45,,,,,,,,,,,,,,,,,,,0.139,,,,1.1292,,,,,,,,,,,,,,,,,,,,,,
2021-01-15,,,,,,,,,,,,,0.25,,0.0,0.1,-0.1,,,,,90.772,,,,,,,,52.36,55.1,152.84,159.29,,2527.0,1829.9,360.2,,,,,,,,,,,,,,,,,,,0.133,,,,1.0835,,,,,,,,,,,,,,,,,,,,,,
2021-01-18,,,,,,,,,,,,,0.25,,0.0,0.1,-0.1,,,,,90.765,,,,,,,,,54.75,,,,,,,,,,,,,,,,,,,,,,,,,0.133,,,,1.0835,,,,,,,,,,,,,,,,,,,,,,
2021-01-19,,,,,,,,,,,,,0.25,,0.0,0.1,-0.1,,,,,90.498,,,,,,,,52.98,55.9,153.81,159.87,,2590.0,1840.2,363.35,,,,,,,,,,,,,,,,,,,0.131,,,,1.0886,,,,,,,,,,,,,,,,,,,,,,
2021-01-20,,,,,,,,,,,,,0.25,,0.0,0.1,-0.1,,,,,90.475,,,,,,,,53.24,56.08,154.39,160.04,,2569.0,1866.5,364.15,,,,,,,,,,,,,,,,,,,0.127,,,,1.0802,,,,,,,,,,,,,,,,,,,,,,
2021-01-21,,,,,,,,,,,,,0.25,,0.0,0.1,-0.1,,,,,90.131,,,,,,,,53.13,56.1,154.79,160.06,,2550.0,1865.9,364.75,,,,,,,,,,,,,,,,,,,0.1189,,,,1.1058,,,,,,,,,,,,,,,,,,,,,,
2021-01-22,,,,,,,,,,,,,0.25,,0.0,0.1,-0.1,,,,,90.238,,,,,,,,52.27,55.41,154.87,157.6,,2529.0,1856.2,362.6,,,,,,,,,,,,,,,,,,,0.1209,,,,1.0855,,,,,,,,,,,,,,,,,,,,,,
2021-01-25,,,,,,,,,,,,,0.25,,0.0,0.1,-0.1,,,,,90.391,,,,,,,,52.77,55.88,156.11,159.39,,2508.0,1855.2,362.95,,,,,,,,,,,,,,,,,,,0.1149,,,,1.0295,,,,,,,,,,,,,,,,,,,,,,
2021-01-26,,,,,,,,,,,,,0.25,,0.0,0.1,-0.1,,,,,90.17,,,,,,,,52.61,55.91,158.07,159.84,,2545.0,1850.9,361.95,,,,,,,,,,,,,,,,,,,0.1211,,,,1.0347,,,,,,,,,,,,,,,,,,,,,,
2021-01-27,,,,,,,,,,,,,0.25,,0.0,0.1,-0.1,,,,,90.647,,,,,,,,52.85,55.81,157.71,160.89,,2504.0,1844.9,355.75,,,,,,,,,,,,,,,,,,,0.1191,,,,1.0161,,,,,,,,,,,,,,,,,,,,,,
2021-01-28,,,,,,,,,,,,,0.25,,0.0,0.1,-0.1,,,,,90.455,,,,,,,,52.34,55.53,158.29,160.17,,2510.0,1837.9,357.8,,,,,,,,,,,,,,,,,,,0.1172,,,,1.0449,,,,,,,,,,,,,,,,,,,,,,
2021-01-29,,,,,,,,,,,,,0.25,,0.0,0.1,-0.1,,,,,90.584,,,,,,,,52.2,55.88,157.25,160.04,,2531.0,1847.3,355.6,,,,,,,,,,,,,,,,,,,0.1093,,,,1.0655,,,,,,,,,,,,,,,,,,,,,,
2021-02-01,,,,,,,,,,,,,0.25,,0.0,0.1,-0.1,,,,,90.98,,,,,,,,53.55,56.35,159.01,164.69,,2547.0,1860.8,354.6,,,,,,,,,,,,,,,,,,,0.1073,,,,1.0792,,,,,,,,,,,,,,,,,,,,,,
2021-02-02,,,,,,,,,,,,,0.25,,0.0,0.1,-0.1,,,,,91.197,,,,,,,,54.76,57.46,161.6,167.46,,2599.0,1830.5,352.45,,,,,,,,,,,,,,,,,,,0.1132,,,,1.0963,,,,,,,,,,,,,,,,,,,,,,
2021-02-03,,,,,,,,,,,,,0.25,,0.0,0.1,-0.1,,,,,91.171,,,,,,,,55.69,58.46,164.86,169.05,,2527.0,1832.2,356.55,,,,,,,,,,,,,,,,,,,0.1171,,,,1.1374,,,,,,,,,,,,,,,,,,,,,,
2021-02-04,,,,,,,,,,,,,0.25,,0.0,0.1,-0.1,,,,,91.529,,,,,,,,56.23,58.84,164.48,170.05,,2532.0,1788.9,355.3,,,,,,,,,,,,,,,,,,,0.1112,,,,1.1392,,,,,,,,,,,,,,,,,,,,,,
2021-02-05,,,,,,,,,,,,,0.25,,0.0,0.1,-0.1,,,,,91.042,,,,,,,,56.85,59.34,164.93,171.37,,2587.0,1810.9,362.6,,,,,,,,,,,,,,,,,,,0.1013,,,,1.1635,,,,,,,,,,,,,,,,,,,,,,
2021-02-08,,,,,,,,,,,,,0.25,,0.0,0.1,-0.1,,,,,90.934,,,,,,,,57.97,60.56,167.48,174.78,,2577.0,1831.9,366.6,,,,,,,,,,,,,,,,,,,0.1111,,,,1.1705,,,,,,,,,,,,,,,,,,,,,,
2021-02-09,,,,,,,,,,,,,0.25,,0.0,0.1,-0.1,,,,,90.439,,,,,,,,58.36,61.09,167.36,175.67,,2581.0,1835.3,372.0,,,,,,,,,,,,,,,,,,,0.1151,,,,1.1568,,,,,,,,,,,,,,,,,,,,,,
2021-02-10,,,,,,,,,,,,,0.25,,0.0,0.1,-0.1,,,,,90.371,,,,,,,,58.68,61.47,165.34,176.1,,2677.0,1840.6,377.25,,,,,,,,,,,,,,,,,,,0.1071,,,,1.1225,,,,,,,,,,,,,,,,,,,,,,
2021-02-11,,,,,,,,,,,,,0.25,,0.0,0.1,-0.1,,,,,90.417,,,,,,,,58.24,61.14,165.02,174.46,,2449.0,1824.9,377.15,,,,,,,,,,,,,,,,,,,0.1091,,,,1.1632,,,,,,,,,,,,,,,,,,,,,,
2021-02-12,,,,,,,,,,,,,0.25,,0.0,0.1,-0.1,,,,,90.48,,,,,,,,59.47,62.43,169.25,177.14,,2503.0,1821.6,378.8,,,,,,,,,,,,,,,,,,,0.109,,,,1.2082,,,,,,,,,,,,,,,,,,,,,,
2021-02-15,,,,,,,,,,,,,0.25,,0.0,0.1,-0.1,,,,,90.48,,,,,,,,,63.3,,,,,,,,,,,,,,,,,,,,,,,,,0.109,,,,1.2082,,,,,,,,,,,,,,,,,,,,,,
2021-02-16,,,,,,,,,,,,,0.25,,0.0,0.1,-0.1,,,,,90.509,,,,,,,,60.05,63.35,177.29,181.44,,2498.0,1797.2,383.4,,,,,,,,,,,,,,,,,,,0.119,,,,1.3141,,,,,,,,,,,,,,,,,,,,,,
2021-02-17,,,,,,,,,,,,,0.25,,0.0,0.1,-0.1,,,,,90.951,,,,,,,,61.14,64.34,181.05,183.77,,2447.0,1771.1,382.05,,,,,,,,,,,,,,,,,,,0.1029,,,,1.2703,,,,,,,,,,,,,,,,,,,,,,
2021-02-18,,,,,,,,,,,,,0.25,,0.0,0.1,-0.1,,,,,90.592,,,,,,,,60.52,63.93,179.43,183.64,,2552.0,1773.4,390.1,,,,,,,,,,,,,,,,,,,0.1049,,,,1.2956,,,,,,,,,,,,,,,,,,,,,,
2021-02-19,,,,,,,,,,,,,0.25,,0.0,0.1,-0.1,,,,,90.364,,,,,,,,59.24,62.91,180.69,182.29,,2535.0,1775.8,407.4,,,,,,,,,,,,,,,,,,,0.1048,,,,1.3364,,,,,,,,,,,,,,,,,,,,,,
2021-02-22,,,,,,,,,,,,,0.25,,0.0,0.1,-0.1,,,,,90.01,,,,,,,,61.49,65.24,184.17,185.86,,2582.0,1806.7,414.1,,,,,,,,,,,,,,,,,,,0.1109,,,,1.3653,,,,,,,,,,,,,,,,,,,,,,
2021-02-23,,,,,,,,,,,,,0.25,,0.0,0.1,-0.1,,,,,90.169,,,,,,,,61.67,65.37,185.86,186.8,,2596.0,1804.4,417.85,,,,,,,,,,,,,,,,,,,0.1108,,,,1.3416,,,,,,,,,,,,,,,,,,,,,,
2021-02-24,,,,,,,,,,,,,0.25,,0.0,0.1,-0.1,,,,,90.176,,,,,,,,63.22,67.04,189.56,190.83,,2650.0,1796.4,429.45,,,,,,,,,,,,,,,,,,,0.123,,,,1.3756,,,,,,,,,,,,,,,,,,,,,,
2021-02-25,,,,,,,,,,,,,0.25,,0.0,0.1,-0.1,,,,,90.134,,,,,,,,63.53,66.88,189.23,190.66,,2705.0,1775.4,426.6,,,,,,,,,,,,,,,,,,,0.172,,,,1.5199,,,,,,,,,,,,,,,,,,,,,,
2021-02-26,,,,,,,,,,,,,0.25,,0.0,0.1,-0.1,,,,,90.879,,,,,,,,61.5,66.13,187.7,185.65,,2701.0,1728.8,409.45,,,,,,,,,,,,,,,,,,,0.127,,,,1.4049,,,,,,,,,,,,,,,,,,,,,,
2021-03-01,,,,,,,,,,,,,0.25,,0.0,0.1,-0.1,,,,,91.039,,,,,,,,60.64,63.69,194.29,181.92,,2736.0,1723.0,411.95,,,,,,,,,,,,,,,,,,,0.1191,,,,1.417,,,,,,,,,,,,,,,,,,,,,,
2021-03-02,,,,,,,,,,,,,0.25,,0.0,0.1,-0.1,,,,,90.785,,,,,,,,59.75,62.7,193.64,180.81,,2742.0,1733.6,423.15,,,,,,,,,,,,,,,,,,,0.1211,,,,1.3914,,,,,,,,,,,,,,,,,,,,,,
2021-03-03,,,,,,,,,,,,,0.25,,0.0,0.1,-0.1,,,,,90.947,,,,,,,,61.28,64.07,195.18,183.57,,2754.0,1715.8,415.3,,,,,,,,,,,,,,,,,,,0.1407,,,,1.4808,,,,,,,,,,,,,,,,,,,,,,
2021-03-04,,,,,,,,,,,,,0.25,,0.0,0.1,-0.1,,,,,91.631,,,,,,,,63.83,66.74,199.79,189.6,,2785.0,1700.7,399.1,,,,,,,,,,,,,,,,,,,0.1447,,,,1.564,,,,,,,,,,,,,,,,,,,,,,
2021-03-05,,,,,,,,,,,,,0.25,,0.0,0.1,-0.1,,,,,91.977,,,,,,,,66.09,69.36,206.47,194.4,,2706.0,1698.5,408.7,,,,,,,,,,,,,,,,,,,0.1369,,,,1.5661,,,,,,,,,,,,,,,,,,,,,,
2021-03-08,,,,,,,,,,,,,0.25,,0.0,0.1,-0.1,,,,,92.313,,,,,,,,65.05,68.24,204.87,190.85,,2693.0,1678.0,410.35,,,,,,,,,,,,,,,,,,,0.1626,,,,1.5907,,,,,,,,,,,,,,,,,,,,,,
2021-03-09,,,,,,,,,,,,,0.25,,0.0,0.1,-0.1,,,,,91.958,,,,,,,,64.01,67.52,205.02,190.73,,2713.0,1716.9,401.95,,,,,,,,,,,,,,,,,,,0.1607,,,,1.5263,,,,,,,,,,,,,,,,,,,,,,
2021-03-10,,,,,,,,,,,,,0.25,,0.0,0.1,-0.1,,,,,91.823,,,,,,,,64.44,67.9,207.95,191.73,,2733.0,1721.8,404.2,,,,,,,,,,,,,,,,,,,0.1528,,,,1.5178,,,,,,,,,,,,,,,,,,,,,,
2021-03-11,,,,,,,,,,,,,0.25,,0.0,0.1,-0.1,,,,,91.42,,,,,,,,66.02,69.63,213.8,195.94,,2753.0,1722.6,414.3,,,,,,,,,,,,,,,,,,,0.1389,,,,1.537,,,,,,,,,,,,,,,,,,,,,,
2021-03-12,,,,,,,,,,,,,0.25,,0.0,0.1,-0.1,,,,,91.679,,,,,,,,65.61,69.22,215.0,196.75,,2574.0,1719.8,414.55,,,,,,,,,,,,,,,,,,,0.147,,,,1.6247,,,,,,,,,,,,,,,,,,,,,,
2021-03-15,,,,,,,,,,,,,0.25,,0.0,0.1,-0.1,,,,,91.833,,,,,,,,65.39,68.88,210.46,194.89,,2590.0,1729.2,414.65,,,,,,,,,,,,,,,,,,,0.151,,,,1.6055,,,,,,,,,,,,,,,,,,,,,,
2021-03-16,,,,,,,,,,,,,0.25,,0.0,0.1,-0.1,,,,,91.865,,,,,,,,64.8,68.39,210.12,193.27,,2512.0,1730.9,407.9,,,,,,,,,,,,,,,,,,,0.149,,,,1.6179,,,,,,,,,,,,,,,,,,,,,,
2021-03-17,,,,,,,,,,,,,0.25,,0.0,0.1,-0.1,,,,,91.442,,,,,,,,64.6,68.0,204.71,190.61,,2521.0,1727.1,412.8,,,,,,,,,,,,,,,,,,,0.133,,,,1.6427,,,,,,,,,,,,,,,,,,,,,,
2021-03-18,,,,,,,,,,,,,0.25,,0.0,0.1,-0.1,,,,,91.862,,,,,,,,60.0,63.28,194.41,178.42,,2542.0,1732.5,411.7,,,,,,,,,,,,,,,,,,,0.1531,,,,1.7082,,,,,,,,,,,,,,,,,,,,,,
2021-03-19,,,,,,,,,,,,,0.25,,0.0,0.1,-0.1,,,,,91.919,,,,,,,,61.42,64.53,194.31,182.23,,2493.0,1741.7,412.35,,,,,,,,,,,,,,,,,,,0.1492,,,,1.721,,,,,,,,,,,,,,,,,,,,,,
2021-03-22,,,,,,,,,,,,,0.25,,0.0,0.1,-0.1,,,,,91.742,,,,,,,,61.55,64.62,195.98,182.93,,2505.0,1738.1,414.9,,,,,,,,,,,,,,,,,,,0.1472,,,,1.6946,,,,,,,,,,,,,,,,,,,,,,
2021-03-23,,,,,,,,,,,,,0.25,,0.0,0.1,-0.1,,,,,92.336,,,,,,,,57.76,60.79,189.64,174.89,,2447.0,1725.1,408.8,,,,,,,,,,,,,,,,,,,0.1452,,,,1.6206,,,,,,,,,,,,,,,,,,,,,,
2021-03-24,,,,,,,,,,,,,0.25,,0.0,0.1,-0.1,,,,,92.528,,,,,,,,61.18,64.41,198.9,182.56,,2435.0,1733.2,407.15,,,,,,,,,,,,,,,,,,,0.1465,,,,1.6084,,,,,,,,,,,,,,,,,,,,,,
2021-03-25,,,,,,,,,,,,,0.25,,0.0,0.1,-0.1,,,,,92.848,,,,,,,,58.56,61.95,192.09,174.78,,2456.0,1725.1,398.5,,,,,,,,,,,,,,,,,,,0.1367,,,,1.6332,,,,,,,,,,,,,,,,,,,,,,
2021-03-26,,,,,,,,,,,,,0.25,,0.0,0.1,-0.1,,,,,92.766,,,,,,,,60.97,64.57,196.73,181.0,,2458.0,1732.3,407.85,,,,,,,,,,,,,,,,,,,0.1387,,,,1.676,,,,,,,,,,,,,,,,,,,,,,
2021-03-29,,,,,,,,,,,,,0.25,,0.0,0.1,-0.1,,,,,92.944,,,,,,,,61.56,64.98,199.52,180.98,,2436.0,1712.2,404.3,,,,,,,,,,,,,,,,,,,0.1407,,,,1.7081,,,,,,,,,,,,,,,,,,,,,,
2021-03-30,,,,,,,,,,,,,0.25,,0.0,0.1,-0.1,,,,,93.297,,,,,,,,60.55,64.14,198.9,178.92,,2347.0,1683.9,397.85,,,,,,,,,,,,,,,,,,,0.1465,,,,1.7029,,,,,,,,,,,,,,,,,,,,,,
2021-03-31,,,,,,,,,,,,,0.25,,0.0,0.1,-0.1,,,,,93.232,,,,,,,,59.16,63.54,195.33,177.13,,2348.0,1713.8,399.55,,,,,,,,,,,,,,,,,,,0.1603,,,,1.7404,,,,,,,,,,,,,,,,,,,,,,
2021-04-01,,,,,,,,,,,,,0.25,,0.0,0.1,-0.1,,,,,92.929,,,,,,,,61.45,64.86,202.23,183.16,,2392.0,1726.5,399.05,,,,,,,,,,,,,,,,,,,0.1585,,,,1.6699,,,,,,,,,,,,,,,,,,,,,,
2021-04-02,,,,,,,,,,,,,0.25,,0.0,0.1,-0.1,,,,,93.022,,,,,,,,61.45,,202.23,183.16,,,1726.5,399.05,,,,,,,,,,,,,,,,,,,0.1862,,,,1.7216,,,,,,,,,,,,,,,,,,,,,,
2021-04-05,,,,,,,,,,,,,0.25,,0.0,0.1,-0.1,,,,,92.595,,,,,,,,58.65,62.15,196.11,177.24,,2336.0,1727.0,413.75,,,,,,,,,,,,,,,,,,,0.1664,,,,1.7003,,,,,,,,,,,,,,,,,,,,,,
2021-04-06,,,,,,,,,,,,,0.25,,0.0,0.1,-0.1,,,,,92.335,,,,,,,,59.33,62.74,196.63,179.41,,2406.0,1741.5,411.65,,,,,,,,,,,,,,,,,,,0.1566,,,,1.656,,,,,,,,,,,,,,,,,,,,,,
2021-04-07,,,,,,,,,,,,,0.25,,0.0,0.1,-0.1,,,,,92.455,,,,,,,,59.77,63.16,195.18,180.79,,2389.0,1740.1,405.45,,,,,,,,,,,,,,,,,,,0.1527,,,,1.6739,,,,,,,,,,,,,,,,,,,,,,
2021-04-08,,,,,,,,,,,,,0.25,,0.0,0.1,-0.1,,,,,92.059,,,,,,,,59.6,63.2,195.93,180.98,,2355.0,1756.8,409.45,,,,,,,,,,,,,,,,,,,0.1488,,,,1.6192,,,,,,,,,,,,,,,,,,,,,,
2021-04-09,,,,,,,,,,,,,0.25,,0.0,0.1,-0.1,,,,,92.163,,,,,,,,59.32,62.95,196.21,180.76,,2354.0,1743.3,404.0,,,,,,,,,,,,,,,,,,,0.1548,,,,1.6585,,,,,,,,,,,,,,,,,,,,,,
2021-04-12,,,,,,,,,,,,,0.25,,0.0,0.1,-0.1,,,,,92.138,,,,,,,,59.7,63.28,197.0,180.8,,2367.0,1731.2,401.85,,,,,,,,,,,,,,,,,,,0.1668,,,,1.6657,,,,,,,,,,,,,,,,,,,,,,
2021-04-13,,,,,,,,,,,,,0.25,,0.0,0.1,-0.1,,,,,91.852,,,,,,,,60.18,63.67,197.57,181.45,,2408.0,1746.2,403.15,,,,,,,,,,,,,,,,,,,0.1589,,,,1.6145,,,,,,,,,,,,,,,,,,,,,,
2021-04-14,,,,,,,,,,,,,0.25,,0.0,0.1,-0.1,,,,,91.69,,,,,,,,63.15,66.58,203.55,189.0,,2421.0,1734.9,412.85,,,,,,,,,,,,,,,,,,,0.161,,,,1.6323,,,,,,,,,,,,,,,,,,,,,,
2021-04-15,,,,,,,,,,,,,0.25,,0.0,0.1,-0.1,,,,,91.671,,,,,,,,63.46,66.94,205.18,189.89,,2413.0,1765.4,421.85,,,,,,,,,,,,,,,,,,,0.159,,,,1.5759,,,,,,,,,,,,,,,,,,,,,,
2021-04-16,,,,,,,,,,,,,0.25,,0.0,0.1,-0.1,,,,,91.556,,,,,,,,63.13,66.77,203.99,189.57,,2408.0,1779.0,416.8,,,,,,,,,,,,,,,,,,,0.1612,,,,1.5798,,,,,,,,,,,,,,,,,,,,,,
2021-04-19,,,,,,,,,,,,,0.25,,0.0,0.1,-0.1,,,,,91.069,,,,,,,,63.38,67.05,204.45,189.25,,2437.0,1769.4,423.8,,,,,,,,,,,,,,,,,,,0.1572,,,,1.6047,,,,,,,,,,,,,,,,,,,,,,
2021-04-20,,,,,,,,,,,,,0.25,,0.0,0.1,-0.1,,,,,91.241,,,,,,,,62.44,66.57,201.74,188.01,,2379.0,1777.3,421.3,,,,,,,,,,,,,,,,,,,0.1492,,,,1.5589,,,,,,,,,,,,,,,,,,,,,,
2021-04-21,,,,,,,,,,,,,0.25,,0.0,0.1,-0.1,,,,,91.155,,,,,,,,61.35,65.32,198.34,185.37,,2399.0,1792.3,427.9,,,,,,,,,,,,,,,,,,,0.1472,,,,1.5555,,,,,,,,,,,,,,,,,,,,,,
2021-04-22,,,,,,,,,,,,,0.25,,0.0,0.1,-0.1,,,,,91.333,,,,,,,,61.43,65.4,197.47,186.08,,2402.0,1781.2,427.3,,,,,,,,,,,,,,,,,,,0.1472,,,,1.538,,,,,,,,,,,,,,,,,,,,,,
2021-04-23,,,,,,,,,,,,,0.25,,0.0,0.1,-0.1,,,,,90.859,,,,,,,,62.14,66.11,199.57,187.35,,2410.0,1777.0,433.6,,,,,,,,,,,,,,,,,,,0.1575,,,,1.5577,,,,,,,,,,,,,,,,,,,,,,
2021-04-26,,,,,,,,,,,,,0.25,,0.0,0.1,-0.1,,,,,90.807,,,,,,,,61.91,65.65,197.86,187.85,,2447.0,1779.2,444.1,,,,,,,,,,,,,,,,,,,0.1677,,,,1.5667,,,,,,,,,,,,,,,,,,,,,,
2021-04-27,,,,,,,,,,,,,0.25,,0.0,0.1,-0.1,,,,,90.909,,,,,,,,62.94,66.42,202.04,190.57,,2438.0,1778.0,448.8,,,,,,,,,,,,,,,,,,,0.1798,,,,1.6216,,,,,,,,,,,,,,,,,,,,,,
2021-04-28,,,,,,,,,,,,,0.25,,0.0,0.1,-0.1,,,,,90.609,,,,,,,,63.86,67.27,207.22,193.86,,2432.0,1773.2,449.8,,,,,,,,,,,,,,,,,,,0.1641,,,,1.6094,,,,,,,,,,,,,,,,,,,,,,
2021-04-29,,,,,,,,,,,,,0.25,,0.0,0.1,-0.1,,,,,90.614,,,,,,,,65.01,68.56,209.99,196.14,,2459.0,1768.3,449.3,,,,,,,,,,,,,,,,,,,0.1622,,,,1.6343,,,,,,,,,,,,,,,,,,,,,,
2021-04-30,,,,,,,,,,,,,0.25,,0.0,0.1,-0.1,,,,,91.28,,,,,,,,63.58,67.25,206.98,192.11,,2342.0,1767.7,447.9,,,,,,,,,,,,,,,,,,,0.1584,,,,1.6259,,,,,,,,,,,,,,,,,,,,,,
2021-05-03,,,,,,,,,,,,,0.25,,0.0,0.1,-0.1,,,,,90.945,,,,,,,,64.49,67.56,210.15,195.19,,2328.0,1791.8,454.3,,,,,,,,,,,,,,,,,,,0.1585,,,,1.5976,,,,,,,,,,,,,,,,,,,,,,
2021-05-04,,,,,,,,,,,,,0.25,,0.0,0.1,-0.1,,,,,91.288,,,,,,,,65.69,68.88,215.12,199.88,,2283.0,1776.0,453.6,,,,,,,,,,,,,,,,,,,0.1585,,,,1.5924,,,,,,,,,,,,,,,,,,,,,,
2021-05-05,,,,,,,,,,,,,0.25,,0.0,0.1,-0.1,,,,,91.308,,,,,,,,65.63,68.96,215.13,200.25,,2354.0,1784.3,453.9,,,,,,,,,,,,,,,,,,,0.1506,,,,1.566,,,,,,,,,,,,,,,,,,,,,,
2021-05-06,,,,,,,,,,,,,0.25,,0.0,0.1,-0.1,,,,,90.951,,,,,,,,64.71,68.09,211.37,198.95,,2372.0,1815.7,461.9,,,,,,,,,,,,,,,,,,,0.1527,,,,1.5696,,,,,,,,,,,,,,,,,,,,,,
2021-05-07,,,,,,,,,,,,,0.25,,0.0,0.1,-0.1,,,,,90.233,,,,,,,,64.9,68.28,212.69,201.06,,2422.0,1831.3,476.6,,,,,,,,,,,,,,,,,,,0.1448,,,,1.5771,,,,,,,,,,,,,,,,,,,,,,
2021-05-10,,,,,,,,,,,,,0.25,,0.0,0.1,-0.1,,,,,90.212,,,,,,,,64.92,68.32,213.34,201.66,,2473.0,1837.6,473.35,,,,,,,,,,,,,,,,,,,0.1528,,,,1.602,,,,,,,,,,,,,,,,,,,,,,
2021-05-11,,,,,,,,,,,,,0.25,,0.0,0.1,-0.1,,,,,90.141,,,,,,,,65.28,68.55,213.99,204.17,,2425.0,1836.1,477.85,,,,,,,,,,,,,,,,,,,0.1588,,,,1.6217,,,,,,,,,,,,,,,,,,,,,,
2021-05-12,,,,,,,,,,,,,0.25,,0.0,0.1,-0.1,,,,,90.713,,,,,,,,66.08,69.32,216.1,206.95,,2476.0,1822.8,475.25,,,,,,,,,,,,,,,,,,,0.1629,,,,1.6916,,,,,,,,,,,,,,,,,,,,,,
2021-05-13,,,,,,,,,,,,,0.25,,0.0,0.1,-0.1,,,,,90.752,,,,,,,,63.82,67.05,209.53,200.09,,2461.0,1824.0,470.55,,,,,,,,,,,,,,,,,,,0.1529,,,,1.6574,,,,,,,,,,,,,,,,,,,,,,
2021-05-14,,,,,,,,,,,,,0.25,,0.0,0.1,-0.1,,,,,90.321,,,,,,,,65.37,68.71,212.66,203.62,,2474.0,1838.1,466.4,,,,,,,,,,,,,,,,,,,0.147,,,,1.6284,,,,,,,,,,,,,,,,,,,,,,
2021-05-17,,,,,,,,,,,,,0.25,,0.0,0.1,-0.1,,,,,90.164,,,,,,,,66.27,69.46,215.83,206.04,,2539.0,1867.6,472.15,,,,,,,,,,,,,,,,,,,0.1531,,,,1.6488,,,,,,,,,,,,,,,,,,,,,,
2021-05-18,,,,,,,,,,,,,0.25,,0.0,0.1,-0.1,,,,,89.75,,,,,,,,65.49,68.71,216.09,205.64,,2504.0,1868.0,473.55,,,,,,,,,,,,,,,,,,,0.1491,,,,1.6369,,,,,,,,,,,,,,,,,,,,,,
2021-05-19,,,,,,,,,,,,,0.25,,0.0,0.1,-0.1,,,,,90.191,,,,,,,,63.36,66.66,210.2,200.71,,2469.0,1881.5,458.95,,,,,,,,,,,,,,,,,,,0.1552,,,,1.671,,,,,,,,,,,,,,,,,,,,,,
2021-05-20,,,,,,,,,,,,,0.25,,0.0,0.1,-0.1,,,,,89.808,,,,,,,,62.05,65.11,204.72,196.44,,2444.0,1881.9,458.2,,,,,,,,,,,,,,,,,,,0.1451,,,,1.625,,,,,,,,,,,,,,,,,,,,,,
2021-05-21,,,,,,,,,,,,,0.25,,0.0,0.1,-0.1,,,,,90.017,,,,,,,,63.58,66.44,206.85,198.82,,2456.0,1876.7,449.6,,,,,,,,,,,,,,,,,,,0.1533,,,,1.6216,,,,,,,,,,,,,,,,,,,,,,
2021-05-24,,,,,,,,,,,,,0.25,,0.0,0.1,-0.1,,,,,89.844,,,,,,,,66.05,68.46,211.77,204.2,,2389.0,1884.5,454.15,,,,,,,,,,,,,,,,,,,0.1493,,,,1.6012,,,,,,,,,,,,,,,,,,,,,,
2021-05-25,,,,,,,,,,,,,0.25,,0.0,0.1,-0.1,,,,,89.639,,,,,,,,66.07,68.65,211.73,203.54,,2380.0,1898.0,452.2,,,,,,,,,,,,,,,,,,,0.1412,,,,1.5588,,,,,,,,,,,,,,,,,,,,,,
2021-05-26,,,,,,,,,,,,,0.25,,0.0,0.1,-0.1,,,,,90.042,,,,,,,,66.21,68.87,215.01,204.52,,2422.0,1901.2,453.3,,,,,,,,,,,,,,,,,,,0.1485,,,,1.5757,,,,,,,,,,,,,,,,,,,,,,
2021-05-27,,,,,,,,,,,,,0.25,,0.0,0.1,-0.1,,,,,89.971,,,,,,,,66.85,69.46,215.18,205.64,,2430.0,1895.7,466.3,,,,,,,,,,,,,,,,,,,0.1446,,,,1.6062,,,,,,,,,,,,,,,,,,,,,,
2021-05-28,,,,,,,,,,,,,0.25,,0.0,0.1,-0.1,,,,,90.031,,,,,,,,66.32,69.63,214.02,204.45,,2412.0,1902.5,467.75,,,,,,,,,,,,,,,,,,,0.1407,,,,1.5943,,,,,,,,,,,,,,,,,,,,,,
2021-05-31,,,,,,,,,,,,,0.25,,0.0,0.1,-0.1,,,,,89.829,,,,,,,,,69.32,,,,,,,,,,,,,,,,,,,,,,,,,0.1407,,,,1.5943,,,,,,,,,,,,,,,,,,,,,,
2021-06-01,,,,,,,,,,,,,0.25,,0.0,0.1,-0.1,,,,,89.831,,,,,,,,67.72,70.25,217.04,207.15,,2431.0,1902.9,465.35,,,,,,,,,,,,,,,,,,,0.1466,,,,1.6062,,,,,,,,,,,,,,,,,,,,,,
2021-06-02,,,,,,,,,,,,,0.25,,0.0,0.1,-0.1,,,,,89.909,,,,,,,,68.83,71.35,219.41,210.71,,2426.0,1907.5,459.15,,,,,,,,,,,,,,,,,,,0.1446,,,,1.5875,,,,,,,,,,,,,,,,,,,,,,
2021-06-03,,,,,,,,,,,,,0.25,,0.0,0.1,-0.1,,,,,90.512,,,,,,,,68.81,71.31,220.18,210.17,,2415.0,1871.2,446.3,,,,,,,,,,,,,,,,,,,0.1545,,,,1.625,,,,,,,,,,,,,,,,,,,,,,
2021-06-04,,,,,,,,,,,,,0.25,,0.0,0.1,-0.1,,,,,90.136,,,,,,,,69.62,71.89,221.15,211.99,,2409.0,1889.8,452.9,,,,,,,,,,,,,,,,,,,0.1448,,,,1.5534,,,,,,,,,,,,,,,,,,,,,,
2021-06-07,,,,,,,,,,,,,0.25,,0.0,0.1,-0.1,,,,,89.95,,,,,,,,69.23,71.49,219.31,211.56,,2350.0,1896.8,452.65,,,,,,,,,,,,,,,,,,,0.1547,,,,1.5687,,,,,,,,,,,,,,,,,,,,,,
2021-06-08,,,,,,,,,,,,,0.25,,0.0,0.1,-0.1,,,,,90.076,,,,,,,,70.05,72.22,221.9,213.5,,2375.0,1892.2,455.6,,,,,,,,,,,,,,,,,,,0.1508,,,,1.5331,,,,,,,,,,,,,,,,,,,,,,
2021-06-09,,,,,,,,,,,,,0.25,,0.0,0.1,-0.1,,,,,90.12,,,,,,,,69.96,72.22,220.25,212.95,,2348.0,1893.2,453.1,,,,,,,,,,,,,,,,,,,0.1548,,,,1.4908,,,,,,,,,,,,,,,,,,,,,,
2021-06-10,,,,,,,,,,,,,0.25,,0.0,0.1,-0.1,,,,,90.075,,,,,,,,70.29,72.52,221.22,214.34,,2383.0,1894.2,448.5,,,,,,,,,,,,,,,,,,,0.1429,,,,1.4318,,,,,,,,,,,,,,,,,,,,,,
2021-06-11,,,,,,,,,,,,,0.25,,0.0,0.1,-0.1,,,,,90.555,,,,,,,,70.91,72.69,218.61,212.07,,2350.0,1877.4,453.75,,,,,,,,,,,,,,,,,,,0.1469,,,,1.4518,,,,,,,,,,,,,,,,,,,,,,
2021-06-14,,,,,,,,,,,,,0.25,,0.0,0.1,-0.1,,,,,90.522,,,,,,,,70.88,72.86,217.12,211.16,,2396.0,1864.0,452.7,,,,,,,,,,,,,,,,,,,0.157,,,,1.494,,,,,,,,,,,,,,,,,,,,,,
2021-06-15,,,,,,,,,,,,,0.25,,0.0,0.1,-0.1,,,,,90.536,,,,,,,,72.12,73.99,217.05,211.23,,2373.0,1854.5,433.3,,,,,,,,,,,,,,,,,,,0.163,,,,1.4922,,,,,,,,,,,,,,,,,,,,,,
2021-06-16,,,,,,,,,,,,,0.25,,0.0,0.1,-0.1,,,,,91.129,,,,,,,,72.15,74.39,215.62,210.34,,2347.0,1859.5,438.5,,,,,,,,,,,,,,,,,,,0.2052,,,,1.5754,,,,,,,,,,,,,,,,,,,,,,
2021-06-17,,,,,,,,,,,,,0.25,,0.0,0.1,-0.1,,,,,91.889,,,,,,,,71.04,73.08,213.42,206.68,,2311.0,1773.8,417.8,,,,,,,,,,,,,,,,,,,0.2093,,,,1.504,,,,,,,,,,,,,,,,,,,,,,
2021-06-18,,,,,,,,,,,,,0.25,,0.0,0.1,-0.1,,,,,92.225,,,,,,,,71.64,73.51,216.83,209.32,,2302.0,1767.9,415.7,,,,,,,,,,,,,,,,,,,0.2541,,,,1.4381,,,,,,,,,,,,,,,,,,,,,,
2021-06-21,,,,,,,,,,,,,0.25,,0.0,0.1,-0.1,,,,,91.899,,,,,,,,73.66,74.9,219.69,212.68,,2308.0,1781.8,418.4,,,,,,,,,,,,,,,,,,,0.2543,,,,1.4886,,,,,,,,,,,,,,,,,,,,,,
2021-06-22,,,,,,,,,,,,,0.25,,0.0,0.1,-0.1,,,,,91.756,,,,,,,,73.06,74.81,222.43,215.1,,2326.0,1776.3,423.0,,,,,,,,,,,,,,,,,,,0.2281,,,,1.4632,,,,,,,,,,,,,,,,,,,,,,
2021-06-23,,,,,,,,,,,,,0.25,,0.0,0.1,-0.1,,,,,91.802,,,,,,,,73.08,75.19,226.69,215.94,,2297.0,1782.3,433.05,,,,,,,,,,,,,,,,,,,0.2622,,,,1.4852,,,,,,,,,,,,,,,,,,,,,,
2021-06-24,,,,,,,,,,,,,0.25,,0.0,0.1,-0.1,,,,,91.814,,,,,,,,73.3,75.56,228.09,216.23,,2315.0,1775.6,431.1,,,,,,,,,,,,,,,,,,,0.2681,,,,1.4919,,,,,,,,,,,,,,,,,,,,,,
2021-06-25,,,,,,,,,,,,,0.25,,0.0,0.1,-0.1,,,,,91.851,,,,,,,,74.05,76.18,226.39,214.93,,2351.0,1776.6,429.2,,,,,,,,,,,,,,,,,,,0.2661,,,,1.5241,,,,,,,,,,,,,,,,,,,,,,
2021-06-28,,,,,,,,,,,,,0.25,,0.0,0.1,-0.1,,,,,91.887,,,,,,,,72.91,74.68,221.66,211.82,,2351.0,1779.6,427.8,,,,,,,,,,,,,,,,,,,0.2543,,,,1.4765,,,,,,,,,,,,,,,,,,,,,,
2021-06-29,,,,,,,,,,,,,0.25,,0.0,0.1,-0.1,,,,,92.049,,,,,,,,72.98,74.76,223.9,212.19,,2361.0,1763.6,427.65,,,,,,,,,,,,,,,,,,,0.2504,,,,1.4697,,,,,,,,,,,,,,,,,,,,,,
2021-06-30,,,,,,,,,,,,,0.25,,0.0,0.1,-0.1,,,,,92.436,,,,,,,,73.47,75.13,224.44,212.87,,2360.0,1771.6,429.65,,,,,,,,,,,,,,,,,,,0.2486,,,,1.468,,,,,,,,,,,,,,,,,,,,,,
2021-07-01,,,,,,,,,,,,,0.25,,0.0,0.1,-0.1,,,,,92.597,,,,,,,,75.23,75.84,226.76,215.62,,2325.0,1776.8,424.2,,,,,,,,,,,,,,,,,,,0.2527,,,,1.4578,,,,,,,,,,,,,,,,,,,,,,
2021-07-02,,,,,,,,,,,,,0.25,,0.0,0.1,-0.1,,,,,92.226,,,,,,,,75.16,76.17,229.98,217.91,,2290.0,1783.3,428.2,,,,,,,,,,,,,,,,,,,0.2336,,,,1.4238,,,,,,,,,,,,,,,,,,,,,,
2021-07-05,,,,,,,,,,,,,0.25,,0.0,0.1,-0.1,,,,,92.212,,,,,,,,,77.16,,,,,,,,,,,,,,,,,,,,,,,,,0.2336,,,,1.4238,,,,,,,,,,,,,,,,,,,,,,
2021-07-06,,,,,,,,,,,,,0.25,,0.0,0.1,-0.1,,,,,92.546,,,,,,,,73.37,74.53,222.82,210.49,,2269.0,1794.2,425.8,,,,,,,,,,,,,,,,,,,0.2179,,,,1.3481,,,,,,,,,,,,,,,,,,,,,,
2021-07-07,,,,,,,,,,,,,0.25,,0.0,0.1,-0.1,,,,,92.644,,,,,,,,72.2,73.43,220.6,208.91,,2267.0,1802.1,432.9,,,,,,,,,,,,,,,,,,,0.2141,,,,1.3163,,,,,,,,,,,,,,,,,,,,,,
2021-07-08,,,,,,,,,,,,,0.25,,0.0,0.1,-0.1,,,,,92.417,,,,,,,,72.94,74.12,225.52,212.04,,2266.0,1800.2,427.15,,,,,,,,,,,,,,,,,,,0.1944,,,,1.2928,,,,,,,,,,,,,,,,,,,,,,
2021-07-09,,,,,,,,,,,,,0.25,,0.0,0.1,-0.1,,,,,92.13,,,,,,,,74.56,75.55,229.2,215.52,,2318.0,1810.6,435.25,,,,,,,,,,,,,,,,,,,0.2126,,,,1.3595,,,,,,,,,,,,,,,,,,,,,,
2021-07-12,,,,,,,,,,,,,0.25,,0.0,0.1,-0.1,,,,,92.261,,,,,,,,74.1,75.16,227.72,214.98,,2401.0,1805.9,432.3,,,,,,,,,,,,,,,,,,,0.2267,,,,1.3645,,,,,,,,,,,,,,,,,,,,,,
2021-07-13,,,,,,,,,,,,,0.25,,0.0,0.1,-0.1,,,,,92.752,,,,,,,,75.25,76.49,231.83,218.44,,2370.0,1809.9,431.45,,,,,,,,,,,,,,,,,,,0.2528,,,,1.4166,,,,,,,,,,,,,,,,,,,,,,
2021-07-14,,,,,,,,,,,,,0.25,,0.0,0.1,-0.1,,,,,92.41,,,,,,,,73.13,74.76,229.35,214.35,,2373.0,1825.0,427.7,,,,,,,,,,,,,,,,,,,0.223,,,,1.3459,,,,,,,,,,,,,,,,,,,,,,
2021-07-15,,,,,,,,,,,,,0.25,,0.0,0.1,-0.1,,,,,92.624,,,,,,,,71.65,73.47,225.03,211.26,,2340.0,1829.0,433.3,,,,,,,,,,,,,,,,,,,0.2231,,,,1.2989,,,,,,,,,,,,,,,,,,,,,,
2021-07-16,,,,,,,,,,,,,0.25,,0.0,0.1,-0.1,,,,,92.687,,,,,,,,71.81,73.59,225.36,211.33,,2320.0,1815.0,433.25,,,,,,,,,,,,,,,,,,,0.2215,,,,1.2903,,,,,,,,,,,,,,,,,,,,,,
2021-07-19,,,,,,,,,,,,,0.25,,0.0,0.1,-0.1,,,,,92.891,,,,,,,,66.42,68.62,211.04,198.52,,2239.0,1809.2,421.05,,,,,,,,,,,,,,,,,,,0.2156,,,,1.1888,,,,,,,,,,,,,,,,,,,,,,
2021-07-20,,,,,,,,,,,,,0.25,,0.0,0.1,-0.1,,,,,92.973,,,,,,,,67.42,69.35,213.15,201.27,,2257.0,1811.4,427.35,,,,,,,,,,,,,,,,,,,0.1996,,,,1.2218,,,,,,,,,,,,,,,,,,,,,,
2021-07-21,,,,,,,,,,,,,0.25,,0.0,0.1,-0.1,,,,,92.754,,,,,,,,70.3,72.23,221.67,208.7,,2265.0,1803.4,428.25,,,,,,,,,,,,,,,,,,,0.2078,,,,1.2884,,,,,,,,,,,,,,,,,,,,,,
2021-07-22,,,,,,,,,,,,,0.25,,0.0,0.1,-0.1,,,,,92.822,,,,,,,,71.91,73.79,227.32,213.26,,2317.0,1805.4,434.8,,,,,,,,,,,,,,,,,,,0.1998,,,,1.2783,,,,,,,,,,,,,,,,,,,,,,
2021-07-23,,,,,,,,,,,,,0.25,,0.0,0.1,-0.1,,,,,92.912,,,,,,,,72.07,74.1,229.13,213.39,,2321.0,1801.8,440.65,,,,,,,,,,,,,,,,,,,0.1981,,,,1.2763,,,,,,,,,,,,,,,,,,,,,,
2021-07-26,,,,,,,,,,,,,0.25,,0.0,0.1,-0.1,,,,,92.649,,,,,,,,71.91,74.5,230.83,215.1,,2392.0,1799.2,458.9,,,,,,,,,,,,,,,,,,,0.1941,,,,1.2896,,,,,,,,,,,,,,,,,,,,,,
2021-07-27,,,,,,,,,,,,,0.25,,0.0,0.1,-0.1,,,,,92.432,,,,,,,,71.65,74.48,231.41,214.39,,2393.0,1799.8,454.6,,,,,,,,,,,,,,,,,,,0.2035,,,,1.2411,,,,,,,,,,,,,,,,,,,,,,
2021-07-28,,,,,,,,,,,,,0.25,,0.0,0.1,-0.1,,,,,92.322,,,,,,,,72.39,74.74,230.82,215.6,,2427.0,1799.7,447.9,,,,,,,,,,,,,,,,,,,0.2016,,,,1.2327,,,,,,,,,,,,,,,,,,,,,,
2021-07-29,,,,,,,,,,,,,0.25,,0.0,0.1,-0.1,,,,,91.864,,,,,,,,73.62,76.05,235.14,218.94,,2435.0,1831.2,452.35,,,,,,,,,,,,,,,,,,,0.2035,,,,1.2693,,,,,,,,,,,,,,,,,,,,,,
2021-07-30,,,,,,,,,,,,,0.25,,0.0,0.1,-0.1,,,,,92.174,,,,,,,,73.95,76.33,236.59,219.94,,2366.0,1812.6,448.25,,,,,,,,,,,,,,,,,,,0.1839,,,,1.2223,,,,,,,,,,,,,,,,,,,,,,
2021-08-02,,,,,,,,,,,,,0.25,,0.0,0.1,-0.1,,,,,92.048,,,,,,,,71.26,72.89,227.47,213.58,,2363.0,1818.1,443.3,,,,,,,,,,,,,,,,,,,0.1722,,,,1.1773,,,,,,,,,,,,,,,,,,,,,,
2021-08-03,,,,,,,,,,,,,0.25,,0.0,0.1,-0.1,,,,,92.081,,,,,,,,70.56,72.41,227.08,212.64,,2426.0,1810.1,438.6,,,,,,,,,,,,,,,,,,,0.1703,,,,1.1722,,,,,,,,,,,,,,,,,,,,,,
2021-08-04,,,,,,,,,,,,,0.25,,0.0,0.1,-0.1,,,,,92.27,,,,,,,,68.15,70.38,225.0,207.41,,2393.0,1810.5,433.25,,,,,,,,,,,,,,,,,,,0.1802,,,,1.182,,,,,,,,,,,,,,,,,,,,,,
2021-08-05,,,,,,,,,,,,,0.25,,0.0,0.1,-0.1,,,,,92.244,,,,,,,,69.09,71.29,229.4,210.6,,2405.0,1805.1,434.8,,,,,,,,,,,,,,,,,,,0.198,,,,1.2235,,,,,,,,,,,,,,,,,,,,,,
2021-08-06,,,,,,,,,,,,,0.25,,0.0,0.1,-0.1,,,,,92.8,,,,,,,,68.28,70.7,225.69,208.45,,2417.0,1760.0,434.8,,,,,,,,,,,,,,,,,,,0.2083,,,,1.2969,,,,,,,,,,,,,,,,,,,,,,
2021-08-09,,,,,,,,,,,,,0.25,,0.0,0.1,-0.1,,,,,92.945,,,,,,,,66.48,69.04,223.48,204.21,,2411.0,1723.4,428.95,,,,,,,,,,,,,,,,,,,0.2203,,,,1.3237,,,,,,,,,,,,,,,,,,,,,,
2021-08-10,,,,,,,,,,,,,0.25,,0.0,0.1,-0.1,,,,,93.055,,,,,,,,68.29,70.63,226.79,208.02,,2468.0,1728.8,435.4,,,,,,,,,,,,,,,,,,,0.2383,,,,1.349,,,,,,,,,,,,,,,,,,,,,,
2021-08-11,,,,,,,,,,,,,0.25,,0.0,0.1,-0.1,,,,,92.922,,,,,,,,69.25,71.44,230.22,210.58,,2509.0,1750.4,436.75,,,,,,,,,,,,,,,,,,,0.2186,,,,1.3303,,,,,,,,,,,,,,,,,,,,,,
2021-08-12,,,,,,,,,,,,,0.25,,0.0,0.1,-0.1,,,,,93.035,,,,,,,,69.09,71.31,227.54,210.39,,2507.0,1749.0,436.0,,,,,,,,,,,,,,,,,,,0.2227,,,,1.359,,,,,,,,,,,,,,,,,,,,,,
2021-08-13,,,,,,,,,,,,,0.25,,0.0,0.1,-0.1,,,,,92.518,,,,,,,,68.44,70.59,226.26,207.79,,2547.0,1775.2,439.15,,,,,,,,,,,,,,,,,,,0.2071,,,,1.2767,,,,,,,,,,,,,,,,,,,,,,
2021-08-16,,,,,,,,,,,,,0.25,,0.0,0.1,-0.1,,,,,92.628,,,,,,,,67.29,69.51,220.09,204.83,,2544.0,1786.9,432.7,,,,,,,,,,,,,,,,,,,0.2092,,,,1.265,,,,,,,,,,,,,,,,,,,,,,
2021-08-17,,,,,,,,,,,,,0.25,,0.0,0.1,-0.1,,,,,93.13,,,,,,,,66.59,69.03,216.56,203.61,,2607.0,1785.0,420.6,,,,,,,,,,,,,,,,,,,0.2133,,,,1.2617,,,,,,,,,,,,,,,,,,,,,,
2021-08-18,,,,,,,,,,,,,0.25,,0.0,0.1,-0.1,,,,,93.136,,,,,,,,65.46,68.23,214.77,202.12,,2630.0,1781.6,412.0,,,,,,,,,,,,,,,,,,,0.2155,,,,1.2583,,,,,,,,,,,,,,,,,,,,,,
2021-08-19,,,,,,,,,,,,,0.25,,0.0,0.1,-0.1,,,,,93.568,,,,,,,,63.69,66.45,208.15,196.9,,2641.0,1780.2,404.1,,,,,,,,,,,,,,,,,,,0.2196,,,,1.2433,,,,,,,,,,,,,,,,,,,,,,
2021-08-20,,,,,,,,,,,,,0.25,,0.0,0.1,-0.1,,,,,93.496,,,,,,,,62.32,65.18,202.36,190.82,,2580.0,1781.0,413.7,,,,,,,,,,,,,,,,,,,0.2241,,,,1.255,,,,,,,,,,,,,,,,,,,,,,
2021-08-23,,,,,,,,,,,,,0.25,,0.0,0.1,-0.1,,,,,92.958,,,,,,,,65.64,68.75,212.32,200.51,,2574.0,1803.2,423.7,,,,,,,,,,,,,,,,,,,0.2242,,,,1.2517,,,,,,,,,,,,,,,,,,,,,,
2021-08-24,,,,,,,,,,,,,0.25,,0.0,0.1,-0.1,,,,,92.893,,,,,,,,67.54,71.05,218.08,206.68,,2590.0,1805.6,425.8,,,,,,,,,,,,,,,,,,,0.2223,,,,1.2935,,,,,,,,,,,,,,,,,,,,,,
2021-08-25,,,,,,,,,,,,,0.25,,0.0,0.1,-0.1,,,,,92.825,,,,,,,,68.36,72.25,230.08,211.82,,2632.0,1788.2,426.75,,,,,,,,,,,,,,,,,,,0.2386,,,,1.339,,,,,,,,,,,,,,,,,,,,,,
2021-08-26,,,,,,,,,,,,,0.25,,0.0,0.1,-0.1,,,,,93.062,,,,,,,,67.42,71.07,225.54,208.32,,2643.0,1792.2,424.75,,,,,,,,,,,,,,,,,,,0.2406,,,,1.3491,,,,,,,,,,,,,,,,,,,,,,
2021-08-27,,,,,,,,,,,,,0.25,,0.0,0.1,-0.1,,,,,92.686,,,,,,,,68.74,72.7,227.42,210.92,,2602.0,1816.6,431.85,,,,,,,,,,,,,,,,,,,0.2151,,,,1.307,,,,,,,,,,,,,,,,,,,,,,
2021-08-30,,,,,,,,,,,,,0.25,,0.0,0.1,-0.1,,,,,92.653,,,,,,,,69.21,73.41,231.27,214.03,,2617.0,1809.8,436.1,,,,,,,,,,,,,,,,,,,0.2014,,,,1.2785,,,,,,,,,,,,,,,,,,,,,,
2021-08-31,,,,,,,,,,,,,0.25,,0.0,0.1,-0.1,,,,,92.626,,,,,,,,68.5,72.99,228.26,213.1,,2560.0,1815.8,436.0,,,,,,,,,,,,,,,,,,,0.2093,,,,1.3088,,,,,,,,,,,,,,,,,,,,,,
2021-09-01,,,,,,,,,,,,,0.25,,0.0,0.1,-0.1,,,,,92.449,,,,,,,,68.59,71.59,211.09,212.89,,2558.0,1813.8,426.3,,,,,,,,,,,,,,,,,,,0.2094,,,,1.2936,,,,,,,,,,,,,,,,,,,,,,
2021-09-02,,,,,,,,,,,,,0.25,,0.0,0.1,-0.1,,,,,92.225,,,,,,,,69.99,73.03,216.35,216.77,,2631.0,1809.4,429.0,,,,,,,,,,,,,,,,,,,0.2056,,,,1.2835,,,,,,,,,,,,,,,,,,,,,,
2021-09-03,,,,,,,,,,,,,0.25,,0.0,0.1,-0.1,,,,,92.035,,,,,,,,69.29,72.61,215.4,215.94,,2674.0,1831.5,432.55,,,,,,,,,,,,,,,,,,,0.2061,,,,1.3223,,,,,,,,,,,,,,,,,,,,,,
2021-09-06,,,,,,,,,,,,,0.25,,0.0,0.1,-0.1,,,,,92.035,,,,,,,,,72.22,,,,,,,,,,,,,,,,,,,,,,,,,0.2061,,,,1.3223,,,,,,,,,,,,,,,,,,,,,,
2021-09-07,,,,,,,,,,,,,0.25,,0.0,0.1,-0.1,,,,,92.512,,,,,,,,68.35,71.69,213.0,212.16,,2753.0,1796.3,427.75,,,,,,,,,,,,,,,,,,,0.2201,,,,1.3732,,,,,,,,,,,,,,,,,,,,,,
2021-09-08,,,,,,,,,,,,,0.25,,0.0,0.1,-0.1,,,,,92.653,,,,,,,,69.3,72.6,213.21,213.64,,2727.0,1791.2,423.2,,,,,,,,,,,,,,,,,,,0.2162,,,,1.3376,,,,,,,,,,,,,,,,,,,,,,
2021-09-09,,,,,,,,,,,,,0.25,,0.0,0.1,-0.1,,,,,92.479,,,,,,,,68.14,71.45,209.97,211.37,,2713.0,1797.8,428.35,,,,,,,,,,,,,,,,,,,0.2124,,,,1.2971,,,,,,,,,,,,,,,,,,,,,,
2021-09-10,,,,,,,,,,,,,0.25,,0.0,0.1,-0.1,,,,,92.582,,,,,,,,69.72,72.92,215.4,214.6,,2643.0,1789.9,444.8,,,,,,,,,,,,,,,,,,,0.2127,,,,1.3411,,,,,,,,,,,,,,,,,,,,,,
2021-09-13,,,,,,,,,,,,,0.25,,0.0,0.1,-0.1,,,,,92.675,,,,,,,,70.45,73.51,216.09,215.83,,2677.0,1792.3,436.35,,,,,,,,,,,,,,,,,,,0.2129,,,,1.3259,,,,,,,,,,,,,,,,,,,,,,
2021-09-14,,,,,,,,,,,,,0.25,,0.0,0.1,-0.1,,,,,92.623,,,,,,,,70.46,73.6,217.24,216.13,,2696.0,1805.0,431.8,,,,,,,,,,,,,,,,,,,0.207,,,,1.2836,,,,,,,,,,,,,,,,,,,,,,
2021-09-15,,,,,,,,,,,,,0.25,,0.0,0.1,-0.1,,,,,92.548,,,,,,,,72.61,75.46,220.66,220.53,,2703.0,1792.6,440.35,,,,,,,,,,,,,,,,,,,0.2111,,,,1.2988,,,,,,,,,,,,,,,,,,,,,,
2021-09-16,,,,,,,,,,,,,0.25,,0.0,0.1,-0.1,,,,,92.932,,,,,,,,72.61,75.67,218.12,221.1,,2657.0,1754.6,427.85,,,,,,,,,,,,,,,,,,,0.2193,,,,1.3378,,,,,,,,,,,,,,,,,,,,,,
2021-09-17,,,,,,,,,,,,,0.25,,0.0,0.1,-0.1,,,,,93.195,,,,,,,,71.97,75.34,217.13,220.91,,2665.0,1749.4,424.55,,,,,,,,,,,,,,,,,,,0.2217,,,,1.3616,,,,,,,,,,,,,,,,,,,,,,
2021-09-20,,,,,,,,,,,,,0.25,,0.0,0.1,-0.1,,,,,93.276,,,,,,,,70.29,73.92,211.52,215.9,,2593.0,1761.8,411.7,,,,,,,,,,,,,,,,,,,0.2158,,,,1.3107,,,,,,,,,,,,,,,,,,,,,,
2021-09-21,,,,,,,,,,,,,0.25,,0.0,0.1,-0.1,,,,,93.204,,,,,,,,70.56,74.36,210.52,217.38,,2605.0,1776.1,412.8,,,,,,,,,,,,,,,,,,,0.2139,,,,1.3226,,,,,,,,,,,,,,,,,,,,,,
2021-09-22,,,,,,,,,,,,,0.25,,0.0,0.1,-0.1,,,,,93.462,,,,,,,,72.23,76.19,212.39,221.16,,2652.0,1776.7,425.25,,,,,,,,,,,,,,,,,,,0.2363,,,,1.3006,,,,,,,,,,,,,,,,,,,,,,
2021-09-23,,,,,,,,,,,,,0.25,,0.0,0.1,-0.1,,,,,93.085,,,,,,,,73.3,77.25,217.15,224.91,,2612.0,1747.7,423.1,,,,,,,,,,,,,,,,,,,0.2608,,,,1.4301,,,,,,,,,,,,,,,,,,,,,,
2021-09-24,,,,,,,,,,,,,0.25,,0.0,0.1,-0.1,,,,,93.327,,,,,,,,73.98,78.09,218.75,226.71,,2591.0,1749.7,428.75,,,,,,,,,,,,,,,,,,,0.2695,,,,1.4509,,,,,,,,,,,,,,,,,,,,,,
2021-09-27,,,,,,,,,,,,,0.25,,0.0,0.1,-0.1,,,,,93.383,,,,,,,,75.45,79.53,222.37,229.6,,2546.0,1750.0,429.35,,,,,,,,,,,,,,,,,,,0.2779,,,,1.4871,,,,,,,,,,,,,,,,,,,,,,
2021-09-28,,,,,,,,,,,,,0.25,,0.0,0.1,-0.1,,,,,93.766,,,,,,,,75.29,79.09,220.19,228.9,,2555.0,1735.9,424.5,,,,,,,,,,,,,,,,,,,0.301,,,,1.5374,,,,,,,,,,,,,,,,,,,,,,
2021-09-29,,,,,,,,,,,,,0.25,,0.0,0.1,-0.1,,,,,94.338,,,,,,,,74.83,78.64,222.93,230.75,,2589.0,1721.5,419.9,,,,,,,,,,,,,,,,,,,0.2892,,,,1.5167,,,,,,,,,,,,,,,,,,,,,,
2021-09-30,,,,,,,,,,,,,0.25,,0.0,0.1,-0.1,,,,,94.23,,,,,,,,75.03,78.52,225.36,234.17,,2652.0,1755.3,408.9,,,,,,,,,,,,,,,,,,,0.2755,,,,1.4873,,,,,,,,,,,,,,,,,,,,,,
2021-10-01,,,,,,,,,,,,,0.25,,0.0,0.1,-0.1,,,,,94.035,,,,,,,,75.88,79.28,225.0,238.27,,2710.0,1757.0,418.85,,,,,,,,,,,,,,,,,,,0.2638,,,,1.4616,,,,,,,,,,,,,,,,,,,,,,
2021-10-04,,,,,,,,,,,,,0.25,,0.0,0.1,-0.1,,,,,93.776,,,,,,,,77.62,81.26,230.85,243.66,,2752.0,1766.2,423.85,,,,,,,,,,,,,,,,,,,0.2776,,,,1.4789,,,,,,,,,,,,,,,,,,,,,,
2021-10-05,,,,,,,,,,,,,0.25,,0.0,0.1,-0.1,,,,,93.975,,,,,,,,78.93,82.56,235.79,249.36,,2755.0,1759.6,419.25,,,,,,,,,,,,,,,,,,,0.2836,,,,1.5258,,,,,,,,,,,,,,,,,,,,,,
2021-10-06,,,,,,,,,,,,,0.25,,0.0,0.1,-0.1,,,,,94.266,,,,,,,,77.43,81.08,230.82,244.2,,2715.0,1760.5,414.75,,,,,,,,,,,,,,,,,,,0.2935,,,,1.5206,,,,,,,,,,,,,,,,,,,,,,
2021-10-07,,,,,,,,,,,,,0.25,,0.0,0.1,-0.1,,,,,94.217,,,,,,,,78.3,81.95,233.44,245.96,,2726.0,1757.9,424.35,,,,,,,,,,,,,,,,,,,0.3055,,,,1.5729,,,,,,,,,,,,,,,,,,,,,,
2021-10-08,,,,,,,,,,,,,0.25,,0.0,0.1,-0.1,,,,,94.067,,,,,,,,79.35,82.39,236.62,247.37,,2750.0,1756.3,427.55,,,,,,,,,,,,,,,,,,,0.3178,,,,1.6118,,,,,,,,,,,,,,,,,,,,,,
2021-10-11,,,,,,,,,,,,,0.25,,0.0,0.1,-0.1,,,,,94.316,,,,,,,,80.52,83.65,237.79,251.5,,2682.0,1754.6,436.65,,,,,,,,,,,,,,,,,,,0.3178,,,,1.6118,,,,,,,,,,,,,,,,,,,,,,
2021-10-12,,,,,,,,,,,,,0.25,,0.0,0.1,-0.1,,,,,94.516,,,,,,,,80.64,83.42,238.29,251.0,,2675.0,1758.3,432.55,,,,,,,,,,,,,,,,,,,0.3379,,,,1.5769,,,,,,,,,,,,,,,,,,,,,,
2021-10-13,,,,,,,,,,,,,0.25,,0.0,0.1,-0.1,,,,,94.08,,,,,,,,80.44,83.18,240.55,252.11,,2602.0,1793.7,451.6,,,,,,,,,,,,,,,,,,,0.358,,,,1.5368,,,,,,,,,,,,,,,,,,,,,,
2021-10-14,,,,,,,,,,,,,0.25,,0.0,0.1,-0.1,,,,,93.956,,,,,,,,81.31,84.0,243.5,256.14,,2584.0,1796.7,463.15,,,,,,,,,,,,,,,,,,,0.3602,,,,1.5107,,,,,,,,,,,,,,,,,,,,,,
2021-10-15,,,,,,,,,,,,,0.25,,0.0,0.1,-0.1,,,,,93.937,,,,,,,,82.28,84.86,248.64,257.37,,2607.0,1767.2,472.95,,,,,,,,,,,,,,,,,,,0.3949,,,,1.5703,,,,,,,,,,,,,,,,,,,,,,
2021-10-18,,,,,,,,,,,,,0.25,,0.0,0.1,-0.1,,,,,93.953,,,,,,,,82.44,84.33,248.66,254.92,,2610.0,1764.8,472.55,,,,,,,,,,,,,,,,,,,0.4254,,,,1.6002,,,,,,,,,,,,,,,,,,,,,,
2021-10-19,,,,,,,,,,,,,0.25,,0.0,0.1,-0.1,,,,,93.734,,,,,,,,82.96,85.08,247.55,256.07,,2559.0,1769.7,470.3,,,,,,,,,,,,,,,,,,,0.3953,,,,1.6372,,,,,,,,,,,,,,,,,,,,,,
2021-10-20,,,,,,,,,,,,,0.25,,0.0,0.1,-0.1,,,,,93.558,,,,,,,,83.87,85.82,250.84,259.23,,2505.0,1784.1,473.45,,,,,,,,,,,,,,,,,,,0.3854,,,,1.6567,,,,,,,,,,,,,,,,,,,,,,
2021-10-21,,,,,,,,,,,,,0.25,,0.0,0.1,-0.1,,,,,93.77,,,,,,,,82.5,84.61,248.01,254.91,,2555.0,1781.2,455.85,,,,,,,,,,,,,,,,,,,0.4545,,,,1.7011,,,,,,,,,,,,,,,,,,,,,,
2021-10-22,,,,,,,,,,,,,0.25,,0.0,0.1,-0.1,,,,,93.642,,,,,,,,83.76,85.53,248.21,253.89,,2583.0,1795.5,449.8,,,,,,,,,,,,,,,,,,,0.4534,,,,1.6324,,,,,,,,,,,,,,,,,,,,,,
2021-10-25,,,,,,,,,,,,,0.25,,0.0,0.1,-0.1,,,,,93.813,,,,,,,,83.76,85.99,251.62,256.47,,2616.0,1806.0,452.8,,,,,,,,,,,,,,,,,,,0.4353,,,,1.6307,,,,,,,,,,,,,,,,,,,,,,
2021-10-26,,,,,,,,,,,,,0.25,,0.0,0.1,-0.1,,,,,93.949,,,,,,,,84.65,86.4,251.68,257.73,,2581.0,1792.7,448.6,,,,,,,,,,,,,,,,,,,0.4396,,,,1.6079,,,,,,,,,,,,,,,,,,,,,,
2021-10-27,,,,,,,,,,,,,0.25,,0.0,0.1,-0.1,,,,,93.802,,,,,,,,82.66,84.58,244.97,251.48,,2603.0,1797.9,438.95,,,,,,,,,,,,,,,,,,,0.5029,,,,1.5413,,,,,,,,,,,,,,,,,,,,,,
2021-10-28,,,,,,,,,,,,,0.25,,0.0,0.1,-0.1,,,,,93.345,,,,,,,,82.81,84.32,243.5,251.65,,2571.0,1802.6,443.85,,,,,,,,,,,,,,,,,,,0.4891,,,,1.58,,,,,,,,,,,,,,,,,,,,,,
2021-10-29,,,,,,,,,,,,,0.25,,0.0,0.1,-0.1,,,,,94.123,,,,,,,,83.57,84.38,246.2,249.64,,2544.0,1783.9,436.8,,,,,,,,,,,,,,,,,,,0.497,,,,1.5521,,,,,,,,,,,,,,,,,,,,,,
2021-11-01,,,,,,,,,,,,,0.25,,0.0,0.1,-0.1,,,,,93.879,,,,,,,,84.05,84.71,240.93,250.31,,2564.0,1795.8,439.35,,,,,,,,,,,,,,,,,,,0.4992,,,,1.5557,,,,,,,,,,,,,,,,,,,,,,
2021-11-02,,,,,,,,,,,,,0.25,,0.0,0.1,-0.1,,,,,94.09,,,,,,,,83.91,84.72,245.01,250.82,,2457.0,1789.4,436.6,,,,,,,,,,,,,,,,,,,0.4499,,,,1.5488,,,,,,,,,,,,,,,,,,,,,,
2021-11-03,,,,,,,,,,,,,0.25,,0.0,0.1,-0.1,,,,,93.864,,,,,,,,80.86,81.99,233.85,243.45,,2424.0,1763.9,432.1,,,,,,,,,,,,,,,,,,,0.4659,,,,1.6034,,,,,,,,,,,,,,,,,,,,,,
2021-11-04,,,,,,,,,,,,,0.25,,0.0,0.1,-0.1,,,,,94.347,,,,,,,,78.81,80.54,229.26,240.66,,2440.0,1793.5,432.05,,,,,,,,,,,,,,,,,,,0.4244,,,,1.5262,,,,,,,,,,,,,,,,,,,,,,
2021-11-05,,,,,,,,,,,,,0.25,,0.0,0.1,-0.1,,,,,94.32,,,,,,,,81.27,82.74,232.09,245.56,,2397.0,1816.8,434.3,,,,,,,,,,,,,,,,,,,0.4008,,,,1.4513,,,,,,,,,,,,,,,,,,,,,,
2021-11-08,,,,,,,,,,,,,0.25,,0.0,0.1,-0.1,,,,,94.049,,,,,,,,81.93,83.43,232.22,246.71,,2433.0,1828.0,439.9,,,,,,,,,,,,,,,,,,,0.4426,,,,1.4897,,,,,,,,,,,,,,,,,,,,,,
2021-11-09,,,,,,,,,,,,,0.25,,0.0,0.1,-0.1,,,,,93.955,,,,,,,,84.15,84.78,237.52,250.81,,2433.0,1830.8,437.3,,,,,,,,,,,,,,,,,,,0.4208,,,,1.4358,,,,,,,,,,,,,,,,,,,,,,
2021-11-10,,,,,,,,,,,,,0.25,,0.0,0.1,-0.1,,,,,94.85,,,,,,,,81.34,82.64,229.72,245.21,,2473.0,1848.3,432.3,,,,,,,,,,,,,,,,,,,0.5129,,,,1.5493,,,,,,,,,,,,,,,,,,,,,,
2021-11-11,,,,,,,,,,,,,0.25,,0.0,0.1,-0.1,,,,,95.178,,,,,,,,81.59,82.87,231.78,244.71,,2485.0,1863.9,439.95,,,,,,,,,,,,,,,,,,,0.5129,,,,1.5493,,,,,,,,,,,,,,,,,,,,,,
2021-11-12,,,,,,,,,,,,,0.25,,0.0,0.1,-0.1,,,,,95.128,,,,,,,,80.79,82.17,231.14,240.37,,2470.0,1868.5,444.95,,,,,,,,,,,,,,,,,,,0.5115,,,,1.5613,,,,,,,,,,,,,,,,,,,,,,
2021-11-15,,,,,,,,,,,,,0.25,,0.0,0.1,-0.1,,,,,95.407,,,,,,,,80.88,82.05,232.88,239.81,,2458.0,1866.6,440.0,,,,,,,,,,,,,,,,,,,0.5157,,,,1.6145,,,,,,,,,,,,,,,,,,,,,,
2021-11-16,,,,,,,,,,,,,0.25,,0.0,0.1,-0.1,,,,,95.915,,,,,,,,80.76,82.43,234.97,243.09,,2505.0,1854.1,435.15,,,,,,,,,,,,,,,,,,,0.5179,,,,1.6335,,,,,,,,,,,,,,,,,,,,,,
2021-11-17,,,,,,,,,,,,,0.25,,0.0,0.1,-0.1,,,,,95.828,,,,,,,,78.36,80.28,228.03,236.44,,2514.0,1870.2,426.6,,,,,,,,,,,,,,,,,,,0.4979,,,,1.5889,,,,,,,,,,,,,,,,,,,,,,
2021-11-18,,,,,,,,,,,,,0.25,,0.0,0.1,-0.1,,,,,95.544,,,,,,,,79.01,81.24,229.43,238.4,,2552.0,1861.4,430.45,,,,,,,,,,,,,,,,,,,0.5021,,,,1.5855,,,,,,,,,,,,,,,,,,,,,,
2021-11-19,,,,,,,,,,,,,0.25,,0.0,0.1,-0.1,,,,,96.031,,,,,,,,76.1,78.89,221.19,229.34,,2493.0,1851.6,440.75,,,,,,,,,,,,,,,,,,,0.5067,,,,1.5462,,,,,,,,,,,,,,,,,,,,,,
2021-11-22,,,,,,,,,,,,,0.25,,0.0,0.1,-0.1,,,,,96.548,,,,,,,,76.75,79.7,226.02,232.54,,2498.0,1806.3,439.65,,,,,,,,,,,,,,,,,,,0.5842,,,,1.6236,,,,,,,,,,,,,,,,,,,,,,
2021-11-23,,,,,,,,,,,,,0.25,,0.0,0.1,-0.1,,,,,96.491,,,,,,,,78.5,82.31,233.72,238.43,,2478.0,1783.8,442.35,,,,,,,,,,,,,,,,,,,0.6142,,,,1.6651,,,,,,,,,,,,,,,,,,,,,,
2021-11-24,,,,,,,,,,,,,0.25,,0.0,0.1,-0.1,,,,,96.875,,,,,,,,78.39,82.25,231.97,238.3,,2456.0,1784.3,445.9,,,,,,,,,,,,,,,,,,,0.6398,,,,1.6341,,,,,,,,,,,,,,,,,,,,,,
2021-11-25,,,,,,,,,,,,,0.25,,0.0,0.1,-0.1,,,,,96.774,,,,,,,,,82.22,,,,,,,,,,,,,,,,,,,,,,,,,0.6398,,,,1.6341,,,,,,,,,,,,,,,,,,,,,,
2021-11-26,,,,,,,,,,,,,0.25,,0.0,0.1,-0.1,,,,,96.089,,,,,,,,68.15,72.72,202.94,209.45,,2340.0,1785.5,428.35,,,,,,,,,,,,,,,,,,,0.498,,,,1.4731,,,,,,,,,,,,,,,,,,,,,,
2021-11-29,,,,,,,,,,,,,0.25,,0.0,0.1,-0.1,,,,,96.341,,,,,,,,69.95,73.44,207.71,215.21,,2322.0,1782.3,433.7,,,,,,,,,,,,,,,,,,,0.4843,,,,1.4987,,,,,,,,,,,,,,,,,,,,,,
2021-11-30,,,,,,,,,,,,,0.25,,0.0,0.1,-0.1,,,,,95.994,,,,,,,,66.18,70.57,198.01,206.38,,2314.0,1773.6,427.8,,,,,,,,,,,,,,,,,,,0.565,,,,1.4443,,,,,,,,,,,,,,,,,,,,,,
2021-12-01,,,,,,,,,,,,,0.25,,0.0,0.1,-0.1,,,,,96.028,,,,,,,,65.57,68.87,195.11,207.71,,2320.0,1781.6,424.75,,,,,,,,,,,,,,,,,,,0.5513,,,,1.4037,,,,,,,,,,,,,,,,,,,,,,
2021-12-02,,,,,,,,,,,,,0.25,,0.0,0.1,-0.1,,,,,96.156,,,,,,,,66.5,69.67,196.77,210.34,,2421.0,1760.7,429.9,,,,,,,,,,,,,,,,,,,0.6126,,,,1.4443,,,,,,,,,,,,,,,,,,,,,,
2021-12-03,,,,,,,,,,,,,0.25,,0.0,0.1,-0.1,,,,,96.117,,,,,,,,66.26,69.88,195.29,209.84,,2435.0,1782.0,426.65,,,,,,,,,,,,,,,,,,,0.5873,,,,1.343,,,,,,,,,,,,,,,,,,,,,,
2021-12-06,,,,,,,,,,,,,0.25,,0.0,0.1,-0.1,,,,,96.328,,,,,,,,69.49,73.08,204.33,217.12,,2428.0,1777.5,433.7,,,,,,,,,,,,,,,,,,,0.6312,,,,1.4342,,,,,,,,,,,,,,,,,,,,,,
2021-12-07,,,,,,,,,,,,,0.25,,0.0,0.1,-0.1,,,,,96.369,,,,,,,,72.05,75.44,210.0,222.46,,2453.0,1782.6,433.8,,,,,,,,,,,,,,,,,,,0.6892,,,,1.4733,,,,,,,,,,,,,,,,,,,,,,
2021-12-08,,,,,,,,,,,,,0.25,,0.0,0.1,-0.1,,,,,95.894,,,,,,,,72.36,75.82,214.85,226.13,,2466.0,1783.4,439.1,,,,,,,,,,,,,,,,,,,0.6815,,,,1.5212,,,,,,,,,,,,,,,,,,,,,,
2021-12-09,,,,,,,,,,,,,0.25,,0.0,0.1,-0.1,,,,,96.271,,,,,,,,70.94,74.42,212.84,225.03,,2447.0,1774.6,433.0,,,,,,,,,,,,,,,,,,,0.6877,,,,1.499,,,,,,,,,,,,,,,,,,,,,,
2021-12-10,,,,,,,,,,,,,0.25,,0.0,0.1,-0.1,,,,,96.097,,,,,,,,71.67,75.15,213.72,225.16,,2462.0,1782.9,428.3,,,,,,,,,,,,,,,,,,,0.6543,,,,1.4837,,,,,,,,,,,,,,,,,,,,,,
2021-12-13,,,,,,,,,,,,,0.25,,0.0,0.1,-0.1,,,,,96.317,,,,,,,,71.29,74.39,211.65,223.28,,2528.0,1786.3,428.0,,,,,,,,,,,,,,,,,,,0.6324,,,,1.4156,,,,,,,,,,,,,,,,,,,,,,
2021-12-14,,,,,,,,,,,,,0.25,,0.0,0.1,-0.1,,,,,96.571,,,,,,,,70.73,73.7,211.08,221.84,,2584.0,1770.4,425.4,,,,,,,,,,,,,,,,,,,0.6568,,,,1.4411,,,,,,,,,,,,,,,,,,,,,,
2021-12-15,,,,,,,,,,,,,0.25,,0.0,0.1,-0.1,,,,,96.511,,,,,,,,70.87,73.88,212.75,222.04,,2627.0,1762.6,417.95,,,,,,,,,,,,,,,,,,,0.6631,,,,1.4565,,,,,,,,,,,,,,,,,,,,,,
2021-12-16,,,,,,,,,,,,,0.25,,0.0,0.25,-0.1,,,,,96.042,,,,,,,,72.38,75.02,217.78,226.63,,2547.0,1796.6,430.05,,,,,,,,,,,,,,,,,,,0.6128,,,,1.4106,,,,,,,,,,,,,,,,,,,,,,
2021-12-17,,,,,,,,,,,,,0.25,,0.0,0.25,-0.1,,,,,96.565,,,,,,,,70.86,73.52,212.17,221.99,,2497.0,1803.8,429.1,,,,,,,,,,,,,,,,,,,0.6376,,,,1.4021,,,,,,,,,,,,,,,,,,,,,,
2021-12-20,,,,,,,,,,,,,0.25,,0.0,0.25,-0.1,,,,,96.551,,,,,,,,68.23,71.52,209.0,217.3,,2423.0,1793.7,428.8,,,,,,,,,,,,,,,,,,,0.6317,,,,1.4225,,,,,,,,,,,,,,,,,,,,,,
2021-12-21,,,,,,,,,,,,,0.25,,0.0,0.25,-0.1,,,,,96.491,,,,,,,,71.12,73.98,215.22,225.78,,2460.0,1787.9,433.8,,,,,,,,,,,,,,,,,,,0.6665,,,,1.4617,,,,,,,,,,,,,,,,,,,,,,
2021-12-22,,,,,,,,,,,,,0.25,,0.0,0.25,-0.1,,,,,96.076,,,,,,,,72.76,75.29,216.8,230.78,,2466.0,1801.6,438.95,,,,,,,,,,,,,,,,,,,0.6606,,,,1.4515,,,,,,,,,,,,,,,,,,,,,,
2021-12-23,,,,,,,,,,,,,0.25,,0.0,0.25,-0.1,,,,,96.019,,,,,,,,73.79,76.85,220.61,233.14,,2473.0,1811.2,438.7,,,,,,,,,,,,,,,,,,,0.6881,,,,1.4927,,,,,,,,,,,,,,,,,,,,,,
2021-12-24,,,,,,,,,,,,,0.25,,0.0,0.25,-0.1,,,,,,,,,,,,,,76.14,,,,,,,,,,,,,,,,,,,,,,,,,0.6881,,,,1.4927,,,,,,,,,,,,,,,,,,,,,,
2021-12-27,,,,,,,,,,,,,0.25,,0.0,0.25,-0.1,,,,,96.093,,,,,,,,75.57,78.6,223.39,235.35,,2461.0,1808.1,446.5,,,,,,,,,,,,,,,,,,,0.6987,,,,1.4756,,,,,,,,,,,,,,,,,,,,,,
2021-12-28,,,,,,,,,,,,,0.25,,0.0,0.25,-0.1,,,,,96.202,,,,,,,,75.98,78.94,224.71,237.14,,2485.0,1810.2,442.0,,,,,,,,,,,,,,,,,,,0.75,,,,1.4807,,,,,,,,,,,,,,,,,,,,,,
2021-12-29,,,,,,,,,,,,,0.25,,0.0,0.25,-0.1,,,,,95.929,,,,,,,,76.56,79.23,227.17,237.78,,2515.0,1805.1,440.2,,,,,,,,,,,,,,,,,,,0.7461,,,,1.5496,,,,,,,,,,,,,,,,,,,,,,
2021-12-30,,,,,,,,,,,,,0.25,,0.0,0.25,-0.1,,,,,95.968,,,,,,,,76.99,79.32,229.68,239.59,,2559.0,1814.1,439.25,,,,,,,,,,,,,,,,,,,0.7244,,,,1.5083,,,,,,,,,,,,,,,,,,,,,,
2021-12-31,,,,,,,,,,,,,0.25,,0.0,0.25,-0.1,,,,,95.67,,,,,,,,75.21,77.78,222.85,233.01,,2520.0,1828.6,446.35,,,,,,,,,,,,,,,,,,,0.7322,,,,1.5101,,,,,,,,,,,,,,,,,,,,,,
2022-01-03,,,,,,,,,,,,,0.25,,0.0,0.25,-0.1,,,,,96.213,,,,,,,,76.08,78.98,225.65,235.74,,2499.0,1800.1,442.15,,,,,,,,,,,,,,,,,,,0.7678,,,,1.628,,,,,,,,,,,,,,,,,,,,,,
2022-01-04,,,,,,,,,,,,,0.25,,0.0,0.25,-0.1,,,,,96.262,,,,,,,,76.99,80.0,227.63,240.95,,2462.0,1814.6,447.5,,,,,,,,,,,,,,,,,,,0.7599,,,,1.6473,,,,,,,,,,,,,,,,,,,,,,
2022-01-05,,,,,,,,,,,,,0.25,,0.0,0.25,-0.1,,,,,96.171,,,,,,,,77.85,80.8,229.21,244.61,,2457.0,1825.1,441.35,,,,,,,,,,,,,,,,,,,0.8256,,,,1.7052,,,,,,,,,,,,,,,,,,,,,,
2022-01-06,,,,,,,,,,,,,0.25,,0.0,0.25,-0.1,,,,,96.32,,,,,,,,79.46,81.99,230.43,247.77,,2423.0,1789.2,435.45,,,,,,,,,,,,,,,,,,,0.8656,,,,1.7211,,,,,,,,,,,,,,,,,,,,,,
2022-01-07,,,,,,,,,,,,,0.25,,0.0,0.25,-0.1,,,,,95.719,,,,,,,,78.9,81.75,229.89,248.18,,2521.0,1797.4,441.0,,,,,,,,,,,,,,,,,,,0.8621,,,,1.762,,,,,,,,,,,,,,,,,,,,,,
2022-01-10,,,,,,,,,,,,,0.25,,0.0,0.25,-0.1,,,,,95.991,,,,,,,,78.23,80.87,227.54,248.76,,2521.0,1798.8,435.2,,,,,,,,,,,,,,,,,,,0.8944,,,,1.7603,,,,,,,,,,,,,,,,,,,,,,
2022-01-11,,,,,,,,,,,,,0.25,,0.0,0.25,-0.1,,,,,95.624,,,,,,,,81.22,83.72,235.74,256.36,,2588.0,1818.5,442.9,,,,,,,,,,,,,,,,,,,0.8825,,,,1.7357,,,,,,,,,,,,,,,,,,,,,,
2022-01-12,,,,,,,,,,,,,0.25,,0.0,0.25,-0.1,,,,,94.915,,,,,,,,82.64,84.67,239.08,259.42,,2559.0,1827.3,457.65,,,,,,,,,,,,,,,,,,,0.9189,,,,1.7428,,,,,,,,,,,,,,,,,,,,,,
2022-01-13,,,,,,,,,,,,,0.25,,0.0,0.25,-0.1,,,,,94.79,,,,,,,,82.12,84.47,238.41,260.85,,2609.0,1821.4,454.6,,,,,,,,,,,,,,,,,,,0.8929,,,,1.7041,,,,,,,,,,,,,,,,,,,,,,
2022-01-14,,,,,,,,,,,,,0.25,,0.0,0.25,-0.1,,,,,95.165,,,,,,,,83.82,86.06,241.9,263.43,,2659.0,1816.5,442.05,,,,,,,,,,,,,,,,,,,0.9668,,,,1.7841,,,,,,,,,,,,,,,,,,,,,,
2022-01-17,,,,,,,,,,,,,0.25,,0.0,0.25,-0.1,,,,,95.258,,,,,,,,,86.48,,,,,,,,,,,,,,,,,,,,,,,,,0.9668,,,,1.7841,,,,,,,,,,,,,,,,,,,,,,
2022-01-18,,,,,,,,,,,,,0.25,,0.0,0.25,-0.1,,,,,95.732,,,,,,,,85.43,87.51,243.18,267.4,,2631.0,1812.4,438.25,,,,,,,,,,,,,,,,,,,1.0425,,,,1.8735,,,,,,,,,,,,,,,,,,,,,,
2022-01-19,,,,,,,,,,,,,0.25,,0.0,0.25,-0.1,,,,,95.51,,,,,,,,86.96,88.44,245.7,269.23,,2657.0,1843.2,447.0,,,,,,,,,,,,,,,,,,,1.0572,,,,1.8646,,,,,,,,,,,,,,,,,,,,,,
2022-01-20,,,,,,,,,,,,,0.25,,0.0,0.25,-0.1,,,,,95.735,,,,,,,,86.9,88.38,246.22,267.18,,2660.0,1842.6,458.25,,,,,,,,,,,,,,,,,,,1.0249,,,,1.804,,,,,,,,,,,,,,,,,,,,,,
2022-01-21,,,,,,,,,,,,,0.25,,0.0,0.25,-0.1,,,,,95.642,,,,,,,,85.14,87.89,244.24,269.12,,2576.0,1831.8,452.4,,,,,,,,,,,,,,,,,,,1.0014,,,,1.7581,,,,,,,,,,,,,,,,,,,,,,
2022-01-24,,,,,,,,,,,,,0.25,,0.0,0.25,-0.1,,,,,95.918,,,,,,,,83.31,86.27,239.8,262.74,,2493.0,1841.7,441.25,,,,,,,,,,,,,,,,,,,0.971,,,,1.7706,,,,,,,,,,,,,,,,,,,,,,
2022-01-25,,,,,,,,,,,,,0.25,,0.0,0.25,-0.1,,,,,95.948,,,,,,,,85.6,88.2,245.95,266.91,,2503.0,1852.5,445.0,,,,,,,,,,,,,,,,,,,1.0174,,,,1.7689,,,,,,,,,,,,,,,,,,,,,,
2022-01-26,,,,,,,,,,,,,0.25,,0.0,0.25,-0.1,,,,,96.478,,,,,,,,87.35,89.96,252.29,274.4,,2513.0,1829.7,451.5,,,,,,,,,,,,,,,,,,,1.1504,,,,1.8637,,,,,,,,,,,,,,,,,,,,,,
2022-01-27,,,,,,,,,,,,,0.25,,0.0,0.25,-0.1,,,,,97.255,,,,,,,,86.61,89.34,252.1,279.45,,2451.0,1793.1,442.35,,,,,,,,,,,,,,,,,,,1.1882,,,,1.7994,,,,,,,,,,,,,,,,,,,,,,
2022-01-28,,,,,,,,,,,,,0.25,,0.0,0.25,-0.1,,,,,97.27,,,,,,,,86.82,90.03,254.23,278.55,,2494.0,1784.9,431.0,,,,,,,,,,,,,,,,,,,1.1623,,,,1.7694,,,,,,,,,,,,,,,,,,,,,,
2022-01-31,,,,,,,,,,,,,0.25,,0.0,0.25,-0.1,,,,,96.54,,,,,,,,88.15,91.21,255.43,275.92,,2528.0,1795.0,432.45,,,,,,,,,,,,,,,,,,,1.1787,,,,1.7767,,,,,,,,,,,,,,,,,,,,,,
2022-02-01,,,,,,,,,,,,,0.25,,0.0,0.25,-0.1,,,,,96.385,,,,,,,,88.2,89.16,257.52,274.12,,2613.0,1800.3,443.4,,,,,,,,,,,,,,,,,,,1.1651,,,,1.7875,,,,,,,,,,,,,,,,,,,,,,
2022-02-02,,,,,,,,,,,,,0.25,,0.0,0.25,-0.1,,,,,95.936,,,,,,,,88.26,89.47,260.7,276.89,,2617.0,1809.2,449.6,,,,,,,,,,,,,,,,,,,1.1535,,,,1.7751,,,,,,,,,,,,,,,,,,,,,,
2022-02-03,,,,,,,,,,,,,0.25,,0.0,0.5,-0.1,,,,,95.379,,,,,,,,90.27,91.11,264.27,283.95,,2634.0,1803.0,447.1,,,,,,,,,,,,,,,,,,,1.1959,,,,1.8306,,,,,,,,,,,,,,,,,,,,,,
2022-02-04,,,,,,,,,,,,,0.25,,0.0,0.5,-0.1,,,,,95.485,,,,,,,,92.31,93.27,267.85,287.51,,2668.0,1806.6,448.75,,,,,,,,,,,,,,,,,,,1.3099,,,,1.9085,,,,,,,,,,,,,,,,,,,,,,
2022-02-07,,,,,,,,,,,,,0.25,,0.0,0.5,-0.1,,,,,95.399,,,,,,,,91.32,92.69,268.53,285.54,,2624.0,1820.6,446.25,,,,,,,,,,,,,,,,,,,1.2903,,,,1.9159,,,,,,,,,,,,,,,,,,,,,,
2022-02-08,,,,,,,,,,,,,0.25,,0.0,0.5,-0.1,,,,,95.643,,,,,,,,89.36,90.78,262.51,279.26,,2669.0,1826.6,446.1,,,,,,,,,,,,,,,,,,,1.3414,,,,1.9632,,,,,,,,,,,,,,,,,,,,,,
2022-02-09,,,,,,,,,,,,,0.25,,0.0,0.5,-0.1,,,,,95.494,,,,,,,,89.66,91.55,265.34,282.49,,2756.0,1835.2,460.25,,,,,,,,,,,,,,,,,,,1.3644,,,,1.9415,,,,,,,,,,,,,,,,,,,,,,
2022-02-10,,,,,,,,,,,,,0.25,,0.0,0.5,-0.1,,,,,95.553,,,,,,,,89.88,91.41,266.54,282.72,,2786.0,1836.2,465.95,,,,,,,,,,,,,,,,,,,1.5786,,,,2.0294,,,,,,,,,,,,,,,,,,,,,,
2022-02-11,,,,,,,,,,,,,0.25,,0.0,0.5,-0.1,,,,,96.082,,,,,,,,93.1,94.44,273.86,291.09,,2766.0,1840.8,450.6,,,,,,,,,,,,,,,,,,,1.4997,,,,1.9371,,,,,,,,,,,,,,,,,,,,,,
2022-02-14,,,,,,,,,,,,,0.25,,0.0,0.5,-0.1,,,,,96.374,,,,,,,,95.46,96.48,277.94,296.18,,2677.0,1868.0,450.75,,,,,,,,,,,,,,,,,,,1.5744,,,,1.9875,,,,,,,,,,,,,,,,,,,,,,
2022-02-15,,,,,,,,,,,,,0.25,,0.0,0.5,-0.1,,,,,95.989,,,,,,,,92.07,93.28,266.91,285.95,,2667.0,1854.8,453.15,,,,,,,,,,,,,,,,,,,1.5774,,,,2.0434,,,,,,,,,,,,,,,,,,,,,,
2022-02-16,,,,,,,,,,,,,0.25,,0.0,0.5,-0.1,,,,,95.701,,,,,,,,93.66,94.81,267.71,285.75,,2611.0,1870.2,453.65,,,,,,,,,,,,,,,,,,,1.5208,,,,2.0382,,,,,,,,,,,,,,,,,,,,,,
2022-02-17,,,,,,,,,,,,,0.25,,0.0,0.5,-0.1,,,,,95.8,,,,,,,,91.76,92.97,264.86,278.62,,2589.0,1900.7,452.3,,,,,,,,,,,,,,,,,,,1.4662,,,,1.9615,,,,,,,,,,,,,,,,,,,,,,
2022-02-18,,,,,,,,,,,,,0.25,,0.0,0.5,-0.1,,,,,96.043,,,,,,,,91.07,93.54,266.96,278.15,,2573.0,1898.6,451.95,,,,,,,,,,,,,,,,,,,1.4654,,,,1.9286,,,,,,,,,,,,,,,,,,,,,,
2022-02-21,,,,,,,,,,,,,0.25,,0.0,0.5,-0.1,,,,,96.078,,,,,,,,,95.39,,,,,,,,,,,,,,,,,,,,,,,,,1.4654,,,,1.9286,,,,,,,,,,,,,,,,,,,,,,
2022-02-22,,,,,,,,,,,,,0.25,,0.0,0.5,-0.1,,,,,96.025,,,,,,,,92.35,96.84,271.08,281.88,,2611.0,1906.1,451.05,,,,,,,,,,,,,,,,,,,1.5491,,,,1.939,,,,,,,,,,,,,,,,,,,,,,
2022-02-23,,,,,,,,,,,,,0.25,,0.0,0.5,-0.1,,,,,96.19,,,,,,,,92.1,96.84,272.53,282.92,,2626.0,1909.2,448.4,,,,,,,,,,,,,,,,,,,1.6016,,,,1.9912,,,,,,,,,,,,,,,,,,,,,,
2022-02-24,,,,,,,,,,,,,0.25,,0.0,0.5,-0.1,,,,,97.137,,,,,,,,92.81,99.08,277.1,289.69,,2578.0,1925.1,445.6,,,,,,,,,,,,,,,,,,,1.5797,,,,1.9633,,,,,,,,,,,,,,,,,,,,,,
2022-02-25,,,,,,,,,,,,,0.25,,0.0,0.5,-0.1,,,,,96.615,,,,,,,,91.59,97.93,272.73,284.95,,2576.0,1887.6,447.2,,,,,,,,,,,,,,,,,,,1.5697,,,,1.9617,,,,,,,,,,,,,,,,,,,,,,
2022-02-28,,,,,,,,,,,,,0.25,,0.0,0.5,-0.1,,,,,96.707,,,,,,,,95.72,100.99,279.7,301.34,,2491.0,1900.7,444.45,,,,,,,,,,,,,,,,,,,1.4323,,,,1.825,,,,,,,,,,,,,,,,,,,,,,
2022-03-01,,,,,,,,,,,,,0.25,,0.0,0.5,-0.1,,,,,97.409,,,,,,,,103.41,104.97,308.87,315.11,,2483.0,1943.8,458.65,,,,,,,,,,,,,,,,,,,1.3407,,,,1.7275,,,,,,,,,,,,,,,,,,,,,,
2022-03-02,,,,,,,,,,,,,0.25,,0.0,0.5,-0.1,,,,,97.385,,,,,,,,110.6,112.93,330.83,349.47,,2491.0,1922.3,465.55,,,,,,,,,,,,,,,,,,,1.512,,,,1.8767,,,,,,,,,,,,,,,,,,,,,,
2022-03-03,,,,,,,,,,,,,0.25,,0.0,0.5,-0.1,,,,,97.785,,,,,,,,107.67,110.46,328.44,350.34,,2524.0,1935.9,477.15,,,,,,,,,,,,,,,,,,,1.53,,,,1.8405,,,,,,,,,,,,,,,,,,,,,,
2022-03-04,,,,,,,,,,,,,0.25,,0.0,0.5,-0.1,,,,,98.648,,,,,,,,115.68,118.11,354.4,377.63,,2582.0,1966.6,492.9,,,,,,,,,,,,,,,,,,,1.4759,,,,1.7307,,,,,,,,,,,,,,,,,,,,,,
2022-03-07,,,,,,,,,,,,,0.25,,0.0,0.5,-0.1,,,,,99.293,,,,,,,,119.4,123.21,357.21,392.15,,2597.0,1995.9,472.2,,,,,,,,,,,,,,,,,,,1.5503,,,,1.7734,,,,,,,,,,,,,,,,,,,,,,
2022-03-08,,,,,,,,,,,,,0.25,,0.0,0.5,-0.1,,,,,99.062,,,,,,,,123.7,127.98,368.26,443.73,,2597.0,2043.3,470.05,,,,,,,,,,,,,,,,,,,1.5987,,,,1.8456,,,,,,,,,,,,,,,,,,,,,,
2022-03-09,,,,,,,,,,,,,0.25,,0.0,0.5,-0.1,,,,,97.968,,,,,,,,108.7,111.14,329.38,346.43,,2624.0,1988.2,456.4,,,,,,,,,,,,,,,,,,,1.6798,,,,1.9531,,,,,,,,,,,,,,,,,,,,,,
2022-03-10,,,,,,,,,,,,,0.25,,0.0,0.5,-0.1,,,,,98.507,,,,,,,,106.02,109.33,315.67,329.62,,2643.0,2000.4,464.35,,,,,,,,,,,,,,,,,,,1.6963,,,,1.9864,,,,,,,,,,,,,,,,,,,,,,
2022-03-11,,,,,,,,,,,,,0.25,,0.0,0.5,-0.1,,,,,99.124,,,,,,,,109.33,112.67,331.21,341.76,,2580.0,1985.0,461.6,,,,,,,,,,,,,,,,,,,1.748,,,,1.9917,,,,,,,,,,,,,,,,,,,,,,
2022-03-14,,,,,,,,,,,,,0.25,,0.0,0.5,-0.1,,,,,98.999,,,,,,,,103.01,106.9,316.89,327.63,,2571.0,1960.8,451.25,,,,,,,,,,,,,,,,,,,1.8609,,,,2.133,,,,,,,,,,,,,,,,,,,,,,
2022-03-15,,,,,,,,,,,,,0.25,,0.0,0.5,-0.1,,,,,99.097,,,,,,,,96.44,99.91,299.81,302.97,,2461.0,1929.7,450.15,,,,,,,,,,,,,,,,,,,1.8491,,,,2.1437,,,,,,,,,,,,,,,,,,,,,,
2022-03-16,,,,,,,,,,,,,0.5,,0.0,0.5,-0.1,,,,,98.618,,,,,,,,95.04,98.02,298.75,310.01,,2471.0,1909.2,458.8,,,,,,,,,,,,,,,,,,,1.9379,,,,2.1849,,,,,,,,,,,,,,,,,,,,,,
2022-03-17,,,,,,,,,,,,,0.5,,0.0,0.75,-0.1,,,,,97.974,,,,,,,,102.98,106.64,321.66,348.74,,2504.0,1943.2,469.05,,,,,,,,,,,,,,,,,,,1.9138,,,,2.1706,,,,,,,,,,,,,,,,,,,,,,
2022-03-18,,,,,,,,,,,,,0.5,,0.0,0.75,-0.1,,,,,98.233,,,,,,,,104.7,107.93,323.88,359.81,,2537.0,1929.3,473.05,,,,,,,,,,,,,,,,,,,1.9362,,,,2.1494,,,,,,,,,,,,,,,,,,,,,,
2022-03-21,,,,,,,,,,,,,0.5,,0.0,0.75,-0.1,,,,,98.498,,,,,,,,112.12,115.62,337.16,380.09,,2521.0,1929.5,470.15,,,,,,,,,,,,,,,,,,,2.1153,,,,2.2896,,,,,,,,,,,,,,,,,,,,,,
2022-03-22,,,,,,,,,,,,,0.5,,0.0,0.75,-0.1,,,,,98.493,,,,,,,,111.76,115.48,333.07,386.42,,2586.0,1921.5,468.9,,,,,,,,,,,,,,,,,,,2.1641,,,,2.3825,,,,,,,,,,,,,,,,,,,,,,
2022-03-23,,,,,,,,,,,,,0.5,,0.0,0.75,-0.1,,,,,98.622,,,,,,,,114.93,121.6,343.87,411.48,,2631.0,1937.3,476.25,,,,,,,,,,,,,,,,,,,2.0961,,,,2.2917,,,,,,,,,,,,,,,,,,,,,,
2022-03-24,,,,,,,,,,,,,0.5,,0.0,0.75,-0.1,,,,,98.789,,,,,,,,112.34,119.03,338.97,415.34,,2583.0,1962.2,472.9,,,,,,,,,,,,,,,,,,,2.1387,,,,2.3718,,,,,,,,,,,,,,,,,,,,,,
2022-03-25,,,,,,,,,,,,,0.5,,0.0,0.75,-0.1,,,,,98.789,,,,,,,,113.9,120.65,347.0,411.46,,2562.0,1954.2,468.6,,,,,,,,,,,,,,,,,,,2.2696,,,,2.4731,,,,,,,,,,,,,,,,,,,,,,
2022-03-28,,,,,,,,,,,,,0.5,,0.0,0.75,-0.1,,,,,99.091,,,,,,,,105.96,112.48,321.88,378.34,,2602.0,1939.8,471.4,,,,,,,,,,,,,,,,,,,2.3277,,,,2.4585,,,,,,,,,,,,,,,,,,,,,,
2022-03-29,,,,,,,,,,,,,0.5,,0.0,0.75,-0.1,,,,,98.404,,,,,,,,104.24,110.23,320.33,371.61,,2639.0,1912.2,471.65,,,,,,,,,,,,,,,,,,,2.3646,,,,2.3944,,,,,,,,,,,,,,,,,,,,,,
2022-03-30,,,,,,,,,,,,,0.5,,0.0,0.75,-0.1,,,,,97.792,,,,,,,,107.82,113.45,332.5,380.85,,2651.0,1933.5,475.05,,,,,,,,,,,,,,,,,,,2.3063,,,,2.3488,,,,,,,,,,,,,,,,,,,,,,
2022-03-31,,,,,,,,,,,,,0.5,,0.0,0.75,-0.1,,,,,98.312,,,,,,,,100.28,107.91,318.96,369.12,,2650.0,1949.2,475.1,,,,,,,,,,,,,,,,,,,2.3345,,,,2.338,,,,,,,,,,,,,,,,,,,,,,
2022-04-01,,,,,,,,,,,,,0.5,,0.0,0.75,-0.1,,,,,98.632,,,,,,,,99.27,104.39,315.35,342.4,,2599.0,1919.1,468.85,,,,,,,,,,,,,,,,,,,2.4564,,,,2.3822,,,,,,,,,,,,,,,,,,,,,,
2022-04-04,,,,,,,,,,,,,0.5,,0.0,0.75,-0.1,,,,,99.0,,,,,,,,103.28,107.53,319.81,354.61,,2562.0,1929.2,478.15,,,,,,,,,,,,,,,,,,,2.4221,,,,2.3951,,,,,,,,,,,,,,,,,,,,,,
2022-04-05,,,,,,,,,,,,,0.5,,0.0,0.75,-0.1,,,,,99.472,,,,,,,,101.96,106.64,316.49,346.82,,2534.0,1922.9,479.5,,,,,,,,,,,,,,,,,,,2.5139,,,,2.5469,,,,,,,,,,,,,,,,,,,,,,
2022-04-06,,,,,,,,,,,,,0.5,,0.0,0.75,-0.1,,,,,99.599,,,,,,,,96.23,101.07,304.62,334.52,,2549.0,1918.4,473.8,,,,,,,,,,,,,,,,,,,2.4714,,,,2.5975,,,,,,,,,,,,,,,,,,,,,,
2022-04-07,,,,,,,,,,,,,0.5,,0.0,0.75,-0.1,,,,,99.751,,,,,,,,96.03,100.58,303.98,326.78,,2574.0,1933.8,469.95,,,,,,,,,,,,,,,,,,,2.4595,,,,2.6578,,,,,,,,,,,,,,,,,,,,,,
2022-04-08,,,,,,,,,,,,,0.5,,0.0,0.75,-0.1,,,,,99.796,,,,,,,,98.26,102.78,313.16,331.76,,2620.0,1941.6,472.5,,,,,,,,,,,,,,,,,,,2.5115,,,,2.7,,,,,,,,,,,,,,,,,,,,,,
2022-04-11,,,,,,,,,,,,,0.5,,0.0,0.75,-0.1,,,,,99.932,,,,,,,,94.29,98.48,300.31,326.77,,2616.0,1944.3,463.4,,,,,,,,,,,,,,,,,,,2.4975,,,,2.7801,,,,,,,,,,,,,,,,,,,,,,
2022-04-12,,,,,,,,,,,,,0.5,,0.0,0.75,-0.1,,,,,100.292,,,,,,,,100.6,104.64,315.38,346.44,,2583.0,1972.1,470.95,,,,,,,,,,,,,,,,,,,2.4054,,,,2.7213,,,,,,,,,,,,,,,,,,,,,,
2022-04-13,,,,,,,,,,,,,0.5,,0.0,0.75,-0.1,,,,,99.875,,,,,,,,104.25,108.78,329.13,371.84,,2583.0,1981.0,471.2,,,,,,,,,,,,,,,,,,,2.3481,,,,2.6987,,,,,,,,,,,,,,,,,,,,,,
2022-04-14,,,,,,,,,,,,,0.5,,0.0,0.75,-0.1,,,,,100.321,,,,,,,,106.95,111.7,338.14,385.48,,2583.0,1970.9,472.35,,,,,,,,,,,,,,,,,,,2.4539,,,,2.8275,,,,,,,,,,,,,,,,,,,,,,
2022-04-15,,,,,,,,,,,,,0.5,,0.0,0.75,-0.1,,,,,100.5,,,,,,,,,,,,,,,,,,,,,,,,,,,,,,,,,,2.4539,,,,2.8275,,,,,,,,,,,,,,,,,,,,,,
2022-04-18,,,,,,,,,,,,,0.5,,0.0,0.75,-0.1,,,,,100.781,,,,,,,,108.21,113.16,337.81,389.08,,2525.0,1982.9,480.2,,,,,,,,,,,,,,,,,,,2.448,,,,2.8527,,,,,,,,,,,,,,,,,,,,,,
2022-04-19,,,,,,,,,,,,,0.5,,0.0,0.75,-0.1,,,,,100.961,,,,,,,,102.56,107.25,324.74,386.19,,2525.0,1955.7,471.8,,,,,,,,,,,,,,,,,,,2.5915,,,,2.9361,,,,,,,,,,,,,,,,,,,,,,
2022-04-20,,,,,,,,,,,,,0.5,,0.0,0.75,-0.1,,,,,100.39,,,,,,,,102.75,106.8,328.48,397.31,,2536.0,1952.3,465.2,,,,,,,,,,,,,,,,,,,2.5753,,,,2.832,,,,,,,,,,,,,,,,,,,,,,
2022-04-21,,,,,,,,,,,,,0.5,,0.0,0.75,-0.1,,,,,100.578,,,,,,,,103.79,108.33,333.86,390.08,,2540.0,1944.9,470.4,,,,,,,,,,,,,,,,,,,2.6822,,,,2.9095,,,,,,,,,,,,,,,,,,,,,,
2022-04-22,,,,,,,,,,,,,0.5,,0.0,0.75,-0.1,,,,,101.22,,,,,,,,102.07,106.65,330.5,393.86,,2506.0,1931.0,458.15,,,,,,,,,,,,,,,,,,,2.6672,,,,2.8987,,,,,,,,,,,,,,,,,,,,,,
2022-04-25,,,,,,,,,,,,,0.5,,0.0,0.75,-0.1,,,,,101.752,,,,,,,,98.54,102.32,323.98,409.09,,2432.0,1893.2,444.9,,,,,,,,,,,,,,,,,,,2.6257,,,,2.8198,,,,,,,,,,,,,,,,,,,,,,
2022-04-26,,,,,,,,,,,,,0.5,,0.0,0.75,-0.1,,,,,102.303,,,,,,,,101.7,104.99,333.88,446.79,,2557.0,1901.4,444.1,,,,,,,,,,,,,,,,,,,2.4773,,,,2.7205,,,,,,,,,,,,,,,,,,,,,,
2022-04-27,,,,,,,,,,,,,0.5,,0.0,0.75,-0.1,,,,,102.954,,,,,,,,102.02,105.32,345.6,467.43,,2572.0,1885.9,445.65,,,,,,,,,,,,,,,,,,,2.591,,,,2.8318,,,,,,,,,,,,,,,,,,,,,,
2022-04-28,,,,,,,,,,,,,0.5,,0.0,0.75,-0.1,,,,,103.623,,,,,,,,105.36,107.59,350.34,513.54,,2601.0,1891.3,441.35,,,,,,,,,,,,,,,,,,,2.6173,,,,2.8224,,,,,,,,,,,,,,,,,,,,,,
2022-04-29,,,,,,,,,,,,,0.5,,0.0,0.75,-0.1,,,,,102.959,,,,,,,,104.69,109.34,347.21,478.17,,2597.0,1911.7,439.5,,,,,,,,,,,,,,,,,,,2.7146,,,,2.9336,,,,,,,,,,,,,,,,,,,,,,
2022-05-02,,,,,,,,,,,,,0.5,,0.0,0.75,-0.1,,,,,103.744,,,,,,,,105.17,107.58,351.01,420.49,,2632.0,1863.6,425.55,,,,,,,,,,,,,,,,,,,2.7312,,,,2.9807,,,,,,,,,,,,,,,,,,,,,,
2022-05-03,,,,,,,,,,,,,0.5,,0.0,0.75,-0.1,,,,,103.465,,,,,,,,102.41,104.97,350.12,408.27,,2615.0,1870.6,427.1,,,,,,,,,,,,,,,,,,,2.7824,,,,2.9712,,,,,,,,,,,,,,,,,,,,,,
2022-05-04,,,,,,,,,,,,,1.0,,0.0,0.75,-0.1,,,,,102.587,,,,,,,,107.81,110.14,365.23,419.7,,2588.0,1868.8,432.85,,,,,,,,,,,,,,,,,,,2.6421,,,,2.9344,,,,,,,,,,,,,,,,,,,,,,
2022-05-05,,,,,,,,,,,,,1.0,,0.0,1.0,-0.1,,,,,103.752,,,,,,,,108.26,110.9,365.87,404.13,,2519.0,1875.7,428.5,,,,,,,,,,,,,,,,,,,2.7034,,,,3.0365,,,,,,,,,,,,,,,,,,,,,,
2022-05-06,,,,,,,,,,,,,1.0,,0.0,1.0,-0.1,,,,,103.66,,,,,,,,109.77,112.39,375.9,395.43,,2500.0,1882.8,426.15,,,,,,,,,,,,,,,,,,,2.7308,,,,3.1265,,,,,,,,,,,,,,,,,,,,,,
2022-05-09,,,,,,,,,,,,,1.0,,0.0,1.0,-0.1,,,,,103.651,,,,,,,,103.09,105.94,364.19,383.49,,2483.0,1858.6,419.3,,,,,,,,,,,,,,,,,,,2.5938,,,,3.0338,,,,,,,,,,,,,,,,,,,,,,
2022-05-10,,,,,,,,,,,,,1.0,,0.0,1.0,-0.1,,,,,103.92,,,,,,,,99.76,102.46,354.15,393.22,,2473.0,1841.0,415.45,,,,,,,,,,,,,,,,,,,2.6124,,,,2.9908,,,,,,,,,,,,,,,,,,,,,,
2022-05-11,,,,,,,,,,,,,1.0,,0.0,1.0,-0.1,,,,,103.846,,,,,,,,105.71,107.51,368.55,395.12,,2517.0,1853.7,421.25,,,,,,,,,,,,,,,,,,,2.6371,,,,2.9207,,,,,,,,,,,,,,,,,,,,,,
2022-05-12,,,,,,,,,,,,,1.0,,0.0,1.0,-0.1,,,,,104.851,,,,,,,,106.13,107.45,379.17,391.61,,2461.0,1824.6,410.5,,,,,,,,,,,,,,,,,,,2.5592,,,,2.8479,,,,,,,,,,,,,,,,,,,,,,
2022-05-13,,,,,,,,,,,,,1.0,,0.0,1.0,-0.1,,,,,104.563,,,,,,,,110.49,111.55,395.78,392.12,,2483.0,1808.2,418.05,,,,,,,,,,,,,,,,,,,2.578,,,,2.9185,,,,,,,,,,,,,,,,,,,,,,
2022-05-16,,,,,,,,,,,,,1.0,,0.0,1.0,-0.1,,,,,104.187,,,,,,,,114.2,114.24,402.29,390.75,,2505.0,1814.0,419.65,,,,,,,,,,,,,,,,,,,2.5698,,,,2.8822,,,,,,,,,,,,,,,,,,,,,,
2022-05-17,,,,,,,,,,,,,1.0,,0.0,1.0,-0.1,,,,,103.36,,,,,,,,112.4,111.93,394.17,379.93,,2513.0,1818.9,423.95,,,,,,,,,,,,,,,,,,,2.7003,,,,2.986,,,,,,,,,,,,,,,,,,,,,,
2022-05-18,,,,,,,,,,,,,1.0,,0.0,1.0,-0.1,,,,,103.81,,,,,,,,109.59,109.11,372.06,366.81,,2470.0,1815.9,418.2,,,,,,,,,,,,,,,,,,,2.6694,,,,2.884,,,,,,,,,,,,,,,,,,,,,,
2022-05-19,,,,,,,,,,,,,1.0,,0.0,1.0,-0.1,,,,,102.724,,,,,,,,112.21,112.04,383.17,379.2,,2457.0,1841.2,428.5,,,,,,,,,,,,,,,,,,,2.6073,,,,2.837,,,,,,,,,,,,,,,,,,,,,,
2022-05-20,,,,,,,,,,,,,1.0,,0.0,1.0,-0.1,,,,,103.15,,,,,,,,113.23,112.55,383.7,373.91,,2429.0,1842.1,428.1,,,,,,,,,,,,,,,,,,,2.5807,,,,2.7811,,,,,,,,,,,,,,,,,,,,,,
2022-05-23,,,,,,,,,,,,,1.0,,0.0,1.0,-0.1,,,,,102.076,,,,,,,,110.29,113.42,379.77,376.88,,2451.0,1847.8,434.75,,,,,,,,,,,,,,,,,,,2.6204,,,,2.8514,,,,,,,,,,,,,,,,,,,,,,
2022-05-24,,,,,,,,,,,,,1.0,,0.0,1.0,-0.1,,,,,101.857,,,,,,,,109.77,113.56,381.1,378.18,,2441.0,1865.4,432.55,,,,,,,,,,,,,,,,,,,2.4787,,,,2.7506,,,,,,,,,,,,,,,,,,,,,,
2022-05-25,,,,,,,,,,,,,1.0,,0.0,1.0,-0.1,,,,,102.056,,,,,,,,110.33,114.03,383.17,386.64,,2407.0,1846.3,427.7,,,,,,,,,,,,,,,,,,,2.4919,,,,2.7452,,,,,,,,,,,,,,,,,,,,,,
2022-05-26,,,,,,,,,,,,,1.0,,0.0,1.0,-0.1,,,,,101.829,,,,,,,,114.09,117.4,387.74,396.8,,2464.0,1847.6,425.5,,,,,,,,,,,,,,,,,,,2.4758,,,,2.7469,,,,,,,,,,,,,,,,,,,,,,
2022-05-27,,,,,,,,,,,,,1.0,,0.0,1.0,-0.1,,,,,101.668,,,,,,,,115.07,119.43,401.58,400.29,,2462.0,1851.3,430.65,,,,,,,,,,,,,,,,,,,2.4758,,,,2.7378,,,,,,,,,,,,,,,,,,,,,,
2022-05-30,,,,,,,,,,,,,1.0,,0.0,1.0,-0.1,,,,,101.668,,,,,,,,,121.67,,,,,,,,,,,,,,,,,,,,,,,,,2.4758,,,,2.7378,,,,,,,,,,,,,,,,,,,,,,
2022-05-31,,,,,,,,,,,,,1.0,,0.0,1.0,-0.1,,,,,101.752,,,,,,,,114.67,122.84,408.04,409.09,,2496.0,1842.7,429.6,,,,,,,,,,,,,,,,,,,2.5565,,,,2.8441,,,,,,,,,,,,,,,,,,,,,,
2022-06-01,,,,,,,,,,,,,1.0,,0.0,1.0,-0.1,,,,,102.498,,,,,,,,115.26,116.29,407.16,414.33,,2524.0,1843.3,432.85,,,,,,,,,,,,,,,,,,,2.6416,,,,2.9058,,,,,,,,,,,,,,,,,,,,,,
2022-06-02,,,,,,,,,,,,,1.0,,0.0,1.0,-0.1,,,,,101.824,,,,,,,,116.87,117.61,419.09,420.84,,2485.0,1866.5,455.25,,,,,,,,,,,,,,,,,,,2.6296,,,,2.9076,,,,,,,,,,,,,,,,,,,,,,
2022-06-03,,,,,,,,,,,,,1.0,,0.0,1.0,-0.1,,,,,102.14,,,,,,,,118.87,119.72,425.22,428.03,,2469.0,1845.4,447.2,,,,,,,,,,,,,,,,,,,2.6525,,,,2.9332,,,,,,,,,,,,,,,,,,,,,,
2022-06-06,,,,,,,,,,,,,1.0,,0.0,1.0,-0.1,,,,,102.437,,,,,,,,118.5,119.51,419.3,436.01,,2488.0,1839.2,443.5,,,,,,,,,,,,,,,,,,,2.7262,,,,3.0399,,,,,,,,,,,,,,,,,,,,,,
2022-06-07,,,,,,,,,,,,,1.0,,0.0,1.0,-0.1,,,,,102.318,,,,,,,,119.41,120.57,415.77,432.06,,2475.0,1847.5,443.55,,,,,,,,,,,,,,,,,,,2.7265,,,,2.9736,,,,,,,,,,,,,,,,,,,,,,
2022-06-08,,,,,,,,,,,,,1.0,,0.0,1.0,-0.1,,,,,102.542,,,,,,,,122.11,123.58,422.19,431.43,,2458.0,1851.9,445.45,,,,,,,,,,,,,,,,,,,2.7739,,,,3.0215,,,,,,,,,,,,,,,,,,,,,,
2022-06-09,,,,,,,,,,,,,1.0,,0.0,1.0,-0.1,,,,,103.223,,,,,,,,121.51,123.07,427.62,440.37,,2428.0,1848.8,438.1,,,,,,,,,,,,,,,,,,,2.8113,,,,3.0418,,,,,,,,,,,,,,,,,,,,,,
2022-06-10,,,,,,,,,,,,,1.0,,0.0,1.0,-0.1,,,,,104.148,,,,,,,,120.67,122.01,417.22,436.67,,2385.0,1871.5,429.45,,,,,,,,,,,,,,,,,,,3.0632,,,,3.1555,,,,,,,,,,,,,,,,,,,,,,
2022-06-13,,,,,,,,,,,,,1.0,,0.0,1.0,-0.1,,,,,105.078,,,,,,,,120.93,122.27,403.53,428.34,,2334.0,1828.0,421.15,,,,,,,,,,,,,,,,,,,3.3541,,,,3.3598,,,,,,,,,,,,,,,,,,,,,,
2022-06-14,,,,,,,,,,,,,1.0,,0.0,1.0,-0.1,,,,,105.518,,,,,,,,118.93,121.17,399.38,439.4,,2326.0,1809.5,415.65,,,,,,,,,,,,,,,,,,,3.4267,,,,3.4733,,,,,,,,,,,,,,,,,,,,,,
2022-06-15,,,,,,,,,,,,,1.75,,0.0,1.0,-0.1,,,,,105.158,,,,,,,,115.31,118.51,389.42,454.7,,2332.0,1815.3,416.35,,,,,,,,,,,,,,,,,,,3.1908,,,,3.2839,,,,,,,,,,,,,,,,,,,,,,
2022-06-16,,,,,,,,,,,,,1.75,,0.0,1.25,-0.1,,,,,103.631,,,,,,,,117.59,119.81,395.58,457.13,,2329.0,1845.7,410.8,,,,,,,,,,,,,,,,,,,3.0933,,,,3.1952,,,,,,,,,,,,,,,,,,,,,,
2022-06-17,,,,,,,,,,,,,1.75,,0.0,1.25,-0.1,,,,,104.7,,,,,,,,109.56,113.12,379.3,433.98,,2387.0,1835.6,401.35,,,,,,,,,,,,,,,,,,,3.1785,,,,3.2256,,,,,,,,,,,,,,,,,,,,,,
2022-06-20,,,,,,,,,,,,,1.75,,0.0,1.25,-0.1,,,,,104.7,,,,,,,,,114.13,,,,,,,,,,,,,,,,,,,,,,,,,3.1785,,,,3.2256,,,,,,,,,,,,,,,,,,,,,,
2022-06-21,,,,,,,,,,,,,1.75,,0.0,1.25,-0.1,,,,,104.435,,,,,,,,110.65,114.65,379.45,435.84,,2416.0,1834.6,403.9,,,,,,,,,,,,,,,,,,,3.1963,,,,3.2749,,,,,,,,,,,,,,,,,,,,,,
2022-06-22,,,,,,,,,,,,,1.75,,0.0,1.25,-0.1,,,,,104.197,,,,,,,,106.19,111.74,383.41,440.46,,2399.0,1834.3,394.4,,,,,,,,,,,,,,,,,,,3.0559,,,,3.1561,,,,,,,,,,,,,,,,,,,,,,
2022-06-23,,,,,,,,,,,,,1.75,,0.0,1.25,-0.1,,,,,104.431,,,,,,,,104.27,110.05,376.56,433.79,,2379.0,1825.7,373.9,,,,,,,,,,,,,,,,,,,3.0145,,,,3.087,,,,,,,,,,,,,,,,,,,,,,
2022-06-24,,,,,,,,,,,,,1.75,,0.0,1.25,-0.1,,,,,104.185,,,,,,,,107.62,113.12,388.48,436.29,,2381.0,1826.5,374.05,,,,,,,,,,,,,,,,,,,3.0632,,,,3.1301,,,,,,,,,,,,,,,,,,,,,,
2022-06-27,,,,,,,,,,,,,1.75,,0.0,1.25,-0.1,,,,,103.939,,,,,,,,109.57,115.09,383.72,423.02,,2361.0,1820.9,376.25,,,,,,,,,,,,,,,,,,,3.1212,,,,3.1997,,,,,,,,,,,,,,,,,,,,,,
2022-06-28,,,,,,,,,,,,,1.75,,0.0,1.25,-0.1,,,,,104.506,,,,,,,,111.76,117.98,393.51,419.94,,2353.0,1817.5,377.4,,,,,,,,,,,,,,,,,,,3.1096,,,,3.1715,,,,,,,,,,,,,,,,,,,,,,
2022-06-29,,,,,,,,,,,,,1.75,,0.0,1.25,-0.1,,,,,105.106,,,,,,,,109.78,116.26,382.7,403.67,,2317.0,1817.5,377.9,,,,,,,,,,,,,,,,,,,3.0385,,,,3.0891,,,,,,,,,,,,,,,,,,,,,,
2022-06-30,,,,,,,,,,,,,1.75,,0.0,1.25,-0.1,,,,,104.685,,,,,,,,105.76,114.81,364.98,389.82,,2291.0,1807.3,371.45,,,,,,,,,,,,,,,,,,,2.9533,,,,3.0129,,,,,,,,,,,,,,,,,,,,,,
2022-07-01,,,,,,,,,,,,,1.75,,0.0,1.25,-0.1,,,,,105.138,,,,,,,,108.43,111.63,368.78,393.89,,2265.0,1801.5,361.9,,,,,,,,,,,,,,,,,,,2.8329,,,,2.8803,,,,,,,,,,,,,,,,,,,,,,
2022-07-04,,,,,,,,,,,,,1.75,,0.0,1.25,-0.1,,,,,105.138,,,,,,,,,113.5,,,,,,,,,,,,,,,,,,,,,,,,,2.8329,,,,2.8803,,,,,,,,,,,,,,,,,,,,,,
2022-07-05,,,,,,,,,,,,,1.75,,0.0,1.25,-0.1,,,,,106.535,,,,,,,,99.5,102.77,332.9,360.16,,2266.0,1763.9,342.5,,,,,,,,,,,,,,,,,,,2.8184,,,,2.8054,,,,,,,,,,,,,,,,,,,,,,
2022-07-06,,,,,,,,,,,,,1.75,,0.0,1.25,-0.1,,,,,107.096,,,,,,,,98.53,100.69,323.66,341.06,,2307.0,1736.5,341.8,,,,,,,,,,,,,,,,,,,3.0018,,,,2.928,,,,,,,,,,,,,,,,,,,,,,
2022-07-07,,,,,,,,,,,,,1.75,,0.0,1.25,-0.1,,,,,107.13,,,,,,,,102.73,104.65,342.04,367.39,,2305.0,1739.7,358.2,,,,,,,,,,,,,,,,,,,3.0141,,,,2.9945,,,,,,,,,,,,,,,,,,,,,,
2022-07-08,,,,,,,,,,,,,1.75,,0.0,1.25,-0.1,,,,,107.007,,,,,,,,104.79,107.02,344.71,367.29,,2269.0,1742.3,353.2,,,,,,,,,,,,,,,,,,,3.1047,,,,3.0803,,,,,,,,,,,,,,,,,,,,,,
2022-07-11,,,,,,,,,,,,,1.75,,0.0,1.25,-0.1,,,,,108.021,,,,,,,,104.09,107.1,346.22,376.81,,2324.0,1731.7,343.75,,,,,,,,,,,,,,,,,,,3.0718,,,,2.9928,,,,,,,,,,,,,,,,,,,,,,
2022-07-12,,,,,,,,,,,,,1.75,,0.0,1.25,-0.1,,,,,108.072,,,,,,,,95.84,99.49,326.46,366.26,,2305.0,1724.8,329.65,,,,,,,,,,,,,,,,,,,3.0491,,,,2.9687,,,,,,,,,,,,,,,,,,,,,,
2022-07-13,,,,,,,,,,,,,1.75,,0.0,1.25,-0.1,,,,,107.957,,,,,,,,96.3,99.57,323.37,366.59,,2254.0,1735.5,332.55,,,,,,,,,,,,,,,,,,,3.1547,,,,2.9336,,,,,,,,,,,,,,,,,,,,,,
2022-07-14,,,,,,,,,,,,,1.75,,0.0,1.25,-0.1,,,,,108.544,,,,,,,,95.78,99.1,318.68,364.94,,2198.0,1705.8,321.05,,,,,,,,,,,,,,,,,,,3.1321,,,,2.9595,,,,,,,,,,,,,,,,,,,,,,
2022-07-15,,,,,,,,,,,,,1.75,,0.0,1.25,-0.1,,,,,108.063,,,,,,,,97.59,101.16,321.32,369.9,,2321.0,1703.6,323.45,,,,,,,,,,,,,,,,,,,3.1201,,,,2.9152,,,,,,,,,,,,,,,,,,,,,,
2022-07-18,,,,,,,,,,,,,1.75,,0.0,1.25,-0.1,,,,,107.366,,,,,,,,102.6,106.27,326.43,365.55,,2329.0,1710.2,334.8,,,,,,,,,,,,,,,,,,,3.1744,,,,2.9855,,,,,,,,,,,,,,,,,,,,,,
2022-07-19,,,,,,,,,,,,,1.75,,0.0,1.25,-0.1,,,,,106.682,,,,,,,,104.22,107.35,330.75,362.68,,2347.0,1710.7,329.15,,,,,,,,,,,,,,,,,,,3.2374,,,,3.0209,,,,,,,,,,,,,,,,,,,,,,
2022-07-20,,,,,,,,,,,,,1.75,,0.0,1.25,-0.1,,,,,107.076,,,,,,,,102.26,106.92,327.54,360.43,,2368.0,1700.2,332.95,,,,,,,,,,,,,,,,,,,3.2272,,,,3.0265,,,,,,,,,,,,,,,,,,,,,,
2022-07-21,,,,,,,,,,,,,1.75,,0.5,1.25,-0.1,,,,,106.91,,,,,,,,96.35,103.86,314.95,359.03,,2304.0,1713.4,330.2,,,,,,,,,,,,,,,,,,,3.085,,,,2.8747,,,,,,,,,,,,,,,,,,,,,,
2022-07-22,,,,,,,,,,,,,1.75,,0.5,1.25,-0.1,,,,,106.73,,,,,,,,94.7,103.2,322.28,345.56,,2297.0,1727.4,334.85,,,,,,,,,,,,,,,,,,,2.97,,,,2.7504,,,,,,,,,,,,,,,,,,,,,,
2022-07-25,,,,,,,,,,,,,1.75,,0.5,1.25,-0.1,,,,,106.483,,,,,,,,96.7,105.15,338.2,351.66,,2376.0,1719.1,335.1,,,,,,,,,,,,,,,,,,,3.0161,,,,2.7959,,,,,,,,,,,,,,,,,,,,,,
2022-07-26,,,,,,,,,,,,,1.75,,0.5,1.25,-0.1,,,,,107.189,,,,,,,,94.98,104.4,335.5,358.39,,2400.0,1717.7,338.25,,,,,,,,,,,,,,,,,,,3.0528,,,,2.8068,,,,,,,,,,,,,,,,,,,,,,
2022-07-27,,,,,,,,,,,,,2.5,,0.5,1.25,-0.1,,,,,106.452,,,,,,,,97.26,106.62,342.88,371.73,,2355.0,1719.1,342.95,,,,,,,,,,,,,,,,,,,2.9979,,,,2.7849,,,,,,,,,,,,,,,,,,,,,,
2022-07-28,,,,,,,,,,,,,2.5,,0.5,1.25,-0.1,,,,,106.351,,,,,,,,96.42,107.14,346.46,368.63,,2317.0,1750.3,347.45,,,,,,,,,,,,,,,,,,,2.8622,,,,2.6759,,,,,,,,,,,,,,,,,,,,,,
2022-07-29,,,,,,,,,,,,,2.5,,0.5,1.25,-0.1,,,,,105.903,,,,,,,,98.62,110.01,348.81,362.47,,2323.0,1762.9,357.35,,,,,,,,,,,,,,,,,,,2.8844,,,,2.6487,,,,,,,,,,,,,,,,,,,,,,
2022-08-01,,,,,,,,,,,,,2.5,,0.5,1.25,-0.1,,,,,105.45,,,,,,,,93.89,100.03,299.81,344.0,,2339.0,1769.0,354.25,,,,,,,,,,,,,,,,,,,2.8701,,,,2.5732,,,,,,,,,,,,,,,,,,,,,,
2022-08-02,,,,,,,,,,,,,2.5,,0.5,1.25,-0.1,,,,,106.241,,,,,,,,94.42,100.54,305.67,338.04,,2340.0,1771.1,351.85,,,,,,,,,,,,,,,,,,,3.0508,,,,2.7483,,,,,,,,,,,,,,,,,,,,,,
2022-08-03,,,,,,,,,,,,,2.5,,0.5,1.25,-0.1,,,,,106.506,,,,,,,,90.66,96.78,291.22,341.48,,2281.0,1758.0,346.7,,,,,,,,,,,,,,,,,,,3.0651,,,,2.7046,,,,,,,,,,,,,,,,,,,,,,
2022-08-04,,,,,,,,,,,,,2.5,,0.5,1.75,-0.1,,,,,105.693,,,,,,,,88.54,94.12,279.35,333.72,,2349.0,1788.5,348.15,,,,,,,,,,,,,,,,,,,3.0427,,,,2.6883,,,,,,,,,,,,,,,,,,,,,,
2022-08-05,,,,,,,,,,,,,2.5,,0.5,1.75,-0.1,,,,,106.621,,,,,,,,89.01,94.92,285.56,321.59,,2305.0,1772.9,355.2,,,,,,,,,,,,,,,,,,,3.2257,,,,2.8268,,,,,,,,,,,,,,,,,,,,,,
2022-08-08,,,,,,,,,,,,,2.5,,0.5,1.75,-0.1,,,,,106.435,,,,,,,,90.76,96.65,288.62,317.91,,2340.0,1786.8,358.65,,,,,,,,,,,,,,,,,,,3.2053,,,,2.7572,,,,,,,,,,,,,,,,,,,,,,
2022-08-09,,,,,,,,,,,,,2.5,,0.5,1.75,-0.1,,,,,106.374,,,,,,,,90.5,96.31,296.02,333.38,,2363.0,1794.0,358.55,,,,,,,,,,,,,,,,,,,3.2696,,,,2.7773,,,,,,,,,,,,,,,,,,,,,,
2022-08-10,,,,,,,,,,,,,2.5,,0.5,1.75,-0.1,,,,,105.196,,,,,,,,91.93,97.4,307.03,341.03,,2398.0,1795.6,364.95,,,,,,,,,,,,,,,,,,,3.2141,,,,2.7809,,,,,,,,,,,,,,,,,,,,,,
2022-08-11,,,,,,,,,,,,,2.5,,0.5,1.75,-0.1,,,,,105.09,,,,,,,,94.34,99.6,307.15,348.4,,2409.0,1789.7,370.65,,,,,,,,,,,,,,,,,,,3.2185,,,,2.8876,,,,,,,,,,,,,,,,,,,,,,
2022-08-12,,,,,,,,,,,,,2.5,,0.5,1.75,-0.1,,,,,105.631,,,,,,,,92.09,98.15,304.6,351.78,,2352.0,1798.6,366.85,,,,,,,,,,,,,,,,,,,3.2422,,,,2.8312,,,,,,,,,,,,,,,,,,,,,,
2022-08-15,,,,,,,,,,,,,2.5,,0.5,1.75,-0.1,,,,,106.546,,,,,,,,89.41,95.1,295.17,344.03,,2360.0,1781.4,361.75,,,,,,,,,,,,,,,,,,,3.1821,,,,2.7878,,,,,,,,,,,,,,,,,,,,,,
2022-08-16,,,,,,,,,,,,,2.5,,0.5,1.75,-0.1,,,,,106.5,,,,,,,,86.53,92.34,290.07,348.02,,2333.0,1773.2,362.45,,,,,,,,,,,,,,,,,,,3.2574,,,,2.8041,,,,,,,,,,,,,,,,,,,,,,
2022-08-17,,,,,,,,,,,,,2.5,,0.5,1.75,-0.1,,,,,106.574,,,,,,,,88.11,93.65,293.45,361.74,,2400.0,1760.3,358.35,,,,,,,,,,,,,,,,,,,3.2848,,,,2.8968,,,,,,,,,,,,,,,,,,,,,,
2022-08-18,,,,,,,,,,,,,2.5,,0.5,1.75,-0.1,,,,,107.484,,,,,,,,90.5,96.59,302.61,364.97,,2402.0,1755.3,363.15,,,,,,,,,,,,,,,,,,,3.1974,,,,2.8822,,,,,,,,,,,,,,,,,,,,,,
2022-08-19,,,,,,,,,,,,,2.5,,0.5,1.75,-0.1,,,,,108.169,,,,,,,,90.77,96.72,301.75,370.05,,2362.0,1747.6,366.45,,,,,,,,,,,,,,,,,,,3.2338,,,,2.9721,,,,,,,,,,,,,,,,,,,,,,
2022-08-22,,,,,,,,,,,,,2.5,,0.5,1.75,-0.1,,,,,109.046,,,,,,,,90.23,96.48,289.12,377.62,,2348.0,1734.0,365.15,,,,,,,,,,,,,,,,,,,3.3098,,,,3.0146,,,,,,,,,,,,,,,,,,,,,,
2022-08-23,,,,,,,,,,,,,2.5,,0.5,1.75,-0.1,,,,,108.624,,,,,,,,93.74,100.22,293.3,384.19,,2300.0,1746.8,369.55,,,,,,,,,,,,,,,,,,,3.2997,,,,3.0461,,,,,,,,,,,,,,,,,,,,,,
2022-08-24,,,,,,,,,,,,,2.5,,0.5,1.75,-0.1,,,,,108.677,,,,,,,,94.89,101.22,280.07,401.32,,2402.0,1747.8,364.4,,,,,,,,,,,,,,,,,,,3.3905,,,,3.1039,,,,,,,,,,,,,,,,,,,,,,
2022-08-25,,,,,,,,,,,,,2.5,,0.5,1.75,-0.1,,,,,108.47,,,,,,,,92.52,99.34,281.21,394.91,,2418.0,1757.7,369.9,,,,,,,,,,,,,,,,,,,3.3661,,,,3.0258,,,,,,,,,,,,,,,,,,,,,,
2022-08-26,,,,,,,,,,,,,2.5,,0.5,1.75,-0.1,,,,,108.803,,,,,,,,93.06,100.99,285.13,400.76,,2414.0,1736.1,369.7,,,,,,,,,,,,,,,,,,,3.3966,,,,3.0409,,,,,,,,,,,,,,,,,,,,,,
2022-08-29,,,,,,,,,,,,,2.5,,0.5,1.75,-0.1,,,,,108.835,,,,,,,,97.01,105.09,287.76,390.99,,2429.0,1736.6,361.2,,,,,,,,,,,,,,,,,,,3.4232,,,,3.1024,,,,,,,,,,,,,,,,,,,,,,
2022-08-30,,,,,,,,,,,,,2.5,,0.5,1.75,-0.1,,,,,108.773,,,,,,,,91.64,99.31,269.44,381.71,,2422.0,1726.9,354.5,,,,,,,,,,,,,,,,,,,3.4416,,,,3.1025,,,,,,,,,,,,,,,,,,,,,,
2022-08-31,,,,,,,,,,,,,2.5,,0.5,1.75,-0.1,,,,,108.7,,,,,,,,89.55,96.49,260.59,371.54,,2427.0,1716.9,351.85,,,,,,,,,,,,,,,,,,,3.4929,,,,3.1926,,,,,,,,,,,,,,,,,,,,,,
2022-09-01,,,,,,,,,,,,,2.5,,0.5,1.75,-0.1,,,,,109.691,,,,,,,,86.61,92.36,238.53,356.12,,2382.0,1699.6,341.45,,,,,,,,,,,,,,,,,,,3.4994,,,,3.2533,,,,,,,,,,,,,,,,,,,,,,
2022-09-02,,,,,,,,,,,,,2.5,,0.5,1.75,-0.1,,,,,109.534,,,,,,,,86.87,93.02,246.36,357.8,,2430.0,1713.0,342.15,,,,,,,,,,,,,,,,,,,3.3873,,,,3.1894,,,,,,,,,,,,,,,,,,,,,,
2022-09-05,,,,,,,,,,,,,2.5,,0.5,1.75,-0.1,,,,,109.534,,,,,,,,,95.74,,,,,,,,,,,,,,,,,,,,,,,,,3.3873,,,,3.1894,,,,,,,,,,,,,,,,,,,,,,
2022-09-06,,,,,,,,,,,,,2.5,,0.5,1.75,-0.1,,,,,110.214,,,,,,,,86.88,92.83,241.59,357.38,,2383.0,1703.4,346.9,,,,,,,,,,,,,,,,,,,3.5029,,,,3.3492,,,,,,,,,,,,,,,,,,,,,,
2022-09-07,,,,,,,,,,,,,2.5,,0.5,1.75,-0.1,,,,,109.84,,,,,,,,81.94,88.0,230.77,358.6,,2308.0,1718.2,343.8,,,,,,,,,,,,,,,,,,,3.4309,,,,3.2635,,,,,,,,,,,,,,,,,,,,,,
2022-09-08,,,,,,,,,,,,,2.5,,1.25,1.75,-0.1,,,,,109.707,,,,,,,,83.54,89.15,234.61,354.01,,2286.0,1710.6,353.6,,,,,,,,,,,,,,,,,,,3.5035,,,,3.317,,,,,,,,,,,,,,,,,,,,,,
2022-09-09,,,,,,,,,,,,,2.5,,1.25,1.75,-0.1,,,,,109.003,,,,,,,,86.79,92.84,243.31,357.87,,2360.0,1718.8,358.1,,,,,,,,,,,,,,,,,,,3.5565,,,,3.3097,,,,,,,,,,,,,,,,,,,,,,
2022-09-12,,,,,,,,,,,,,2.5,,1.25,1.75,-0.1,,,,,108.33,,,,,,,,87.78,94.0,244.48,360.31,,2386.0,1730.8,362.55,,,,,,,,,,,,,,,,,,,3.5714,,,,3.3578,,,,,,,,,,,,,,,,,,,,,,
2022-09-13,,,,,,,,,,,,,2.5,,1.25,1.75,-0.1,,,,,109.815,,,,,,,,87.31,93.17,248.04,354.13,,2350.0,1707.1,358.1,,,,,,,,,,,,,,,,,,,3.756,,,,3.408,,,,,,,,,,,,,,,,,,,,,,
2022-09-14,,,,,,,,,,,,,2.5,,1.25,1.75,-0.1,,,,,109.658,,,,,,,,88.48,94.1,252.45,337.89,,2347.0,1698.2,354.55,,,,,,,,,,,,,,,,,,,3.7881,,,,3.4043,,,,,,,,,,,,,,,,,,,,,,
2022-09-15,,,,,,,,,,,,,2.5,,1.25,1.75,-0.1,,,,,109.739,,,,,,,,85.1,90.84,242.87,320.52,,2412.0,1666.8,352.35,,,,,,,,,,,,,,,,,,,3.8646,,,,3.4489,,,,,,,,,,,,,,,,,,,,,,
2022-09-16,,,,,,,,,,,,,2.5,,1.25,1.75,-0.1,,,,,109.764,,,,,,,,85.11,91.35,241.57,317.25,,2360.0,1672.8,356.1,,,,,,,,,,,,,,,,,,,3.8671,,,,3.4494,,,,,,,,,,,,,,,,,,,,,,
2022-09-19,,,,,,,,,,,,,2.5,,1.25,1.75,-0.1,,,,,109.737,,,,,,,,85.73,92.0,246.41,331.08,,2369.0,1667.6,355.75,,,,,,,,,,,,,,,,,,,3.9358,,,,3.4905,,,,,,,,,,,,,,,,,,,,,,
2022-09-20,,,,,,,,,,,,,2.5,,1.25,1.75,-0.1,,,,,110.215,,,,,,,,84.45,90.62,244.78,337.22,,2355.0,1661.0,354.8,,,,,,,,,,,,,,,,,,,3.9665,,,,3.563,,,,,,,,,,,,,,,,,,,,,,
2022-09-21,,,,,,,,,,,,,3.25,,1.25,1.75,-0.1,,,,,110.642,,,,,,,,82.94,89.83,248.65,333.38,,2352.0,1665.8,351.2,,,,,,,,,,,,,,,,,,,4.0484,,,,3.5299,,,,,,,,,,,,,,,,,,,,,,
2022-09-22,,,,,,,,,,,,,3.25,,1.25,2.25,-0.1,,,,,111.353,,,,,,,,83.49,90.46,251.57,341.15,,2321.0,1671.4,349.85,,,,,,,,,,,,,,,,,,,4.1222,,,,3.7138,,,,,,,,,,,,,,,,,,,,,,
2022-09-23,,,,,,,,,,,,,3.25,,1.25,2.25,-0.1,,,,,113.192,,,,,,,,78.74,86.15,238.3,323.71,,2247.0,1645.3,337.15,,,,,,,,,,,,,,,,,,,4.2011,,,,3.6846,,,,,,,,,,,,,,,,,,,,,,
2022-09-26,,,,,,,,,,,,,3.25,,1.25,2.25,-0.1,,,,,114.103,,,,,,,,76.71,84.06,238.42,312.91,,2243.0,1623.6,331.35,,,,,,,,,,,,,,,,,,,4.3406,,,,3.9244,,,,,,,,,,,,,,,,,,,,,,
2022-09-27,,,,,,,,,,,,,3.25,,1.25,2.25,-0.1,,,,,114.106,,,,,,,,78.5,86.27,249.31,325.99,,2286.0,1626.5,332.3,,,,,,,,,,,,,,,,,,,4.2829,,,,3.9451,,,,,,,,,,,,,,,,,,,,,,
2022-09-28,,,,,,,,,,,,,3.25,,1.25,2.25,-0.1,,,,,112.604,,,,,,,,82.15,89.32,257.79,344.94,,2282.0,1660.3,338.2,,,,,,,,,,,,,,,,,,,4.1349,,,,3.7312,,,,,,,,,,,,,,,,,,,,,,
2022-09-29,,,,,,,,,,,,,3.25,,1.25,2.25,-0.1,,,,,112.254,,,,,,,,81.23,88.49,250.76,341.46,,2327.0,1658.5,341.8,,,,,,,,,,,,,,,,,,,4.1924,,,,3.7856,,,,,,,,,,,,,,,,,,,,,,
2022-09-30,,,,,,,,,,,,,3.25,,1.25,2.25,-0.1,,,,,112.117,,,,,,,,79.49,87.96,247.26,336.9,,2354.0,1662.4,341.25,,,,,,,,,,,,,,,,,,,4.2787,,,,3.8286,,,,,,,,,,,,,,,,,,,,,,
2022-10-03,,,,,,,,,,,,,3.25,,1.25,2.25,-0.1,,,,,111.745,,,,,,,,83.63,88.86,251.29,336.91,,2337.0,1692.9,341.0,,,,,,,,,,,,,,,,,,,4.1134,,,,3.6387,,,,,,,,,,,,,,,,,,,,,,
2022-10-04,,,,,,,,,,,,,3.25,,1.25,2.25,-0.1,,,,,110.065,,,,,,,,86.52,91.8,268.3,353.58,,2360.0,1721.1,349.0,,,,,,,,,,,,,,,,,,,4.0926,,,,3.6329,,,,,,,,,,,,,,,,,,,,,,
2022-10-05,,,,,,,,,,,,,3.25,,1.25,2.25,-0.1,,,,,111.208,,,,,,,,87.76,93.37,266.85,368.69,,2392.0,1711.4,350.05,,,,,,,,,,,,,,,,,,,4.1481,,,,3.7528,,,,,,,,,,,,,,,,,,,,,,
2022-10-06,,,,,,,,,,,,,3.25,,1.25,2.25,-0.1,,,,,112.258,,,,,,,,88.45,94.42,268.14,386.49,,2373.0,1711.7,344.6,,,,,,,,,,,,,,,,,,,4.2558,,,,3.8236,,,,,,,,,,,,,,,,,,,,,,
2022-10-07,,,,,,,,,,,,,3.25,,1.25,2.25,-0.1,,,,,112.795,,,,,,,,92.64,97.92,273.46,401.87,,2396.0,1700.5,338.65,,,,,,,,,,,,,,,,,,,4.3078,,,,3.8814,,,,,,,,,,,,,,,,,,,,,,
2022-10-10,,,,,,,,,,,,,3.25,,1.25,2.25,-0.1,,,,,113.144,,,,,,,,91.13,96.19,262.28,391.47,,2358.0,1667.3,343.05,,,,,,,,,,,,,,,,,,,4.3078,,,,3.8814,,,,,,,,,,,,,,,,,,,,,,
2022-10-11,,,,,,,,,,,,,3.25,,1.25,2.25,-0.1,,,,,113.221,,,,,,,,89.35,94.29,262.73,393.08,,2347.0,1678.7,346.2,,,,,,,,,,,,,,,,,,,4.3058,,,,3.947,,,,,,,,,,,,,,,,,,,,,,
2022-10-12,,,,,,,,,,,,,3.25,,1.25,2.25,-0.1,,,,,113.32,,,,,,,,87.27,92.45,263.03,393.28,,2318.0,1670.3,342.5,,,,,,,,,,,,,,,,,,,4.2911,,,,3.8962,,,,,,,,,,,,,,,,,,,,,,
2022-10-13,,,,,,,,,,,,,3.25,,1.25,2.25,-0.1,,,,,112.363,,,,,,,,89.11,94.57,270.34,409.48,,2385.0,1670.0,344.05,,,,,,,,,,,,,,,,,,,4.4635,,,,3.9435,,,,,,,,,,,,,,,,,,,,,,
2022-10-14,,,,,,,,,,,,,3.25,,1.25,2.25,-0.1,,,,,113.311,,,,,,,,85.61,91.63,263.09,398.02,,2377.0,1641.7,342.35,,,,,,,,,,,,,,,,,,,4.4959,,,,4.0184,,,,,,,,,,,,,,,,,,,,,,
2022-10-17,,,,,,,,,,,,,3.25,,1.25,2.25,-0.1,,,,,112.039,,,,,,,,85.46,91.62,259.31,408.52,,2340.0,1657.0,341.55,,,,,,,,,,,,,,,,,,,4.4433,,,,4.0104,,,,,,,,,,,,,,,,,,,,,,
2022-10-18,,,,,,,,,,,,,3.25,,1.25,2.25,-0.1,,,,,112.13,,,,,,,,82.82,90.03,255.06,399.35,,2305.0,1649.0,336.2,,,,,,,,,,,,,,,,,,,4.4286,,,,4.0066,,,,,,,,,,,,,,,,,,,,,,
2022-10-19,,,,,,,,,,,,,3.25,,1.25,2.25,-0.1,,,,,112.984,,,,,,,,85.55,92.41,265.22,390.43,,2308.0,1627.5,331.8,,,,,,,,,,,,,,,,,,,4.5563,,,,4.1335,,,,,,,,,,,,,,,,,,,,,,
2022-10-20,,,,,,,,,,,,,3.25,,1.25,2.25,-0.1,,,,,112.881,,,,,,,,85.98,92.38,264.78,375.68,,2328.0,1630.8,341.05,,,,,,,,,,,,,,,,,,,4.61,,,,4.2283,,,,,,,,,,,,,,,,,,,,,,
2022-10-21,,,,,,,,,,,,,3.25,,1.25,2.25,-0.1,,,,,112.012,,,,,,,,85.05,93.5,266.2,383.23,,2306.0,1651.0,347.45,,,,,,,,,,,,,,,,,,,4.4723,,,,4.2167,,,,,,,,,,,,,,,,,,,,,,
2022-10-24,,,,,,,,,,,,,3.25,,1.25,2.25,-0.1,,,,,111.989,,,,,,,,84.58,93.26,273.02,392.01,,2337.0,1648.7,343.05,,,,,,,,,,,,,,,,,,,4.5046,,,,4.2424,,,,,,,,,,,,,,,,,,,,,,
2022-10-25,,,,,,,,,,,,,3.25,,1.25,2.25,-0.1,,,,,110.95,,,,,,,,85.32,93.52,291.6,396.72,,2296.0,1652.8,339.7,,,,,,,,,,,,,,,,,,,4.4771,,,,4.1021,,,,,,,,,,,,,,,,,,,,,,
2022-10-26,,,,,,,,,,,,,3.25,,1.25,2.25,-0.1,,,,,109.7,,,,,,,,87.91,95.69,289.94,412.01,,2278.0,1664.0,354.5,,,,,,,,,,,,,,,,,,,4.4039,,,,4.0028,,,,,,,,,,,,,,,,,,,,,,
2022-10-27,,,,,,,,,,,,,3.25,,2.0,2.25,-0.1,,,,,110.587,,,,,,,,89.08,96.96,301.16,433.39,,2314.0,1660.7,351.95,,,,,,,,,,,,,,,,,,,4.2741,,,,3.9187,,,,,,,,,,,,,,,,,,,,,,
2022-10-28,,,,,,,,,,,,,3.25,,2.0,2.25,-0.1,,,,,110.752,,,,,,,,87.9,95.77,290.66,454.98,,2302.0,1644.8,342.9,,,,,,,,,,,,,,,,,,,4.4142,,,,4.0123,,,,,,,,,,,,,,,,,,,,,,
2022-10-31,,,,,,,,,,,,,3.25,,2.0,2.25,-0.1,,,,,111.527,,,,,,,,86.53,94.83,281.07,419.09,,2335.0,1640.7,337.5,,,,,,,,,,,,,,,,,,,4.4824,,,,4.0478,,,,,,,,,,,,,,,,,,,,,,
2022-11-01,,,,,,,,,,,,,3.25,,2.0,2.25,-0.1,,,,,111.481,,,,,,,,88.37,94.65,259.45,362.11,,2348.0,1649.7,347.25,,,,,,,,,,,,,,,,,,,4.5447,,,,4.0419,,,,,,,,,,,,,,,,,,,,,,
2022-11-02,,,,,,,,,,,,,4.0,,2.0,2.25,-0.1,,,,,111.345,,,,,,,,90.0,96.16,269.72,367.74,,2379.0,1650.0,346.85,,,,,,,,,,,,,,,,,,,4.6197,,,,4.1005,,,,,,,,,,,,,,,,,,,,,,
2022-11-03,,,,,,,,,,,,,4.0,,2.0,3.0,-0.1,,,,,112.93,,,,,,,,88.17,94.67,269.39,386.53,,2372.0,1630.9,342.7,,,,,,,,,,,,,,,,,,,4.7138,,,,4.1469,,,,,,,,,,,,,,,,,,,,,,
2022-11-04,,,,,,,,,,,,,4.0,,2.0,3.0,-0.1,,,,,110.877,,,,,,,,92.61,98.57,273.48,391.48,,2434.0,1676.6,368.65,,,,,,,,,,,,,,,,,,,4.6584,,,,4.1584,,,,,,,,,,,,,,,,,,,,,,
2022-11-07,,,,,,,,,,,,,4.0,,2.0,3.0,-0.1,,,,,110.12,,,,,,,,91.79,97.92,265.31,378.11,,2506.0,1680.5,360.35,,,,,,,,,,,,,,,,,,,4.7217,,,,4.2135,,,,,,,,,,,,,,,,,,,,,,
2022-11-08,,,,,,,,,,,,,4.0,,2.0,3.0,-0.1,,,,,109.636,,,,,,,,88.91,95.36,263.67,377.07,,2537.0,1716.0,368.25,,,,,,,,,,,,,,,,,,,4.6506,,,,4.1234,,,,,,,,,,,,,,,,,,,,,,
2022-11-09,,,,,,,,,,,,,4.0,,2.0,3.0,-0.1,,,,,110.549,,,,,,,,85.83,92.65,254.46,365.63,,2532.0,1713.7,370.0,,,,,,,,,,,,,,,,,,,4.5795,,,,4.0923,,,,,,,,,,,,,,,,,,,,,,
2022-11-10,,,,,,,,,,,,,4.0,,2.0,3.0,-0.1,,,,,108.206,,,,,,,,86.47,93.67,256.63,356.94,,2558.0,1753.7,375.8,,,,,,,,,,,,,,,,,,,4.3321,,,,3.8125,,,,,,,,,,,,,,,,,,,,,,
2022-11-11,,,,,,,,,,,,,4.0,,2.0,3.0,-0.1,,,,,106.292,,,,,,,,88.96,95.99,260.96,355.53,,2520.0,1769.4,391.35,,,,,,,,,,,,,,,,,,,4.3321,,,,3.8125,,,,,,,,,,,,,,,,,,,,,,
2022-11-14,,,,,,,,,,,,,4.0,,2.0,3.0,-0.1,,,,,106.66,,,,,,,,85.87,93.14,252.85,354.4,,2497.0,1776.9,383.35,,,,,,,,,,,,,,,,,,,4.3888,,,,3.8536,,,,,,,,,,,,,,,,,,,,,,
2022-11-15,,,,,,,,,,,,,4.0,,2.0,3.0,-0.1,,,,,106.404,,,,,,,,86.92,93.86,251.61,364.13,,2500.0,1776.8,382.0,,,,,,,,,,,,,,,,,,,4.3382,,,,3.7696,,,,,,,,,,,,,,,,,,,,,,
2022-11-16,,,,,,,,,,,,,4.0,,2.0,3.0,-0.1,,,,,106.281,,,,,,,,85.59,92.86,250.8,361.36,,2503.0,1775.8,377.35,,,,,,,,,,,,,,,,,,,4.3549,,,,3.6899,,,,,,,,,,,,,,,,,,,,,,
2022-11-17,,,,,,,,,,,,,4.0,,2.0,3.0,-0.1,,,,,106.694,,,,,,,,81.64,89.78,245.47,352.48,,2428.0,1763.0,368.8,,,,,,,,,,,,,,,,,,,4.452,,,,3.7657,,,,,,,,,,,,,,,,,,,,,,
2022-11-18,,,,,,,,,,,,,4.0,,2.0,3.0,-0.1,,,,,106.93,,,,,,,,80.08,87.62,242.08,351.81,,2412.0,1754.4,363.2,,,,,,,,,,,,,,,,,,,4.5329,,,,3.8288,,,,,,,,,,,,,,,,,,,,,,
2022-11-21,,,,,,,,,,,,,4.0,,2.0,3.0,-0.1,,,,,107.835,,,,,,,,79.73,87.45,243.71,349.73,,2387.0,1739.6,357.15,,,,,,,,,,,,,,,,,,,4.5523,,,,3.8269,,,,,,,,,,,,,,,,,,,,,,
2022-11-22,,,,,,,,,,,,,4.0,,2.0,3.0,-0.1,,,,,107.222,,,,,,,,80.95,88.36,254.05,347.13,,2381.0,1739.9,361.45,,,,,,,,,,,,,,,,,,,4.5145,,,,3.7559,,,,,,,,,,,,,,,,,,,,,,
2022-11-23,,,,,,,,,,,,,4.0,,2.0,3.0,-0.1,,,,,106.076,,,,,,,,77.94,85.41,247.44,335.93,,2397.0,1745.6,361.8,,,,,,,,,,,,,,,,,,,4.4773,,,,3.6927,,,,,,,,,,,,,,,,,,,,,,
2022-11-24,,,,,,,,,,,,,4.0,,2.0,3.0,-0.1,,,,,106.076,,,,,,,,,85.34,,,,,,,,,,,,,,,,,,,,,,,,,4.4773,,,,3.6927,,,,,,,,,,,,,,,,,,,,,,
2022-11-25,,,,,,,,,,,,,4.0,,2.0,3.0,-0.1,,,,,105.959,,,,,,,,76.28,83.63,232.82,323.91,,2437.0,1754.0,362.75,,,,,,,,,,,,,,,,,,,4.4526,,,,3.6776,,,,,,,,,,,,,,,,,,,,,,
2022-11-28,,,,,,,,,,,,,4.0,,2.0,3.0,-0.1,,,,,106.681,,,,,,,,77.24,83.19,233.06,321.54,,2438.0,1740.3,361.15,,,,,,,,,,,,,,,,,,,4.4381,,,,3.6812,,,,,,,,,,,,,,,,,,,,,,
2022-11-29,,,,,,,,,,,,,4.0,,2.0,3.0,-0.1,,,,,106.822,,,,,,,,78.2,83.03,233.21,329.59,,2433.0,1748.4,363.0,,,,,,,,,,,,,,,,,,,4.4732,,,,3.7441,,,,,,,,,,,,,,,,,,,,,,
2022-11-30,,,,,,,,,,,,,4.0,,2.0,3.0,-0.1,,,,,105.95,,,,,,,,80.55,85.43,241.85,336.29,,2451.0,1746.0,372.95,,,,,,,,,,,,,,,,,,,4.3102,,,,3.6054,,,,,,,,,,,,,,,,,,,,,,
2022-12-01,,,,,,,,,,,,,4.0,,2.0,3.0,-0.1,,,,,104.728,,,,,,,,81.22,86.88,234.2,326.24,,2472.0,1801.1,381.4,,,,,,,,,,,,,,,,,,,4.2276,,,,3.5048,,,,,,,,,,,,,,,,,,,,,,
2022-12-02,,,,,,,,,,,,,4.0,,2.0,3.0,-0.1,,,,,104.545,,,,,,,,79.98,85.57,228.04,316.85,,2489.0,1795.9,384.8,,,,,,,,,,,,,,,,,,,4.2717,,,,3.4862,,,,,,,,,,,,,,,,,,,,,,
2022-12-05,,,,,,,,,,,,,4.0,,2.0,3.0,-0.1,,,,,105.289,,,,,,,,76.93,82.68,220.19,299.98,,2432.0,1767.4,378.95,,,,,,,,,,,,,,,,,,,4.3874,,,,3.5736,,,,,,,,,,,,,,,,,,,,,,
2022-12-06,,,,,,,,,,,,,4.0,,2.0,3.0,-0.1,,,,,105.578,,,,,,,,74.25,79.35,214.91,291.55,,2437.0,1769.3,381.15,,,,,,,,,,,,,,,,,,,4.3664,,,,3.5314,,,,,,,,,,,,,,,,,,,,,,
2022-12-07,,,,,,,,,,,,,4.0,,2.0,3.0,-0.1,,,,,105.1,,,,,,,,72.01,77.17,207.72,278.05,,2442.0,1785.5,385.55,,,,,,,,,,,,,,,,,,,4.2561,,,,3.4169,,,,,,,,,,,,,,,,,,,,,,
2022-12-08,,,,,,,,,,,,,4.0,,2.0,3.0,-0.1,,,,,104.774,,,,,,,,71.46,76.15,204.91,287.98,,2492.0,1788.7,388.05,,,,,,,,,,,,,,,,,,,4.3077,,,,3.4819,,,,,,,,,,,,,,,,,,,,,,
2022-12-09,,,,,,,,,,,,,4.0,,2.0,3.0,-0.1,,,,,104.81,,,,,,,,71.02,76.1,205.61,279.37,,2454.0,1798.1,387.6,,,,,,,,,,,,,,,,,,,4.3443,,,,3.5783,,,,,,,,,,,,,,,,,,,,,,
2022-12-12,,,,,,,,,,,,,4.0,,2.0,3.0,-0.1,,,,,105.131,,,,,,,,73.17,77.99,208.1,296.85,,2452.0,1780.5,379.85,,,,,,,,,,,,,,,,,,,4.3754,,,,3.6113,,,,,,,,,,,,,,,,,,,,,,
2022-12-13,,,,,,,,,,,,,4.0,,2.0,3.0,-0.1,,,,,103.98,,,,,,,,75.39,80.68,216.09,309.22,,2491.0,1813.9,383.95,,,,,,,,,,,,,,,,,,,4.2183,,,,3.5012,,,,,,,,,,,,,,,,,,,,,,
2022-12-14,,,,,,,,,,,,,4.5,,2.0,3.0,-0.1,,,,,103.77,,,,,,,,77.28,82.7,224.44,327.68,,2474.0,1807.5,387.5,,,,,,,,,,,,,,,,,,,4.2095,,,,3.4774,,,,,,,,,,,,,,,,,,,,,,
2022-12-15,,,,,,,,,,,,,4.5,,2.5,3.5,-0.1,,,,,104.558,,,,,,,,76.11,81.21,216.68,328.34,,2517.0,1777.2,376.3,,,,,,,,,,,,,,,,,,,4.2362,,,,3.4463,,,,,,,,,,,,,,,,,,,,,,
2022-12-16,,,,,,,,,,,,,4.5,,2.5,3.5,-0.1,,,,,104.701,,,,,,,,74.29,79.04,213.23,311.99,,2475.0,1790.0,376.15,,,,,,,,,,,,,,,,,,,4.1783,,,,3.4822,,,,,,,,,,,,,,,,,,,,,,
2022-12-19,,,,,,,,,,,,,4.5,,2.5,3.5,-0.1,,,,,104.721,,,,,,,,75.19,79.8,217.76,305.35,,2499.0,1787.7,378.3,,,,,,,,,,,,,,,,,,,4.2557,,,,3.5846,,,,,,,,,,,,,,,,,,,,,,
2022-12-20,,,,,,,,,,,,,4.5,,2.5,3.5,-0.1,,,,,103.965,,,,,,,,76.09,79.99,222.28,305.89,,2498.0,1815.9,379.75,,,,,,,,,,,,,,,,,,,4.2532,,,,3.6825,,,,,,,,,,,,,,,,,,,,,,
2022-12-21,,,,,,,,,,,,,4.5,,2.5,3.5,-0.1,,,,,104.162,,,,,,,,78.29,82.2,225.58,313.95,,2529.0,1815.9,380.6,,,,,,,,,,,,,,,,,,,4.2127,,,,3.662,,,,,,,,,,,,,,,,,,,,,,
2022-12-22,,,,,,,,,,,,,4.5,,2.5,3.5,-0.1,,,,,104.433,,,,,,,,77.49,80.98,224.88,313.14,,2606.0,1787.0,375.15,,,,,,,,,,,,,,,,,,,4.2714,,,,3.6786,,,,,,,,,,,,,,,,,,,,,,
2022-12-23,,,,,,,,,,,,,4.5,,2.5,3.5,-0.1,,,,,104.314,,,,,,,,79.56,83.92,238.36,326.61,,2628.0,1795.9,380.3,,,,,,,,,,,,,,,,,,,4.3211,,,,3.7472,,,,,,,,,,,,,,,,,,,,,,
2022-12-26,,,,,,,,,,,,,4.5,,2.5,3.5,-0.1,,,,,,,,,,,,,,,,,,,,,,,,,,,,,,,,,,,,,,,4.3211,,,,3.7472,,,,,,,,,,,,,,,,,,,,,,
2022-12-27,,,,,,,,,,,,,4.5,,2.5,3.5,-0.1,,,,,104.179,,,,,,,,79.53,84.33,236.02,335.37,,2633.0,1814.8,383.35,,,,,,,,,,,,,,,,,,,4.3741,,,,3.8411,,,,,,,,,,,,,,,,,,,,,,
2022-12-28,,,,,,,,,,,,,4.5,,2.5,3.5,-0.1,,,,,104.463,,,,,,,,78.96,83.26,236.29,337.78,,2621.0,1807.9,383.2,,,,,,,,,,,,,,,,,,,4.3512,,,,3.8827,,,,,,,,,,,,,,,,,,,,,,
2022-12-29,,,,,,,,,,,,,4.5,,2.5,3.5,-0.1,,,,,103.836,,,,,,,,78.4,82.26,237.07,331.3,,2578.0,1826.0,382.4,,,,,,,,,,,,,,,,,,,4.3615,,,,3.8145,,,,,,,,,,,,,,,,,,,,,,
2022-12-30,,,,,,,,,,,,,4.5,,2.5,3.5,-0.1,,,,,103.522,,,,,,,,80.26,85.91,245.95,336.22,,2600.0,1826.2,381.05,,,,,,,,,,,,,,,,,,,4.4258,,,,3.8748,,,,,,,,,,,,,,,,,,,,,,
2023-01-02,,,,,,,,,,,,,4.5,,2.5,3.5,-0.1,,,,,,,,,,,,,,85.91,,,,,,,,,,,,,,,,,,,,,,,,,4.4258,,,,3.8748,,,,,,,,,,,,,,,,,,,,,,
2023-01-03,,,,,,,,,,,,,4.5,,2.5,3.5,-0.1,,,,,104.518,,,,,,,,76.93,82.1,236.12,308.65,,2572.0,1846.1,376.65,,,,,,,,,,,,,,,,,,,4.3699,,,,3.7389,,,,,,,,,,,,,,,,,,,,,,
2023-01-04,,,,,,,,,,,,,4.5,,2.5,3.5,-0.1,,,,,104.248,,,,,,,,72.84,77.84,225.92,297.19,,2603.0,1859.0,374.05,,,,,,,,,,,,,,,,,,,4.3534,,,,3.6827,,,,,,,,,,,,,,,,,,,,,,
2023-01-05,,,,,,,,,,,,,4.5,,2.5,3.5,-0.1,,,,,105.042,,,,,,,,73.67,78.69,226.71,297.23,,2617.0,1840.6,382.1,,,,,,,,,,,,,,,,,,,4.4576,,,,3.7181,,,,,,,,,,,,,,,,,,,,,,
2023-01-06,,,,,,,,,,,,,4.5,,2.5,3.5,-0.1,,,,,103.879,,,,,,,,73.77,78.57,224.46,300.45,,2605.0,1869.7,391.1,,,,,,,,,,,,,,,,,,,4.2474,,,,3.558,,,,,,,,,,,,,,,,,,,,,,
2023-01-09,,,,,,,,,,,,,4.5,,2.5,3.5,-0.1,,,,,103.001,,,,,,,,74.63,79.65,229.29,303.6,,2690.0,1877.8,402.65,,,,,,,,,,,,,,,,,,,4.2077,,,,3.5321,,,,,,,,,,,,,,,,,,,,,,
2023-01-10,,,,,,,,,,,,,4.5,,2.5,3.5,-0.1,,,,,103.236,,,,,,,,75.12,80.1,232.77,313.57,,2604.0,1876.5,407.75,,,,,,,,,,,,,,,,,,,4.2472,,,,3.6188,,,,,,,,,,,,,,,,,,,,,,
2023-01-11,,,,,,,,,,,,,4.5,,2.5,3.5,-0.1,,,,,103.188,,,,,,,,77.41,82.67,243.45,321.79,,2633.0,1878.9,416.6,,,,,,,,,,,,,,,,,,,4.2179,,,,3.5392,,,,,,,,,,,,,,,,,,,,,,
2023-01-12,,,,,,,,,,,,,4.5,,2.5,3.5,-0.1,,,,,102.246,,,,,,,,78.39,84.03,247.53,321.9,,2640.0,1898.8,419.65,,,,,,,,,,,,,,,,,,,4.1447,,,,3.44,,,,,,,,,,,,,,,,,,,,,,
2023-01-13,,,,,,,,,,,,,4.5,,2.5,3.5,-0.1,,,,,102.204,,,,,,,,79.86,85.28,253.28,325.59,,2651.0,1921.7,421.6,,,,,,,,,,,,,,,,,,,4.2321,,,,3.5035,,,,,,,,,,,,,,,,,,,,,,
2023-01-16,,,,,,,,,,,,,4.5,,2.5,3.5,-0.1,,,,,102.204,,,,,,,,,84.46,,,,,,,,,,,,,,,,,,,,,,,,,4.2321,,,,3.5035,,,,,,,,,,,,,,,,,,,,,,
2023-01-17,,,,,,,,,,,,,4.5,,2.5,3.5,-0.1,,,,,102.39,,,,,,,,80.18,85.92,254.51,325.1,,2641.0,1909.9,422.3,,,,,,,,,,,,,,,,,,,4.2047,,,,3.5476,,,,,,,,,,,,,,,,,,,,,,
2023-01-18,,,,,,,,,,,,,4.5,,2.5,3.5,-0.1,,,,,102.363,,,,,,,,79.48,84.98,252.35,326.3,,2620.0,1907.0,423.45,,,,,,,,,,,,,,,,,,,4.0825,,,,3.3698,,,,,,,,,,,,,,,,,,,,,,
2023-01-19,,,,,,,,,,,,,4.5,,2.5,3.5,-0.1,,,,,102.058,,,,,,,,80.33,86.16,259.68,337.59,,2570.0,1923.9,423.15,,,,,,,,,,,,,,,,,,,4.1264,,,,3.3915,,,,,,,,,,,,,,,,,,,,,,
2023-01-20,,,,,,,,,,,,,4.5,,2.5,3.5,-0.1,,,,,102.012,,,,,,,,81.31,87.63,264.54,346.68,,2569.0,1928.2,425.15,,,,,,,,,,,,,,,,,,,4.1702,,,,3.4787,,,,,,,,,,,,,,,,,,,,,,
2023-01-23,,,,,,,,,,,,,4.5,,2.5,3.5,-0.1,,,,,102.138,,,,,,,,81.62,88.19,269.65,355.09,,2608.0,1928.6,425.65,,,,,,,,,,,,,,,,,,,4.2274,,,,3.5098,,,,,,,,,,,,,,,,,,,,,,
2023-01-24,,,,,,,,,,,,,4.5,,2.5,3.5,-0.1,,,,,101.918,,,,,,,,80.13,86.13,264.87,342.72,,2585.0,1935.4,424.85,,,,,,,,,,,,,,,,,,,4.2103,,,,3.4527,,,,,,,,,,,,,,,,,,,,,,
2023-01-25,,,,,,,,,,,,,4.5,,2.5,3.5,-0.1,,,,,101.641,,,,,,,,80.15,86.12,259.34,336.13,,2592.0,1942.6,424.45,,,,,,,,,,,,,,,,,,,4.125,,,,3.4416,,,,,,,,,,,,,,,,,,,,,,
2023-01-26,,,,,,,,,,,,,4.5,,2.5,3.5,-0.1,,,,,101.839,,,,,,,,81.01,87.47,261.21,339.65,,2629.0,1930.0,426.75,,,,,,,,,,,,,,,,,,,4.1826,,,,3.4947,,,,,,,,,,,,,,,,,,,,,,
2023-01-27,,,,,,,,,,,,,4.5,,2.5,3.5,-0.1,,,,,101.927,,,,,,,,79.68,86.66,258.86,326.55,,2627.0,1929.4,422.25,,,,,,,,,,,,,,,,,,,4.199,,,,3.5035,,,,,,,,,,,,,,,,,,,,,,
2023-01-30,,,,,,,,,,,,,4.5,,2.5,3.5,-0.1,,,,,102.276,,,,,,,,77.9,84.9,249.89,311.08,,2611.0,1922.9,420.2,,,,,,,,,,,,,,,,,,,4.2341,,,,3.5366,,,,,,,,,,,,,,,,,,,,,,
2023-01-31,,,,,,,,,,,,,4.5,,2.5,3.5,-0.1,,,,,102.097,,,,,,,,78.87,84.49,254.35,318.23,,2581.0,1929.5,422.6,,,,,,,,,,,,,,,,,,,4.2011,,,,3.5069,,,,,,,,,,,,,,,,,,,,,,
2023-02-01,,,,,,,,,,,,,4.75,,2.5,3.5,-0.1,,,,,101.217,,,,,,,,76.41,82.84,245.38,295.11,,2592.0,1927.8,411.1,,,,,,,,,,,,,,,,,,,4.1063,,,,3.4166,,,,,,,,,,,,,,,,,,,,,,
2023-02-02,,,,,,,,,,,,,4.75,,3.0,4.0,-0.1,,,,,101.75,,,,,,,,75.88,82.17,245.23,289.67,,2583.0,1916.3,409.1,,,,,,,,,,,,,,,,,,,4.1042,,,,3.3927,,,,,,,,,,,,,,,,,,,,,,
2023-02-03,,,,,,,,,,,,,4.75,,3.0,4.0,-0.1,,,,,102.915,,,,,,,,73.39,79.94,232.1,277.53,,2569.0,1862.9,405.65,,,,,,,,,,,,,,,,,,,4.2886,,,,3.5246,,,,,,,,,,,,,,,,,,,,,,
2023-02-06,,,,,,,,,,,,,4.75,,3.0,4.0,-0.1,,,,,103.621,,,,,,,,74.11,80.99,237.34,276.87,,2577.0,1866.2,403.5,,,,,,,,,,,,,,,,,,,4.4724,,,,3.6399,,,,,,,,,,,,,,,,,,,,,,
2023-02-07,,,,,,,,,,,,,4.75,,3.0,4.0,-0.1,,,,,103.427,,,,,,,,77.14,83.69,245.68,290.44,,2581.0,1871.7,408.05,,,,,,,,,,,,,,,,,,,4.4644,,,,3.6735,,,,,,,,,,,,,,,,,,,,,,
2023-02-08,,,,,,,,,,,,,4.75,,3.0,4.0,-0.1,,,,,103.409,,,,,,,,78.47,85.09,246.28,289.33,,2579.0,1877.4,403.55,,,,,,,,,,,,,,,,,,,4.4208,,,,3.6098,,,,,,,,,,,,,,,,,,,,,,
2023-02-09,,,,,,,,,,,,,4.75,,3.0,4.0,-0.1,,,,,103.221,,,,,,,,78.06,84.5,244.75,281.54,,2578.0,1866.2,409.7,,,,,,,,,,,,,,,,,,,4.482,,,,3.6579,,,,,,,,,,,,,,,,,,,,,,
2023-02-10,,,,,,,,,,,,,4.75,,3.0,4.0,-0.1,,,,,103.63,,,,,,,,79.72,86.39,250.37,286.46,,2564.0,1862.8,401.65,,,,,,,,,,,,,,,,,,,4.517,,,,3.732,,,,,,,,,,,,,,,,,,,,,,
2023-02-13,,,,,,,,,,,,,4.75,,3.0,4.0,-0.1,,,,,103.345,,,,,,,,80.14,86.61,253.11,290.57,,2621.0,1851.9,405.75,,,,,,,,,,,,,,,,,,,4.5175,,,,3.7016,,,,,,,,,,,,,,,,,,,,,,
2023-02-14,,,,,,,,,,,,,4.75,,3.0,4.0,-0.1,,,,,103.233,,,,,,,,79.06,85.58,248.85,294.01,,2621.0,1854.0,407.5,,,,,,,,,,,,,,,,,,,4.6154,,,,3.7435,,,,,,,,,,,,,,,,,,,,,,
2023-02-15,,,,,,,,,,,,,4.75,,3.0,4.0,-0.1,,,,,103.923,,,,,,,,78.59,85.38,249.78,284.44,,2692.0,1834.2,401.05,,,,,,,,,,,,,,,,,,,4.6309,,,,3.8049,,,,,,,,,,,,,,,,,,,,,,
2023-02-16,,,,,,,,,,,,,4.75,,3.0,4.0,-0.1,,,,,103.856,,,,,,,,78.49,85.14,243.55,281.08,,2700.0,1842.0,413.55,,,,,,,,,,,,,,,,,,,4.64,,,,3.8608,,,,,,,,,,,,,,,,,,,,,,
2023-02-17,,,,,,,,,,,,,4.75,,3.0,4.0,-0.1,,,,,103.862,,,,,,,,76.34,83.0,240.82,271.21,,2722.0,1840.4,410.85,,,,,,,,,,,,,,,,,,,4.6169,,,,3.8148,,,,,,,,,,,,,,,,,,,,,,
2023-02-20,,,,,,,,,,,,,4.75,,3.0,4.0,-0.1,,,,,103.862,,,,,,,,,84.07,,,,,,,,,,,,,,,,,,,,,,,,,4.6169,,,,3.8148,,,,,,,,,,,,,,,,,,,,,,
2023-02-21,,,,,,,,,,,,,4.75,,3.0,4.0,-0.1,,,,,104.176,,,,,,,,76.16,83.05,241.56,279.19,,2732.0,1833.0,422.55,,,,,,,,,,,,,,,,,,,4.7226,,,,3.9525,,,,,,,,,,,,,,,,,,,,,,
2023-02-22,,,,,,,,,,,,,4.75,,3.0,4.0,-0.1,,,,,104.585,,,,,,,,73.95,80.6,233.76,271.48,,2738.0,1832.0,419.05,,,,,,,,,,,,,,,,,,,4.6933,,,,3.9156,,,,,,,,,,,,,,,,,,,,,,
2023-02-23,,,,,,,,,,,,,4.75,,3.0,4.0,-0.1,,,,,104.598,,,,,,,,75.39,82.21,237.95,270.81,,2729.0,1818.0,405.9,,,,,,,,,,,,,,,,,,,4.6974,,,,3.8768,,,,,,,,,,,,,,,,,,,,,,
2023-02-24,,,,,,,,,,,,,4.75,,3.0,4.0,-0.1,,,,,105.214,,,,,,,,76.32,83.16,235.87,279.62,,2707.0,1808.8,395.2,,,,,,,,,,,,,,,,,,,4.8136,,,,3.9432,,,,,,,,,,,,,,,,,,,,,,
2023-02-27,,,,,,,,,,,,,4.75,,3.0,4.0,-0.1,,,,,104.673,,,,,,,,75.68,82.45,236.83,281.98,,2715.0,1824.9,400.9,,,,,,,,,,,,,,,,,,,4.7783,,,,3.9141,,,,,,,,,,,,,,,,,,,,,,
2023-02-28,,,,,,,,,,,,,4.75,,3.0,4.0,-0.1,,,,,104.869,,,,,,,,77.05,83.89,243.43,282.09,,2748.0,1836.7,409.75,,,,,,,,,,,,,,,,,,,4.8158,,,,3.92,,,,,,,,,,,,,,,,,,,,,,
2023-03-01,,,,,,,,,,,,,4.75,,3.0,4.0,-0.1,,,,,104.483,,,,,,,,77.69,84.31,267.48,287.38,,2800.0,1845.4,416.8,,,,,,,,,,,,,,,,,,,4.8764,,,,3.9925,,,,,,,,,,,,,,,,,,,,,,
2023-03-02,,,,,,,,,,,,,4.75,,3.0,4.0,-0.1,,,,,105.027,,,,,,,,78.16,84.75,270.03,286.62,,2760.0,1840.5,408.4,,,,,,,,,,,,,,,,,,,4.885,,,,4.0556,,,,,,,,,,,,,,,,,,,,,,
2023-03-03,,,,,,,,,,,,,4.75,,3.0,4.0,-0.1,,,,,104.521,,,,,,,,79.68,85.83,275.04,291.31,,2730.0,1854.6,407.8,,,,,,,,,,,,,,,,,,,4.8565,,,,3.9517,,,,,,,,,,,,,,,,,,,,,,
2023-03-06,,,,,,,,,,,,,4.75,,3.0,4.0,-0.1,,,,,104.35,,,,,,,,80.46,86.18,279.65,288.66,,2761.0,1854.6,410.05,,,,,,,,,,,,,,,,,,,4.8861,,,,3.9577,,,,,,,,,,,,,,,,,,,,,,
2023-03-07,,,,,,,,,,,,,4.75,,3.0,4.0,-0.1,,,,,105.615,,,,,,,,77.58,83.29,270.07,279.75,,2726.0,1820.0,398.65,,,,,,,,,,,,,,,,,,,5.0084,,,,3.9637,,,,,,,,,,,,,,,,,,,,,,
2023-03-08,,,,,,,,,,,,,4.75,,3.0,4.0,-0.1,,,,,105.658,,,,,,,,76.66,82.66,268.89,274.19,,2699.0,1818.6,404.15,,,,,,,,,,,,,,,,,,,5.0701,,,,3.9913,,,,,,,,,,,,,,,,,,,,,,
2023-03-09,,,,,,,,,,,,,4.75,,3.0,4.0,-0.1,,,,,105.309,,,,,,,,75.72,81.59,260.51,266.89,,2702.0,1834.6,405.45,,,,,,,,,,,,,,,,,,,4.87,,,,3.9032,,,,,,,,,,,,,,,,,,,,,,
2023-03-10,,,,,,,,,,,,,4.75,,3.0,4.0,-0.1,,,,,104.576,,,,,,,,76.68,82.78,264.58,277.29,,2674.0,1867.2,404.55,,,,,,,,,,,,,,,,,,,4.5862,,,,3.6987,,,,,,,,,,,,,,,,,,,,,,
2023-03-13,,,,,,,,,,,,,4.75,,3.0,4.0,-0.1,,,,,103.595,,,,,,,,74.8,80.77,259.14,276.15,,2613.0,1916.5,406.95,,,,,,,,,,,,,,,,,,,3.9764,,,,3.5732,,,,,,,,,,,,,,,,,,,,,,
2023-03-14,,,,,,,,,,,,,4.75,,3.0,4.0,-0.1,,,,,103.597,,,,,,,,71.33,77.45,255.3,271.44,,2628.0,1910.9,401.05,,,,,,,,,,,,,,,,,,,4.2504,,,,3.6892,,,,,,,,,,,,,,,,,,,,,,
2023-03-15,,,,,,,,,,,,,4.75,,3.0,4.0,-0.1,,,,,104.646,,,,,,,,67.61,73.69,243.84,260.49,,2586.0,1931.3,385.65,,,,,,,,,,,,,,,,,,,3.8874,,,,3.4548,,,,,,,,,,,,,,,,,,,,,,
2023-03-16,,,,,,,,,,,,,4.75,,3.5,4.0,-0.1,,,,,104.418,,,,,,,,68.35,74.7,250.35,264.35,,2658.0,1923.0,388.55,,,,,,,,,,,,,,,,,,,4.1572,,,,3.577,,,,,,,,,,,,,,,,,,,,,,
2023-03-17,,,,,,,,,,,,,4.75,,3.5,4.0,-0.1,,,,,103.708,,,,,,,,66.74,72.97,250.15,267.87,,2738.0,1973.5,391.35,,,,,,,,,,,,,,,,,,,3.8374,,,,3.4286,,,,,,,,,,,,,,,,,,,,,,
2023-03-20,,,,,,,,,,,,,4.75,,3.5,4.0,-0.1,,,,,103.281,,,,,,,,67.64,73.79,253.6,268.71,,2785.0,1982.8,397.55,,,,,,,,,,,,,,,,,,,3.9763,,,,3.4847,,,,,,,,,,,,,,,,,,,,,,
2023-03-21,,,,,,,,,,,,,4.75,,3.5,4.0,-0.1,,,,,103.256,,,,,,,,69.33,75.32,253.89,269.02,,2817.0,1941.1,401.85,,,,,,,,,,,,,,,,,,,4.1664,,,,3.6094,,,,,,,,,,,,,,,,,,,,,,
2023-03-22,,,,,,,,,,,,,5.0,,3.5,4.0,-0.1,,,,,102.346,,,,,,,,70.9,76.69,259.32,274.03,,2874.0,1949.6,406.85,,,,,,,,,,,,,,,,,,,3.9367,,,,3.4341,,,,,,,,,,,,,,,,,,,,,,
2023-03-23,,,,,,,,,,,,,5.0,,3.5,4.25,-0.1,,,,,102.532,,,,,,,,69.96,75.91,260.59,268.47,,2868.0,1995.9,414.6,,,,,,,,,,,,,,,,,,,3.833,,,,3.4266,,,,,,,,,,,,,,,,,,,,,,
2023-03-24,,,,,,,,,,,,,5.0,,3.5,4.25,-0.1,,,,,103.116,,,,,,,,69.26,74.99,258.85,269.52,,2884.0,1983.8,410.15,,,,,,,,,,,,,,,,,,,3.7667,,,,3.3762,,,,,,,,,,,,,,,,,,,,,,
2023-03-27,,,,,,,,,,,,,5.0,,3.5,4.25,-0.1,,,,,102.857,,,,,,,,72.81,78.12,268.42,277.04,,2902.0,1953.8,410.45,,,,,,,,,,,,,,,,,,,3.9952,,,,3.5299,,,,,,,,,,,,,,,,,,,,,,
2023-03-28,,,,,,,,,,,,,5.0,,3.5,4.25,-0.1,,,,,102.43,,,,,,,,73.2,78.65,271.21,276.96,,2901.0,1973.5,411.2,,,,,,,,,,,,,,,,,,,4.0783,,,,3.5696,,,,,,,,,,,,,,,,,,,,,,
2023-03-29,,,,,,,,,,,,,5.0,,3.5,4.25,-0.1,,,,,102.64,,,,,,,,72.97,78.28,266.81,265.81,,2880.0,1966.9,411.5,,,,,,,,,,,,,,,,,,,4.0989,,,,3.5639,,,,,,,,,,,,,,,,,,,,,,
2023-03-30,,,,,,,,,,,,,5.0,,3.5,4.25,-0.1,,,,,102.144,,,,,,,,74.37,79.27,266.14,262.37,,2917.0,1980.3,409.15,,,,,,,,,,,,,,,,,,,4.1195,,,,3.5488,,,,,,,,,,,,,,,,,,,,,,
2023-03-31,,,,,,,,,,,,,5.0,,3.5,4.25,-0.1,,,,,102.506,,,,,,,,75.67,79.77,270.05,267.63,,2933.0,1969.0,409.45,,,,,,,,,,,,,,,,,,,4.0253,,,,3.4676,,,,,,,,,,,,,,,,,,,,,,
2023-04-03,,,,,,,,,,,,,5.0,,3.5,4.25,-0.1,,,,,102.093,,,,,,,,80.42,84.93,275.75,266.26,,2868.0,1983.9,404.55,,,,,,,,,,,,,,,,,,,3.9634,,,,3.4114,,,,,,,,,,,,,,,,,,,,,,
2023-04-04,,,,,,,,,,,,,5.0,,3.5,4.25,-0.1,,,,,101.586,,,,,,,,80.71,84.94,273.71,266.67,,2914.0,2022.2,397.1,,,,,,,,,,,,,,,,,,,3.8253,,,,3.3387,,,,,,,,,,,,,,,,,,,,,,
2023-04-05,,,,,,,,,,,,,5.0,,3.5,4.25,-0.1,,,,,101.852,,,,,,,,80.61,84.99,282.01,273.1,,2903.0,2020.9,398.65,,,,,,,,,,,,,,,,,,,3.7798,,,,3.3108,,,,,,,,,,,,,,,,,,,,,,
2023-04-06,,,,,,,,,,,,,5.0,,3.5,4.25,-0.1,,,,,101.822,,,,,,,,80.7,85.12,281.33,266.05,,2919.0,2011.9,401.55,,,,,,,,,,,,,,,,,,,3.8309,,,,3.305,,,,,,,,,,,,,,,,,,,,,,
2023-04-07,,,,,,,,,,,,,5.0,,3.5,4.25,-0.1,,,,,102.092,,,,,,,,80.7,,281.33,266.05,,,2011.9,401.55,,,,,,,,,,,,,,,,,,,3.9806,,,,3.3906,,,,,,,,,,,,,,,,,,,,,,
2023-04-10,,,,,,,,,,,,,5.0,,3.5,4.25,-0.1,,,,,102.578,,,,,,,,79.74,84.18,280.79,268.14,,2922.0,1989.1,397.65,,,,,,,,,,,,,,,,,,,4.0077,,,,3.4168,,,,,,,,,,,,,,,,,,,,,,
2023-04-11,,,,,,,,,,,,,5.0,,3.5,4.25,-0.1,,,,,102.204,,,,,,,,81.53,85.61,286.52,266.82,,2985.0,2004.8,401.95,,,,,,,,,,,,,,,,,,,4.0224,,,,3.4262,,,,,,,,,,,,,,,,,,,,,,
2023-04-12,,,,,,,,,,,,,5.0,,3.5,4.25,-0.1,,,,,101.5,,,,,,,,83.26,87.33,287.27,270.31,,2954.0,2010.9,408.1,,,,,,,,,,,,,,,,,,,3.9578,,,,3.3906,,,,,,,,,,,,,,,,,,,,,,
2023-04-13,,,,,,,,,,,,,5.0,,3.5,4.25,-0.1,,,,,101.011,,,,,,,,82.16,86.09,283.17,267.28,,3002.0,2041.3,412.4,,,,,,,,,,,,,,,,,,,3.9683,,,,3.4449,,,,,,,,,,,,,,,,,,,,,,
2023-04-14,,,,,,,,,,,,,5.0,,3.5,4.25,-0.1,,,,,101.552,,,,,,,,82.52,86.31,283.59,263.92,,2984.0,2002.2,410.65,,,,,,,,,,,,,,,,,,,4.0989,,,,3.5128,,,,,,,,,,,,,,,,,,,,,,
2023-04-17,,,,,,,,,,,,,5.0,,3.5,4.25,-0.1,,,,,102.103,,,,,,,,80.83,84.76,277.4,261.47,,3003.0,1994.2,406.6,,,,,,,,,,,,,,,,,,,4.1942,,,,3.6004,,,,,,,,,,,,,,,,,,,,,,
2023-04-18,,,,,,,,,,,,,5.0,,3.5,4.25,-0.1,,,,,101.745,,,,,,,,80.86,84.77,275.09,259.99,,3054.0,2007.4,409.15,,,,,,,,,,,,,,,,,,,4.1967,,,,3.5756,,,,,,,,,,,,,,,,,,,,,,
2023-04-19,,,,,,,,,,,,,5.0,,3.5,4.25,-0.1,,,,,101.968,,,,,,,,79.16,83.12,264.55,255.77,,3079.0,1995.2,407.7,,,,,,,,,,,,,,,,,,,4.2437,,,,3.5908,,,,,,,,,,,,,,,,,,,,,,
2023-04-20,,,,,,,,,,,,,5.0,,3.5,4.25,-0.1,,,,,101.84,,,,,,,,77.29,81.1,258.64,249.49,,3087.0,2007.6,402.55,,,,,,,,,,,,,,,,,,,4.1423,,,,3.5318,,,,,,,,,,,,,,,,,,,,,,
2023-04-21,,,,,,,,,,,,,5.0,,3.5,4.25,-0.1,,,,,101.822,,,,,,,,77.87,81.66,260.16,248.86,,3171.0,1979.5,398.0,,,,,,,,,,,,,,,,,,,4.1816,,,,3.5718,,,,,,,,,,,,,,,,,,,,,,
2023-04-24,,,,,,,,,,,,,5.0,,3.5,4.25,-0.1,,,,,101.348,,,,,,,,78.76,82.73,263.18,253.1,,3203.0,1989.1,395.4,,,,,,,,,,,,,,,,,,,4.0882,,,,3.4901,,,,,,,,,,,,,,,,,,,,,,
2023-04-25,,,,,,,,,,,,,5.0,,3.5,4.25,-0.1,,,,,101.863,,,,,,,,77.07,80.77,258.86,245.11,,3149.0,1994.0,384.8,,,,,,,,,,,,,,,,,,,3.9544,,,,3.3996,,,,,,,,,,,,,,,,,,,,,,
2023-04-26,,,,,,,,,,,,,5.0,,3.5,4.25,-0.1,,,,,101.467,,,,,,,,74.3,77.69,254.94,237.3,,3176.0,1985.7,385.35,,,,,,,,,,,,,,,,,,,3.9509,,,,3.4485,,,,,,,,,,,,,,,,,,,,,,
2023-04-27,,,,,,,,,,,,,5.0,,3.5,4.25,-0.1,,,,,101.503,,,,,,,,74.76,78.37,253.28,235.42,,3150.0,1999.0,386.45,,,,,,,,,,,,,,,,,,,4.0682,,,,3.5204,,,,,,,,,,,,,,,,,,,,,,
2023-04-28,,,,,,,,,,,,,5.0,,3.5,4.25,-0.1,,,,,101.659,,,,,,,,76.78,79.54,257.8,237.87,,3174.0,1999.1,387.0,,,,,,,,,,,,,,,,,,,4.0064,,,,3.422,,,,,,,,,,,,,,,,,,,,,,
2023-05-01,,,,,,,,,,,,,5.0,,3.5,4.25,-0.1,,,,,102.151,,,,,,,,75.66,79.31,255.04,238.23,,3171.0,1992.2,391.7,,,,,,,,,,,,,,,,,,,4.1407,,,,3.5681,,,,,,,,,,,,,,,,,,,,,,
2023-05-02,,,,,,,,,,,,,5.0,,3.5,4.25,-0.1,,,,,101.958,,,,,,,,71.66,75.32,243.57,228.92,,3130.0,2023.3,384.8,,,,,,,,,,,,,,,,,,,3.9613,,,,3.4239,,,,,,,,,,,,,,,,,,,,,,
2023-05-03,,,,,,,,,,,,,5.25,,3.5,4.25,-0.1,,,,,101.343,,,,,,,,68.6,72.33,232.21,223.23,,3014.0,2037.0,383.15,,,,,,,,,,,,,,,,,,,3.8048,,,,3.3356,,,,,,,,,,,,,,,,,,,,,,
2023-05-04,,,,,,,,,,,,,5.25,,3.75,4.25,-0.1,,,,,101.399,,,,,,,,68.56,72.5,232.59,223.87,,3052.0,2055.7,385.0,,,,,,,,,,,,,,,,,,,3.7903,,,,3.3787,,,,,,,,,,,,,,,,,,,,,,
2023-05-05,,,,,,,,,,,,,5.25,,3.75,4.25,-0.1,,,,,101.214,,,,,,,,71.34,75.3,237.9,231.47,,3109.0,2024.8,387.15,,,,,,,,,,,,,,,,,,,3.9139,,,,3.437,,,,,,,,,,,,,,,,,,,,,,
2023-05-08,,,,,,,,,,,,,5.25,,3.75,4.25,-0.1,,,,,101.377,,,,,,,,73.16,77.01,246.16,237.77,,3179.0,2033.2,391.8,,,,,,,,,,,,,,,,,,,4.0012,,,,3.5072,,,,,,,,,,,,,,,,,,,,,,
2023-05-09,,,,,,,,,,,,,5.25,,3.75,4.25,-0.1,,,,,101.605,,,,,,,,73.71,77.44,247.99,239.02,,3229.0,2042.9,388.9,,,,,,,,,,,,,,,,,,,4.0221,,,,3.5186,,,,,,,,,,,,,,,,,,,,,,
2023-05-10,,,,,,,,,,,,,5.25,,3.75,4.25,-0.1,,,,,101.477,,,,,,,,72.56,76.41,249.49,239.34,,3260.0,2037.1,382.8,,,,,,,,,,,,,,,,,,,3.9098,,,,3.4426,,,,,,,,,,,,,,,,,,,,,,
2023-05-11,,,,,,,,,,,,,5.25,,3.75,4.5,-0.1,,,,,102.058,,,,,,,,70.87,74.98,245.77,234.95,,3242.0,2020.5,369.75,,,,,,,,,,,,,,,,,,,3.8994,,,,3.3843,,,,,,,,,,,,,,,,,,,,,,
2023-05-12,,,,,,,,,,,,,5.25,,3.75,4.5,-0.1,,,,,102.681,,,,,,,,70.04,74.17,243.02,230.55,,3226.0,2019.8,371.65,,,,,,,,,,,,,,,,,,,3.9872,,,,3.4625,,,,,,,,,,,,,,,,,,,,,,
2023-05-15,,,,,,,,,,,,,5.25,,3.75,4.5,-0.1,,,,,102.434,,,,,,,,71.11,75.23,247.2,237.8,,3160.0,2022.7,373.75,,,,,,,,,,,,,,,,,,,4.0104,,,,3.5019,,,,,,,,,,,,,,,,,,,,,,
2023-05-16,,,,,,,,,,,,,5.25,,3.75,4.5,-0.1,,,,,102.564,,,,,,,,70.86,74.91,247.91,236.39,,2995.0,1993.0,365.45,,,,,,,,,,,,,,,,,,,4.0821,,,,3.5339,,,,,,,,,,,,,,,,,,,,,,
2023-05-17,,,,,,,,,,,,,5.25,,3.75,4.5,-0.1,,,,,102.882,,,,,,,,72.83,76.96,256.92,242.26,,3000.0,1984.9,374.3,,,,,,,,,,,,,,,,,,,4.154,,,,3.5641,,,,,,,,,,,,,,,,,,,,,,
2023-05-18,,,,,,,,,,,,,5.25,,3.75,4.5,-0.1,,,,,103.584,,,,,,,,71.86,75.86,256.83,240.26,,2991.0,1959.8,368.15,,,,,,,,,,,,,,,,,,,4.2517,,,,3.6457,,,,,,,,,,,,,,,,,,,,,,
2023-05-19,,,,,,,,,,,,,5.25,,3.75,4.5,-0.1,,,,,103.198,,,,,,,,71.55,75.58,257.61,236.22,,3068.0,1981.6,372.25,,,,,,,,,,,,,,,,,,,4.2659,,,,3.6726,,,,,,,,,,,,,,,,,,,,,,
2023-05-22,,,,,,,,,,,,,5.25,,3.75,4.5,-0.1,,,,,103.198,,,,,,,,71.99,75.99,264.89,236.64,,3023.0,1977.2,367.4,,,,,,,,,,,,,,,,,,,4.3154,,,,3.7148,,,,,,,,,,,,,,,,,,,,,,
2023-05-23,,,,,,,,,,,,,5.25,,3.75,4.5,-0.1,,,,,103.488,,,,,,,,72.91,76.84,266.22,236.17,,3016.0,1974.5,364.15,,,,,,,,,,,,,,,,,,,4.316,,,,3.6919,,,,,,,,,,,,,,,,,,,,,,
2023-05-24,,,,,,,,,,,,,5.25,,3.75,4.5,-0.1,,,,,103.887,,,,,,,,74.34,78.36,272.12,241.37,,3010.0,1964.6,355.35,,,,,,,,,,,,,,,,,,,4.3757,,,,3.7419,,,,,,,,,,,,,,,,,,,,,,
2023-05-25,,,,,,,,,,,,,5.25,,3.75,4.5,-0.1,,,,,104.251,,,,,,,,71.83,76.26,267.35,234.62,,3017.0,1943.7,358.05,,,,,,,,,,,,,,,,,,,4.5329,,,,3.8174,,,,,,,,,,,,,,,,,,,,,,
2023-05-26,,,,,,,,,,,,,5.25,,3.75,4.5,-0.1,,,,,104.206,,,,,,,,72.67,76.95,270.34,236.93,,2991.0,1944.3,367.35,,,,,,,,,,,,,,,,,,,4.5619,,,,3.7983,,,,,,,,,,,,,,,,,,,,,,
2023-05-29,,,,,,,,,,,,,5.25,,3.75,4.5,-0.1,,,,,104.206,,,,,,,,,77.07,,,,,,,,,,,,,,,,,,,,,,,,,4.5619,,,,3.7983,,,,,,,,,,,,,,,,,,,,,,
2023-05-30,,,,,,,,,,,,,5.25,,3.75,4.5,-0.1,,,,,104.165,,,,,,,,69.46,73.54,259.59,228.08,,3005.0,1958.0,366.3,,,,,,,,,,,,,,,,,,,4.4501,,,,3.6866,,,,,,,,,,,,,,,,,,,,,,
2023-05-31,,,,,,,,,,,,,5.25,,3.75,4.5,-0.1,,,,,104.326,,,,,,,,68.09,72.66,255.99,225.96,,3007.0,1963.9,363.7,,,,,,,,,,,,,,,,,,,4.4027,,,,3.6426,,,,,,,,,,,,,,,,,,,,,,
2023-06-01,,,,,,,,,,,,,5.25,,3.75,4.5,-0.1,,,,,103.56,,,,,,,,70.1,74.28,243.62,231.47,,3008.0,1978.0,371.1,,,,,,,,,,,,,,,,,,,4.3408,,,,3.595,,,,,,,,,,,,,,,,,,,,,,
2023-06-02,,,,,,,,,,,,,5.25,,3.75,4.5,-0.1,,,,,104.015,,,,,,,,71.74,76.13,250.07,235.69,,3026.0,1952.4,372.75,,,,,,,,,,,,,,,,,,,4.4969,,,,3.6907,,,,,,,,,,,,,,,,,,,,,,
2023-06-05,,,,,,,,,,,,,5.25,,3.75,4.5,-0.1,,,,,104.002,,,,,,,,72.15,76.71,252.44,237.75,,3056.0,1958.0,376.8,,,,,,,,,,,,,,,,,,,4.4659,,,,3.6831,,,,,,,,,,,,,,,,,,,,,,
2023-06-06,,,,,,,,,,,,,5.25,,3.75,4.5,-0.1,,,,,104.125,,,,,,,,71.74,76.29,256.43,236.78,,3045.0,1965.5,376.85,,,,,,,,,,,,,,,,,,,4.4786,,,,3.6602,,,,,,,,,,,,,,,,,,,,,,
2023-06-07,,,,,,,,,,,,,5.25,,3.75,4.5,-0.1,,,,,104.099,,,,,,,,72.53,76.95,264.12,240.18,,3103.0,1942.7,375.6,,,,,,,,,,,,,,,,,,,4.5563,,,,3.7952,,,,,,,,,,,,,,,,,,,,,,
2023-06-08,,,,,,,,,,,,,5.25,,3.75,4.5,-0.1,,,,,103.343,,,,,,,,71.29,75.96,261.27,238.98,,3149.0,1963.6,379.5,,,,,,,,,,,,,,,,,,,4.5147,,,,3.7179,,,,,,,,,,,,,,,,,,,,,,
2023-06-09,,,,,,,,,,,,,5.25,,3.75,4.5,-0.1,,,,,103.557,,,,,,,,70.17,74.79,259.32,236.1,,3180.0,1962.2,378.9,,,,,,,,,,,,,,,,,,,4.5956,,,,3.7394,,,,,,,,,,,,,,,,,,,,,,
2023-06-12,,,,,,,,,,,,,5.25,,3.75,4.5,-0.1,,,,,103.654,,,,,,,,67.12,71.84,248.26,230.91,,3136.0,1955.3,375.2,,,,,,,,,,,,,,,,,,,4.577,,,,3.7356,,,,,,,,,,,,,,,,,,,,,,
2023-06-13,,,,,,,,,,,,,5.25,,3.75,4.5,-0.1,,,,,103.338,,,,,,,,69.42,74.29,255.79,239.55,,3186.0,1944.6,383.1,,,,,,,,,,,,,,,,,,,4.6662,,,,3.8133,,,,,,,,,,,,,,,,,,,,,,
2023-06-14,,,,,,,,,,,,,5.25,,3.75,4.5,-0.1,,,,,102.948,,,,,,,,68.27,73.2,255.46,235.77,,3189.0,1955.3,387.0,,,,,,,,,,,,,,,,,,,4.6879,,,,3.7862,,,,,,,,,,,,,,,,,,,,,,
2023-06-15,,,,,,,,,,,,,5.25,,4.0,4.5,-0.1,,,,,102.115,,,,,,,,70.62,75.67,264.17,247.96,,3226.0,1957.8,390.1,,,,,,,,,,,,,,,,,,,4.6418,,,,3.7165,,,,,,,,,,,,,,,,,,,,,,
2023-06-16,,,,,,,,,,,,,5.25,,4.0,4.5,-0.1,,,,,102.243,,,,,,,,71.78,76.61,268.05,255.14,,3188.0,1958.4,388.9,,,,,,,,,,,,,,,,,,,4.7141,,,,3.7613,,,,,,,,,,,,,,,,,,,,,,
2023-06-19,,,,,,,,,,,,,5.25,,4.0,4.5,-0.1,,,,,102.522,,,,,,,,,76.09,,,,,,,,,,,,,,,,,,,,,,,,,4.7141,,,,3.7613,,,,,,,,,,,,,,,,,,,,,,
2023-06-20,,,,,,,,,,,,,5.25,,4.0,4.5,-0.1,,,,,102.54,,,,,,,,70.5,75.9,260.92,247.54,,3142.0,1935.5,388.35,,,,,,,,,,,,,,,,,,,4.6847,,,,3.7207,,,,,,,,,,,,,,,,,,,,,,
2023-06-21,,,,,,,,,,,,,5.25,,4.0,4.5,-0.1,,,,,102.071,,,,,,,,72.53,77.12,262.41,256.42,,3164.0,1933.3,391.35,,,,,,,,,,,,,,,,,,,4.7152,,,,3.7189,,,,,,,,,,,,,,,,,,,,,,
2023-06-22,,,,,,,,,,,,,5.25,,4.0,5.0,-0.1,,,,,102.386,,,,,,,,69.51,74.14,255.01,246.55,,3138.0,1912.7,389.0,,,,,,,,,,,,,,,,,,,4.7909,,,,3.7946,,,,,,,,,,,,,,,,,,,,,,
2023-06-23,,,,,,,,,,,,,5.25,,4.0,5.0,-0.1,,,,,102.903,,,,,,,,69.16,73.85,251.72,240.71,,3123.0,1919.1,380.35,,,,,,,,,,,,,,,,,,,4.7412,,,,3.7347,,,,,,,,,,,,,,,,,,,,,,
2023-06-26,,,,,,,,,,,,,5.25,,4.0,5.0,-0.1,,,,,102.692,,,,,,,,69.37,74.18,253.75,243.88,,3206.0,1923.7,378.4,,,,,,,,,,,,,,,,,,,4.744,,,,3.7212,,,,,,,,,,,,,,,,,,,,,,
2023-06-27,,,,,,,,,,,,,5.25,,4.0,5.0,-0.1,,,,,102.492,,,,,,,,67.7,72.26,251.68,239.9,,3212.0,1914.0,377.05,,,,,,,,,,,,,,,,,,,4.7554,,,,3.7639,,,,,,,,,,,,,,,,,,,,,,
2023-06-28,,,,,,,,,,,,,5.25,,4.0,5.0,-0.1,,,,,102.905,,,,,,,,69.56,74.03,260.34,240.67,,3292.0,1912.3,372.25,,,,,,,,,,,,,,,,,,,4.7098,,,,3.7078,,,,,,,,,,,,,,,,,,,,,,
2023-06-29,,,,,,,,,,,,,5.25,,4.0,5.0,-0.1,,,,,103.342,,,,,,,,69.86,74.34,261.77,241.56,,3218.0,1917.9,367.75,,,,,,,,,,,,,,,,,,,4.8593,,,,3.8383,,,,,,,,,,,,,,,,,,,,,,
2023-06-30,,,,,,,,,,,,,5.25,,4.0,5.0,-0.1,,,,,102.912,,,,,,,,70.64,74.9,263.4,244.82,,3318.0,1929.4,374.1,,,,,,,,,,,,,,,,,,,4.8954,,,,3.8367,,,,,,,,,,,,,,,,,,,,,,
2023-07-03,,,,,,,,,,,,,5.25,,4.0,5.0,-0.1,,,,,102.988,,,,,,,,69.79,74.65,246.24,237.73,,3364.0,1929.5,377.9,,,,,,,,,,,,,,,,,,,4.9358,,,,3.8545,,,,,,,,,,,,,,,,,,,,,,
2023-07-04,,,,,,,,,,,,,5.25,,4.0,5.0,-0.1,,,,,103.039,,,,,,,,,76.25,,,,,,,,,,,,,,,,,,,,,,,,,4.9358,,,,3.8545,,,,,,,,,,,,,,,,,,,,,,
2023-07-05,,,,,,,,,,,,,5.25,,4.0,5.0,-0.1,,,,,103.373,,,,,,,,71.79,76.65,251.83,249.33,,3334.0,1927.1,375.35,,,,,,,,,,,,,,,,,,,4.9445,,,,3.9315,,,,,,,,,,,,,,,,,,,,,,
2023-07-06,,,,,,,,,,,,,5.25,,4.0,5.0,-0.1,,,,,103.166,,,,,,,,71.8,76.52,254.38,247.94,,3277.0,1915.4,372.0,,,,,,,,,,,,,,,,,,,4.9806,,,,4.0291,,,,,,,,,,,,,,,,,,,,,,
2023-07-07,,,,,,,,,,,,,5.25,,4.0,5.0,-0.1,,,,,102.272,,,,,,,,73.86,78.47,258.93,255.91,,3274.0,1932.5,376.7,,,,,,,,,,,,,,,,,,,4.9459,,,,4.0616,,,,,,,,,,,,,,,,,,,,,,
2023-07-10,,,,,,,,,,,,,5.25,,4.0,5.0,-0.1,,,,,101.972,,,,,,,,72.99,77.69,256.96,255.32,,3299.0,1931.0,377.15,,,,,,,,,,,,,,,,,,,4.8576,,,,3.9938,,,,,,,,,,,,,,,,,,,,,,
2023-07-11,,,,,,,,,,,,,5.25,,4.0,5.0,-0.1,,,,,101.732,,,,,,,,74.83,79.4,262.27,258.37,,3296.0,1937.1,375.35,,,,,,,,,,,,,,,,,,,4.8726,,,,3.97,,,,,,,,,,,,,,,,,,,,,,
2023-07-12,,,,,,,,,,,,,5.25,,4.0,5.0,-0.1,,,,,100.521,,,,,,,,75.75,80.11,266.7,259.96,,3299.0,1961.7,384.2,,,,,,,,,,,,,,,,,,,4.7462,,,,3.8573,,,,,,,,,,,,,,,,,,,,,,
2023-07-13,,,,,,,,,,,,,5.25,,4.0,5.0,-0.1,,,,,99.77,,,,,,,,76.89,81.36,267.86,261.04,,3232.0,1963.8,392.95,,,,,,,,,,,,,,,,,,,4.6303,,,,3.7634,,,,,,,,,,,,,,,,,,,,,,
2023-07-14,,,,,,,,,,,,,5.25,,4.0,5.0,-0.1,,,,,99.914,,,,,,,,75.42,79.87,264.37,259.79,,3307.0,1964.4,392.2,,,,,,,,,,,,,,,,,,,4.7656,,,,3.8322,,,,,,,,,,,,,,,,,,,,,,
2023-07-17,,,,,,,,,,,,,5.25,,4.0,5.0,-0.1,,,,,99.842,,,,,,,,74.15,78.5,263.17,256.42,,3359.0,1956.4,383.2,,,,,,,,,,,,,,,,,,,4.7424,,,,3.8068,,,,,,,,,,,,,,,,,,,,,,
2023-07-18,,,,,,,,,,,,,5.25,,4.0,5.0,-0.1,,,,,99.941,,,,,,,,75.75,79.63,269.44,259.94,,3407.0,1980.8,381.6,,,,,,,,,,,,,,,,,,,4.7659,,,,3.7853,,,,,,,,,,,,,,,,,,,,,,
2023-07-19,,,,,,,,,,,,,5.25,,4.0,5.0,-0.1,,,,,100.281,,,,,,,,75.35,79.46,272.05,264.18,,3433.0,1980.8,379.95,,,,,,,,,,,,,,,,,,,4.766,,,,3.7483,,,,,,,,,,,,,,,,,,,,,,
2023-07-20,,,,,,,,,,,,,5.25,,4.0,5.0,-0.1,,,,,100.88,,,,,,,,75.63,79.64,274.32,266.44,,3388.0,1970.9,381.75,,,,,,,,,,,,,,,,,,,4.8387,,,,3.8503,,,,,,,,,,,,,,,,,,,,,,
2023-07-21,,,,,,,,,,,,,5.25,,4.0,5.0,-0.1,,,,,101.071,,,,,,,,77.07,81.07,280.18,274.57,,3415.0,1966.6,380.3,,,,,,,,,,,,,,,,,,,4.8372,,,,3.8349,,,,,,,,,,,,,,,,,,,,,,
2023-07-24,,,,,,,,,,,,,5.25,,4.0,5.0,-0.1,,,,,101.346,,,,,,,,78.74,82.74,289.51,277.05,,3417.0,1962.2,384.05,,,,,,,,,,,,,,,,,,,4.9191,,,,3.8725,,,,,,,,,,,,,,,,,,,,,,
2023-07-25,,,,,,,,,,,,,5.25,,4.0,5.0,-0.1,,,,,101.349,,,,,,,,79.63,83.64,285.33,277.76,,3470.0,1963.7,390.2,,,,,,,,,,,,,,,,,,,4.8744,,,,3.8845,,,,,,,,,,,,,,,,,,,,,,
2023-07-26,,,,,,,,,,,,,5.5,,4.0,5.0,-0.1,,,,,100.887,,,,,,,,78.78,82.92,290.72,284.29,,3552.0,1970.1,389.05,,,,,,,,,,,,,,,,,,,4.8516,,,,3.8668,,,,,,,,,,,,,,,,,,,,,,
2023-07-27,,,,,,,,,,,,,5.5,,4.25,5.0,-0.1,,,,,101.773,,,,,,,,80.09,84.24,295.05,291.69,,3529.0,1945.7,386.35,,,,,,,,,,,,,,,,,,,4.9284,,,,3.9982,,,,,,,,,,,,,,,,,,,,,,
2023-07-28,,,,,,,,,,,,,5.5,,4.25,5.0,-0.1,,,,,101.622,,,,,,,,80.58,84.99,295.58,295.86,,3525.0,1960.4,392.65,,,,,,,,,,,,,,,,,,,4.8744,,,,3.9507,,,,,,,,,,,,,,,,,,,,,,
2023-07-31,,,,,,,,,,,,,5.5,,4.25,5.0,-0.1,,,,,101.855,,,,,,,,81.8,85.56,292.9,299.09,,3548.0,1970.5,400.8,,,,,,,,,,,,,,,,,,,4.8766,,,,3.9588,,,,,,,,,,,,,,,,,,,,,,
2023-08-01,,,,,,,,,,,,,5.5,,4.25,5.0,-0.1,,,,,102.303,,,,,,,,81.37,84.91,287.3,302.34,,3543.0,1940.7,390.85,,,,,,,,,,,,,,,,,,,4.9016,,,,4.023,,,,,,,,,,,,,,,,,,,,,,
2023-08-02,,,,,,,,,,,,,5.5,,4.25,5.0,-0.1,,,,,102.59,,,,,,,,79.49,83.2,277.58,300.43,,3562.0,1937.4,384.35,,,,,,,,,,,,,,,,,,,4.8767,,,,4.0775,,,,,,,,,,,,,,,,,,,,,,
2023-08-03,,,,,,,,,,,,,5.5,,4.25,5.25,-0.1,,,,,102.542,,,,,,,,81.55,85.14,276.47,307.49,,3491.0,1932.0,389.95,,,,,,,,,,,,,,,,,,,4.881,,,,4.1751,,,,,,,,,,,,,,,,,,,,,,
2023-08-04,,,,,,,,,,,,,5.5,,4.25,5.25,-0.1,,,,,102.017,,,,,,,,82.82,86.24,278.31,306.22,,3510.0,1939.6,386.75,,,,,,,,,,,,,,,,,,,4.7641,,,,4.0338,,,,,,,,,,,,,,,,,,,,,,
2023-08-07,,,,,,,,,,,,,5.5,,4.25,5.25,-0.1,,,,,102.047,,,,,,,,81.94,85.34,280.44,301.55,,3476.0,1933.5,383.5,,,,,,,,,,,,,,,,,,,4.7619,,,,4.0885,,,,,,,,,,,,,,,,,,,,,,
2023-08-08,,,,,,,,,,,,,5.5,,4.25,5.25,-0.1,,,,,102.528,,,,,,,,82.92,86.17,284.51,308.56,,3333.0,1924.1,376.65,,,,,,,,,,,,,,,,,,,4.7514,,,,4.022,,,,,,,,,,,,,,,,,,,,,,
2023-08-09,,,,,,,,,,,,,5.5,,4.25,5.25,-0.1,,,,,102.49,,,,,,,,84.4,87.55,292.84,320.7,,3319.0,1915.4,378.35,,,,,,,,,,,,,,,,,,,4.808,,,,4.0081,,,,,,,,,,,,,,,,,,,,,,
2023-08-10,,,,,,,,,,,,,5.5,,4.25,5.25,-0.1,,,,,102.524,,,,,,,,82.82,86.4,290.47,315.33,,3282.0,1914.4,376.5,,,,,,,,,,,,,,,,,,,4.8417,,,,4.1055,,,,,,,,,,,,,,,,,,,,,,
2023-08-11,,,,,,,,,,,,,5.5,,4.25,5.25,-0.1,,,,,102.842,,,,,,,,83.19,86.81,296.49,312.15,,3297.0,1912.9,371.9,,,,,,,,,,,,,,,,,,,4.8947,,,,4.1522,,,,,,,,,,,,,,,,,,,,,,
2023-08-14,,,,,,,,,,,,,5.5,,4.25,5.25,-0.1,,,,,103.19,,,,,,,,82.51,86.21,290.62,308.83,,3321.0,1910.6,372.55,,,,,,,,,,,,,,,,,,,4.9669,,,,4.1913,,,,,,,,,,,,,,,,,,,,,,
2023-08-15,,,,,,,,,,,,,5.5,,4.25,5.25,-0.1,,,,,103.209,,,,,,,,80.99,84.89,284.76,302.8,,3340.0,1902.5,366.75,,,,,,,,,,,,,,,,,,,4.9522,,,,4.211,,,,,,,,,,,,,,,,,,,,,,
2023-08-16,,,,,,,,,,,,,5.5,,4.25,5.25,-0.1,,,,,103.431,,,,,,,,79.38,83.45,286.71,302.09,,3372.0,1896.1,365.75,,,,,,,,,,,,,,,,,,,4.9652,,,,4.2504,,,,,,,,,,,,,,,,,,,,,,
2023-08-17,,,,,,,,,,,,,5.5,,4.25,5.25,-0.1,,,,,103.572,,,,,,,,80.39,84.12,282.17,309.38,,3413.0,1884.1,369.15,,,,,,,,,,,,,,,,,,,4.9292,,,,4.2741,,,,,,,,,,,,,,,,,,,,,,
2023-08-18,,,,,,,,,,,,,5.5,,4.25,5.25,-0.1,,,,,103.375,,,,,,,,81.25,84.8,282.32,315.97,,3366.0,1886.1,370.6,,,,,,,,,,,,,,,,,,,4.9425,,,,4.2546,,,,,,,,,,,,,,,,,,,,,,
2023-08-21,,,,,,,,,,,,,5.5,,4.25,5.25,-0.1,,,,,103.3,,,,,,,,80.72,84.46,277.26,311.62,,3355.0,1893.3,371.85,,,,,,,,,,,,,,,,,,,5.0006,,,,4.3379,,,,,,,,,,,,,,,,,,,,,,
2023-08-22,,,,,,,,,,,,,5.5,,4.25,5.25,-0.1,,,,,103.563,,,,,,,,80.35,84.03,278.91,313.88,,3329.0,1896.4,375.7,,,,,,,,,,,,,,,,,,,5.0459,,,,4.3241,,,,,,,,,,,,,,,,,,,,,,
2023-08-23,,,,,,,,,,,,,5.5,,4.25,5.25,-0.1,,,,,103.419,,,,,,,,78.89,83.21,276.88,312.91,,3323.0,1918.5,380.85,,,,,,,,,,,,,,,,,,,4.9667,,,,4.1918,,,,,,,,,,,,,,,,,,,,,,
2023-08-24,,,,,,,,,,,,,5.5,,4.25,5.25,-0.1,,,,,103.982,,,,,,,,79.05,83.36,278.0,315.64,,3363.0,1918.2,377.1,,,,,,,,,,,,,,,,,,,5.0229,,,,4.2372,,,,,,,,,,,,,,,,,,,,,,
2023-08-25,,,,,,,,,,,,,5.5,,4.25,5.25,-0.1,,,,,104.077,,,,,,,,79.83,84.48,287.64,330.75,,3430.0,1911.1,376.2,,,,,,,,,,,,,,,,,,,5.0779,,,,4.2354,,,,,,,,,,,,,,,,,,,,,,
2023-08-28,,,,,,,,,,,,,5.5,,4.25,5.25,-0.1,,,,,104.058,,,,,,,,80.1,84.42,279.57,320.37,,3442.0,1917.9,375.6,,,,,,,,,,,,,,,,,,,5.0479,,,,4.202,,,,,,,,,,,,,,,,,,,,,,
2023-08-29,,,,,,,,,,,,,5.5,,4.25,5.25,-0.1,,,,,103.531,,,,,,,,81.16,85.49,279.05,320.95,,3555.0,1936.5,379.45,,,,,,,,,,,,,,,,,,,4.8942,,,,4.1197,,,,,,,,,,,,,,,,,,,,,,
2023-08-30,,,,,,,,,,,,,5.5,,4.25,5.25,-0.1,,,,,103.157,,,,,,,,81.63,85.86,280.92,309.62,,3606.0,1954.0,378.5,,,,,,,,,,,,,,,,,,,4.8859,,,,4.1139,,,,,,,,,,,,,,,,,,,,,,
2023-08-31,,,,,,,,,,,,,5.5,,4.25,5.25,-0.1,,,,,103.619,,,,,,,,83.63,86.86,276.64,314.26,,3602.0,1947.0,377.25,,,,,,,,,,,,,,,,,,,4.8629,,,,4.1081,,,,,,,,,,,,,,,,,,,,,,
2023-09-01,,,,,,,,,,,,,5.5,,4.25,5.25,-0.1,,,,,104.236,,,,,,,,85.55,88.55,259.12,310.5,,3574.0,1948.4,381.25,,,,,,,,,,,,,,,,,,,4.8785,,,,4.1788,,,,,,,,,,,,,,,,,,,,,,
2023-09-04,,,,,,,,,,,,,5.5,,4.25,5.25,-0.1,,,,,104.236,,,,,,,,,89.0,,,,,,,,,,,,,,,,,,,,,,,,,4.8785,,,,4.1788,,,,,,,,,,,,,,,,,,,,,,
2023-09-05,,,,,,,,,,,,,5.5,,4.25,5.25,-0.1,,,,,104.807,,,,,,,,86.69,90.04,258.1,321.96,,3560.0,1934.3,381.1,,,,,,,,,,,,,,,,,,,4.9597,,,,4.2598,,,,,,,,,,,,,,,,,,,,,,
2023-09-06,,,,,,,,,,,,,5.5,,4.25,5.25,-0.1,,,,,104.861,,,,,,,,87.54,90.6,260.14,319.27,,3577.0,1925.8,374.85,,,,,,,,,,,,,,,,,,,5.0162,,,,4.2797,,,,,,,,,,,,,,,,,,,,,,
2023-09-07,,,,,,,,,,,,,5.5,,4.25,5.25,-0.1,,,,,105.059,,,,,,,,86.87,89.92,262.3,321.23,,3573.0,1924.1,372.6,,,,,,,,,,,,,,,,,,,4.9469,,,,4.2441,,,,,,,,,,,,,,,,,,,,,,
2023-09-08,,,,,,,,,,,,,5.5,,4.25,5.25,-0.1,,,,,105.09,,,,,,,,87.51,90.65,265.37,329.91,,3609.0,1924.6,368.05,,,,,,,,,,,,,,,,,,,4.9906,,,,4.2641,,,,,,,,,,,,,,,,,,,,,,
2023-09-11,,,,,,,,,,,,,5.5,,4.25,5.25,-0.1,,,,,104.569,,,,,,,,87.29,90.64,271.87,336.22,,3611.0,1929.2,377.0,,,,,,,,,,,,,,,,,,,4.9905,,,,4.288,,,,,,,,,,,,,,,,,,,,,,
2023-09-12,,,,,,,,,,,,,5.5,,4.25,5.25,-0.1,,,,,104.711,,,,,,,,88.84,92.06,272.79,332.83,,3772.0,1917.2,375.2,,,,,,,,,,,,,,,,,,,5.02,,,,4.2801,,,,,,,,,,,,,,,,,,,,,,
2023-09-13,,,,,,,,,,,,,5.5,,4.25,5.25,-0.1,,,,,104.766,,,,,,,,88.52,91.88,273.84,343.54,,3849.0,1914.4,375.6,,,,,,,,,,,,,,,,,,,4.9692,,,,4.2485,,,,,,,,,,,,,,,,,,,,,,
2023-09-14,,,,,,,,,,,,,5.5,,4.5,5.25,-0.1,,,,,105.405,,,,,,,,90.16,93.7,274.27,348.15,,3853.0,1914.4,378.25,,,,,,,,,,,,,,,,,,,5.0114,,,,4.2863,,,,,,,,,,,,,,,,,,,,,,
2023-09-15,,,,,,,,,,,,,5.5,,4.5,5.25,-0.1,,,,,105.322,,,,,,,,90.77,93.93,270.81,338.34,,3757.0,1927.9,376.35,,,,,,,,,,,,,,,,,,,5.0325,,,,4.3324,,,,,,,,,,,,,,,,,,,,,,
2023-09-18,,,,,,,,,,,,,5.5,,4.5,5.25,-0.1,,,,,105.202,,,,,,,,91.48,94.43,269.79,328.83,,3621.0,1935.2,374.15,,,,,,,,,,,,,,,,,,,5.0538,,,,4.3026,,,,,,,,,,,,,,,,,,,,,,
2023-09-19,,,,,,,,,,,,,5.5,,4.5,5.25,-0.1,,,,,105.133,,,,,,,,91.2,94.34,265.81,337.39,,3642.0,1935.3,371.4,,,,,,,,,,,,,,,,,,,5.0901,,,,4.3586,,,,,,,,,,,,,,,,,,,,,,
2023-09-20,,,,,,,,,,,,,5.5,,4.5,5.25,-0.1,,,,,105.328,,,,,,,,90.28,93.53,261.92,332.68,,3570.0,1948.6,374.65,,,,,,,,,,,,,,,,,,,5.1758,,,,4.407,,,,,,,,,,,,,,,,,,,,,,
2023-09-21,,,,,,,,,,,,,5.5,,4.5,5.25,-0.1,,,,,105.363,,,,,,,,89.63,93.3,261.99,336.8,,3595.0,1921.2,366.65,,,,,,,,,,,,,,,,,,,5.1438,,,,4.4942,,,,,,,,,,,,,,,,,,,,,,
2023-09-22,,,,,,,,,,,,,5.5,,4.5,5.25,-0.1,,,,,105.583,,,,,,,,90.03,93.27,256.18,330.62,,3582.0,1927.2,366.55,,,,,,,,,,,,,,,,,,,5.1097,,,,4.4337,,,,,,,,,,,,,,,,,,,,,,
2023-09-25,,,,,,,,,,,,,5.5,,4.5,5.25,-0.1,,,,,105.998,,,,,,,,89.68,93.29,254.39,326.22,,3496.0,1918.2,364.95,,,,,,,,,,,,,,,,,,,5.1249,,,,4.5334,,,,,,,,,,,,,,,,,,,,,,
2023-09-26,,,,,,,,,,,,,5.5,,4.5,5.25,-0.1,,,,,106.231,,,,,,,,90.39,93.96,256.22,322.38,,3500.0,1901.6,362.5,,,,,,,,,,,,,,,,,,,5.1207,,,,4.5356,,,,,,,,,,,,,,,,,,,,,,
2023-09-27,,,,,,,,,,,,,5.5,,4.5,5.25,-0.1,,,,,106.666,,,,,,,,93.68,96.55,259.86,331.47,,3416.0,1872.3,362.7,,,,,,,,,,,,,,,,,,,5.1354,,,,4.6075,,,,,,,,,,,,,,,,,,,,,,
2023-09-28,,,,,,,,,,,,,5.5,,4.5,5.25,-0.1,,,,,106.224,,,,,,,,91.71,95.38,250.53,331.8,,3459.0,1860.4,370.8,,,,,,,,,,,,,,,,,,,5.0582,,,,4.5748,,,,,,,,,,,,,,,,,,,,,,
2023-09-29,,,,,,,,,,,,,5.5,,4.5,5.25,-0.1,,,,,106.174,,,,,,,,90.79,95.31,243.99,336.22,,3418.0,1848.1,373.75,,,,,,,,,,,,,,,,,,,5.0436,,,,4.5711,,,,,,,,,,,,,,,,,,,,,,
2023-10-02,,,,,,,,,,,,,5.5,,4.5,5.25,-0.1,,,,,106.904,,,,,,,,88.82,90.71,241.22,322.25,,3502.0,1830.0,364.15,,,,,,,,,,,,,,,,,,,5.1041,,,,4.6785,,,,,,,,,,,,,,,,,,,,,,
2023-10-03,,,,,,,,,,,,,5.5,,4.5,5.25,-0.1,,,,,107.0,,,,,,,,89.23,90.92,236.01,319.54,,3428.0,1824.6,362.1,,,,,,,,,,,,,,,,,,,5.1502,,,,4.7955,,,,,,,,,,,,,,,,,,,,,,
2023-10-04,,,,,,,,,,,,,5.5,,4.5,5.25,-0.1,,,,,106.799,,,,,,,,84.22,85.81,219.8,301.78,,3431.0,1818.5,358.9,,,,,,,,,,,,,,,,,,,5.0518,,,,4.7329,,,,,,,,,,,,,,,,,,,,,,
2023-10-05,,,,,,,,,,,,,5.5,,4.5,5.25,-0.1,,,,,106.332,,,,,,,,82.31,84.07,218.9,286.87,,3400.0,1816.6,355.2,,,,,,,,,,,,,,,,,,,5.0183,,,,4.7185,,,,,,,,,,,,,,,,,,,,,,
2023-10-06,,,,,,,,,,,,,5.5,,4.5,5.25,-0.1,,,,,106.044,,,,,,,,82.79,84.58,219.22,290.08,,3453.0,1830.2,362.75,,,,,,,,,,,,,,,,,,,5.0813,,,,4.8009,,,,,,,,,,,,,,,,,,,,,,
2023-10-09,,,,,,,,,,,,,5.5,,4.5,5.25,-0.1,,,,,106.083,,,,,,,,86.38,88.15,223.81,296.66,,3435.0,1849.5,364.6,,,,,,,,,,,,,,,,,,,5.0813,,,,4.8009,,,,,,,,,,,,,,,,,,,,,,
2023-10-10,,,,,,,,,,,,,5.5,,4.5,5.25,-0.1,,,,,105.825,,,,,,,,85.97,87.65,225.84,302.01,,3474.0,1861.0,363.4,,,,,,,,,,,,,,,,,,,4.9696,,,,4.653,,,,,,,,,,,,,,,,,,,,,,
2023-10-11,,,,,,,,,,,,,5.5,,4.5,5.25,-0.1,,,,,105.82,,,,,,,,83.49,85.82,221.01,299.85,,3432.0,1872.8,361.2,,,,,,,,,,,,,,,,,,,4.9821,,,,4.5582,,,,,,,,,,,,,,,,,,,,,,
2023-10-12,,,,,,,,,,,,,5.5,,4.5,5.25,-0.1,,,,,106.599,,,,,,,,82.91,86.0,216.5,304.49,,3490.0,1869.3,359.1,,,,,,,,,,,,,,,,,,,5.0687,,,,4.6969,,,,,,,,,,,,,,,,,,,,,,
2023-10-13,,,,,,,,,,,,,5.5,,4.5,5.25,-0.1,,,,,106.648,,,,,,,,87.69,90.89,226.53,321.17,,3499.0,1927.4,357.1,,,,,,,,,,,,,,,,,,,5.0538,,,,4.6124,,,,,,,,,,,,,,,,,,,,,,
2023-10-16,,,,,,,,,,,,,5.5,,4.5,5.25,-0.1,,,,,106.243,,,,,,,,86.66,89.65,227.3,314.92,,3591.0,1921.1,358.2,,,,,,,,,,,,,,,,,,,5.0985,,,,4.706,,,,,,,,,,,,,,,,,,,,,,
2023-10-17,,,,,,,,,,,,,5.5,,4.5,5.25,-0.1,,,,,106.25,,,,,,,,86.66,89.9,228.45,317.67,,3635.0,1922.7,357.85,,,,,,,,,,,,,,,,,,,5.2095,,,,4.8341,,,,,,,,,,,,,,,,,,,,,,
2023-10-18,,,,,,,,,,,,,5.5,,4.5,5.25,-0.1,,,,,106.565,,,,,,,,88.32,91.5,235.35,313.93,,3639.0,1955.3,358.7,,,,,,,,,,,,,,,,,,,5.2225,,,,4.9149,,,,,,,,,,,,,,,,,,,,,,
2023-10-19,,,,,,,,,,,,,5.5,,4.5,5.25,-0.1,,,,,106.253,,,,,,,,89.37,92.38,236.17,317.3,,3648.0,1968.4,360.1,,,,,,,,,,,,,,,,,,,5.1585,,,,4.9898,,,,,,,,,,,,,,,,,,,,,,
2023-10-20,,,,,,,,,,,,,5.5,,4.5,5.25,-0.1,,,,,106.163,,,,,,,,88.75,92.16,237.36,315.66,,3694.0,1982.5,356.3,,,,,,,,,,,,,,,,,,,5.0731,,,,4.9137,,,,,,,,,,,,,,,,,,,,,,
2023-10-23,,,,,,,,,,,,,5.5,,4.5,5.25,-0.1,,,,,105.536,,,,,,,,85.49,89.83,232.85,309.55,,3759.0,1976.3,358.65,,,,,,,,,,,,,,,,,,,5.0474,,,,4.8502,,,,,,,,,,,,,,,,,,,,,,
2023-10-24,,,,,,,,,,,,,5.5,,4.5,5.25,-0.1,,,,,106.27,,,,,,,,83.74,88.07,226.76,304.49,,3729.0,1975.0,362.4,,,,,,,,,,,,,,,,,,,5.1119,,,,4.8229,,,,,,,,,,,,,,,,,,,,,,
2023-10-25,,,,,,,,,,,,,5.5,,4.5,5.25,-0.1,,,,,106.528,,,,,,,,85.39,90.13,228.42,303.05,,3735.0,1984.1,359.1,,,,,,,,,,,,,,,,,,,5.1206,,,,4.9549,,,,,,,,,,,,,,,,,,,,,,
2023-10-26,,,,,,,,,,,,,5.5,,4.5,5.25,-0.1,,,,,106.602,,,,,,,,83.21,87.93,225.61,304.39,,3810.0,1987.2,358.45,,,,,,,,,,,,,,,,,,,5.0395,,,,4.8445,,,,,,,,,,,,,,,,,,,,,,
2023-10-27,,,,,,,,,,,,,5.5,,4.5,5.25,-0.1,,,,,106.559,,,,,,,,85.54,90.48,231.25,305.19,,3852.0,1988.6,364.6,,,,,,,,,,,,,,,,,,,5.0021,,,,4.8346,,,,,,,,,,,,,,,,,,,,,,
2023-10-30,,,,,,,,,,,,,5.5,,4.5,5.25,-0.1,,,,,106.12,,,,,,,,82.31,87.45,222.0,296.63,,3826.0,2005.6,365.85,,,,,,,,,,,,,,,,,,,5.054,,,,4.8942,,,,,,,,,,,,,,,,,,,,,,
2023-10-31,,,,,,,,,,,,,5.5,,4.5,5.25,-0.1,,,,,106.663,,,,,,,,81.02,87.41,222.27,299.1,,3817.0,1994.3,364.9,,,,,,,,,,,,,,,,,,,5.0873,,,,4.9307,,,,,,,,,,,,,,,,,,,,,,
2023-11-01,,,,,,,,,,,,,5.5,,4.5,5.25,-0.1,,,,,106.884,,,,,,,,80.44,84.63,218.55,296.15,,3794.0,1987.5,364.9,,,,,,,,,,,,,,,,,,,4.9436,,,,4.7341,,,,,,,,,,,,,,,,,,,,,,
2023-11-02,,,,,,,,,,,,,5.5,,4.5,5.25,-0.1,,,,,106.124,,,,,,,,82.46,86.85,224.6,302.55,,3865.0,1993.5,367.25,,,,,,,,,,,,,,,,,,,4.9893,,,,4.659,,,,,,,,,,,,,,,,,,,,,,
2023-11-03,,,,,,,,,,,,,5.5,,4.5,5.25,-0.1,,,,,105.021,,,,,,,,80.51,84.89,220.1,292.38,,3898.0,1999.2,368.15,,,,,,,,,,,,,,,,,,,4.8386,,,,4.5724,,,,,,,,,,,,,,,,,,,,,,
2023-11-06,,,,,,,,,,,,,5.5,,4.5,5.25,-0.1,,,,,105.215,,,,,,,,80.82,85.18,223.59,295.24,,3914.0,1988.6,371.9,,,,,,,,,,,,,,,,,,,4.9345,,,,4.6431,,,,,,,,,,,,,,,,,,,,,,
2023-11-07,,,,,,,,,,,,,5.5,,4.5,5.25,-0.1,,,,,105.542,,,,,,,,77.37,81.61,216.77,283.84,,3883.0,1973.5,367.9,,,,,,,,,,,,,,,,,,,4.9176,,,,4.5665,,,,,,,,,,,,,,,,,,,,,,
2023-11-08,,,,,,,,,,,,,5.5,,4.5,5.25,-0.1,,,,,105.593,,,,,,,,75.33,79.54,212.85,274.92,,3916.0,1957.8,363.8,,,,,,,,,,,,,,,,,,,4.932,,,,4.4925,,,,,,,,,,,,,,,,,,,,,,
2023-11-09,,,,,,,,,,,,,5.5,,4.5,5.25,-0.1,,,,,105.91,,,,,,,,75.74,80.01,216.08,271.91,,3949.0,1969.8,364.05,,,,,,,,,,,,,,,,,,,5.0202,,,,4.6241,,,,,,,,,,,,,,,,,,,,,,
2023-11-10,,,,,,,,,,,,,5.5,,4.5,5.25,-0.1,,,,,105.861,,,,,,,,77.17,81.43,218.95,274.31,,3991.0,1937.7,358.7,,,,,,,,,,,,,,,,,,,5.0623,,,,4.6518,,,,,,,,,,,,,,,,,,,,,,
2023-11-13,,,,,,,,,,,,,5.5,,4.5,5.25,-0.1,,,,,105.631,,,,,,,,78.26,82.52,223.59,283.93,,4051.0,1950.2,366.6,,,,,,,,,,,,,,,,,,,5.0348,,,,4.6399,,,,,,,,,,,,,,,,,,,,,,
2023-11-14,,,,,,,,,,,,,5.5,,4.5,5.25,-0.1,,,,,104.053,,,,,,,,78.26,82.47,222.28,283.71,,3946.0,1966.5,368.35,,,,,,,,,,,,,,,,,,,4.836,,,,4.4473,,,,,,,,,,,,,,,,,,,,,,
2023-11-15,,,,,,,,,,,,,5.5,,4.5,5.25,-0.1,,,,,104.394,,,,,,,,76.66,81.18,220.18,286.87,,3939.0,1964.3,371.85,,,,,,,,,,,,,,,,,,,4.9118,,,,4.5314,,,,,,,,,,,,,,,,,,,,,,
2023-11-16,,,,,,,,,,,,,5.5,,4.5,5.25,-0.1,,,,,104.349,,,,,,,,72.9,77.42,210.11,275.02,,4004.0,1987.3,370.25,,,,,,,,,,,,,,,,,,,4.8375,,,,4.4355,,,,,,,,,,,,,,,,,,,,,,
2023-11-17,,,,,,,,,,,,,5.5,,4.5,5.25,-0.1,,,,,103.917,,,,,,,,75.89,80.61,218.45,277.25,,4083.0,1984.7,373.85,,,,,,,,,,,,,,,,,,,4.8855,,,,4.4354,,,,,,,,,,,,,,,,,,,,,,
2023-11-20,,,,,,,,,,,,,5.5,,4.5,5.25,-0.1,,,,,103.438,,,,,,,,77.6,82.32,222.6,284.95,,4034.0,1980.3,381.4,,,,,,,,,,,,,,,,,,,4.9109,,,,4.4198,,,,,,,,,,,,,,,,,,,,,,
2023-11-21,,,,,,,,,,,,,5.5,,4.5,5.25,-0.1,,,,,103.565,,,,,,,,77.77,82.45,223.38,292.49,,4227.0,2001.6,381.25,,,,,,,,,,,,,,,,,,,4.8723,,,,4.3926,,,,,,,,,,,,,,,,,,,,,,
2023-11-22,,,,,,,,,,,,,5.5,,4.5,5.25,-0.1,,,,,103.92,,,,,,,,77.1,81.96,223.24,288.91,,4173.0,1992.8,376.3,,,,,,,,,,,,,,,,,,,4.8996,,,,4.4042,,,,,,,,,,,,,,,,,,,,,,
2023-11-23,,,,,,,,,,,,,5.5,,4.5,5.25,-0.1,,,,,103.92,,,,,,,,,81.42,,,,,,,,,,,,,,,,,,,,,,,,,4.8996,,,,4.4042,,,,,,,,,,,,,,,,,,,,,,
2023-11-24,,,,,,,,,,,,,5.5,,4.5,5.25,-0.1,,,,,103.403,,,,,,,,75.54,80.58,216.51,283.57,,4219.0,2003.0,378.9,,,,,,,,,,,,,,,,,,,4.9484,,,,4.4665,,,,,,,,,,,,,,,,,,,,,,
2023-11-27,,,,,,,,,,,,,5.5,,4.5,5.25,-0.1,,,,,103.199,,,,,,,,74.86,79.98,217.99,283.79,,4260.0,2012.4,375.8,,,,,,,,,,,,,,,,,,,4.888,,,,4.3866,,,,,,,,,,,,,,,,,,,,,,
2023-11-28,,,,,,,,,,,,,5.5,,4.5,5.25,-0.1,,,,,102.746,,,,,,,,76.41,81.68,223.0,290.7,,4370.0,2040.0,380.0,,,,,,,,,,,,,,,,,,,4.7342,,,,4.3207,,,,,,,,,,,,,,,,,,,,,,
2023-11-29,,,,,,,,,,,,,5.5,,4.5,5.25,-0.1,,,,,102.765,,,,,,,,77.86,83.1,228.36,288.85,,4438.0,2047.1,378.6,,,,,,,,,,,,,,,,,,,4.6455,,,,4.2552,,,,,,,,,,,,,,,,,,,,,,
2023-11-30,,,,,,,,,,,,,5.5,,4.5,5.25,-0.1,,,,,103.497,,,,,,,,75.96,82.83,219.98,283.05,,4475.0,2038.1,382.9,,,,,,,,,,,,,,,,,,,4.6802,,,,4.3264,,,,,,,,,,,,,,,,,,,,,,
2023-12-01,,,,,,,,,,,,,5.5,,4.5,5.25,-0.1,,,,,103.268,,,,,,,,74.07,78.88,212.11,266.15,,4398.0,2071.0,390.9,,,,,,,,,,,,,,,,,,,4.5384,,,,4.1956,,,,,,,,,,,,,,,,,,,,,,
2023-12-04,,,,,,,,,,,,,5.5,,4.5,5.25,-0.1,,,,,103.712,,,,,,,,73.04,78.03,213.42,265.97,,4271.0,2024.1,382.05,,,,,,,,,,,,,,,,,,,4.6353,,,,4.2529,,,,,,,,,,,,,,,,,,,,,,
2023-12-05,,,,,,,,,,,,,5.5,,4.5,5.25,-0.1,,,,,104.05,,,,,,,,72.32,77.2,211.03,264.11,,4206.0,2018.5,377.25,,,,,,,,,,,,,,,,,,,4.5767,,,,4.1649,,,,,,,,,,,,,,,,,,,,,,
2023-12-06,,,,,,,,,,,,,5.5,,4.5,5.25,-0.1,,,,,104.153,,,,,,,,69.38,74.3,203.02,257.62,,4241.0,2030.5,371.65,,,,,,,,,,,,,,,,,,,4.5929,,,,4.104,,,,,,,,,,,,,,,,,,,,,,
2023-12-07,,,,,,,,,,,,,5.5,,4.5,5.25,-0.1,,,,,103.541,,,,,,,,69.34,74.05,200.12,254.92,,4340.0,2029.9,378.45,,,,,,,,,,,,,,,,,,,4.5945,,,,4.1495,,,,,,,,,,,,,,,,,,,,,,
2023-12-08,,,,,,,,,,,,,5.5,,4.5,5.25,-0.1,,,,,104.01,,,,,,,,71.23,75.84,204.98,258.1,,4381.0,1998.3,382.0,,,,,,,,,,,,,,,,,,,4.7209,,,,4.2256,,,,,,,,,,,,,,,,,,,,,,
2023-12-11,,,,,,,,,,,,,5.5,,4.5,5.25,-0.1,,,,,104.095,,,,,,,,71.32,76.03,204.31,260.87,,4351.0,1978.0,378.0,,,,,,,,,,,,,,,,,,,4.708,,,,4.2333,,,,,,,,,,,,,,,,,,,,,,
2023-12-12,,,,,,,,,,,,,5.5,,4.5,5.25,-0.1,,,,,103.865,,,,,,,,68.61,73.24,197.97,250.74,,4375.0,1977.8,378.6,,,,,,,,,,,,,,,,,,,4.7308,,,,4.2006,,,,,,,,,,,,,,,,,,,,,,
2023-12-13,,,,,,,,,,,,,5.5,,4.5,5.25,-0.1,,,,,102.869,,,,,,,,69.47,74.26,202.49,254.81,,4395.0,1982.3,378.6,,,,,,,,,,,,,,,,,,,4.4265,,,,4.0164,,,,,,,,,,,,,,,,,,,,,,
2023-12-14,,,,,,,,,,,,,5.5,,4.5,5.25,-0.1,,,,,101.956,,,,,,,,71.58,76.61,211.88,259.13,,4267.0,2030.2,388.85,,,,,,,,,,,,,,,,,,,4.3882,,,,3.9208,,,,,,,,,,,,,,,,,,,,,,
2023-12-15,,,,,,,,,,,,,5.5,,4.5,5.25,-0.1,,,,,102.55,,,,,,,,71.43,76.55,213.7,262.08,,4244.0,2021.1,388.5,,,,,,,,,,,,,,,,,,,4.4428,,,,3.911,,,,,,,,,,,,,,,,,,,,,,
2023-12-18,,,,,,,,,,,,,5.5,,4.5,5.25,-0.1,,,,,102.561,,,,,,,,72.47,77.95,215.9,267.28,,4271.0,2026.3,384.8,,,,,,,,,,,,,,,,,,,4.4463,,,,3.9314,,,,,,,,,,,,,,,,,,,,,,
2023-12-19,,,,,,,,,,,,,5.5,,4.5,5.25,-0.1,,,,,102.167,,,,,,,,73.44,79.23,220.08,271.68,,4289.0,2038.4,389.6,,,,,,,,,,,,,,,,,,,4.4394,,,,3.9313,,,,,,,,,,,,,,,,,,,,,,
2023-12-20,,,,,,,,,,,,,5.5,,4.5,5.25,-0.1,,,,,102.408,,,,,,,,74.22,79.7,220.07,270.85,,4309.0,2034.5,390.15,,,,,,,,,,,,,,,,,,,4.3313,,,,3.8474,,,,,,,,,,,,,,,,,,,,,,
2023-12-21,,,,,,,,,,,,,5.5,,4.5,5.25,-0.1,,,,,101.843,,,,,,,,73.89,79.39,215.85,269.68,,4288.0,2039.1,390.85,,,,,,,,,,,,,,,,,,,4.3474,,,,3.8881,,,,,,,,,,,,,,,,,,,,,,
2023-12-22,,,,,,,,,,,,,5.5,,4.5,5.25,-0.1,,,,,101.698,,,,,,,,73.56,79.07,213.01,266.12,,4311.0,2057.1,389.55,,,,,,,,,,,,,,,,,,,4.3231,,,,3.895,,,,,,,,,,,,,,,,,,,,,,
2023-12-25,,,,,,,,,,,,,5.5,,4.5,5.25,-0.1,,,,,,,,,,,,,,,,,,,,,,,,,,,,,,,,,,,,,,,4.3231,,,,3.895,,,,,,,,,,,,,,,,,,,,,,
2023-12-26,,,,,,,,,,,,,5.5,,4.5,5.25,-0.1,,,,,101.466,,,,,,,,75.57,81.07,215.83,266.88,,4283.0,2058.2,389.55,,,,,,,,,,,,,,,,,,,4.352,,,,3.8967,,,,,,,,,,,,,,,,,,,,,,
2023-12-27,,,,,,,,,,,,,5.5,,4.5,5.25,-0.1,,,,,100.986,,,,,,,,74.11,79.65,215.5,262.39,,4280.0,2081.9,394.35,,,,,,,,,,,,,,,,,,,4.2416,,,,3.7944,,,,,,,,,,,,,,,,,,,,,,
2023-12-28,,,,,,,,,,,,,5.5,,4.5,5.25,-0.1,,,,,101.229,,,,,,,,71.77,78.39,208.52,255.63,,4256.0,2083.5,392.45,,,,,,,,,,,,,,,,,,,4.2767,,,,3.8443,,,,,,,,,,,,,,,,,,,,,,
2023-12-29,,,,,,,,,,,,,5.5,,4.5,5.25,-0.1,,,,,101.333,,,,,,,,71.65,77.04,210.26,255.31,,4196.0,2071.8,389.05,,,,,,,,,,,,,,,,,,,4.2499,,,,3.8791,,,,,,,,,,,,,,,,,,,,,,
2024-01-01,,,,,,,,,,,,,5.5,,4.5,5.25,-0.1,,,,,,,,,,,,,,,,,,,,,,,,,,,,,,,,,,,,,,,4.2499,,,,3.8791,,,,,,,,,,,,,,,,,,,,,,
2024-01-02,,,,,,,,,,,,,5.5,,4.5,5.25,-0.1,,,,,102.2,,,,,,,,70.38,75.89,209.49,252.58,,4275.0,2073.4,388.05,,,,,,,,,,,,,,,,,,,4.3201,,,,3.9294,,,,,,,,,,,,,,,,,,,,,,
2024-01-03,,,,,,,,,,,,,5.5,,4.5,5.25,-0.1,,,,,102.494,,,,,,,,72.7,78.25,215.81,260.44,,4238.0,2042.8,386.15,,,,,,,,,,,,,,,,,,,4.3305,,,,3.9162,,,,,,,,,,,,,,,,,,,,,,
2024-01-04,,,,,,,,,,,,,5.5,,4.5,5.25,-0.1,,,,,102.422,,,,,,,,72.19,77.59,211.01,258.84,,4260.0,2050.0,384.4,,,,,,,,,,,,,,,,,,,4.3845,,,,3.9988,,,,,,,,,,,,,,,,,,,,,,
2024-01-05,,,,,,,,,,,,,5.5,,4.5,5.25,-0.1,,,,,102.412,,,,,,,,73.81,78.76,210.55,260.85,,4204.0,2049.8,380.6,,,,,,,,,,,,,,,,,,,4.3807,,,,4.0457,,,,,,,,,,,,,,,,,,,,,,
2024-01-08,,,,,,,,,,,,,5.5,,4.5,5.25,-0.1,,,,,102.209,,,,,,,,70.77,76.12,202.78,257.69,,4094.0,2033.5,381.0,,,,,,,,,,,,,,,,,,,4.3746,,,,4.0305,,,,,,,,,,,,,,,,,,,,,,
2024-01-09,,,,,,,,,,,,,5.5,,4.5,5.25,-0.1,,,,,102.57,,,,,,,,72.24,77.59,207.68,265.04,,4162.0,2033.0,375.85,,,,,,,,,,,,,,,,,,,4.3642,,,,4.0133,,,,,,,,,,,,,,,,,,,,,,
2024-01-10,,,,,,,,,,,,,5.5,,4.5,5.25,-0.1,,,,,102.362,,,,,,,,71.37,76.8,206.73,260.06,,4206.0,2027.8,378.1,,,,,,,,,,,,,,,,,,,4.358,,,,4.0283,,,,,,,,,,,,,,,,,,,,,,
2024-01-11,,,,,,,,,,,,,5.5,,4.5,5.25,-0.1,,,,,102.291,,,,,,,,72.02,77.41,211.43,267.38,,4274.0,2019.2,377.65,,,,,,,,,,,,,,,,,,,4.2451,,,,3.9658,,,,,,,,,,,,,,,,,,,,,,
2024-01-12,,,,,,,,,,,,,5.5,,4.5,5.25,-0.1,,,,,102.404,,,,,,,,72.68,78.29,212.03,266.93,,4323.0,2051.6,374.05,,,,,,,,,,,,,,,,,,,4.1441,,,,3.939,,,,,,,,,,,,,,,,,,,,,,
2024-01-15,,,,,,,,,,,,,5.5,,4.5,5.25,-0.1,,,,,102.404,,,,,,,,,78.15,,,,,,,,,,,,,,,,,,,,,,,,,4.1441,,,,3.939,,,,,,,,,,,,,,,,,,,,,,
2024-01-16,,,,,,,,,,,,,5.5,,4.5,5.25,-0.1,,,,,103.357,,,,,,,,72.4,78.29,212.19,266.06,,4429.0,2030.2,376.65,,,,,,,,,,,,,,,,,,,4.2195,,,,4.0581,,,,,,,,,,,,,,,,,,,,,,
2024-01-17,,,,,,,,,,,,,5.5,,4.5,5.25,-0.1,,,,,103.45,,,,,,,,72.56,77.88,213.54,265.36,,4448.0,2006.5,373.3,,,,,,,,,,,,,,,,,,,4.3608,,,,4.1019,,,,,,,,,,,,,,,,,,,,,,
2024-01-18,,,,,,,,,,,,,5.5,,4.5,5.25,-0.1,,,,,103.536,,,,,,,,74.08,79.1,218.35,269.36,,4458.0,2021.6,374.5,,,,,,,,,,,,,,,,,,,4.3524,,,,4.142,,,,,,,,,,,,,,,,,,,,,,
2024-01-19,,,,,,,,,,,,,5.5,,4.5,5.25,-0.1,,,,,103.288,,,,,,,,73.41,78.56,216.28,266.21,,4583.0,2029.3,378.65,,,,,,,,,,,,,,,,,,,4.3845,,,,4.1226,,,,,,,,,,,,,,,,,,,,,,
2024-01-22,,,,,,,,,,,,,5.5,,4.5,5.25,-0.1,,,,,103.331,,,,,,,,75.19,80.06,223.78,269.35,,4565.0,2022.2,376.35,,,,,,,,,,,,,,,,,,,4.3911,,,,4.1052,,,,,,,,,,,,,,,,,,,,,,
2024-01-23,,,,,,,,,,,,,5.5,,4.5,5.25,-0.1,,,,,103.617,,,,,,,,74.37,79.55,221.01,269.13,,4634.0,2025.8,379.35,,,,,,,,,,,,,,,,,,,4.3678,,,,4.1282,,,,,,,,,,,,,,,,,,,,,,
2024-01-24,,,,,,,,,,,,,5.5,,4.5,5.25,-0.1,,,,,103.236,,,,,,,,75.09,80.04,220.95,268.18,,4785.0,2016.0,388.6,,,,,,,,,,,,,,,,,,,4.3799,,,,4.1762,,,,,,,,,,,,,,,,,,,,,,
2024-01-25,,,,,,,,,,,,,5.5,,4.5,5.25,-0.1,,,,,103.574,,,,,,,,77.36,82.43,226.44,279.54,,4625.0,2017.8,386.9,,,,,,,,,,,,,,,,,,,4.2932,,,,4.1184,,,,,,,,,,,,,,,,,,,,,,
2024-01-26,,,,,,,,,,,,,5.5,,4.5,5.25,-0.1,,,,,103.433,,,,,,,,78.01,83.55,229.41,284.34,,4672.0,2017.3,385.2,,,,,,,,,,,,,,,,,,,4.3489,,,,4.1373,,,,,,,,,,,,,,,,,,,,,,
2024-01-29,,,,,,,,,,,,,5.5,,4.5,5.25,-0.1,,,,,103.609,,,,,,,,76.78,82.4,222.85,283.39,,4732.0,2025.4,387.9,,,,,,,,,,,,,,,,,,,4.318,,,,4.074,,,,,,,,,,,,,,,,,,,,,,
2024-01-30,,,,,,,,,,,,,5.5,,4.5,5.25,-0.1,,,,,103.397,,,,,,,,77.82,82.87,226.07,280.68,,4805.0,2031.5,391.1,,,,,,,,,,,,,,,,,,,4.3345,,,,4.0319,,,,,,,,,,,,,,,,,,,,,,
2024-01-31,,,,,,,,,,,,,5.5,,4.5,5.25,-0.1,,,,,103.274,,,,,,,,75.85,81.71,218.33,280.82,,4822.0,2048.4,390.6,,,,,,,,,,,,,,,,,,,4.2067,,,,3.9124,,,,,,,,,,,,,,,,,,,,,,
2024-02-01,,,,,,,,,,,,,5.5,,4.5,5.25,-0.1,,,,,103.048,,,,,,,,73.82,78.7,219.48,271.29,,4956.0,2053.0,385.35,,,,,,,,,,,,,,,,,,,4.2024,,,,3.8802,,,,,,,,,,,,,,,,,,,,,,
2024-02-02,,,,,,,,,,,,,5.5,,4.5,5.25,-0.1,,,,,103.922,,,,,,,,72.28,77.33,214.75,266.0,,5009.0,2036.1,382.15,,,,,,,,,,,,,,,,,,,4.3638,,,,4.0199,,,,,,,,,,,,,,,,,,,,,,
2024-02-05,,,,,,,,,,,,,5.5,,4.5,5.25,-0.1,,,,,104.452,,,,,,,,72.78,77.99,220.92,272.48,,5189.0,2025.7,377.15,,,,,,,,,,,,,,,,,,,4.4722,,,,4.1579,,,,,,,,,,,,,,,,,,,,,,
2024-02-06,,,,,,,,,,,,,5.5,,4.5,5.25,-0.1,,,,,104.213,,,,,,,,73.31,78.59,221.73,274.27,,5220.0,2034.5,378.1,,,,,,,,,,,,,,,,,,,4.4035,,,,4.1,,,,,,,,,,,,,,,,,,,,,,
2024-02-07,,,,,,,,,,,,,5.5,,4.5,5.25,-0.1,,,,,104.057,,,,,,,,73.86,79.21,226.3,281.52,,5410.0,2035.2,373.55,,,,,,,,,,,,,,,,,,,4.4287,,,,4.1211,,,,,,,,,,,,,,,,,,,,,,
2024-02-08,,,,,,,,,,,,,5.5,,4.5,5.25,-0.1,,,,,104.165,,,,,,,,76.22,81.63,234.2,289.08,,5805.0,2032.2,370.2,,,,,,,,,,,,,,,,,,,4.454,,,,4.154,,,,,,,,,,,,,,,,,,,,,,
2024-02-09,,,,,,,,,,,,,5.5,,4.5,5.25,-0.1,,,,,104.111,,,,,,,,76.84,82.19,233.95,296.42,,5888.0,2023.3,368.15,,,,,,,,,,,,,,,,,,,4.4799,,,,4.1754,,,,,,,,,,,,,,,,,,,,,,
2024-02-12,,,,,,,,,,,,,5.5,,4.5,5.25,-0.1,,,,,104.17,,,,,,,,76.92,82.0,236.73,291.96,,5860.0,2018.2,372.4,,,,,,,,,,,,,,,,,,,4.4738,,,,4.1793,,,,,,,,,,,,,,,,,,,,,,
2024-02-13,,,,,,,,,,,,,5.5,,4.5,5.25,-0.1,,,,,104.96,,,,,,,,77.87,82.77,239.46,289.59,,6001.0,1992.9,371.1,,,,,,,,,,,,,,,,,,,4.6578,,,,4.3143,,,,,,,,,,,,,,,,,,,,,,
2024-02-14,,,,,,,,,,,,,5.5,,4.5,5.25,-0.1,,,,,104.723,,,,,,,,76.64,81.6,231.69,281.01,,5949.0,1990.3,370.0,,,,,,,,,,,,,,,,,,,4.5778,,,,4.2554,,,,,,,,,,,,,,,,,,,,,,
2024-02-15,,,,,,,,,,,,,5.5,,4.5,5.25,-0.1,,,,,104.296,,,,,,,,78.03,82.86,231.83,282.37,,5961.0,2002.1,375.8,,,,,,,,,,,,,,,,,,,4.574,,,,4.23,,,,,,,,,,,,,,,,,,,,,,
2024-02-16,,,,,,,,,,,,,5.5,,4.5,5.25,-0.1,,,,,104.275,,,,,,,,79.19,83.47,233.6,280.66,,5706.0,2011.5,383.85,,,,,,,,,,,,,,,,,,,4.6416,,,,4.2792,,,,,,,,,,,,,,,,,,,,,,
2024-02-19,,,,,,,,,,,,,5.5,,4.5,5.25,-0.1,,,,,104.291,,,,,,,,,83.56,,,,,,,,,,,,,,,,,,,,,,,,,4.6416,,,,4.2792,,,,,,,,,,,,,,,,,,,,,,
2024-02-20,,,,,,,,,,,,,5.5,,4.5,5.25,-0.1,,,,,104.079,,,,,,,,78.18,82.34,227.74,273.15,,5999.0,2027.5,386.75,,,,,,,,,,,,,,,,,,,4.6121,,,,4.2753,,,,,,,,,,,,,,,,,,,,,,
2024-02-21,,,,,,,,,,,,,5.5,,4.5,5.25,-0.1,,,,,104.006,,,,,,,,77.91,83.03,228.6,270.52,,6198.0,2022.3,387.5,,,,,,,,,,,,,,,,,,,4.666,,,,4.3187,,,,,,,,,,,,,,,,,,,,,,
2024-02-22,,,,,,,,,,,,,5.5,,4.5,5.25,-0.1,,,,,103.957,,,,,,,,78.61,83.67,233.47,275.2,,6169.0,2019.7,389.7,,,,,,,,,,,,,,,,,,,4.7116,,,,4.3207,,,,,,,,,,,,,,,,,,,,,,
2024-02-23,,,,,,,,,,,,,5.5,,4.5,5.25,-0.1,,,,,103.936,,,,,,,,76.49,81.62,227.67,268.97,,6562.0,2038.6,388.0,,,,,,,,,,,,,,,,,,,4.6896,,,,4.248,,,,,,,,,,,,,,,,,,,,,,
2024-02-26,,,,,,,,,,,,,5.5,,4.5,5.25,-0.1,,,,,103.827,,,,,,,,77.58,82.53,230.56,276.27,,6884.0,2028.5,382.0,,,,,,,,,,,,,,,,,,,4.7182,,,,4.2795,,,,,,,,,,,,,,,,,,,,,,
2024-02-27,,,,,,,,,,,,,5.5,,4.5,5.25,-0.1,,,,,103.829,,,,,,,,78.87,83.65,234.44,274.6,,6755.0,2034.0,382.8,,,,,,,,,,,,,,,,,,,4.6933,,,,4.3032,,,,,,,,,,,,,,,,,,,,,,
2024-02-28,,,,,,,,,,,,,5.5,,4.5,5.25,-0.1,,,,,103.975,,,,,,,,78.54,83.68,227.1,265.83,,6380.0,2042.7,382.75,,,,,,,,,,,,,,,,,,,4.6374,,,,4.2639,,,,,,,,,,,,,,,,,,,,,,
2024-02-29,,,,,,,,,,,,,5.5,,4.5,5.25,-0.1,,,,,104.156,,,,,,,,78.26,83.62,230.43,268.38,,6510.0,2054.7,383.45,,,,,,,,,,,,,,,,,,,4.6187,,,,4.2502,,,,,,,,,,,,,,,,,,,,,,
2024-03-01,,,,,,,,,,,,,5.5,,4.5,5.25,-0.1,,,,,103.861,,,,,,,,79.97,83.55,261.44,270.42,,6826.0,2095.7,385.5,,,,,,,,,,,,,,,,,,,4.5313,,,,4.1798,,,,,,,,,,,,,,,,,,,,,,
2024-03-04,,,,,,,,,,,,,5.5,,4.5,5.25,-0.1,,,,,103.832,,,,,,,,78.74,82.8,258.57,264.72,,7057.0,2126.3,385.2,,,,,,,,,,,,,,,,,,,4.6017,,,,4.2131,,,,,,,,,,,,,,,,,,,,,,
2024-03-05,,,,,,,,,,,,,5.5,,4.5,5.25,-0.1,,,,,103.798,,,,,,,,78.15,82.04,253.28,260.65,,6970.0,2141.9,384.4,,,,,,,,,,,,,,,,,,,4.5579,,,,4.1525,,,,,,,,,,,,,,,,,,,,,,
2024-03-06,,,,,,,,,,,,,5.5,,4.5,5.25,-0.1,,,,,103.369,,,,,,,,79.13,82.96,255.39,266.33,,7170.0,2158.2,387.05,,,,,,,,,,,,,,,,,,,4.5536,,,,4.102,,,,,,,,,,,,,,,,,,,,,,
2024-03-07,,,,,,,,,,,,,5.5,,4.5,5.25,-0.1,,,,,102.823,,,,,,,,78.93,82.96,255.48,269.47,,7054.0,2165.2,391.95,,,,,,,,,,,,,,,,,,,4.5014,,,,4.0827,,,,,,,,,,,,,,,,,,,,,,
2024-03-08,,,,,,,,,,,,,5.5,,4.5,5.25,-0.1,,,,,102.712,,,,,,,,78.01,82.08,252.72,264.09,,6997.0,2185.5,388.5,,,,,,,,,,,,,,,,,,,4.4735,,,,4.0749,,,,,,,,,,,,,,,,,,,,,,
2024-03-11,,,,,,,,,,,,,5.5,,4.5,5.25,-0.1,,,,,102.869,,,,,,,,77.93,82.21,258.05,265.18,,7329.0,2188.6,392.25,,,,,,,,,,,,,,,,,,,4.536,,,,4.0982,,,,,,,,,,,,,,,,,,,,,,
2024-03-12,,,,,,,,,,,,,5.5,,4.5,5.25,-0.1,,,,,102.957,,,,,,,,77.56,81.92,258.64,261.65,,8048.0,2166.1,392.5,,,,,,,,,,,,,,,,,,,4.5862,,,,4.1507,,,,,,,,,,,,,,,,,,,,,,
2024-03-13,,,,,,,,,,,,,5.5,,4.5,5.25,-0.1,,,,,102.789,,,,,,,,79.72,84.03,266.15,268.51,,8034.0,2180.8,405.25,,,,,,,,,,,,,,,,,,,4.6345,,,,4.1899,,,,,,,,,,,,,,,,,,,,,,
2024-03-14,,,,,,,,,,,,,5.5,,4.5,5.25,-0.1,,,,,103.36,,,,,,,,81.26,85.42,270.33,270.88,,7405.0,2167.5,403.7,,,,,,,,,,,,,,,,,,,4.6936,,,,4.2903,,,,,,,,,,,,,,,,,,,,,,
2024-03-15,,,,,,,,,,,,,5.5,,4.5,5.25,-0.1,,,,,103.432,,,,,,,,81.04,85.34,272.08,272.7,,8018.0,2161.5,411.25,,,,,,,,,,,,,,,,,,,4.7276,,,,4.3063,,,,,,,,,,,,,,,,,,,,,,
2024-03-18,,,,,,,,,,,,,5.5,,4.5,5.25,-0.1,,,,,103.579,,,,,,,,82.72,86.89,275.73,278.82,,8172.0,2164.3,411.45,,,,,,,,,,,,,,,,,,,4.7319,,,,4.3242,,,,,,,,,,,,,,,,,,,,,,
2024-03-19,,,,,,,,,,,,,5.5,,4.5,5.25,0.1,,,,,103.818,,,,,,,,83.47,87.38,276.22,276.07,,8027.0,2159.7,405.85,,,,,,,,,,,,,,,,,,,4.6831,,,,4.2925,,,,,,,,,,,,,,,,,,,,,,
2024-03-20,,,,,,,,,,,,,5.5,,4.5,5.25,0.1,,,,,103.389,,,,,,,,81.68,85.95,273.32,269.57,,8324.0,2161.0,403.85,,,,,,,,,,,,,,,,,,,4.6023,,,,4.2728,,,,,,,,,,,,,,,,,,,,,,
2024-03-21,,,,,,,,,,,,,5.5,,4.5,5.25,0.1,,,,,104.007,,,,,,,,81.07,85.78,272.71,266.88,,8559.0,2184.7,404.65,,,,,,,,,,,,,,,,,,,4.6363,,,,4.2669,,,,,,,,,,,,,,,,,,,,,,
2024-03-22,,,,,,,,,,,,,5.5,,4.5,5.25,0.1,,,,,104.43,,,,,,,,80.63,85.43,273.98,265.34,,8939.0,2160.0,399.6,,,,,,,,,,,,,,,,,,,4.5891,,,,4.1981,,,,,,,,,,,,,,,,,,,,,,
2024-03-25,,,,,,,,,,,,,5.5,,4.5,5.25,0.1,,,,,104.224,,,,,,,,81.95,86.75,274.84,267.86,,9649.0,2176.4,400.7,,,,,,,,,,,,,,,,,,,4.6254,,,,4.2454,,,,,,,,,,,,,,,,,,,,,,
2024-03-26,,,,,,,,,,,,,5.5,,4.5,5.25,0.1,,,,,104.298,,,,,,,,81.62,86.25,270.06,262.18,,9622.0,2177.2,399.6,,,,,,,,,,,,,,,,,,,4.591,,,,4.2316,,,,,,,,,,,,,,,,,,,,,,
2024-03-27,,,,,,,,,,,,,5.5,,4.5,5.25,0.1,,,,,104.348,,,,,,,,81.35,86.09,268.47,259.86,,9843.0,2190.6,400.0,,,,,,,,,,,,,,,,,,,4.5682,,,,4.1903,,,,,,,,,,,,,,,,,,,,,,
2024-03-28,,,,,,,,,,,,,5.5,,4.5,5.25,0.1,,,,,104.546,,,,,,,,83.17,87.48,276.11,261.56,,9766.0,2217.4,400.7,,,,,,,,,,,,,,,,,,,4.62,,,,4.2003,,,,,,,,,,,,,,,,,,,,,,
2024-03-29,,,,,,,,,,,,,5.5,,4.5,5.25,0.1,,,,,104.487,,,,,,,,,,,,,,,,,,,,,,,,,,,,,,,,,,4.62,,,,4.2003,,,,,,,,,,,,,,,,,,,,,,
2024-04-01,,,,,,,,,,,,,5.5,,4.5,5.25,0.1,,,,,105.019,,,,,,,,83.71,87.42,271.0,262.71,,10120.0,2236.5,404.85,,,,,,,,,,,,,,,,,,,4.7053,,,,4.3092,,,,,,,,,,,,,,,,,,,,,,
2024-04-02,,,,,,,,,,,,,5.5,,4.5,5.25,0.1,,,,,104.816,,,,,,,,85.15,88.92,275.89,271.19,,9949.0,2261.0,407.05,,,,,,,,,,,,,,,,,,,4.6888,,,,4.3491,,,,,,,,,,,,,,,,,,,,,,
2024-04-03,,,,,,,,,,,,,5.5,,4.5,5.25,0.1,,,,,104.249,,,,,,,,85.43,89.35,276.09,273.24,,9524.0,2294.4,419.4,,,,,,,,,,,,,,,,,,,4.6723,,,,4.3472,,,,,,,,,,,,,,,,,,,,,,
2024-04-04,,,,,,,,,,,,,5.5,,4.5,5.25,0.1,,,,,104.121,,,,,,,,86.59,90.65,279.42,274.13,,9462.0,2288.8,424.9,,,,,,,,,,,,,,,,,,,4.6474,,,,4.3094,,,,,,,,,,,,,,,,,,,,,,
2024-04-05,,,,,,,,,,,,,5.5,,4.5,5.25,0.1,,,,,104.298,,,,,,,,86.91,91.17,278.86,277.3,,9795.0,2325.7,423.6,,,,,,,,,,,,,,,,,,,4.7505,,,,4.4016,,,,,,,,,,,,,,,,,,,,,,
2024-04-08,,,,,,,,,,,,,5.5,,4.5,5.25,0.1,,,,,104.14,,,,,,,,86.43,90.38,274.86,272.87,,9895.0,2331.7,427.6,,,,,,,,,,,,,,,,,,,4.7886,,,,4.4198,,,,,,,,,,,,,,,,,,,,,,
2024-04-09,,,,,,,,,,,,,5.5,,4.5,5.25,0.1,,,,,104.148,,,,,,,,85.23,89.42,275.56,267.7,,10204.0,2343.5,428.55,,,,,,,,,,,,,,,,,,,4.7426,,,,4.3616,,,,,,,,,,,,,,,,,,,,,,
2024-04-10,,,,,,,,,,,,,5.5,,4.5,5.25,0.1,,,,,105.245,,,,,,,,86.21,90.48,278.16,270.76,,10411.0,2329.6,428.2,,,,,,,,,,,,,,,,,,,4.9731,,,,4.5435,,,,,,,,,,,,,,,,,,,,,,
2024-04-11,,,,,,,,,,,,,5.5,,4.5,5.25,0.1,,,,,105.282,,,,,,,,85.02,89.74,277.41,265.98,,10373.0,2354.8,425.3,,,,,,,,,,,,,,,,,,,4.9609,,,,4.5865,,,,,,,,,,,,,,,,,,,,,,
2024-04-12,,,,,,,,,,,,,5.5,,4.5,5.25,0.1,,,,,106.038,,,,,,,,85.66,90.45,280.29,268.51,,10987.0,2356.2,425.85,,,,,,,,,,,,,,,,,,,4.8966,,,,4.5216,,,,,,,,,,,,,,,,,,,,,,
2024-04-15,,,,,,,,,,,,,5.5,,4.5,5.25,0.1,,,,,106.208,,,,,,,,85.41,90.1,278.39,265.42,,11001.0,2365.8,437.9,,,,,,,,,,,,,,,,,,,4.9205,,,,4.6014,,,,,,,,,,,,,,,,,,,,,,
2024-04-16,,,,,,,,,,,,,5.5,,4.5,5.25,0.1,,,,,106.257,,,,,,,,85.36,90.02,282.23,265.13,,10243.0,2390.8,430.35,,,,,,,,,,,,,,,,,,,4.9871,,,,4.6674,,,,,,,,,,,,,,,,,,,,,,
2024-04-17,,,,,,,,,,,,,5.5,,4.5,5.25,0.1,,,,,105.951,,,,,,,,82.69,87.29,272.87,257.47,,10340.0,2371.7,433.95,,,,,,,,,,,,,,,,,,,4.9321,,,,4.5873,,,,,,,,,,,,,,,,,,,,,,
2024-04-18,,,,,,,,,,,,,5.5,,4.5,5.25,0.1,,,,,106.151,,,,,,,,82.73,87.11,271.37,253.39,,11311.0,2382.3,443.65,,,,,,,,,,,,,,,,,,,4.9861,,,,4.6326,,,,,,,,,,,,,,,,,,,,,,
2024-04-19,,,,,,,,,,,,,5.5,,4.5,5.25,0.1,,,,,106.154,,,,,,,,83.14,87.29,271.03,254.13,,11878.0,2398.4,449.75,,,,,,,,,,,,,,,,,,,4.9858,,,,4.6207,,,,,,,,,,,,,,,,,,,,,,
2024-04-22,,,,,,,,,,,,,5.5,,4.5,5.25,0.1,,,,,106.077,,,,,,,,82.85,87.0,268.54,256.04,,11166.0,2332.2,447.6,,,,,,,,,,,,,,,,,,,4.9713,,,,4.6085,,,,,,,,,,,,,,,,,,,,,,
2024-04-23,,,,,,,,,,,,,5.5,,4.5,5.25,0.1,,,,,105.675,,,,,,,,83.36,88.42,272.53,257.92,,10584.0,2327.7,443.45,,,,,,,,,,,,,,,,,,,4.931,,,,4.6004,,,,,,,,,,,,,,,,,,,,,,
2024-04-24,,,,,,,,,,,,,5.5,,4.5,5.25,0.1,,,,,105.857,,,,,,,,82.81,88.02,273.43,254.99,,11043.0,2324.5,445.75,,,,,,,,,,,,,,,,,,,4.9269,,,,4.6417,,,,,,,,,,,,,,,,,,,,,,
2024-04-25,,,,,,,,,,,,,5.5,,4.5,5.25,0.1,,,,,105.598,,,,,,,,83.57,89.01,275.82,255.04,,10988.0,2329.8,451.75,,,,,,,,,,,,,,,,,,,4.9975,,,,4.7039,,,,,,,,,,,,,,,,,,,,,,
2024-04-26,,,,,,,,,,,,,5.5,,4.5,5.25,0.1,,,,,105.938,,,,,,,,83.85,89.5,276.46,254.82,,10729.0,2334.8,456.4,,,,,,,,,,,,,,,,,,,4.9934,,,,4.663,,,,,,,,,,,,,,,,,,,,,,
2024-04-29,,,,,,,,,,,,,5.5,,4.5,5.25,0.1,,,,,105.579,,,,,,,,82.63,88.4,274.87,253.13,,9983.0,2357.7,465.9,,,,,,,,,,,,,,,,,,,4.9767,,,,4.6136,,,,,,,,,,,,,,,,,,,,,,
2024-04-30,,,,,,,,,,,,,5.5,,4.5,5.25,0.1,,,,,106.221,,,,,,,,81.93,87.86,271.08,251.34,,10133.0,2302.9,456.45,,,,,,,,,,,,,,,,,,,5.0351,,,,4.6798,,,,,,,,,,,,,,,,,,,,,,
2024-05-01,,,,,,,,,,,,,5.5,,4.5,5.25,0.1,,,,,105.755,,,,,,,,79.0,83.44,257.74,245.19,,9183.0,2311.0,455.25,,,,,,,,,,,,,,,,,,,4.9602,,,,4.6283,,,,,,,,,,,,,,,,,,,,,,
2024-05-02,,,,,,,,,,,,,5.5,,4.5,5.25,0.1,,,,,105.299,,,,,,,,78.95,83.67,259.65,244.31,,8483.0,2309.6,449.4,,,,,,,,,,,,,,,,,,,4.8727,,,,4.5811,,,,,,,,,,,,,,,,,,,,,,
2024-05-03,,,,,,,,,,,,,5.5,,4.5,5.25,0.1,,,,,105.03,,,,,,,,78.11,82.96,255.51,244.34,,8505.0,2308.6,457.35,,,,,,,,,,,,,,,,,,,4.816,,,,4.5077,,,,,,,,,,,,,,,,,,,,,,
2024-05-06,,,,,,,,,,,,,5.5,,4.5,5.25,0.1,,,,,105.051,,,,,,,,78.48,83.33,258.82,246.14,,8571.0,2331.2,463.45,,,,,,,,,,,,,,,,,,,4.8305,,,,4.4874,,,,,,,,,,,,,,,,,,,,,,
2024-05-07,,,,,,,,,,,,,5.5,,4.5,5.25,0.1,,,,,105.412,,,,,,,,78.38,83.16,254.34,246.56,,9593.0,2324.2,462.55,,,,,,,,,,,,,,,,,,,4.8304,,,,4.457,,,,,,,,,,,,,,,,,,,,,,
2024-05-08,,,,,,,,,,,,,5.5,,4.5,5.25,0.1,,,,,105.546,,,,,,,,78.99,83.58,253.18,247.61,,9617.0,2322.3,456.2,,,,,,,,,,,,,,,,,,,4.8365,,,,4.4937,,,,,,,,,,,,,,,,,,,,,,
2024-05-09,,,,,,,,,,,,,5.5,,4.5,5.25,0.1,,,,,105.227,,,,,,,,79.26,83.88,254.18,247.76,,9678.0,2340.3,460.75,,,,,,,,,,,,,,,,,,,4.8154,,,,4.4531,,,,,,,,,,,,,,,,,,,,,,
2024-05-10,,,,,,,,,,,,,5.5,,4.5,5.25,0.1,,,,,105.301,,,,,,,,78.26,82.79,249.97,243.44,,9874.0,2375.0,469.35,,,,,,,,,,,,,,,,,,,4.8655,,,,4.4963,,,,,,,,,,,,,,,,,,,,,,
2024-05-13,,,,,,,,,,,,,5.5,,4.5,5.25,0.1,,,,,105.218,,,,,,,,79.12,83.36,251.05,243.68,,8149.0,2343.0,480.45,,,,,,,,,,,,,,,,,,,4.8612,,,,4.4865,,,,,,,,,,,,,,,,,,,,,,
2024-05-14,,,,,,,,,,,,,5.5,,4.5,5.25,0.1,,,,,105.013,,,,,,,,78.02,82.38,245.96,242.0,,8751.0,2359.9,495.35,,,,,,,,,,,,,,,,,,,4.8147,,,,4.4394,,,,,,,,,,,,,,,,,,,,,,
2024-05-15,,,,,,,,,,,,,5.5,,4.5,5.25,0.1,,,,,104.345,,,,,,,,78.63,82.75,249.68,242.31,,9066.0,2394.9,496.95,,,,,,,,,,,,,,,,,,,4.7237,,,,4.34,,,,,,,,,,,,,,,,,,,,,,
2024-05-16,,,,,,,,,,,,,5.5,,4.5,5.25,0.1,,,,,104.462,,,,,,,,79.23,83.27,253.78,244.37,,7393.0,2385.5,489.2,,,,,,,,,,,,,,,,,,,4.7953,,,,4.375,,,,,,,,,,,,,,,,,,,,,,
2024-05-17,,,,,,,,,,,,,5.5,,4.5,5.25,0.1,,,,,104.445,,,,,,,,80.06,83.98,257.42,248.63,,7348.0,2417.4,505.7,,,,,,,,,,,,,,,,,,,4.8245,,,,4.4198,,,,,,,,,,,,,,,,,,,,,,
2024-05-20,,,,,,,,,,,,,5.5,,4.5,5.25,0.1,,,,,104.565,,,,,,,,79.8,83.71,253.99,248.71,,7216.0,2438.5,508.75,,,,,,,,,,,,,,,,,,,4.8478,,,,4.4433,,,,,,,,,,,,,,,,,,,,,,
2024-05-21,,,,,,,,,,,,,5.5,,4.5,5.25,0.1,,,,,104.661,,,,,,,,79.26,82.88,251.0,246.23,,7394.0,2425.9,511.9,,,,,,,,,,,,,,,,,,,4.8285,,,,4.412,,,,,,,,,,,,,,,,,,,,,,
2024-05-22,,,,,,,,,,,,,5.5,,4.5,5.25,0.1,,,,,104.933,,,,,,,,77.57,81.9,246.78,243.18,,7536.0,2392.9,486.75,,,,,,,,,,,,,,,,,,,4.869,,,,4.4218,,,,,,,,,,,,,,,,,,,,,,
2024-05-23,,,,,,,,,,,,,5.5,,4.5,5.25,0.1,,,,,105.108,,,,,,,,76.87,81.36,246.94,241.18,,8109.0,2337.2,481.65,,,,,,,,,,,,,,,,,,,4.9353,,,,4.4767,,,,,,,,,,,,,,,,,,,,,,
2024-05-24,,,,,,,,,,,,,5.5,,4.5,5.25,0.1,,,,,104.724,,,,,,,,77.72,82.12,248.42,241.36,,8294.0,2334.5,477.85,,,,,,,,,,,,,,,,,,,4.9461,,,,4.465,,,,,,,,,,,,,,,,,,,,,,
2024-05-27,,,,,,,,,,,,,5.5,,4.5,5.25,0.1,,,,,104.595,,,,,,,,,83.1,,,,,,,,,,,,,,,,,,,,,,,,,,,,,,,,,,,,,,,,,,,,,,,,,,,
2024-05-28,,,,,,,,,,,,,5.5,,4.5,5.25,0.1,,,,,104.614,,,,,,,,79.83,84.22,250.9,246.5,,8780.0,2356.5,487.55,,,,,,,,,,,,,,,,,,,4.9764,,,,4.55,,,,,,,,,,,,,,,,,,,,,,
2024-05-29,,,,,,,,,,,,,5.5,,4.5,5.25,0.1,,,,,105.122,,,,,,,,79.23,83.6,246.44,243.7,,9309.0,2341.2,480.55,,,,,,,,,,,,,,,,,,,4.9726,,,,4.6117,,,,,,,,,,,,,,,,,,,,,,
2024-05-30,,,,,,,,,,,,,5.5,,4.5,5.25,0.1,,,,,104.716,,,,,,,,77.91,81.86,240.46,236.94,,9257.0,2342.9,465.85,,,,,,,,,,,,,,,,,,,4.9248,,,,4.546,,,,,,,,,,,,,,,,,,,,,,
2024-05-31,,,,,,,,,,,,,5.5,,4.5,5.25,0.1,,,,,104.671,,,,,,,,76.99,81.62,242.6,236.36,,9331.0,2322.9,460.2,,,,,,,,,,,,,,,,,,,4.8727,,,,4.4985,,,,,,,,,,,,,,,,,,,,,,
2024-06-03,,,,,,,,,,,,,5.5,,4.5,5.25,0.1,,,,,104.14,,,,,,,,74.22,78.36,233.56,229.62,,9775.0,2346.6,466.75,,,,,,,,,,,,,,,,,,,4.808,,,,4.3884,,,,,,,,,,,,,,,,,,,,,,
2024-06-04,,,,,,,,,,,,,5.5,,4.5,5.25,0.1,,,,,104.11,,,,,,,,73.25,77.52,234.95,228.59,,9557.0,2325.5,453.7,,,,,,,,,,,,,,,,,,,4.7704,,,,4.3259,,,,,,,,,,,,,,,,,,,,,,
2024-06-05,,,,,,,,,,,,,5.5,,4.5,5.25,0.1,,,,,104.268,,,,,,,,74.07,78.41,235.36,230.11,,9408.0,2354.1,460.6,,,,,,,,,,,,,,,,,,,4.7222,,,,4.2755,,,,,,,,,,,,,,,,,,,,,,
2024-06-06,,,,,,,,,,,,,5.5,,4.25,5.25,0.1,,,,,104.102,,,,,,,,75.55,79.87,239.75,235.76,,9872.0,2370.3,467.8,,,,,,,,,,,,,,,,,,,4.724,,,,4.287,,,,,,,,,,,,,,,,,,,,,,
2024-06-07,,,,,,,,,,,,,5.5,,4.25,5.25,0.1,,,,,104.885,,,,,,,,75.53,79.62,238.26,235.17,,9933.0,2305.2,448.35,,,,,,,,,,,,,,,,,,,4.8868,,,,4.4335,,,,,,,,,,,,,,,,,,,,,,
2024-06-10,,,,,,,,,,,,,5.5,,4.25,5.25,0.1,,,,,105.15,,,,,,,,77.74,81.63,241.09,241.47,,9687.0,2307.7,454.35,,,,,,,,,,,,,,,,,,,4.8804,,,,4.467,,,,,,,,,,,,,,,,,,,,,,
2024-06-11,,,,,,,,,,,,,5.5,,4.25,5.25,0.1,,,,,105.23,,,,,,,,77.9,81.92,240.89,242.13,,9910.0,2307.5,451.0,,,,,,,,,,,,,,,,,,,4.834,,,,4.404,,,,,,,,,,,,,,,,,,,,,,
2024-06-12,,,,,,,,,,,,,5.5,,4.25,5.25,0.1,,,,,104.645,,,,,,,,78.5,82.6,239.44,244.08,,10539.0,2336.0,456.7,,,,,,,,,,,,,,,,,,,4.7518,,,,4.316,,,,,,,,,,,,,,,,,,,,,,
2024-06-13,,,,,,,,,,,,,5.5,,4.25,5.25,0.1,,,,,105.196,,,,,,,,78.62,82.75,241.56,248.68,,10810.0,2300.2,448.15,,,,,,,,,,,,,,,,,,,4.6969,,,,4.2442,,,,,,,,,,,,,,,,,,,,,,
2024-06-14,,,,,,,,,,,,,5.5,,4.25,5.25,0.1,,,,,105.55,,,,,,,,78.45,82.62,239.96,247.06,,10294.0,2331.4,449.5,,,,,,,,,,,,,,,,,,,4.7044,,,,4.2209,,,,,,,,,,,,,,,,,,,,,,
2024-06-17,,,,,,,,,,,,,5.5,,4.25,5.25,0.1,,,,,105.32,,,,,,,,80.33,84.25,244.69,248.25,,9659.0,2312.4,444.75,,,,,,,,,,,,,,,,,,,4.7655,,,,4.2809,,,,,,,,,,,,,,,,,,,,,,
2024-06-18,,,,,,,,,,,,,5.5,,4.25,5.25,0.1,,,,,105.256,,,,,,,,81.57,85.33,248.32,252.08,,9938.0,2330.4,449.05,,,,,,,,,,,,,,,,,,,4.712,,,,4.2227,,,,,,,,,,,,,,,,,,,,,,
2024-06-19,,,,,,,,,,,,,5.5,,4.25,5.25,0.1,,,,,105.254,,,,,,,,,85.07,,,,,,,,,,,,,,,,,,,,,,,,,4.712,,,,4.2227,,,,,,,,,,,,,,,,,,,,,,
2024-06-20,,,,,,,,,,,,,5.5,,4.25,5.25,0.1,,,,,105.588,,,,,,,,82.17,85.71,250.08,252.45,,9598.0,2353.8,456.2,,,,,,,,,,,,,,,,,,,4.7372,,,,4.2594,,,,,,,,,,,,,,,,,,,,,,
2024-06-21,,,,,,,,,,,,,5.5,,4.25,5.25,0.1,,,,,105.796,,,,,,,,80.73,85.24,251.37,249.15,,8995.0,2316.4,444.2,,,,,,,,,,,,,,,,,,,4.7322,,,,4.2554,,,,,,,,,,,,,,,,,,,,,,
2024-06-24,,,,,,,,,,,,,5.5,,4.25,5.25,0.1,,,,,105.473,,,,,,,,81.63,86.01,251.15,252.14,,7978.0,2330.0,443.7,,,,,,,,,,,,,,,,,,,4.7234,,,,4.2321,,,,,,,,,,,,,,,,,,,,,,
2024-06-25,,,,,,,,,,,,,5.5,,4.25,5.25,0.1,,,,,105.607,,,,,,,,80.83,85.01,251.47,250.94,,7967.0,2316.6,437.75,,,,,,,,,,,,,,,,,,,4.7424,,,,4.2476,,,,,,,,,,,,,,,,,,,,,,
2024-06-26,,,,,,,,,,,,,5.5,,4.25,5.25,0.1,,,,,106.052,,,,,,,,80.9,85.25,254.46,253.75,,7797.0,2299.2,437.0,,,,,,,,,,,,,,,,,,,4.7472,,,,4.3294,,,,,,,,,,,,,,,,,,,,,,
2024-06-27,,,,,,,,,,,,,5.5,,4.25,5.25,0.1,,,,,105.906,,,,,,,,81.74,86.39,254.56,254.76,,7397.0,2336.6,432.85,,,,,,,,,,,,,,,,,,,4.712,,,,4.2864,,,,,,,,,,,,,,,,,,,,,,
2024-06-28,,,,,,,,,,,,,5.5,,4.25,5.25,0.1,,,,,105.866,,,,,,,,81.54,86.41,252.91,251.69,,7729.0,2339.6,439.05,,,,,,,,,,,,,,,,,,,4.7535,,,,4.3961,,,,,,,,,,,,,,,,,,,,,,
2024-07-01,,,,,,,,,,,,,5.5,,4.25,5.25,0.1,,,,,105.901,,,,,,,,83.38,86.6,257.83,261.47,,7352.0,2338.9,442.65,,,,,,,,,,,,,,,,,,,4.7556,,,,4.4613,,,,,,,,,,,,,,,,,,,,,,
2024-07-02,,,,,,,,,,,,,5.5,,4.25,5.25,0.1,,,,,105.722,,,,,,,,82.81,86.24,257.34,262.97,,7773.0,2333.4,442.95,,,,,,,,,,,,,,,,,,,4.7412,,,,4.4316,,,,,,,,,,,,,,,,,,,,,,
2024-07-03,,,,,,,,,,,,,5.5,,4.25,5.25,0.1,,,,,105.403,,,,,,,,83.88,87.34,260.13,263.43,,7811.0,2369.4,454.1,,,,,,,,,,,,,,,,,,,4.7059,,,,4.3587,,,,,,,,,,,,,,,,,,,,,,
2024-07-04,,,,,,,,,,,,,5.5,,4.25,5.25,0.1,,,,,105.13,,,,,,,,,87.43,,,,,,,,,,,,,,,,,,,,,,,,,4.7059,,,,4.3587,,,,,,,,,,,,,,,,,,,,,,
2024-07-05,,,,,,,,,,,,,5.5,,4.25,5.25,0.1,,,,,104.875,,,,,,,,83.16,86.54,255.91,260.24,,7721.0,2397.7,465.85,,,,,,,,,,,,,,,,,,,4.6035,,,,4.2784,,,,,,,,,,,,,,,,,,,,,,
2024-07-08,,,,,,,,,,,,,5.5,,4.25,5.25,0.1,,,,,105.0,,,,,,,,82.33,85.75,253.79,257.91,,7693.0,2363.5,462.2,,,,,,,,,,,,,,,,,,,4.6285,,,,4.2783,,,,,,,,,,,,,,,,,,,,,,
2024-07-09,,,,,,,,,,,,,5.5,,4.25,5.25,0.1,,,,,105.129,,,,,,,,81.41,84.66,252.74,252.36,,8023.0,2367.9,457.8,,,,,,,,,,,,,,,,,,,4.6264,,,,4.2959,,,,,,,,,,,,,,,,,,,,,,
2024-07-10,,,,,,,,,,,,,5.5,,4.25,5.25,0.1,,,,,105.048,,,,,,,,82.1,85.08,250.34,251.84,,8197.0,2379.7,460.75,,,,,,,,,,,,,,,,,,,4.62,,,,4.2841,,,,,,,,,,,,,,,,,,,,,,
2024-07-11,,,,,,,,,,,,,5.5,,4.25,5.25,0.1,,,,,104.44,,,,,,,,82.62,85.4,251.78,251.82,,8441.0,2421.9,450.85,,,,,,,,,,,,,,,,,,,4.513,,,,4.2101,,,,,,,,,,,,,,,,,,,,,,
2024-07-12,,,,,,,,,,,,,5.5,,4.25,5.25,0.1,,,,,104.093,,,,,,,,82.21,85.03,251.53,250.96,,8523.0,2420.7,459.85,,,,,,,,,,,,,,,,,,,4.4514,,,,4.1829,,,,,,,,,,,,,,,,,,,,,,
2024-07-15,,,,,,,,,,,,,5.5,,4.25,5.25,0.1,,,,,104.189,,,,,,,,81.91,84.85,249.16,251.36,,8463.0,2428.9,452.9,,,,,,,,,,,,,,,,,,,4.4575,,,,4.2294,,,,,,,,,,,,,,,,,,,,,,
2024-07-16,,,,,,,,,,,,,5.5,,4.25,5.25,0.1,,,,,104.27,,,,,,,,80.76,83.73,247.75,246.88,,8320.0,2467.8,444.4,,,,,,,,,,,,,,,,,,,4.4172,,,,4.1576,,,,,,,,,,,,,,,,,,,,,,
2024-07-17,,,,,,,,,,,,,5.5,,4.25,5.25,0.1,,,,,103.748,,,,,,,,82.85,85.08,250.13,249.4,,7763.0,2459.9,439.9,,,,,,,,,,,,,,,,,,,4.4379,,,,4.1576,,,,,,,,,,,,,,,,,,,,,,
2024-07-18,,,,,,,,,,,,,5.5,,4.25,5.25,0.1,,,,,104.173,,,,,,,,82.82,85.11,251.64,248.68,,8068.0,2456.4,426.6,,,,,,,,,,,,,,,,,,,4.4714,,,,4.2021,,,,,,,,,,,,,,,,,,,,,,
2024-07-19,,,,,,,,,,,,,5.5,,4.25,5.25,0.1,,,,,104.396,,,,,,,,80.13,82.63,245.04,241.91,,7689.0,2399.1,421.9,,,,,,,,,,,,,,,,,,,4.5109,,,,4.2389,,,,,,,,,,,,,,,,,,,,,,
2024-07-22,,,,,,,,,,,,,5.5,,4.25,5.25,0.1,,,,,104.314,,,,,,,,79.78,82.4,247.06,243.48,,8398.0,2394.7,418.05,,,,,,,,,,,,,,,,,,,4.517,,,,4.2525,,,,,,,,,,,,,,,,,,,,,,
2024-07-23,,,,,,,,,,,,,5.5,,4.25,5.25,0.1,,,,,104.45,,,,,,,,76.96,81.01,241.41,240.99,,8286.0,2407.3,414.6,,,,,,,,,,,,,,,,,,,4.4913,,,,4.2506,,,,,,,,,,,,,,,,,,,,,,
2024-07-24,,,,,,,,,,,,,5.5,,4.25,5.25,0.1,,,,,104.391,,,,,,,,77.59,81.71,245.15,245.24,,8227.0,2415.7,409.9,,,,,,,,,,,,,,,,,,,4.4307,,,,4.2838,,,,,,,,,,,,,,,,,,,,,,
2024-07-25,,,,,,,,,,,,,5.5,,4.25,5.25,0.1,,,,,104.355,,,,,,,,78.28,82.37,246.76,247.12,,7805.0,2353.5,411.25,,,,,,,,,,,,,,,,,,,4.4307,,,,4.2407,,,,,,,,,,,,,,,,,,,,,,
2024-07-26,,,,,,,,,,,,,5.5,,4.25,5.25,0.1,,,,,104.316,,,,,,,,77.16,81.13,246.05,241.97,,8038.0,2381.0,410.45,,,,,,,,,,,,,,,,,,,4.3832,,,,4.1939,,,,,,,,,,,,,,,,,,,,,,
2024-07-29,,,,,,,,,,,,,5.5,,4.25,5.25,0.1,,,,,104.564,,,,,,,,75.81,79.78,241.53,237.5,,7716.0,2377.8,406.2,,,,,,,,,,,,,,,,,,,4.3997,,,,4.1744,,,,,,,,,,,,,,,,,,,,,,
2024-07-30,,,,,,,,,,,,,5.5,,4.25,5.25,0.1,,,,,104.554,,,,,,,,74.73,78.63,238.71,233.68,,8136.0,2405.0,408.4,,,,,,,,,,,,,,,,,,,4.3585,,,,4.1394,,,,,,,,,,,,,,,,,,,,,,
2024-07-31,,,,,,,,,,,,,5.5,,4.25,5.25,0.25,,,,,104.096,,,,,,,,77.91,80.72,248.2,241.55,,8092.0,2426.5,417.65,,,,,,,,,,,,,,,,,,,4.2575,,,,4.0296,,,,,,,,,,,,,,,,,,,,,,
2024-08-01,,,,,,,,,,,,,5.5,,4.25,5.0,0.25,,,,,104.421,,,,,,,,76.31,79.52,239.8,240.64,,7562.0,2435.0,408.25,,,,,,,,,,,,,,,,,,,4.1482,,,,3.976,,,,,,,,,,,,,,,,,,,,,,
2024-08-02,,,,,,,,,,,,,5.5,,4.25,5.0,0.25,,,,,103.208,,,,,,,,73.52,76.81,231.76,231.85,,7520.0,2425.7,410.3,,,,,,,,,,,,,,,,,,,3.8798,,,,3.7904,,,,,,,,,,,,,,,,,,,,,,
2024-08-05,,,,,,,,,,,,,5.5,,4.25,5.0,0.25,,,,,102.689,,,,,,,,72.94,76.3,233.36,229.86,,7901.0,2401.7,399.9,,,,,,,,,,,,,,,,,,,3.9201,,,,3.7884,,,,,,,,,,,,,,,,,,,,,,
2024-08-06,,,,,,,,,,,,,5.5,,4.25,5.0,0.25,,,,,102.969,,,,,,,,73.2,76.48,232.62,229.58,,8223.0,2389.1,402.7,,,,,,,,,,,,,,,,,,,3.9751,,,,3.8919,,,,,,,,,,,,,,,,,,,,,,
2024-08-07,,,,,,,,,,,,,5.5,,4.25,5.0,0.25,,,,,103.197,,,,,,,,75.23,78.33,235.73,235.56,,8586.0,2390.5,395.2,,,,,,,,,,,,,,,,,,,3.9621,,,,3.9431,,,,,,,,,,,,,,,,,,,,,,
2024-08-08,,,,,,,,,,,,,5.5,,4.25,5.0,0.25,,,,,103.209,,,,,,,,76.19,79.16,239.92,235.78,,8178.0,2422.2,395.9,,,,,,,,,,,,,,,,,,,4.038,,,,3.9877,,,,,,,,,,,,,,,,,,,,,,
2024-08-09,,,,,,,,,,,,,5.5,,4.25,5.0,0.25,,,,,103.135,,,,,,,,76.84,79.66,239.03,233.97,,9098.0,2432.1,399.3,,,,,,,,,,,,,,,,,,,4.0531,,,,3.9398,,,,,,,,,,,,,,,,,,,,,,
2024-08-12,,,,,,,,,,,,,5.5,,4.25,5.0,0.25,,,,,103.139,,,,,,,,80.06,82.3,244.29,240.65,,8731.0,2462.4,406.85,,,,,,,,,,,,,,,,,,,4.0173,,,,3.9035,,,,,,,,,,,,,,,,,,,,,,
2024-08-13,,,,,,,,,,,,,5.5,,4.25,5.0,0.25,,,,,102.559,,,,,,,,78.35,80.69,237.47,238.92,,8862.0,2466.7,405.15,,,,,,,,,,,,,,,,,,,3.9294,,,,3.8428,,,,,,,,,,,,,,,,,,,,,,
2024-08-14,,,,,,,,,,,,,5.5,,4.25,5.0,0.25,,,,,102.568,,,,,,,,76.98,79.76,232.11,236.82,,8833.0,2439.4,404.0,,,,,,,,,,,,,,,,,,,3.9558,,,,3.8352,,,,,,,,,,,,,,,,,,,,,,
2024-08-15,,,,,,,,,,,,,5.5,,4.25,5.0,0.25,,,,,102.977,,,,,,,,78.16,81.04,235.8,237.79,,8485.0,2453.1,415.1,,,,,,,,,,,,,,,,,,,4.0929,,,,3.9131,,,,,,,,,,,,,,,,,,,,,,
2024-08-16,,,,,,,,,,,,,5.5,,4.25,5.0,0.25,,,,,102.463,,,,,,,,76.65,79.68,231.02,232.87,,8637.0,2498.6,414.35,,,,,,,,,,,,,,,,,,,4.0497,,,,3.8826,,,,,,,,,,,,,,,,,,,,,,
2024-08-19,,,,,,,,,,,,,5.5,,4.25,5.0,0.25,,,,,101.886,,,,,,,,74.37,77.66,226.38,226.35,,9173.0,2501.8,418.05,,,,,,,,,,,,,,,,,,,4.066,,,,3.8711,,,,,,,,,,,,,,,,,,,,,,
2024-08-20,,,,,,,,,,,,,5.5,,4.25,5.0,0.25,,,,,101.441,,,,,,,,74.04,77.2,225.63,226.32,,9486.0,2511.3,415.85,,,,,,,,,,,,,,,,,,,3.9836,,,,3.8067,,,,,,,,,,,,,,,,,,,,,,
2024-08-21,,,,,,,,,,,,,5.5,,4.25,5.0,0.25,,,,,101.039,,,,,,,,71.93,76.05,220.5,224.97,,9582.0,2508.4,419.0,,,,,,,,,,,,,,,,,,,3.9305,,,,3.801,,,,,,,,,,,,,,,,,,,,,,
2024-08-22,,,,,,,,,,,,,5.5,,4.25,5.0,0.25,,,,,101.508,,,,,,,,73.01,77.22,224.37,226.35,,9689.0,2478.9,414.8,,,,,,,,,,,,,,,,,,,4.0035,,,,3.8521,,,,,,,,,,,,,,,,,,,,,,
2024-08-23,,,,,,,,,,,,,5.5,,4.25,5.0,0.25,,,,,100.718,,,,,,,,74.83,79.02,228.51,229.97,,9821.0,2508.4,420.1,,,,,,,,,,,,,,,,,,,3.9153,,,,3.799,,,,,,,,,,,,,,,,,,,,,,
2024-08-26,,,,,,,,,,,,,5.5,,4.25,5.0,0.25,,,,,100.851,,,,,,,,77.42,81.43,227.99,234.8,,9880.0,2517.7,421.85,,,,,,,,,,,,,,,,,,,3.9358,,,,3.816,,,,,,,,,,,,,,,,,,,,,,
2024-08-27,,,,,,,,,,,,,5.5,,4.25,5.0,0.25,,,,,100.552,,,,,,,,75.53,79.55,224.69,228.62,,9785.0,2516.0,423.75,,,,,,,,,,,,,,,,,,,3.8992,,,,3.8216,,,,,,,,,,,,,,,,,,,,,,
2024-08-28,,,,,,,,,,,,,5.5,,4.25,5.0,0.25,,,,,101.094,,,,,,,,74.52,78.65,221.48,222.91,,9730.0,2501.0,414.95,,,,,,,,,,,,,,,,,,,3.865,,,,3.8349,,,,,,,,,,,,,,,,,,,,,,
2024-08-29,,,,,,,,,,,,,5.5,,4.25,5.0,0.25,,,,,101.343,,,,,,,,75.91,79.94,224.77,228.4,,9600.0,2536.7,414.75,,,,,,,,,,,,,,,,,,,3.8939,,,,3.8615,,,,,,,,,,,,,,,,,,,,,,
2024-08-30,,,,,,,,,,,,,5.5,,4.25,5.0,0.25,,,,,101.698,,,,,,,,73.55,78.8,221.17,225.15,,9666.0,2504.5,414.5,,,,,,,,,,,,,,,,,,,3.9165,,,,3.9034,,,,,,,,,,,,,,,,,,,,,,
2024-09-02,,,,,,,,,,,,,5.5,,4.25,5.0,0.25,,,,,101.653,,,,,,,,,77.52,,,,,,,,,,,,,,,,,,,,,,,,,3.9165,,,,3.9034,,,,,,,,,,,,,,,,,,,,,,
2024-09-03,,,,,,,,,,,,,5.5,,4.25,5.0,0.25,,,,,101.825,,,,,,,,70.34,73.75,197.77,220.6,,9663.0,2499.7,403.2,,,,,,,,,,,,,,,,,,,3.8631,,,,3.831,,,,,,,,,,,,,,,,,,,,,,
2024-09-04,,,,,,,,,,,,,5.5,,4.25,5.0,0.25,,,,,101.358,,,,,,,,69.2,72.7,196.18,215.75,,9282.0,2502.7,401.95,,,,,,,,,,,,,,,,,,,3.7539,,,,3.7552,,,,,,,,,,,,,,,,,,,,,,
2024-09-05,,,,,,,,,,,,,5.5,,4.25,5.0,0.25,,,,,101.107,,,,,,,,69.15,72.69,192.58,216.89,,9539.0,2519.7,407.75,,,,,,,,,,,,,,,,,,,3.7435,,,,3.7269,,,,,,,,,,,,,,,,,,,,,,
2024-09-06,,,,,,,,,,,,,5.5,,4.25,5.0,0.25,,,,,101.177,,,,,,,,67.67,71.06,189.6,211.5,,9459.0,2501.5,401.45,,,,,,,,,,,,,,,,,,,3.6462,,,,3.708,,,,,,,,,,,,,,,,,,,,,,
2024-09-09,,,,,,,,,,,,,5.5,,4.25,5.0,0.25,,,,,101.552,,,,,,,,68.71,71.84,192.04,213.94,,9839.0,2509.3,408.45,,,,,,,,,,,,,,,,,,,3.6688,,,,3.7004,,,,,,,,,,,,,,,,,,,,,,
2024-09-10,,,,,,,,,,,,,5.5,,4.25,5.0,0.25,,,,,101.63,,,,,,,,65.75,69.19,187.0,205.8,,9654.0,2519.5,404.05,,,,,,,,,,,,,,,,,,,3.5941,,,,3.6423,,,,,,,,,,,,,,,,,,,,,,
2024-09-11,,,,,,,,,,,,,5.5,,4.25,5.0,0.25,,,,,101.684,,,,,,,,67.31,70.61,189.72,209.17,,10115.0,2519.0,408.3,,,,,,,,,,,,,,,,,,,3.6415,,,,3.6534,,,,,,,,,,,,,,,,,,,,,,
2024-09-12,,,,,,,,,,,,,5.5,,3.65,5.0,0.25,,,,,101.366,,,,,,,,68.97,71.97,192.7,211.88,,9968.0,2557.1,413.3,,,,,,,,,,,,,,,,,,,3.6392,,,,3.674,,,,,,,,,,,,,,,,,,,,,,
2024-09-13,,,,,,,,,,,,,5.5,,3.65,5.0,0.25,,,,,101.114,,,,,,,,68.65,71.61,193.02,208.43,,10079.0,2586.8,417.5,,,,,,,,,,,,,,,,,,,3.5824,,,,3.6513,,,,,,,,,,,,,,,,,,,,,,
2024-09-16,,,,,,,,,,,,,5.5,,3.65,5.0,0.25,,,,,100.763,,,,,,,,70.09,72.75,196.82,209.68,,7767.0,2585.2,421.3,,,,,,,,,,,,,,,,,,,3.5509,,,,3.6176,,,,,,,,,,,,,,,,,,,,,,
2024-09-17,,,,,,,,,,,,,5.5,,3.65,5.0,0.25,,,,,100.894,,,,,,,,71.19,73.7,200.19,213.67,,7620.0,2568.9,421.35,,,,,,,,,,,,,,,,,,,3.6048,,,,3.6456,,,,,,,,,,,,,,,,,,,,,,
2024-09-18,,,,,,,,,,,,,5.0,,3.65,5.0,0.25,,,,,100.596,,,,,,,,70.91,73.65,201.07,214.75,,7814.0,2574.9,423.8,,,,,,,,,,,,,,,,,,,3.6172,,,,3.7038,,,,,,,,,,,,,,,,,,,,,,
2024-09-19,,,,,,,,,,,,,5.0,,3.65,5.0,0.25,,,,,100.614,,,,,,,,71.95,74.88,206.0,217.2,,7750.0,2590.9,428.6,,,,,,,,,,,,,,,,,,,3.5813,,,,3.7131,,,,,,,,,,,,,,,,,,,,,,
2024-09-20,,,,,,,,,,,,,5.0,,3.65,5.0,0.25,,,,,100.723,,,,,,,,71.92,74.49,203.64,216.15,,7658.0,2622.4,428.15,,,,,,,,,,,,,,,,,,,3.591,,,,3.7413,,,,,,,,,,,,,,,,,,,,,,
2024-09-23,,,,,,,,,,,,,5.0,,3.65,5.0,0.25,,,,,100.851,,,,,,,,70.37,73.9,199.02,214.51,,7786.0,2628.6,428.9,,,,,,,,,,,,,,,,,,,3.5866,,,,3.7489,,,,,,,,,,,,,,,,,,,,,,
2024-09-24,,,,,,,,,,,,,5.0,,3.65,5.0,0.25,,,,,100.466,,,,,,,,71.56,75.17,202.97,218.05,,7867.0,2653.0,442.95,,,,,,,,,,,,,,,,,,,3.5379,,,,3.728,,,,,,,,,,,,,,,,,,,,,,
2024-09-25,,,,,,,,,,,,,5.0,,3.65,5.0,0.25,,,,,100.912,,,,,,,,69.69,73.46,199.99,216.02,,7955.0,2660.7,442.8,,,,,,,,,,,,,,,,,,,3.5592,,,,3.7849,,,,,,,,,,,,,,,,,,,,,,
2024-09-26,,,,,,,,,,,,,5.0,,3.65,5.0,0.25,,,,,100.562,,,,,,,,67.67,71.6,196.13,213.61,,8122.0,2670.4,458.1,,,,,,,,,,,,,,,,,,,3.6287,,,,3.7963,,,,,,,,,,,,,,,,,,,,,,
2024-09-27,,,,,,,,,,,,,5.0,,3.65,5.0,0.25,,,,,100.381,,,,,,,,68.18,71.98,195.3,213.27,,8281.0,2644.3,459.95,,,,,,,,,,,,,,,,,,,3.5592,,,,3.7506,,,,,,,,,,,,,,,,,,,,,,
2024-09-30,,,,,,,,,,,,,5.0,,3.65,5.0,0.25,,,,,100.779,,,,,,,,68.17,71.77,196.21,213.18,,7722.0,2636.1,455.3,,,,,,,,,,,,,,,,,,,3.6411,,,,3.7809,,,,,,,,,,,,,,,,,,,,,,
2024-10-01,,,,,,,,,,,,,5.0,,3.65,5.0,0.25,,,,,101.194,,,,,,,,69.83,73.56,196.66,217.42,,7039.0,2667.3,458.9,,,,,,,,,,,,,,,,,,,3.6043,,,,3.7315,,,,,,,,,,,,,,,,,,,,,,
2024-10-02,,,,,,,,,,,,,5.0,,3.65,5.0,0.25,,,,,101.677,,,,,,,,70.1,73.9,198.59,218.21,,7064.0,2647.1,464.9,,,,,,,,,,,,,,,,,,,3.6414,,,,3.7809,,,,,,,,,,,,,,,,,,,,,,
2024-10-03,,,,,,,,,,,,,5.0,,3.65,5.0,0.25,,,,,101.989,,,,,,,,73.71,77.62,209.26,229.47,,7030.0,2657.1,455.3,,,,,,,,,,,,,,,,,,,3.7053,,,,3.8458,,,,,,,,,,,,,,,,,,,,,,
2024-10-04,,,,,,,,,,,,,5.0,,3.65,5.0,0.25,,,,,102.52,,,,,,,,74.38,78.05,209.58,231.27,,7069.0,2645.8,457.4,,,,,,,,,,,,,,,,,,,3.9217,,,,3.9672,,,,,,,,,,,,,,,,,,,,,,
2024-10-07,,,,,,,,,,,,,5.0,,3.65,5.0,0.25,,,,,102.537,,,,,,,,77.14,80.93,215.38,239.62,,6908.0,2644.8,456.65,,,,,,,,,,,,,,,,,,,3.9952,,,,4.0256,,,,,,,,,,,,,,,,,,,,,,
2024-10-08,,,,,,,,,,,,,5.0,,3.65,5.0,0.25,,,,,102.549,,,,,,,,73.57,77.18,206.81,229.72,,7050.0,2615.0,445.65,,,,,,,,,,,,,,,,,,,3.9582,,,,4.0119,,,,,,,,,,,,,,,,,,,,,,
2024-10-09,,,,,,,,,,,,,5.0,,3.65,5.0,0.25,,,,,102.928,,,,,,,,73.24,76.58,206.64,227.69,,7351.0,2606.0,439.95,,,,,,,,,,,,,,,,,,,4.0215,,,,4.0726,,,,,,,,,,,,,,,,,,,,,,
2024-10-10,,,,,,,,,,,,,5.0,,3.65,5.0,0.25,,,,,102.988,,,,,,,,75.85,79.4,215.09,235.09,,7529.0,2620.6,442.75,,,,,,,,,,,,,,,,,,,3.9573,,,,4.0608,,,,,,,,,,,,,,,,,,,,,,
2024-10-11,,,,,,,,,,,,,5.0,,3.65,5.0,0.25,,,,,102.89,,,,,,,,75.56,79.04,215.16,234.39,,7739.0,2657.6,449.35,,,,,,,,,,,,,,,,,,,3.9554,,,,4.1003,,,,,,,,,,,,,,,,,,,,,,
2024-10-14,,,,,,,,,,,,,5.0,,3.65,5.0,0.25,,,,,103.298,,,,,,,,73.83,77.46,210.86,227.42,,7615.0,2647.8,440.6,,,,,,,,,,,,,,,,,,,3.9554,,,,4.1003,,,,,,,,,,,,,,,,,,,,,,
2024-10-15,,,,,,,,,,,,,5.0,,3.65,5.0,0.25,,,,,103.261,,,,,,,,70.58,74.25,203.77,218.77,,7942.0,2661.4,433.75,,,,,,,,,,,,,,,,,,,3.9454,,,,4.0317,,,,,,,,,,,,,,,,,,,,,,
2024-10-16,,,,,,,,,,,,,5.0,,3.65,5.0,0.25,,,,,103.59,,,,,,,,70.39,74.22,204.03,217.47,,7765.0,2674.0,436.75,,,,,,,,,,,,,,,,,,,3.9376,,,,4.0122,,,,,,,,,,,,,,,,,,,,,,
2024-10-17,,,,,,,,,,,,,5.0,,3.4,5.0,0.25,,,,,103.825,,,,,,,,70.67,74.45,204.68,219.45,,7771.0,2691.0,432.5,,,,,,,,,,,,,,,,,,,3.9719,,,,4.0906,,,,,,,,,,,,,,,,,,,,,,
2024-10-18,,,,,,,,,,,,,5.0,,3.4,5.0,0.25,,,,,103.493,,,,,,,,69.22,73.06,200.2,215.22,,7450.0,2713.7,438.45,,,,,,,,,,,,,,,,,,,3.9483,,,,4.0828,,,,,,,,,,,,,,,,,,,,,,
2024-10-21,,,,,,,,,,,,,5.0,,3.4,5.0,0.25,,,,,104.012,,,,,,,,70.56,74.29,201.47,218.33,,7394.0,2723.1,435.95,,,,,,,,,,,,,,,,,,,4.0317,,,,4.1956,,,,,,,,,,,,,,,,,,,,,,
2024-10-22,,,,,,,,,,,,,5.0,,3.4,5.0,0.25,,,,,104.075,,,,,,,,72.09,76.04,207.15,223.7,,7140.0,2744.2,438.05,,,,,,,,,,,,,,,,,,,4.0324,,,,4.2076,,,,,,,,,,,,,,,,,,,,,,
2024-10-23,,,,,,,,,,,,,5.0,,3.4,5.0,0.25,,,,,104.431,,,,,,,,70.77,74.96,204.14,222.16,,7001.0,2714.4,433.65,,,,,,,,,,,,,,,,,,,4.0779,,,,4.2456,,,,,,,,,,,,,,,,,,,,,,
2024-10-24,,,,,,,,,,,,,5.0,,3.4,5.0,0.25,,,,,104.058,,,,,,,,70.19,74.38,202.77,220.23,,6756.0,2734.9,435.15,,,,,,,,,,,,,,,,,,,4.0787,,,,4.2118,,,,,,,,,,,,,,,,,,,,,,
2024-10-25,,,,,,,,,,,,,5.0,,3.4,5.0,0.25,,,,,104.257,,,,,,,,71.78,76.05,207.85,223.81,,6770.0,2740.9,437.05,,,,,,,,,,,,,,,,,,,4.1046,,,,4.2399,,,,,,,,,,,,,,,,,,,,,,
2024-10-28,,,,,,,,,,,,,5.0,,3.4,5.0,0.25,,,,,104.316,,,,,,,,67.38,71.42,196.64,212.86,,6917.0,2742.9,436.25,,,,,,,,,,,,,,,,,,,4.1377,,,,4.2821,,,,,,,,,,,,,,,,,,,,,,
2024-10-29,,,,,,,,,,,,,5.0,,3.4,5.0,0.25,,,,,104.316,,,,,,,,67.21,71.12,195.18,213.37,,7267.0,2768.4,436.05,,,,,,,,,,,,,,,,,,,4.0962,,,,4.2541,,,,,,,,,,,,,,,,,,,,,,
2024-10-30,,,,,,,,,,,,,5.0,,3.4,5.0,0.25,,,,,103.994,,,,,,,,68.61,72.55,199.57,218.76,,7391.0,2800.8,435.15,,,,,,,,,,,,,,,,,,,4.1826,,,,4.3004,,,,,,,,,,,,,,,,,,,,,,
2024-10-31,,,,,,,,,,,,,5.0,,3.4,5.0,0.25,,,,,103.976,,,,,,,,69.26,73.16,200.35,221.95,,7334.0,2749.3,434.0,,,,,,,,,,,,,,,,,,,4.1702,,,,4.2844,,,,,,,,,,,,,,,,,,,,,,
2024-11-01,,,,,,,,,,,,,5.0,,3.4,5.0,0.25,,,,,104.282,,,,,,,,69.49,73.1,196.65,223.42,,7341.0,2749.2,437.15,,,,,,,,,,,,,,,,,,,4.2054,,,,4.3836,,,,,,,,,,,,,,,,,,,,,,
2024-11-04,,,,,,,,,,,,,5.0,,3.4,5.0,0.25,,,,,103.885,,,,,,,,71.47,75.08,201.92,228.41,,7328.0,2746.2,443.15,,,,,,,,,,,,,,,,,,,4.1599,,,,4.2847,,,,,,,,,,,,,,,,,,,,,,
2024-11-05,,,,,,,,,,,,,5.0,,3.4,5.0,0.25,,,,,103.423,,,,,,,,71.99,75.53,204.46,230.42,,7251.0,2749.7,447.5,,,,,,,,,,,,,,,,,,,4.1765,,,,4.2708,,,,,,,,,,,,,,,,,,,,,,
2024-11-06,,,,,,,,,,,,,5.0,,3.4,5.0,0.25,,,,,105.088,,,,,,,,71.69,74.92,203.54,227.0,,6924.0,2676.3,424.6,,,,,,,,,,,,,,,,,,,4.2617,,,,4.4315,,,,,,,,,,,,,,,,,,,,,,
2024-11-07,,,,,,,,,,,,,4.75,,3.4,4.75,0.25,,,,,104.508,,,,,,,,72.36,75.63,205.36,228.64,,7360.0,2705.8,443.15,,,,,,,,,,,,,,,,,,,4.1994,,,,4.3257,,,,,,,,,,,,,,,,,,,,,,
2024-11-08,,,,,,,,,,,,,4.75,,3.4,4.75,0.25,,,,,104.997,,,,,,,,70.38,73.87,201.25,223.89,,7117.0,2694.8,430.6,,,,,,,,,,,,,,,,,,,4.2539,,,,4.3043,,,,,,,,,,,,,,,,,,,,,,
2024-11-11,,,,,,,,,,,,,4.75,,3.4,4.75,0.25,,,,,105.543,,,,,,,,68.04,71.83,195.7,219.76,,7298.0,2617.7,422.85,,,,,,,,,,,,,,,,,,,4.2539,,,,4.3043,,,,,,,,,,,,,,,,,,,,,,
2024-11-12,,,,,,,,,,,,,4.75,,3.4,4.75,0.25,,,,,106.024,,,,,,,,68.12,71.89,196.43,221.08,,7867.0,2606.3,413.65,,,,,,,,,,,,,,,,,,,4.3401,,,,4.4275,,,,,,,,,,,,,,,,,,,,,,
2024-11-13,,,,,,,,,,,,,4.75,,3.4,4.75,0.25,,,,,106.481,,,,,,,,68.43,72.28,196.51,221.93,,8163.0,2586.5,408.3,,,,,,,,,,,,,,,,,,,4.2857,,,,4.4512,,,,,,,,,,,,,,,,,,,,,,
2024-11-14,,,,,,,,,,,,,4.75,,3.4,4.75,0.25,,,,,106.673,,,,,,,,68.7,72.56,198.17,221.23,,8686.0,2572.9,408.75,,,,,,,,,,,,,,,,,,,4.3448,,,,4.4354,,,,,,,,,,,,,,,,,,,,,,
2024-11-15,,,,,,,,,,,,,4.75,,3.4,4.75,0.25,,,,,106.687,,,,,,,,67.02,71.04,194.93,217.09,,8607.0,2570.1,406.45,,,,,,,,,,,,,,,,,,,4.3033,,,,4.4394,,,,,,,,,,,,,,,,,,,,,,
2024-11-18,,,,,,,,,,,,,4.75,,3.4,4.75,0.25,,,,,106.275,,,,,,,,69.16,73.3,201.83,225.14,,8404.0,2614.6,412.0,,,,,,,,,,,,,,,,,,,4.2802,,,,4.4138,,,,,,,,,,,,,,,,,,,,,,
2024-11-19,,,,,,,,,,,,,4.75,,3.4,4.75,0.25,,,,,106.206,,,,,,,,69.39,73.31,203.77,224.02,,8574.0,2631.0,414.2,,,,,,,,,,,,,,,,,,,4.2803,,,,4.3962,,,,,,,,,,,,,,,,,,,,,,
2024-11-20,,,,,,,,,,,,,4.75,,3.4,4.75,0.25,,,,,106.68,,,,,,,,68.87,72.81,204.58,222.63,,8340.0,2651.7,415.55,,,,,,,,,,,,,,,,,,,4.3144,,,,4.41,,,,,,,,,,,,,,,,,,,,,,
2024-11-21,,,,,,,,,,,,,4.75,,3.4,4.75,0.25,,,,,106.972,,,,,,,,70.1,74.23,205.94,227.44,,8449.0,2674.9,412.5,,,,,,,,,,,,,,,,,,,4.3487,,,,4.4218,,,,,,,,,,,,,,,,,,,,,,
2024-11-22,,,,,,,,,,,,,4.75,,3.4,4.75,0.25,,,,,107.554,,,,,,,,71.24,75.17,206.14,227.49,,8897.0,2712.2,408.6,,,,,,,,,,,,,,,,,,,4.373,,,,4.4002,,,,,,,,,,,,,,,,,,,,,,
2024-11-25,,,,,,,,,,,,,4.75,,3.4,4.75,0.25,,,,,106.817,,,,,,,,68.94,73.01,200.05,223.53,,8863.0,2618.5,410.0,,,,,,,,,,,,,,,,,,,4.2685,,,,4.2731,,,,,,,,,,,,,,,,,,,,,,
2024-11-26,,,,,,,,,,,,,4.75,,3.4,4.75,0.25,,,,,107.013,,,,,,,,68.77,72.81,199.18,224.04,,9033.0,2621.3,404.9,,,,,,,,,,,,,,,,,,,4.2561,,,,4.3062,,,,,,,,,,,,,,,,,,,,,,
2024-11-27,,,,,,,,,,,,,4.75,,3.4,4.75,0.25,,,,,106.084,,,,,,,,68.72,72.83,197.34,220.36,,8844.0,2639.9,406.7,,,,,,,,,,,,,,,,,,,4.2272,,,,4.2634,,,,,,,,,,,,,,,,,,,,,,
2024-11-28,,,,,,,,,,,,,4.75,,3.4,4.75,0.25,,,,,106.048,,,,,,,,,73.28,,,,,,,,,,,,,,,,,,,,,,,,,4.2272,,,,4.2634,,,,,,,,,,,,,,,,,,,,,,
2024-11-29,,,,,,,,,,,,,4.75,,3.4,4.75,0.25,,,,,105.737,,,,,,,,68.0,72.94,194.37,219.3,,9220.0,2657.0,408.05,,,,,,,,,,,,,,,,,,,4.1509,,,,4.1685,,,,,,,,,,,,,,,,,,,,,,
2024-12-02,,,,,,,,,,,,,4.75,,3.4,4.75,0.25,,,,,106.446,,,,,,,,68.1,71.83,191.72,217.77,,9197.0,2634.9,407.55,,,,,,,,,,,,,,,,,,,4.1796,,,,4.1897,,,,,,,,,,,,,,,,,,,,,,
2024-12-03,,,,,,,,,,,,,4.75,,3.4,4.75,0.25,,,,,106.365,,,,,,,,69.94,73.62,196.24,221.77,,8833.0,2644.7,414.6,,,,,,,,,,,,,,,,,,,4.1795,,,,4.2245,,,,,,,,,,,,,,,,,,,,,,
2024-12-04,,,,,,,,,,,,,4.75,,3.4,4.75,0.25,,,,,106.321,,,,,,,,68.54,72.31,193.91,216.74,,9196.0,2653.8,414.2,,,,,,,,,,,,,,,,,,,4.1256,,,,4.18,,,,,,,,,,,,,,,,,,,,,,
2024-12-05,,,,,,,,,,,,,4.75,,3.4,4.75,0.25,,,,,105.714,,,,,,,,68.3,72.09,193.25,215.57,,9648.0,2626.6,413.5,,,,,,,,,,,,,,,,,,,4.144,,,,4.1761,,,,,,,,,,,,,,,,,,,,,,
2024-12-06,,,,,,,,,,,,,4.75,,3.4,4.75,0.25,,,,,106.055,,,,,,,,67.2,71.12,190.62,213.26,,9767.0,2638.6,413.85,,,,,,,,,,,,,,,,,,,4.1039,,,,4.1529,,,,,,,,,,,,,,,,,,,,,,
2024-12-09,,,,,,,,,,,,,4.75,,3.4,4.75,0.25,,,,,106.145,,,,,,,,68.37,72.14,195.25,218.35,,9977.0,2664.9,422.35,,,,,,,,,,,,,,,,,,,4.1245,,,,4.2012,,,,,,,,,,,,,,,,,,,,,,
2024-12-10,,,,,,,,,,,,,4.75,,3.4,4.75,0.25,,,,,106.399,,,,,,,,68.59,72.19,195.68,218.61,,10387.0,2697.6,422.35,,,,,,,,,,,,,,,,,,,4.143,,,,4.2263,,,,,,,,,,,,,,,,,,,,,,
2024-12-11,,,,,,,,,,,,,4.75,,3.4,4.75,0.25,,,,,106.71,,,,,,,,70.29,73.52,198.58,222.33,,10458.0,2733.8,421.4,,,,,,,,,,,,,,,,,,,4.1532,,,,4.2711,,,,,,,,,,,,,,,,,,,,,,
2024-12-12,,,,,,,,,,,,,4.75,,3.15,4.75,0.25,,,,,106.956,,,,,,,,70.02,73.41,198.85,223.66,,10702.0,2687.5,419.5,,,,,,,,,,,,,,,,,,,4.1906,,,,4.3278,,,,,,,,,,,,,,,,,,,,,,
2024-12-13,,,,,,,,,,,,,4.75,,3.15,4.75,0.25,,,,,107.003,,,,,,,,71.29,74.49,200.18,227.0,,11181.0,2656.0,414.9,,,,,,,,,,,,,,,,,,,4.2448,,,,4.3967,,,,,,,,,,,,,,,,,,,,,,
2024-12-16,,,,,,,,,,,,,4.75,,3.15,4.75,0.25,,,,,106.858,,,,,,,,70.71,73.91,197.57,226.4,,11821.0,2651.4,414.35,,,,,,,,,,,,,,,,,,,4.249,,,,4.3967,,,,,,,,,,,,,,,,,,,,,,
2024-12-17,,,,,,,,,,,,,4.75,,3.15,4.75,0.25,,,,,106.956,,,,,,,,70.08,73.19,194.39,222.79,,11765.0,2644.4,409.15,,,,,,,,,,,,,,,,,,,4.2447,,,,4.3987,,,,,,,,,,,,,,,,,,,,,,
2024-12-18,,,,,,,,,,,,,4.5,,3.15,4.75,0.25,,,,,108.027,,,,,,,,70.58,73.39,194.28,225.5,,12565.0,2636.5,410.0,,,,,,,,,,,,,,,,,,,4.3545,,,,4.514,,,,,,,,,,,,,,,,,,,,,,
2024-12-19,,,,,,,,,,,,,4.5,,3.15,4.75,0.25,,,,,108.408,,,,,,,,69.91,72.88,192.28,223.77,,12107.0,2592.2,402.05,,,,,,,,,,,,,,,,,,,4.3165,,,,4.5621,,,,,,,,,,,,,,,,,,,,,,
2024-12-20,,,,,,,,,,,,,4.5,,3.15,4.75,0.25,,,,,107.621,,,,,,,,69.46,72.94,194.16,223.17,,11954.0,2628.7,404.1,,,,,,,,,,,,,,,,,,,4.3102,,,,4.5222,,,,,,,,,,,,,,,,,,,,,,
2024-12-23,,,,,,,,,,,,,4.5,,3.15,4.75,0.25,,,,,108.037,,,,,,,,69.24,72.63,193.83,222.63,,11746.0,2612.3,402.3,,,,,,,,,,,,,,,,,,,4.3401,,,,4.5865,,,,,,,,,,,,,,,,,,,,,,
2024-12-24,,,,,,,,,,,,,4.5,,3.15,4.75,0.25,,,,,108.257,,,,,,,,70.1,73.58,195.89,222.15,,11852.0,2620.0,404.95,,,,,,,,,,,,,,,,,,,4.3324,,,,4.5887,,,,,,,,,,,,,,,,,,,,,,
2024-12-25,,,,,,,,,,,,,4.5,,3.15,4.75,0.25,,,,,,,,,,,,,,,,,,,,,,,,,,,,,,,,,,,,,,,4.3324,,,,4.5887,,,,,,,,,,,,,,,,,,,,,,
2024-12-26,,,,,,,,,,,,,4.5,,3.15,4.75,0.25,,,,,108.129,,,,,,,,69.62,73.26,194.58,220.53,,11027.0,2638.8,407.2,,,,,,,,,,,,,,,,,,,4.3283,,,,4.5827,,,,,,,,,,,,,,,,,,,,,,
2024-12-27,,,,,,,,,,,,,4.5,,3.15,4.75,0.25,,,,,107.998,,,,,,,,70.6,74.17,195.82,224.48,,10124.0,2617.2,406.25,,,,,,,,,,,,,,,,,,,4.3262,,,,4.6253,,,,,,,,,,,,,,,,,,,,,,
2024-12-30,,,,,,,,,,,,,4.5,,3.15,4.75,0.25,,,,,108.13,,,,,,,,70.99,74.39,197.63,229.95,,11507.0,2618.1,409.3,,,,,,,,,,,,,,,,,,,4.2418,,,,4.5327,,,,,,,,,,,,,,,,,,,,,,
2024-12-31,,,,,,,,,,,,,4.5,,3.15,4.75,0.25,,,,,108.487,,,,,,,,71.72,74.64,200.15,232.06,,11675.0,2641.0,402.65,,,,,,,,,,,,,,,,,,,4.2416,,,,4.569,,,,,,,,,,,,,,,,,,,,,,
2025-01-01,,,,,,,,,,,,,4.5,,3.15,4.75,0.25,,,,,,,,,,,,,,,,,,,,,,,,,,,,,,,,,,,,,,,4.2416,,,,4.569,,,,,,,,,,,,,,,,,,,,,,
2025-01-02,,,,,,,,,,,,,4.5,,3.15,4.75,0.25,,,,,109.394,,,,,,,,73.13,75.93,205.19,235.4,,11137.0,2669.0,402.6,,,,,,,,,,,,,,,,,,,4.2395,,,,4.559,,,,,,,,,,,,,,,,,,,,,,
2025-01-03,,,,,,,,,,,,,4.5,,3.15,4.75,0.25,,,,,108.952,,,,,,,,73.96,76.51,205.37,234.78,,11238.0,2654.7,407.35,,,,,,,,,,,,,,,,,,,4.2787,,,,4.5975,,,,,,,,,,,,,,,,,,,,,,
2025-01-06,,,,,,,,,,,,,4.5,,3.15,4.75,0.25,,,,,108.257,,,,,,,,73.56,76.3,203.55,235.52,,11377.0,2647.4,416.15,,,,,,,,,,,,,,,,,,,4.2745,,,,4.63,,,,,,,,,,,,,,,,,,,,,,
2025-01-07,,,,,,,,,,,,,4.5,,3.15,4.75,0.25,,,,,108.542,,,,,,,,74.25,77.05,202.66,236.63,,11210.0,2665.4,419.55,,,,,,,,,,,,,,,,,,,4.2911,,,,4.685,,,,,,,,,,,,,,,,,,,,,,
2025-01-08,,,,,,,,,,,,,4.5,,3.15,4.75,0.25,,,,,109.09,,,,,,,,73.32,76.16,201.02,235.07,,10453.0,2672.4,425.85,,,,,,,,,,,,,,,,,,,4.2828,,,,4.6892,,,,,,,,,,,,,,,,,,,,,,
2025-01-09,,,,,,,,,,,,,4.5,,3.15,4.75,0.25,,,,,109.179,,,,,,,,73.92,76.92,202.83,237.82,,10927.0,2690.8,430.95,,,,,,,,,,,,,,,,,,,4.264,,,,4.6893,,,,,,,,,,,,,,,,,,,,,,
2025-01-10,,,,,,,,,,,,,4.5,,3.15,4.75,0.25,,,,,109.65,,,,,,,,76.57,79.76,207.49,250.17,,10570.0,2715.0,430.4,,,,,,,,,,,,,,,,,,,4.3792,,,,4.7592,,,,,,,,,,,,,,,,,,,,,,
2025-01-13,,,,,,,,,,,,,4.5,,3.15,4.75,0.25,,,,,109.956,,,,,,,,78.82,81.01,210.03,253.33,,10928.0,2678.6,432.55,,,,,,,,,,,,,,,,,,,4.3793,,,,4.7779,,,,,,,,,,,,,,,,,,,,,,
2025-01-14,,,,,,,,,,,,,4.5,,3.15,4.75,0.25,,,,,109.273,,,,,,,,77.5,79.92,210.46,252.53,,10951.0,2682.3,434.25,,,,,,,,,,,,,,,,,,,4.3668,,,,4.7924,,,,,,,,,,,,,,,,,,,,,,
2025-01-15,,,,,,,,,,,,,4.5,,3.15,4.75,0.25,,,,,109.09,,,,,,,,80.04,82.03,215.89,261.35,,10821.0,2717.8,438.9,,,,,,,,,,,,,,,,,,,4.2638,,,,4.6531,,,,,,,,,,,,,,,,,,,,,,
2025-01-16,,,,,,,,,,,,,4.5,,3.15,4.75,0.25,,,,,108.957,,,,,,,,78.68,81.29,212.32,261.72,,10502.0,2750.9,444.1,,,,,,,,,,,,,,,,,,,4.23,,,,4.6125,,,,,,,,,,,,,,,,,,,,,,
2025-01-17,,,,,,,,,,,,,4.5,,3.15,4.75,0.25,,,,,109.347,,,,,,,,77.88,80.79,211.22,262.1,,11173.0,2748.7,436.85,,,,,,,,,,,,,,,,,,,4.2826,,,,4.627,,,,,,,,,,,,,,,,,,,,,,
2025-01-20,,,,,,,,,,,,,4.5,,3.15,4.75,0.25,,,,,109.347,,,,,,,,,80.15,,,,,,,,,,,,,,,,,,,,,,,,,4.2826,,,,4.627,,,,,,,,,,,,,,,,,,,,,,
2025-01-21,,,,,,,,,,,,,4.5,,3.15,4.75,0.25,,,,,108.062,,,,,,,,75.89,79.29,208.43,255.81,,11559.0,2759.2,434.1,,,,,,,,,,,,,,,,,,,4.2741,,,,4.5764,,,,,,,,,,,,,,,,,,,,,,
2025-01-22,,,,,,,,,,,,,4.5,,3.15,4.75,0.25,,,,,108.167,,,,,,,,75.44,79.0,205.78,248.42,,11675.0,2770.9,430.1,,,,,,,,,,,,,,,,,,,4.2975,,,,4.6109,,,,,,,,,,,,,,,,,,,,,,
2025-01-23,,,,,,,,,,,,,4.5,,3.15,4.75,0.25,,,,,108.047,,,,,,,,74.62,78.29,206.56,247.15,,11552.0,2765.0,432.85,,,,,,,,,,,,,,,,,,,4.289,,,,4.6436,,,,,,,,,,,,,,,,,,,,,,
2025-01-24,,,,,,,,,,,,,4.5,,3.15,4.75,0.5,,,,,107.443,,,,,,,,74.66,78.5,204.9,251.62,,11593.0,2778.9,432.1,,,,,,,,,,,,,,,,,,,4.2655,,,,4.6214,,,,,,,,,,,,,,,,,,,,,,
2025-01-27,,,,,,,,,,,,,4.5,,3.15,4.75,0.5,,,,,107.341,,,,,,,,73.17,77.08,202.82,246.0,,11372.0,2738.4,423.15,,,,,,,,,,,,,,,,,,,4.195,,,,4.5343,,,,,,,,,,,,,,,,,,,,,,
2025-01-28,,,,,,,,,,,,,4.5,,3.15,4.75,0.5,,,,,107.866,,,,,,,,73.77,77.49,205.26,245.01,,11374.0,2767.5,424.65,,,,,,,,,,,,,,,,,,,4.1949,,,,4.5323,,,,,,,,,,,,,,,,,,,,,,
2025-01-29,,,,,,,,,,,,,4.5,,3.15,4.75,0.5,,,,,108.0,,,,,,,,72.62,76.58,203.57,245.4,,11745.0,2769.8,428.3,,,,,,,,,,,,,,,,,,,4.2135,,,,4.5284,,,,,,,,,,,,,,,,,,,,,,
2025-01-30,,,,,,,,,,,,,4.5,,2.9,4.75,0.5,,,,,107.797,,,,,,,,72.73,76.87,203.74,247.54,,11207.0,2823.0,430.75,,,,,,,,,,,,,,,,,,,4.2073,,,,4.5163,,,,,,,,,,,,,,,,,,,,,,
2025-01-31,,,,,,,,,,,,,4.5,,2.9,4.75,0.5,,,,,108.37,,,,,,,,72.53,76.76,203.65,248.45,,10987.0,2812.5,427.9,,,,,,,,,,,,,,,,,,,4.1971,,,,4.5387,,,,,,,,,,,,,,,,,,,,,,
2025-02-03,,,,,,,,,,,,,4.5,,2.9,4.75,0.5,,,,,108.99,,,,,,,,73.16,75.96,211.77,246.31,,11002.0,2833.9,430.55,,,,,,,,,,,,,,,,,,,4.2489,,,,4.555,,,,,,,,,,,,,,,,,,,,,,
2025-02-04,,,,,,,,,,,,,4.5,,2.9,4.75,0.5,,,,,107.96,,,,,,,,72.7,76.2,209.9,242.98,,10913.0,2853.3,435.35,,,,,,,,,,,,,,,,,,,4.2137,,,,4.5105,,,,,,,,,,,,,,,,,,,,,,
2025-02-05,,,,,,,,,,,,,4.5,,2.9,4.75,0.5,,,,,107.579,,,,,,,,71.03,74.61,205.07,238.42,,10514.0,2871.6,444.4,,,,,,,,,,,,,,,,,,,4.1868,,,,4.4181,,,,,,,,,,,,,,,,,,,,,,
2025-02-06,,,,,,,,,,,,,4.5,,2.9,4.5,0.5,,,,,107.689,,,,,,,,70.61,74.29,207.47,239.8,,10094.0,2856.0,446.1,,,,,,,,,,,,,,,,,,,4.2118,,,,4.4342,,,,,,,,,,,,,,,,,,,,,,
2025-02-07,,,,,,,,,,,,,4.5,,2.9,4.5,0.5,,,,,108.04,,,,,,,,71.0,74.66,210.5,243.08,,10018.0,2867.3,458.9,,,,,,,,,,,,,,,,,,,4.2892,,,,4.4947,,,,,,,,,,,,,,,,,,,,,,
2025-02-10,,,,,,,,,,,,,4.5,,2.9,4.5,0.5,,,,,108.319,,,,,,,,72.32,75.87,210.42,245.09,,9714.0,2914.3,470.7,,,,,,,,,,,,,,,,,,,4.2747,,,,4.4968,,,,,,,,,,,,,,,,,,,,,,
2025-02-11,,,,,,,,,,,,,4.5,,2.9,4.5,0.5,,,,,107.963,,,,,,,,73.32,77.0,214.73,251.46,,10131.0,2912.5,460.1,,,,,,,,,,,,,,,,,,,4.2833,,,,4.5352,,,,,,,,,,,,,,,,,,,,,,
2025-02-12,,,,,,,,,,,,,4.5,,2.9,4.5,0.5,,,,,107.938,,,,,,,,71.37,75.18,208.96,245.2,,10006.0,2909.0,470.45,,,,,,,,,,,,,,,,,,,4.3548,,,,4.6208,,,,,,,,,,,,,,,,,,,,,,
2025-02-13,,,,,,,,,,,,,4.5,,2.9,4.5,0.5,,,,,107.313,,,,,,,,71.29,75.02,211.07,244.87,,10381.0,2925.9,477.8,,,,,,,,,,,,,,,,,,,4.3067,,,,4.5288,,,,,,,,,,,,,,,,,,,,,,
2025-02-14,,,,,,,,,,,,,4.5,,2.9,4.5,0.5,,,,,106.71,,,,,,,,70.74,74.74,208.99,246.18,,10159.0,2883.6,466.45,,,,,,,,,,16.331,,15.659,,14.444,,,,,4.2589,,,,4.4762,,,,,,,,,,,,,,,,,,,,,,
2025-02-17,,,,,,,,,,,,,4.5,,2.9,4.5,0.5,,,,,106.575,,,,,,,,,75.22,,,,,,,,,,,,,,,,,,,,,,,,,4.2589,,,,4.4762,,,,,,,,,,,,,,,,,,,,,,
2025-02-18,,,,,,,,,,,,,4.5,,2.9,4.5,0.5,,,,,107.054,,,,,,,,71.85,75.84,208.67,244.06,,10301.0,2931.6,459.1,,,,,,,,,,16.829,,16.151,,14.624,,,,,4.3056,,,,4.5503,,,,,,,,,,,,,,,,,,,,,,
2025-02-19,,,,,,,,,,,,,4.5,,2.9,4.5,0.5,,,,,107.173,,,,,,,,72.25,76.04,208.65,245.65,,10218.0,2919.4,456.25,,,,,,,,,,16.815,,15.997,,14.526,,,,,4.2676,,,,4.5327,,,,,,,,,,,,,,,,,,,,,,
2025-02-20,,,,,,,,,,,,,4.5,,2.9,4.5,0.5,,,,,106.372,,,,,,,,72.57,76.48,208.65,250.34,,10075.0,2940.0,461.2,,,,,,,,,,16.856,,16.077,,14.484,,,,,4.2699,,,,4.5053,,,,,,,,,,,,,,,,,,,,,,
2025-02-21,,,,,,,,,,,,,4.5,,2.9,4.5,0.5,,,,,106.612,,,,,,,,70.4,74.43,202.67,243.23,,8934.0,2937.6,456.0,,,,,,,,,,16.782,,16.027,,14.45,,,,,4.198,,,,4.4313,,,,,,,,,,,,,,,,,,,,,,
2025-02-24,,,,,,,,,,,,,4.5,,2.9,4.5,0.5,,,,,106.596,,,,,,,,70.7,74.78,201.1,243.58,,8352.0,2947.9,451.5,,,,,,,,,,16.962,,16.245,,14.567,,,,,4.1747,,,,4.4003,,,,,,,,,,,,,,,,,,,,,,
2025-02-25,,,,,,,,,,,,,4.5,,2.9,4.5,0.5,,,,,106.308,,,,,,,,68.93,73.02,196.73,239.03,,8675.0,2904.5,448.15,,,,,,,,,,16.826,,16.161,,14.557,,,,,4.0942,,,,4.2945,,,,,,,,,,,,,,,,,,,,,,
2025-02-26,,,,,,,,,,,,,4.5,,2.9,4.5,0.5,,,,,106.416,,,,,,,,68.62,72.53,194.89,234.43,,9100.0,2916.8,454.0,,,,,,,,,,16.629,,15.937,,14.434,,,,,4.0716,,,,4.2562,,,,,,,,,,,,,,,,,,,,,,
2025-02-27,,,,,,,,,,,,,4.5,,2.9,4.5,0.5,,,,,107.244,,,,,,,,70.35,74.04,199.66,239.59,,9130.0,2895.9,458.0,,,,,,,,,,16.666,,15.953,,14.472,,,,,4.0511,,,,4.2599,,,,,,,,,,,,,,,,,,,,,,
2025-02-28,,,,,,,,,,,,,4.5,,2.9,4.5,0.5,,,,,107.614,,,,,,,,69.76,73.18,197.03,235.49,,9014.0,2848.5,451.45,,,,,,,,,,16.569,,15.968,,14.494,,,,,3.9889,,,,4.2082,,,,,,,,,,,,,,,,,,,,,,
2025-03-03,,,,,,,,,,,,,4.5,,2.9,4.5,0.5,,,,,106.747,,,,,,,,68.37,71.62,218.78,226.04,,8082.0,2901.1,457.65,,,,,,,,,,16.416,,15.811,,14.375,,,,,3.9496,,,,4.1551,,,,,,,,,,,,,,,,,,,,,,
2025-03-04,,,,,,,,,,,,,4.5,,2.9,4.5,0.5,,,,,105.743,,,,,,,,68.26,71.04,219.42,228.72,,8225.0,2920.6,452.75,,,,,,,,,,16.449,,15.965,,14.602,,,,,3.9905,,,,4.2442,,,,,,,,,,,,,,,,,,,,,,
2025-03-05,,,,,,,,,,,,,4.5,,2.9,4.5,0.5,,,,,104.276,,,,,,,,66.31,69.3,213.7,224.08,,7915.0,2926.0,476.65,,,,,,,,,,16.793,,16.373,,14.812,,,,,4.0047,,,,4.2785,,,,,,,,,,,,,,,,,,,,,,
2025-03-06,,,,,,,,,,,,,4.5,,2.65,4.5,0.5,,,,,104.062,,,,,,,,66.36,69.46,210.12,222.38,,8036.0,2926.6,477.9,,,,,,,,,,17.325,,16.897,,15.325,,,,,3.959,,,,4.2784,,,,,,,,,,,,,,,,,,,,,,
2025-03-07,,,,,,,,,,,,,4.5,,2.65,4.5,0.5,,,,,103.838,,,,,,,,67.04,70.36,210.87,221.6,,8141.0,2914.1,468.3,,,,,,,,,,17.501,,17.025,,15.503,,,,,3.9997,,,,4.3011,,,,,,,,,,,,,,,,,,,,,,
2025-03-10,,,,,,,,,,,,,4.5,,2.65,4.5,0.5,,,,,103.9,,,,,,,,66.03,69.28,209.25,217.99,,8279.0,2899.4,463.95,,,,,,,,,,18.041,,17.273,,15.739,,,,,3.8833,,,,4.2131,,,,,,,,,,,,,,,,,,,,,,
2025-03-11,,,,,,,,,,,,,4.5,,2.65,4.5,0.5,,,,,103.419,,,,,,,,66.25,69.56,210.5,219.68,,8151.0,2920.9,474.0,,,,,,,,,,18.139,,17.156,,15.762,,,,,3.9431,,,,4.2799,,,,,,,,,,,,,,,,,,,,,,
2025-03-12,,,,,,,,,,,,,4.5,,2.65,4.5,0.5,,,,,103.612,,,,,,,,67.68,70.95,215.01,220.63,,8204.0,2946.8,482.1,,,,,,,,,,17.947,,16.914,,15.457,,,,,3.9866,,,,4.3124,,,,,,,,,,,,,,,,,,,,,,
2025-03-13,,,,,,,,,,,,,4.5,,2.65,4.5,0.5,,,,,103.828,,,,,,,,66.55,69.88,213.31,216.22,,8031.0,2991.3,489.85,,,,,,,,,,17.905,,16.87,,15.338,,,,,3.9571,,,,4.2682,,,,,,,,,,,,,,,,,,,,,,
2025-03-14,,,,,,,,,,,,,4.5,,2.65,4.5,0.5,,,,,103.718,,,,,,,,67.18,70.58,214.87,216.66,,7728.0,3001.1,486.95,,,,,,,,,,17.832,,16.646,,15.166,,,,,4.017,,,,4.3121,,,,,,,,,,,,,,,,,,,,,,
2025-03-17,,,,,,,,,,,,,4.5,,2.65,4.5,0.5,,,,,103.37,,,,,,,,67.58,71.07,218.12,220.38,,7827.0,3006.1,493.35,,,,,,,,,,17.759,,16.589,,15.028,,,,,4.0441,,,,4.2985,,,,,,,,,,,,,,,,,,,,,,
2025-03-18,,,,,,,,,,,,,4.5,,2.65,4.5,0.5,,,,,103.244,,,,,,,,66.9,70.56,216.84,219.45,,8021.0,3040.8,499.3,,,,,,,,,,17.589,,16.367,,14.774,,,,,4.0398,,,,4.2831,,,,,,,,,,,,,,,,,,,,,,
2025-03-19,,,,,,,,,,,,,4.5,,2.65,4.5,0.5,,,,,103.428,,,,,,,,67.16,70.78,216.96,223.19,,8121.0,3041.2,507.6,,,,,,,,,,17.719,,16.524,,14.934,,,,,3.9723,,,,4.2428,,,,,,,,,,,,,,,,,,,,,,
2025-03-20,,,,,,,,,,,,,4.5,,2.65,4.5,0.5,,,,,103.851,,,,,,,,68.26,72.0,219.11,225.43,,8071.0,3043.8,508.5,,,,,,,,,,18.249,,16.892,,15.399,,,,,3.9636,,,,4.2369,,,,,,,,,,,,,,,,,,,,,,
2025-03-21,,,,,,,,,,,,,4.5,,2.65,4.5,0.5,,,,,104.088,,,,,,,,68.28,72.16,219.54,224.96,,7765.0,3021.4,508.75,,,,,,,,,,18.515,,17.18,,15.429,,,,,3.9481,,,,4.2462,,,,,,,,,,,,,,,,,,,,,,
2025-03-24,,,,,,,,,,,,,4.5,,2.65,4.5,0.5,,,,,104.262,,,,,,,,69.11,73.0,220.66,225.71,,8079.0,3015.6,506.4,,,,,,,,,,18.378,,16.942,,15.287,,,,,4.0346,,,,4.3346,,,,,,,,,,,,,,,,,,,,,,
2025-03-25,,,,,,,,,,,,,4.5,,2.65,4.5,0.5,,,,,104.184,,,,,,,,69.0,73.02,220.87,228.59,,7995.0,3025.9,518.3,,,,,,,,,,18.113,,16.774,,15.223,,,,,4.0132,,,,4.3133,,,,,,,,,,,,,,,,,,,,,,
2025-03-26,,,,,,,,,,,,,4.5,,2.65,4.5,0.5,,,,,104.547,,,,,,,,69.65,73.79,223.28,228.87,,8044.0,3022.5,521.6,,,,,,,,,,18.581,,16.868,,15.311,,,,,4.0166,,,,4.3519,,,,,,,,,,,,,,,,,,,,,,
2025-03-27,,,,,,,,,,,,,4.5,,2.65,4.5,0.5,,,,,104.335,,,,,,,,69.92,74.03,224.64,228.47,,7979.0,3061.0,509.75,,,,,,,,,,19.059,,17.346,,15.741,,,,,3.9899,,,,4.3595,,,,,,,,,,,,,,,,,,,,,,
2025-03-28,,,,,,,,,,,,,4.5,,2.65,4.5,0.5,,,,,104.044,,,,,,,,69.36,73.63,223.47,226.09,,8042.0,3086.5,513.0,,,,,,,,,,19.496,,17.541,,15.938,,,,,3.9119,,,,4.2494,,,,,,,,,,,,,,,,,,,,,,
2025-03-31,,,,,,,,,,,,,4.5,,2.65,4.5,0.5,,,,,104.21,,,,,,,,71.48,74.74,228.31,231.4,,7902.0,3122.8,503.4,,,,,,,,,,19.747,,17.521,,15.765,,,,,3.8832,,,,4.2053,,,,,,,,,,,,,,,,,,,,,,
2025-04-01,,,,,,,,,,,,,4.5,,2.65,4.5,0.5,,,,,104.26,,,,,,,,71.2,74.49,230.25,228.89,,8177.0,3118.9,503.5,,,,,,,,,,19.443,,17.337,,15.666,,,,,3.8811,,,,4.1689,,,,,,,,,,,,,,,,,,,,,,
2025-04-02,,,,,,,,,,,,,4.5,,2.65,4.5,0.5,,,,,103.807,,,,,,,,71.71,74.95,233.1,232.2,,8968.0,3139.9,504.05,,,,,,,,,,18.879,,16.902,,15.289,,,,,3.8584,,,,4.1307,,,,,,,,,,,,,,,,,,,,,,
2025-04-03,,,,,,,,,,,,,4.5,,2.65,4.5,0.5,,,,,102.072,,,,,,,,66.95,70.14,216.43,218.89,,9291.0,3097.0,482.85,,,,,,,,,,19.343,,17.412,,15.678,,,,,3.6817,,,,4.0286,,,,,,,,,,,,,,,,,,,,,,
2025-04-04,,,,,,,,,,,,,4.5,,2.65,4.5,0.5,,,,,103.023,,,,,,,,61.99,65.58,205.45,208.19,,8512.0,3012.0,440.2,,,,,,,,,,19.876,,17.828,,16.045,,,,,3.652,,,,3.9943,,,,,,,,,,,,,,,,,,,,,,
2025-04-07,,,,,,,,,,,,,4.5,,2.65,4.5,0.5,,,,,103.256,,,,,,,,60.7,64.21,202.01,206.99,,8053.0,2951.3,418.6,,,,,,,,,,20.71,,18.697,,16.724,,,,,3.7629,,,,4.1835,,,,,,,,,,,,,,,,,,,,,,
2025-04-08,,,,,,,,,,,,,4.5,,2.65,4.5,0.5,,,,,102.955,,,,,,,,59.58,62.82,199.14,205.7,,7755.0,2968.4,414.4,,,,,,,,,,21.056,,19.145,,17.135,,,,,3.7256,,,,4.2929,,,,,,,,,,,,,,,,,,,,,,
2025-04-09,,,,,,,,,,,,,4.5,,2.65,4.5,0.5,,,,,102.9,,,,,,,,62.35,65.48,203.84,211.36,,8447.0,3056.5,419.25,,,,,,,,,,20.51,,18.829,,16.74,,,,,3.9077,,,,4.3315,,,,,,,,,,,,,,,,,,,,,,
2025-04-10,,,,,,,,,,,,,4.5,,2.65,4.5,0.5,,,,,100.867,,,,,,,,60.07,63.33,196.13,204.64,,8088.0,3155.2,433.65,,,,,,,,,,21.791,,19.581,,17.542,,,,,3.862,,,,4.4249,,,,,,,,,,,,,,,,,,,,,,
2025-04-11,,,,,,,,,,,,,4.5,,2.65,4.5,0.5,,,,,100.102,,,,,,,,61.5,64.76,199.91,206.53,,8511.0,3222.2,452.3,,,,,,,,,,21.898,,19.263,,17.294,,,,,3.9599,,,,4.4895,,,,,,,,,,,,,,,,,,,,,,
2025-04-14,,,,,,,,,,,,,4.5,,2.65,4.5,0.5,,,,,99.64,,,,,,,,61.53,64.88,202.22,209.17,,8247.0,3204.8,462.55,,,,,,,,,,15.09,,15.293,,14.143,,,,,3.845,,,,4.3739,,,,,,,,,,,,,,,,,,,,,,
2025-04-15,,,,,,,,,,,,,4.5,,2.65,4.5,0.5,,,,,100.215,,,,,,,,61.33,64.67,202.44,207.84,,8002.0,3218.7,462.6,,,,,,,,,,14.048,,14.77,,13.769,,,,,3.8449,,,,4.333,,,,,,,,,,,,,,,,,,,,,,
2025-04-16,,,,,,,,,,,,,4.5,,2.65,4.5,0.5,,,,,99.38,,,,,,,,62.47,65.85,204.34,211.54,,8096.0,3326.6,468.55,,,,,,,,,,14.166,,14.85,,14.04,,,,,3.7695,,,,4.2768,,,,,,,,,,,,,,,,,,,,,,
2025-04-17,,,,,,,,,,,,,4.5,,2.4,4.5,0.5,,,,,99.376,,,,,,,,64.68,67.96,209.88,215.23,,8365.0,3308.7,473.9,,,,,,,,,,13.557,,14.534,,13.678,,,,,3.7982,,,,4.3249,,,,,,,,,,,,,,,,,,,,,,
2025-04-18,,,,,,,,,,,,,4.5,,2.4,4.5,0.5,,,,,99.23,,,,,,,,,,,,,,,,,,,,,,,,,,,,,,,,,,3.7982,,,,4.3249,,,,,,,,,,,,,,,,,,,,,,
2025-04-21,,,,,,,,,,,,,4.5,,2.4,4.5,0.5,,,,,98.278,,,,,,,,63.08,66.26,206.53,210.89,,8810.0,3406.2,472.85,,,,,,,,,,13.981,,14.805,,13.988,,,,,3.7623,,,,4.4106,,,,,,,,,,,,,,,,,,,,,,
2025-04-22,,,,,,,,,,,,,4.5,,2.4,4.5,0.5,,,,,98.918,,,,,,,,64.31,67.44,209.96,214.86,,9310.0,3400.8,487.8,,,,,,,,,,13.772,,14.702,,13.851,,,,,3.819,,,,4.4008,,,,,,,,,,,,,,,,,,,,,,
2025-04-23,,,,,,,,,,,,,4.5,,2.4,4.5,0.5,,,,,99.844,,,,,,,,62.27,66.12,208.39,212.69,,9104.0,3276.3,484.35,,,,,,,,,,13.506,,14.358,,13.663,,,,,3.8709,,,,4.3812,,,,,,,,,,,,,,,,,,,,,,
2025-04-24,,,,,,,,,,,,,4.5,,2.4,4.5,0.5,,,,,99.377,,,,,,,,62.79,66.55,210.57,214.37,,9391.0,3332.0,485.6,,,,,,,,,,13.198,,14.049,,13.318,,,,,3.7971,,,,4.3149,,,,,,,,,,,,,,,,,,,,,,
2025-04-25,,,,,,,,,,,,,4.5,,2.4,4.5,0.5,,,,,99.471,,,,,,,,63.02,66.87,211.89,216.73,,9652.0,3282.4,484.0,,,,,,,,,,13.142,,13.971,,13.223,,,,,3.748,,,,4.2353,,,,,,,,,,,,,,,,,,,,,,
2025-04-28,,,,,,,,,,,,,4.5,,2.4,4.5,0.5,,,,,99.01,,,,,,,,62.05,65.86,210.58,217.55,,9217.0,3332.5,484.05,,,,,,,,,,13.314,,13.928,,13.324,,,,,3.6928,,,,4.2082,,,,,,,,,,,,,,,,,,,,,,
2025-04-29,,,,,,,,,,,,,4.5,,2.4,4.5,0.5,,,,,99.237,,,,,,,,60.42,64.25,207.12,212.04,,9146.0,3333.6,482.3,,,,,,,,,,13.309,,14.055,,13.43,,,,,3.6499,,,,4.1716,,,,,,,,,,,,,,,,,,,,,,
2025-04-30,,,,,,,,,,,,,4.5,,2.4,4.5,0.5,,,,,99.468,,,,,,,,58.21,63.12,203.7,203.67,,9127.0,3319.1,456.0,,,,,,,,,,13.685,,14.414,,13.758,,,,,3.6027,,,,4.1619,,,,,,,,,,,,,,,,,,,,,,
2025-05-01,,,,,,,,,,,,,4.5,,2.4,4.5,0.5,,,,,100.248,,,,,,,,59.24,62.13,204.92,201.2,,8973.0,3222.2,458.1,,,,,,,,,,13.91,,14.553,,13.931,,,,,3.6987,,,,4.2176,,,,,,,,,,,,,,,,,,,,,,
2025-05-02,,,,,,,,,,,,,4.5,,2.4,4.5,0.5,,,,,100.03,,,,,,,,58.29,61.29,201.99,199.32,,9127.0,3243.3,462.75,,,,,,,,,,13.927,,14.558,,14.009,,,,,3.8239,,,,4.3083,,,,,,,,,,,,,,,,,,,,,,
2025-05-05,,,,,,,,,,,,,4.5,,2.4,4.5,0.5,,,,,99.831,,,,,,,,57.13,60.23,202.28,197.45,,8758.0,3322.3,465.5,,,,,,,,,,14.18,,14.874,,14.24,,,,,3.8323,,,,4.3433,,,,,,,,,,,,,,,,,,,,,,
2025-05-06,,,,,,,,,,,,,4.5,,2.4,4.5,0.5,,,,,99.238,,,,,,,,59.09,62.15,206.45,200.88,,9175.0,3422.8,473.5,,,,,,,,,,13.975,,14.585,,14.06,,,,,3.7827,,,,4.2946,,,,,,,,,,,,,,,,,,,,,,
2025-05-07,,,,,,,,,,,,,4.5,,2.4,4.5,0.5,,,,,99.614,,,,,,,,58.07,61.12,202.78,197.66,,9398.0,3391.9,461.65,,,,,,,,,,13.348,,14.105,,13.593,,,,,3.7765,,,,4.2694,,,,,,,,,,,,,,,,,,,,,,
2025-05-08,,,,,,,,,,,,,4.5,,2.4,4.25,0.5,,,,,100.64,,,,,,,,59.91,62.84,208.54,204.0,,9268.0,3306.0,456.1,,,,,,,,,,13.383,,14.089,,13.584,,,,,3.8739,,,,4.3785,,,,,,,,,,,,,,,,,,,,,,
2025-05-09,,,,,,,,,,,,,4.5,,2.4,4.25,0.5,,,,,100.339,,,,,,,,61.02,63.91,210.84,206.64,,9387.0,3344.0,461.1,,,,,,,,,,13.352,,14.023,,13.583,,,,,3.891,,,,4.3785,,,,,,,,,,,,,,,,,,,,,,
2025-05-12,,,,,,,,,,,,,4.5,,2.4,4.25,0.5,,,,,101.788,,,,,,,,61.95,64.96,213.31,211.11,,9340.0,3228.0,457.85,,,,,,,,,,12.769,,13.567,,13.138,,,,,4.0103,,,,4.4709,,,,,,,,,,,,,,,,,,,,,,
2025-05-13,,,,,,,,,,,,,4.5,,2.4,4.25,0.5,,,,,101.003,,,,,,,,63.67,66.63,216.6,217.13,,10171.0,3247.8,468.15,,,,,,,,,,12.437,,13.265,,12.904,,,,,4.0001,,,,4.465,,,,,,,,,,,,,,,,,,,,,,
2025-05-14,,,,,,,,,,,,,4.5,,2.4,4.25,0.5,,,,,101.039,,,,,,,,63.15,66.09,217.0,220.61,,10129.0,3188.3,461.1,,,,,,,,,,12.476,,13.313,,13.013,,,,,4.0508,,,,4.5363,,,,,,,,,,,,,,,,,,,,,,
2025-05-15,,,,,,,,,,,,,4.5,,2.4,4.25,0.5,,,,,100.879,,,,,,,,61.62,64.53,213.44,216.6,,10257.0,3226.6,464.45,,,,,,,,,,12.465,,13.383,,13.04,,,,,3.9608,,,,4.4315,,,,,,,,,,,,,,,,,,,,,,
2025-05-16,,,,,,,,,,,,,4.5,,2.4,4.25,0.5,,,,,101.092,,,,,,,,62.49,65.41,214.18,214.06,,10898.0,3187.2,455.55,,,,,,,,,,12.385,,13.275,,12.96,,,,,3.9995,,,,4.477,,,,,,,,,,,,,,,,,,,,,,
2025-05-19,,,,,,,,,,,,,4.5,,2.4,4.25,0.5,,,,,100.426,,,,,,,,62.69,65.54,213.88,212.77,,10974.0,3233.5,463.35,,,,,,,,,,12.351,,13.209,,12.908,,,,,3.9765,,,,4.4474,,,,,,,,,,,,,,,,,,,,,,
2025-05-20,,,,,,,,,,,,,4.5,,2.4,4.25,0.5,,,,,100.118,,,,,,,,62.56,65.38,215.21,212.89,,10874.0,3284.6,461.95,,,,,,,,,,12.169,,13.111,,12.859,,,,,3.9704,,,,4.4869,,,,,,,,,,,,,,,,,,,,,,
2025-05-21,,,,,,,,,,,,,4.5,,2.4,4.25,0.5,,,,,99.559,,,,,,,,61.57,64.91,214.98,213.91,,10719.0,3313.5,463.8,,,,,,,,,,12.348,,13.264,,12.93,,,,,4.0194,,,,4.5985,,,,,,,,,,,,,,,,,,,,,,
2025-05-22,,,,,,,,,,,,,4.5,,2.4,4.25,0.5,,,,,99.96,,,,,,,,61.2,64.44,213.12,211.75,,10278.0,3295.0,464.85,,,,,,,,,,12.429,,13.254,,12.989,,,,,3.99,,,,4.5287,,,,,,,,,,,,,,,,,,,,,,
2025-05-23,,,,,,,,,,,,,4.5,,2.4,4.25,0.5,,,,,99.112,,,,,,,,61.53,64.78,210.92,210.48,,9764.0,3365.8,480.65,,,,,,,,,,12.47,,13.36,,13.011,,,,,3.9912,,,,4.511,,,,,,,,,,,,,,,,,,,,,,
2025-05-26,,,,,,,,,,,,,4.5,,2.4,4.25,0.5,,,,,98.934,,,,,,,,,64.74,,,,,,,,,,,,,,,,,,,,,,,,,,,,,,,,,,,,,,,,,,,,,,,,,,,
2025-05-27,,,,,,,,,,,,,4.5,,2.4,4.25,0.5,,,,,99.521,,,,,,,,60.89,64.09,207.15,207.94,,9739.0,3300.4,471.0,,,,,,,,,,12.485,,13.357,,12.983,,,,,3.9808,,,,4.4436,,,,,,,,,,,,,,,,,,,,,,
2025-05-28,,,,,,,,,,,,,4.5,,2.4,4.25,0.5,,,,,99.875,,,,,,,,61.84,64.9,208.92,208.81,,9634.0,3294.9,464.4,,,,,,,,,,12.831,,13.692,,13.229,,,,,3.9901,,,,4.4773,,,,,,,,,,,,,,,,,,,,,,
2025-05-29,,,,,,,,,,,,,4.5,,2.4,4.25,0.5,,,,,99.278,,,,,,,,60.94,64.15,205.94,204.82,,9110.0,3317.1,467.55,,,,,,,,,,12.913,,13.775,,13.291,,,,,3.9386,,,,4.418,,,,,,,,,,,,,,,,,,,,,,
2025-05-30,,,,,,,,,,,,,4.5,,2.4,4.25,0.5,,,,,99.329,,,,,,,,60.79,63.9,203.84,201.72,,9791.0,3288.9,467.75,,,,,,,,,,12.992,,13.784,,13.419,,,,,3.8975,,,,4.4004,,,,,,,,,,,,,,,,,,,,,,
2025-06-02,,,,,,,,,,,,,4.5,,2.4,4.25,0.5,,,,,98.706,,,,,,,,62.52,64.63,205.25,204.45,,9474.0,3370.6,485.85,,,,,,,,,,12.693,,13.52,,13.229,,,,,3.9366,,,,4.4399,,,,,,,,,,,,,,,,,,,,,,
2025-06-03,,,,,,,,,,,,,4.5,,2.4,4.25,0.5,,,,,99.227,,,,,,,,63.41,65.63,207.88,209.99,,9775.0,3350.2,483.4,,,,,,,,,,11.806,,12.824,,12.6,,,,,3.9511,,,,4.4537,,,,,,,,,,,,,,,,,,,,,,
2025-06-04,,,,,,,,,,,,,4.5,,2.4,4.25,0.5,,,,,98.787,,,,,,,,62.85,64.86,203.4,207.01,,9948.0,3373.5,488.65,,,,,,,,,,11.71,,12.668,,12.476,,,,,3.8665,,,,4.3552,,,,,,,,,,,,,,,,,,,,,,
2025-06-05,,,,,,,,,,,,,4.5,,2.15,4.25,0.5,,,,,98.741,,,,,,,,63.37,65.34,206.29,209.45,,10076.0,3350.7,493.3,,,,,,,,,,11.724,,12.665,,12.497,,,,,3.9201,,,,4.3906,,,,,,,,,,,,,,,,,,,,,,
2025-06-06,,,,,,,,,,,,,4.5,,2.15,4.25,0.5,,,,,99.19,,,,,,,,64.58,66.47,207.68,212.53,,10259.0,3322.7,484.8,,,,,,,,,,11.678,,12.633,,12.441,,,,,4.0365,,,,4.5056,,,,,,,,,,,,,,,,,,,,,,
2025-06-09,,,,,,,,,,,,,4.5,,2.15,4.25,0.5,,,,,98.939,,,,,,,,65.29,67.04,209.52,214.64,,10174.0,3332.1,492.5,,,,,,,,,,11.662,,12.588,,12.425,,,,,4.0034,,,,4.4738,,,,,,,,,,,,,,,,,,,,,,
2025-06-10,,,,,,,,,,,,,4.5,,2.15,4.25,0.5,,,,,99.098,,,,,,,,64.98,66.87,208.8,214.16,,9602.0,3320.9,490.0,,,,,,,,,,11.21,,12.274,,12.146,,,,,4.0181,,,,4.4698,,,,,,,,,,,,,,,,,,,,,,
2025-06-11,,,,,,,,,,,,,4.5,,2.15,4.25,0.5,,,,,98.631,,,,,,,,68.15,69.77,216.68,220.53,,9549.0,3321.3,481.45,,,,,,,,,,11.047,,12.237,,12.145,,,,,3.9515,,,,4.4203,,,,,,,,,,,,,,,,,,,,,,
2025-06-12,,,,,,,,,,,,,4.5,,2.15,4.25,0.5,,,,,97.921,,,,,,,,68.04,69.36,214.29,218.87,,9858.0,3380.9,483.55,,,,,,,,,,10.785,,11.999,,11.956,,,,,3.9077,,,,4.3592,,,,,,,,,,,,,,,,,,,,,,
2025-06-13,,,,,,,,,,,,,4.5,,2.15,4.25,0.5,,,,,98.184,,,,,,,,72.98,74.23,222.76,235.87,,9768.0,3431.2,481.45,,,,,,,,,,10.777,,11.969,,11.957,,,,,3.9475,,,,4.3987,,,,,,,,,,,,,,,,,,,,,,
2025-06-16,,,,,,,,,,,,,4.5,,2.15,4.25,0.5,,,,,97.998,,,,,,,,71.77,73.23,221.99,239.33,,10035.0,3396.4,483.6,,,,,,,,,,10.807,,11.986,,11.948,,,,,3.9664,,,,4.4462,,,,,,,,,,,,,,,,,,,,,,
2025-06-17,,,,,,,,,,,,,4.5,,2.15,4.25,0.5,,,,,98.82,,,,,,,,74.84,76.45,227.19,250.51,,9943.0,3386.6,480.9,,,,,,,,,,10.919,,12.063,,12.031,,,,,3.9518,,,,4.3888,,,,,,,,,,,,,,,,,,,,,,
2025-06-18,,,,,,,,,,,,,4.5,,2.15,4.25,0.5,,,,,98.905,,,,,,,,75.14,76.7,230.86,253.34,,9680.0,3389.8,485.3,,,,,,,,,,10.96,,12.14,,12.069,,,,,3.9414,,,,4.3909,,,,,,,,,,,,,,,,,,,,,,
2025-06-19,,,,,,,,,,,,,4.5,,2.15,4.25,0.5,,,,,98.905,,,,,,,,,78.85,,,,,,,,,,,,,,,,,,,,,,,,,3.9414,,,,4.3909,,,,,,,,,,,,,,,,,,,,,,
2025-06-20,,,,,,,,,,,,,4.5,,2.15,4.25,0.5,,,,,98.707,,,,,,,,74.93,77.01,232.95,254.18,,8459.0,3368.1,483.35,,,,,,,,,,10.97,,12.169,,12.086,,,,,3.9077,,,,4.3751,,,,,,,,,,,,,,,,,,,,,,
2025-06-23,,,,,,,,,,,,,4.5,,2.15,4.25,0.5,,,,,98.416,,,,,,,,68.51,71.48,221.82,236.31,,9189.0,3377.7,484.95,,,,,,,,,,10.999,,12.133,,12.067,,,,,3.8633,,,,4.3475,,,,,,,,,,,,,,,,,,,,,,
2025-06-24,,,,,,,,,,,,,4.5,,2.15,4.25,0.5,,,,,97.858,,,,,,,,64.37,67.14,208.57,228.51,,9436.0,3317.4,487.25,,,,,,,,,,10.731,,11.986,,11.913,,,,,3.8251,,,,4.2945,,,,,,,,,,,,,,,,,,,,,,
2025-06-25,,,,,,,,,,,,,4.5,,2.15,4.25,0.5,,,,,97.679,,,,,,,,64.92,67.68,208.24,229.64,,9081.0,3327.1,491.75,,,,,,,,,,10.565,,11.884,,11.889,,,,,3.7807,,,,4.2906,,,,,,,,,,,,,,,,,,,,,,
2025-06-26,,,,,,,,,,,,,4.5,,2.15,4.25,0.5,,,,,97.147,,,,,,,,65.24,67.73,209.9,236.01,,9361.0,3333.5,506.6,,,,,,,,,,10.385,,11.687,,11.66,,,,,3.7193,,,,4.2417,,,,,,,,,,,,,,,,,,,,,,
2025-06-27,,,,,,,,,,,,,4.5,,2.15,4.25,0.5,,,,,97.401,,,,,,,,65.52,67.77,208.98,230.72,,9231.0,3287.6,506.85,,,,,,,,,,10.36,,11.594,,11.626,,,,,3.748,,,,4.2769,,,,,,,,,,,,,,,,,,,,,,
2025-06-30,,,,,,,,,,,,,4.5,,2.15,4.25,0.5,,,,,96.875,,,,,,,,65.11,67.61,207.98,234.58,,9356.0,3307.7,503.0,,,,,,,,,,10.26,,11.476,,11.535,,,,,3.7192,,,,4.228,,,,,,,,,,,,,,,,,,,,,,
2025-07-01,,,,,,,,,,,,,4.5,,2.15,4.25,0.5,,,,,96.819,,,,,,,,65.45,67.11,210.03,232.69,,9000.0,3349.8,504.8,,,,,,,,,,10.157,,11.337,,11.483,,,,,3.7725,,,,4.2416,,,,,,,,,,,,,,,,,,,,,,
2025-07-02,,,,,,,,,,,,,4.5,,2.15,4.25,0.5,,,,,96.776,,,,,,,,67.45,69.11,212.29,241.17,,8904.0,3359.7,514.9,,,,,,,,,,10.254,,11.398,,11.515,,,,,3.7848,,,,4.2769,,,,,,,,,,,,,,,,,,,,,,
2025-07-03,,,,,,,,,,,,,4.5,,2.15,4.25,0.5,,,,,97.18,,,,,,,,67.0,68.8,211.86,236.98,,8780.0,3342.9,509.7,,,,,,,,,,10.25,,11.399,,11.491,,,,,3.8799,,,,4.3457,,,,,,,,,,,,,,,,,,,,,,
2025-07-04,,,,,,,,,,,,,4.5,,2.15,4.25,0.5,,,,,97.18,,,,,,,,,68.3,,,,,,,,,,,,,,,,,,,,,,,,,3.8799,,,,4.3457,,,,,,,,,,,,,,,,,,,,,,
2025-07-07,,,,,,,,,,,,,4.5,,2.15,4.25,0.5,,,,,97.48,,,,,,,,67.93,69.58,215.22,242.11,,8879.0,3342.8,498.45,,,,,,,,,,10.338,,11.478,,11.593,,,,,3.8946,,,,4.3794,,,,,,,,,,,,,,,,,,,,,,
2025-07-08,,,,,,,,,,,,,4.5,,2.15,4.25,0.5,,,,,97.516,,,,,,,,68.33,70.15,218.5,244.13,,8760.0,3316.9,564.5,,,,,,,,,,10.388,,11.494,,11.583,,,,,3.8905,,,,4.3992,,,,,,,,,,,,,,,,,,,,,,
2025-07-09,,,,,,,,,,,,,4.5,,2.15,4.25,0.5,,,,,97.555,,,,,,,,68.38,70.19,218.79,240.92,,9046.0,3321.0,544.35,,,,,,,,,,10.295,,11.402,,11.542,,,,,3.8429,,,,4.332,,,,,,,,,,,,,,,,,,,,,,
2025-07-10,,,,,,,,,,,,,4.5,,2.15,4.25,0.5,,,,,97.652,,,,,,,,66.57,68.64,215.24,238.35,,8742.0,3325.7,554.8,,,,,,,,,,10.396,,11.466,,11.601,,,,,3.8721,,,,4.3498,,,,,,,,,,,,,,,,,,,,,,
2025-07-11,,,,,,,,,,,,,4.5,,2.15,4.25,0.5,,,,,97.853,,,,,,,,68.45,70.36,218.7,244.74,,8840.0,3364.0,556.2,,,,,,,,,,10.671,,11.632,,11.765,,,,,3.885,,,,4.4093,,,,,,,,,,,,,,,,,,,,,,
2025-07-14,,,,,,,,,,,,,4.5,,2.15,4.25,0.5,,,,,98.081,,,,,,,,66.98,69.21,216.54,238.98,,8950.0,3359.1,551.5,,,,,,,,,,10.806,,11.715,,11.91,,,,,3.8998,,,,4.4333,,,,,,,,,,,,,,,,,,,,,,
2025-07-15,,,,,,,,,,,,,4.5,,2.15,4.25,0.5,,,,,98.616,,,,,,,,66.52,68.71,216.96,240.52,,8567.0,3336.7,554.6,,,,,,,,,,10.759,,11.661,,11.909,,,,,3.9398,,,,4.4813,,,,,,,,,,,,,,,,,,,,,,
2025-07-16,,,,,,,,,,,,,4.5,,2.15,4.25,0.5,,,,,98.392,,,,,,,,66.38,68.52,214.4,239.15,,8322.0,3359.1,549.65,,,,,,,,,,10.886,,11.808,,12.034,,,,,3.8917,,,,4.4553,,,,,,,,,,,,,,,,,,,,,,
2025-07-17,,,,,,,,,,,,,4.5,,2.15,4.25,0.5,,,,,98.734,,,,,,,,67.54,69.52,217.04,246.46,,7309.0,3345.3,548.6,,,,,,,,,,10.772,,11.698,,11.98,,,,,3.9045,,,,4.4513,,,,,,,,,,,,,,,,,,,,,,
2025-07-18,,,,,,,,,,,,,4.5,,2.15,4.25,0.5,,,,,98.482,,,,,,,,67.34,69.28,215.34,245.3,,7800.0,3358.3,557.8,,,,,,,,,,10.444,,11.529,,11.89,,,,,3.8691,,,,4.4155,,,,,,,,,,,,,,,,,,,,,,
2025-07-21,,,,,,,,,,,,,4.5,,2.15,4.25,0.5,,,,,97.853,,,,,,,,67.2,69.21,213.19,250.92,,8156.0,3406.4,561.05,,,,,,,,,,10.358,,11.377,,11.759,,,,,3.8608,,,,4.3777,,,,,,,,,,,,,,,,,,,,,,
2025-07-22,,,,,,,,,,,,,4.5,,2.15,4.25,0.5,,,,,97.392,,,,,,,,66.21,68.59,210.19,245.18,,8149.0,3443.7,569.7,,,,,,,,,,10.417,,11.461,,11.831,,,,,3.8334,,,,4.344,,,,,,,,,,,,,,,,,,,,,,
2025-07-23,,,,,,,,,,,,,4.5,,2.15,4.25,0.5,,,,,97.214,,,,,,,,65.25,68.51,212.13,244.9,,8440.0,3397.6,579.5,,,,,,,,,,10.351,,11.415,,11.795,,,,,3.88,,,,4.3798,,,,,,,,,,,,,,,,,,,,,,
2025-07-24,,,,,,,,,,,,,4.5,,2.15,4.25,0.5,,,,,97.377,,,,,,,,66.03,69.18,210.42,241.29,,8124.0,3373.5,577.7,,,,,,,,,,10.221,,11.32,,11.774,,,,,3.9162,,,,4.3957,,,,,,,,,,,,,,,,,,,,,,
2025-07-25,,,,,,,,,,,,,4.5,,2.15,4.25,0.5,,,,,97.645,,,,,,,,65.16,68.44,209.7,240.62,,8329.0,3335.6,576.35,,,,,,,,,,10.183,,11.263,,11.736,,,,,3.9232,,,,4.3878,,,,,,,,,,,,,,,,,,,,,,
2025-07-28,,,,,,,,,,,,,4.5,,2.15,4.25,0.5,,,,,98.634,,,,,,,,66.71,70.04,213.52,242.66,,8518.0,3310.0,559.5,,,,,,,,,,10.156,,11.213,,11.725,,,,,3.9255,,,,4.4098,,,,,,,,,,,,,,,,,,,,,,
2025-07-29,,,,,,,,,,,,,4.5,,2.15,4.25,0.5,,,,,98.886,,,,,,,,69.21,72.51,221.84,246.38,,8220.0,3324.0,560.35,,,,,,,,,,10.109,,11.178,,11.688,,,,,3.8689,,,,4.3204,,,,,,,,,,,,,,,,,,,,,,
2025-07-30,,,,,,,,,,,,,4.5,,2.15,4.25,0.5,,,,,99.815,,,,,,,,70.0,73.24,226.91,241.85,,8192.0,3295.8,558.6,,,,,,,,,,10.113,,11.18,,11.696,,,,,3.9406,,,,4.37,,,,,,,,,,,,,,,,,,,,,,
2025-07-31,,,,,,,,,,,,,4.5,,2.15,4.25,0.5,,,,,99.968,,,,,,,,69.26,72.53,221.56,239.95,,8506.0,3293.2,435.45,,,,,,,,,,10.09,,11.169,,11.699,,,,,3.9571,,,,4.374,,,,,,,,,,,,,,,,,,,,,,
2025-08-01,,,,,,,,,,,,,4.5,,2.15,4.25,0.5,,,,,99.141,,,,,,,,67.33,69.67,211.86,229.99,,8232.0,3347.7,443.55,,,,,,,,,,10.306,,11.344,,11.826,,,,,3.6817,,,,4.2159,,,,,,,,,,,,,,,,,,,,,,
2025-08-04,,,,,,,,,,,,,4.5,,2.15,4.25,0.5,,,,,98.784,,,,,,,,66.29,68.76,210.22,231.76,,8102.0,3374.4,443.75,,,,,,,,,,10.278,,11.301,,11.797,,,,,3.6752,,,,4.1923,,,,,,,,,,,,,,,,,,,,,,
2025-08-05,,,,,,,,,,,,,4.5,,2.15,4.25,0.5,,,,,98.782,,,,,,,,65.16,67.64,209.15,225.02,,8363.0,3381.9,438.6,,,,,,,,,,10.247,,11.287,,11.767,,,,,3.7242,,,,4.21,,,,,,,,,,,,,,,,,,,,,,
2025-08-06,,,,,,,,,,,,,4.5,,2.15,4.25,0.5,,,,,98.177,,,,,,,,64.35,66.89,209.04,226.28,,8470.0,3380.0,441.3,,,,,,,,,,10.224,,11.287,,11.71,,,,,3.7137,,,,4.2257,,,,,,,,,,,,,,,,,,,,,,
2025-08-07,,,,,,,,,,,,,4.5,,2.15,4.0,0.5,,,,,98.4,,,,,,,,63.88,66.43,207.75,226.68,,8644.0,3400.3,439.85,,,,,,,,,,10.226,,11.32,,11.709,,,,,3.7279,,,,4.25,,,,,,,,,,,,,,,,,,,,,,
2025-08-08,,,,,,,,,,,,,4.5,,2.15,4.0,0.5,,,,,98.18,,,,,,,,63.88,66.59,208.61,227.93,,8526.0,3439.1,447.15,,,,,,,,,,10.258,,11.354,,11.754,,,,,3.7624,,,,4.2829,,,,,,,,,,,,,,,,,,,,,,
2025-08-11,,,,,,,,,,,,,4.5,,2.15,4.0,0.5,,,,,98.52,,,,,,,,63.96,66.63,207.66,229.1,,8778.0,3353.1,444.0,,,,,,,,,,10.185,,11.352,,11.72,,,,,3.7684,,,,4.2849,,,,,,,,,,,,,,,,,,,,,,
2025-08-12,,,,,,,,,,,,,4.5,,2.15,4.0,0.5,,,,,98.097,,,,,,,,63.17,66.12,207.44,224.41,,8793.0,3348.9,452.55,,,,,,,,,,10.037,,11.263,,11.609,,,,,3.7308,,,,4.2888,,,,,,,,,,,,,,,,,,,,,,
2025-08-13,,,,,,,,,,,,,4.5,,2.15,4.0,0.5,,,,,97.84,,,,,,,,62.65,65.63,207.04,224.28,,8566.0,3358.7,449.75,,,,,,,,,,9.831,,11.086,,11.442,,,,,3.6745,,,,4.2326,,,,,,,,,,,,,,,,,,,,,,
2025-08-14,,,,,,,,,,,,,4.5,,2.15,4.0,0.5,,,,,98.254,,,,,,,,63.96,66.84,210.92,223.45,,8225.0,3335.2,447.95,,,,,,,,,,9.92,,11.164,,11.508,,,,,3.7324,,,,4.2849,,,,,,,,,,,,,,,,,,,,,,
2025-08-15,,,,,,,,,,,,,4.5,,2.15,4.0,0.5,,,,,97.852,,,,,,,,62.8,65.85,207.25,222.5,,8235.0,3336.0,449.25,,,,,,,,,,9.928,,11.175,,11.525,,,,,3.7505,,,,4.316,,,,,,,,,,,,,,,,,,,,,,
2025-08-18,,,,,,,,,,,,,4.5,,2.15,4.0,0.5,,,,,98.167,,,,,,,,63.42,66.6,209.87,224.03,,8047.0,3331.7,447.1,,,,,,,,,,9.914,,11.131,,11.504,,,,,3.7629,,,,4.3335,,,,,,,,,,,,,,,,,,,,,,
2025-08-19,,,,,,,,,,,,,4.5,,2.15,4.0,0.5,,,,,98.265,,,,,,,,62.35,65.79,208.9,225.11,,8012.0,3313.4,442.25,,,,,,,,,,9.844,,11.078,,11.438,,,,,3.748,,,,4.3062,,,,,,,,,,,,,,,,,,,,,,
2025-08-20,,,,,,,,,,,,,4.5,,2.15,4.0,0.5,,,,,98.218,,,,,,,,63.21,66.84,212.83,227.96,,7675.0,3343.4,444.0,,,,,,,,,,9.792,,11.075,,11.391,,,,,3.7478,,,,4.2907,,,,,,,,,,,,,,,,,,,,,,
2025-08-21,,,,,,,,,,,,,4.5,,2.15,4.0,0.5,,,,,98.619,,,,,,,,63.52,67.67,215.97,232.51,,7435.0,3336.9,444.35,,,,,,,,,,9.742,,11.089,,11.365,,,,,3.7918,,,,4.3277,,,,,,,,,,,,,,,,,,,,,,
2025-08-22,,,,,,,,,,,,,4.5,,2.15,4.0,0.5,,,,,97.716,,,,,,,,63.66,67.73,215.85,230.81,,7582.0,3374.4,445.9,,,,,,,,,,9.643,,11.011,,11.303,,,,,3.6963,,,,4.2537,,,,,,,,,,,,,,,,,,,,,,
2025-08-25,,,,,,,,,,,,,4.5,,2.15,4.0,0.5,,,,,98.43,,,,,,,,64.8,68.8,214.83,234.75,,7957.0,3373.8,447.75,,,,,,,,,,9.579,,10.983,,11.3,,,,,3.7235,,,,4.2751,,,,,,,,,,,,,,,,,,,,,,
2025-08-26,,,,,,,,,,,,,4.5,,2.15,4.0,0.5,,,,,98.225,,,,,,,,63.25,67.22,212.23,228.05,,7532.0,3388.6,445.95,,,,,,,,,,9.571,,11.034,,11.283,,,,,3.6789,,,,4.2615,,,,,,,,,,,,,,,,,,,,,,
2025-08-27,,,,,,,,,,,,,4.5,,2.15,4.0,0.5,,,,,98.232,,,,,,,,64.15,68.05,214.89,229.53,,7731.0,3404.6,442.0,,,,,,,,,,9.567,,11.041,,11.297,,,,,3.6085,,,,4.2343,,,,,,,,,,,,,,,,,,,,,,
2025-08-28,,,,,,,,,,,,,4.5,,2.15,4.0,0.5,,,,,97.813,,,,,,,,64.6,68.62,219.91,230.98,,7738.0,3445.8,446.35,,,,,,,,,,9.524,,11.008,,11.271,,,,,3.629,,,,4.2033,,,,,,,,,,,,,,,,,,,,,,
2025-08-29,,,,,,,,,,,,,4.5,,2.15,4.0,0.5,,,,,97.771,,,,,,,,64.01,68.12,218.76,226.67,,7635.0,3487.2,451.85,,,,,,,,,,9.471,,10.975,,11.247,,,,,3.6167,,,,4.2284,,,,,,,,,,,,,,,,,,,,,,
2025-09-01,,,,,,,,,,,,,4.5,,2.15,4.0,0.5,,,,,97.771,,,,,,,,,68.15,,,,,,,,,,,,,,,,,,,,,,,,,3.6167,,,,4.2284,,,,,,,,,,,,,,,,,,,,,,
2025-09-02,,,,,,,,,,,,,4.5,,2.15,4.0,0.5,,,,,98.397,,,,,,,,65.59,69.14,204.28,237.44,,7420.0,3562.9,456.95,,,,,,,,,,9.573,,11.061,,11.294,,,,,3.6392,,,,4.2614,,,,,,,,,,,,,,,,,,,,,,
2025-09-03,,,,,,,,,,,,,4.5,,2.15,4.0,0.5,,,,,98.142,,,,,,,,63.97,67.6,201.2,236.09,,7475.0,3606.1,455.85,,,,,,,,,,9.418,,10.926,,11.224,,,,,3.6166,,,,4.2168,,,,,,,,,,,,,,,,,,,,,,
2025-09-04,,,,,,,,,,,,,4.5,,2.15,4.0,0.5,,,,,98.347,,,,,,,,63.48,66.99,200.95,233.07,,7205.0,3577.3,448.8,,,,,,,,,,9.232,,10.739,,11.064,,,,,3.5878,,,,4.1607,,,,,,,,,,,,,,,,,,,,,,
2025-09-05,,,,,,,,,,,,,4.5,,2.15,4.0,0.5,,,,,97.768,,,,,,,,61.87,65.5,196.42,228.7,,7382.0,3624.0,448.25,,,,,,,,,,8.965,,10.523,,10.852,,,,,3.5092,,,,4.0742,,,,,,,,,,,,,,,,,,,,,,
2025-09-08,,,,,,,,,,,,,4.5,,2.15,4.0,0.5,,,,,97.454,,,,,,,,62.26,66.02,195.86,231.19,,7131.0,3648.5,449.05,,,,,,,,,,8.998,,10.607,,10.852,,,,,3.4863,,,,4.0398,,,,,,,,,,,,,,,,,,,,,,
2025-09-09,,,,,,,,,,,,,4.5,,2.15,4.0,0.5,,,,,97.788,,,,,,,,62.63,66.39,199.25,231.99,,7270.0,3653.3,450.1,,,,,,,,,,9.03,,10.68,,10.864,,,,,3.5584,,,,4.0875,,,,,,,,,,,,,,,,,,,,,,
2025-09-10,,,,,,,,,,,,,4.5,,2.15,4.0,0.5,,,,,97.78,,,,,,,,63.67,67.49,200.8,233.37,,7356.0,3653.1,455.0,,,,,,,,,,8.896,,10.568,,10.745,,,,,3.5438,,,,4.0454,,,,,,,,,,,,,,,,,,,,,,
2025-09-11,,,,,,,,,,,,,4.5,,2.15,4.0,0.5,,,,,97.531,,,,,,,,62.37,66.37,197.93,228.19,,7451.0,3645.0,459.05,,,,,,,,,,8.679,,10.355,,10.557,,,,,3.5415,,,,4.0206,,,,,,,,,,,,,,,,,,,,,,
2025-09-12,,,,,,,,,,,,,4.5,,2.15,4.0,0.5,,,,,97.55,,,,,,,,62.69,66.99,198.54,229.0,,7315.0,3657.3,458.85,,,,,,,,,,8.701,,10.345,,10.566,,,,,3.5556,,,,4.0643,,,,,,,,,,,,,,,,,,,,,,
2025-09-15,,,,,,,,,,,,,4.5,,2.15,4.0,0.5,,,,,97.302,,,,,,,,63.3,67.44,201.34,233.11,,7539.0,3689.5,465.55,,,,,,,,,,8.56,,10.208,,10.423,,,,,3.5368,,,,4.0375,,,,,,,,,,,,,,,,,,,,,,
2025-09-16,,,,,,,,,,,,,4.5,,2.15,4.0,0.5,,,,,96.633,,,,,,,,64.52,68.47,204.16,239.35,,7371.0,3695.5,463.3,,,,,,,,,,8.904,,10.501,,10.662,,,,,3.5033,,,,4.0279,,,,,,,,,,,,,,,,,,,,,,
2025-09-17,,,,,,,,,,,,,4.25,,2.15,4.0,0.5,,,,,96.873,,,,,,,,64.05,67.95,202.87,235.48,,7385.0,3688.0,457.1,,,,,,,,,,9.017,,10.525,,10.623,,,,,3.5531,,,,4.0872,,,,,,,,,,,,,,,,,,,,,,
2025-09-18,,,,,,,,,,,,,4.25,,2.15,4.0,0.5,,,,,97.348,,,,,,,,63.57,67.44,201.14,234.0,,7233.0,3648.7,454.1,,,,,,,,,,9.592,,10.933,,10.912,,,,,3.5635,,,,4.1044,,,,,,,,,,,,,,,,,,,,,,
2025-09-19,,,,,,,,,,,,,4.25,,2.15,4.0,0.5,,,,,97.644,,,,,,,,62.68,66.68,197.07,229.89,,7243.0,3676.0,456.9,,,,,,,,,,10.2,,11.433,,11.291,,,,,3.5715,,,,4.1274,,,,,,,,,,,,,,,,,,,,,,
2025-09-22,,,,,,,,,,,,,4.25,,2.15,4.0,0.5,,,,,97.341,,,,,,,,62.64,66.57,197.82,229.23,,6959.0,3744.8,457.3,,,,,,,,,,9.597,,10.977,,10.977,,,,,3.603,,,,4.1467,,,,,,,,,,,,,,,,,,,,,,
2025-09-23,,,,,,,,,,,,,4.25,,2.15,4.0,0.5,,,,,97.264,,,,,,,,63.41,67.63,199.91,232.8,,6992.0,3784.2,458.45,,,,,,,,,,9.108,,10.595,,10.653,,,,,3.586,,,,4.1061,,,,,,,,,,,,,,,,,,,,,,
2025-09-24,,,,,,,,,,,,,4.25,,2.15,4.0,0.5,,,,,97.873,,,,,,,,64.99,69.31,201.88,237.72,,7048.0,3735.0,475.25,,,,,,,,,,8.977,,10.546,,10.624,,,,,3.6041,,,,4.1466,,,,,,,,,,,,,,,,,,,,,,
2025-09-25,,,,,,,,,,,,,4.25,,2.15,4.0,0.5,,,,,98.553,,,,,,,,64.98,69.42,200.22,242.65,,6925.0,3738.7,470.0,,,,,,,,,,9.009,,10.598,,10.649,,,,,3.6553,,,,4.1698,,,,,,,,,,,,,,,,,,,,,,
2025-09-26,,,,,,,,,,,,,4.25,,2.15,4.0,0.5,,,,,98.152,,,,,,,,65.72,70.13,203.76,242.89,,6908.0,3776.2,471.55,,,,,,,,,,9.073,,10.63,,10.687,,,,,3.643,,,,4.1755,,,,,,,,,,,,,,,,,,,,,,
2025-09-29,,,,,,,,,,,,,4.25,,2.15,4.0,0.5,,,,,97.906,,,,,,,,63.45,67.97,199.51,235.66,,6998.0,3820.9,489.2,,,,,,,,,,9.303,,10.794,,10.845,,,,,3.6205,,,,4.1387,,,,,,,,,,,,,,,,,,,,,,
2025-09-30,6688.46,,,5529.96,,,,,44932.63,,3882.777,146237.02,4.25,,2.15,4.0,0.5,,,,,97.775,,,,7.1224,,,,62.37,67.02,197.29,233.25,,6749.0,3840.8,485.65,,,,,,,,,,9.832,,11.189,,11.098,,,,,3.6083,,,,4.1503,,,,,,,,,,,,,,,,,,,,,,
2025-10-01,6711.2,,,5581.21,,,,,44550.85,,,145517.35,4.25,,2.15,4.0,0.5,,,,,97.706,,,,,,,,61.78,65.35,188.59,230.19,,6675.0,3867.5,488.25,,,,,,,,,,9.733,,11.028,,10.942,,,,,3.5347,,,,4.0981,,,,,,,,,,,,,,,,,,,,,,
2025-10-02,6715.35,,,5645.81,,,,,44936.73,,,143949.64,4.25,,2.15,4.0,0.5,,,,,97.846,,,,,,,,60.48,64.11,185.1,224.35,,6481.0,3839.7,494.95,,,,,,,,,,9.697,,11.024,,10.921,,,,,3.5388,,,,4.0827,,,,,,,,,,,,,,,,,,,,,,
2025-10-03,6715.79,,,5651.71,,,,,45769.5,,,144200.65,4.25,,2.15,4.0,0.5,,,,,97.723,,,,,,,,60.88,64.53,186.05,223.63,,6190.0,3880.8,510.9,,,,,,,,,,9.75,,11.097,,10.955,,,,,3.5759,,,,4.1192,,,,,,,,,,,,,,,,,,,,,,
2025-10-06,6740.28,,,5628.72,,,,,47944.76,26957.77,,143608.08,4.25,,2.15,4.0,0.5,,,,,98.108,,,,,,,,61.69,65.47,190.16,224.43,,6283.0,3948.5,503.8,,,,,,,,,,9.896,,11.217,,11.101,,,,,3.5883,,,,4.152,,,,,,,,,,,,,,,,,,,,,,
2025-10-07,6714.59,22788.36,46602.98,5613.62,24385.78,9483.58,7974.85,15527.0,47950.88,,,141356.43,4.25,4.09,2.15,4.0,0.5,4.0837,3.9353,3.7965,3.6014,98.578,1.1657,1.3426,151.9,,3875.21,5.3505,18.3914,61.73,65.45,189.39,226.53,3.498,6179.0,3976.6,509.75,1022.0,4230.0,582.75,195.0,88.401,,74.161,,65.546,9.991,,11.326,,11.223,4.0907,3.9138,3.8071,3.6414,3.5636,3.5779,3.7011,3.8955,4.123,4.7231,1.9664,2.2621,2.7056,3.2692,3.881,3.983,4.148,4.299,4.719,5.155,5.416,5.534,0.4783,0.7292,0.902,1.0032,1.249,1.4658,1.7525,3.0125,3.5612
2025-10-08,6753.72,,,5649.73,,,,,47734.99,,,142145.38,4.25,,2.15,4.0,0.5,,,,,98.915,,,,,,,,62.55,66.25,190.95,229.13,,6000.0,4043.3,509.45,,,,,,,,,,10.216,,11.532,,11.427,,,,,3.5802,,,,4.1171,,,,,,,,,,,,,,,,,,,,,,
2025-10-09,6735.11,,,5625.56,,,,,48580.44,,,141708.19,4.25,,2.15,4.0,0.5,,,,,99.538,,,,,,,,61.51,65.22,188.26,228.03,,5945.0,3946.3,512.3,,,,,,,,,,9.823,,11.17,,11.28,,,,,3.5927,,,,4.1384,,,,,,,,,,,,,,,,,,,,,,
2025-10-10,6552.51,,,5531.32,,,,,48088.8,,,140680.34,4.25,,2.15,4.0,0.5,,,,,98.978,,,,,,,,58.9,62.73,182.04,220.44,,5848.0,3975.9,489.4,,,,,,,,,,10.325,,11.737,,11.786,,,,,3.5015,,,,4.0322,,,,,,,,,,,,,,,,,,,,,,
2025-10-13,6654.72,,,5568.19,,,,,,,,141783.36,4.25,,2.15,4.0,0.5,,,,,99.269,,,,,,,,59.49,63.32,184.38,224.97,,5822.0,4108.6,514.4,,,,,,,,,,,,,,,,,,,3.5015,,,,4.0322,,,,,,,,,,,,,,,,,,,,,,
2025-10-14,6644.31,,,5552.05,,,,,46847.32,,,141682.99,4.25,,2.15,4.0,0.5,,,,,99.047,,,,,,,,58.7,62.39,182.86,219.76,,5899.0,4138.7,502.3,,,,,,,,,,10.045,,11.349,,11.49,,,,,3.4807,,,,4.0321,,,,,,,,,,,,,,,,,,,,,,
2025-10-15,6671.06,,,5605.03,,,,,47672.67,,,142603.66,4.25,,2.15,4.0,0.5,,,,,98.793,,,,,,,,58.27,61.91,183.44,217.48,,5809.0,4176.9,501.45,,,,,,,,,,9.931,,11.288,,11.408,,,,,3.4973,,,,4.0282,,,,,,,,,,,,,,,,,,,,,,
2025-10-16,6629.07,,,5652.01,,,,,48277.74,,,142200.02,4.25,,2.15,4.0,0.5,,,,,98.336,,,,,,,,57.46,61.06,181.17,215.35,,5991.0,4280.2,499.9,,,,,,,,,,9.774,,11.173,,11.251,,,,,3.4243,,,,3.9745,,,,,,,,,,,,,,,,,,,,,,
2025-10-17,6664.01,,,5607.39,,,,,47582.15,,,143398.63,4.25,,2.15,4.0,0.5,,,,,98.433,,,,,,,,57.54,61.29,183.77,218.0,,5895.0,4189.9,496.95,,,,,,,,,,9.772,,11.163,,11.24,,,,,3.4573,,,,4.0088,,,,,,,,,,,,,,,,,,,,,,
2025-10-20,6735.13,,,5680.93,,,,,49185.5,,,144509.32,4.25,,2.15,4.0,0.5,,,,,98.586,,,,,,,,57.52,61.01,183.02,219.21,,5899.0,4336.4,503.6,,,,,,,,,,9.8,,11.201,,11.228,,,,,3.4552,,,,3.98,,,,,,,,,,,,,,,,,,,,,,
2025-10-21,6735.35,,,5686.83,,,,,49316.06,,,144085.15,4.25,,2.15,4.0,0.5,,,,,98.934,,,,,,,,57.82,61.32,182.53,220.58,,5916.0,4087.7,496.6,,,,,,,,,,9.845,,11.255,,11.25,,,,,3.4551,,,,3.9627,,,,,,,,,,,,,,,,,,,,,,
2025-10-22,6699.4,,,5639.21,,,,,49307.79,,,144872.79,4.25,,2.15,4.0,0.5,,,,,98.897,,,,,,,,58.5,62.59,186.5,224.96,,6298.0,4044.4,499.55,,,,,,,,,,9.827,,11.232,,11.23,,,,,3.4445,,,,3.9493,,,,,,,,,,,,,,,,,,,,,,
2025-10-23,6738.44,,,5668.33,,,,,48641.61,,,145720.98,4.25,,2.15,4.0,0.5,,,,,98.936,,,,,,,,61.79,65.99,192.69,240.3,,6339.0,4125.5,511.05,,,,,,,,,,9.482,,10.941,,10.924,,,,,3.4885,,,,4.0009,,,,,,,,,,,,,,,,,,,,,,
2025-10-24,6791.69,,,5674.5,,,,,49299.65,,,146172.21,4.25,,2.15,4.0,0.5,,,,,98.952,,,,,,,,61.5,65.94,192.27,240.31,,6319.0,4118.4,512.25,,,,,,,,,,9.415,,10.918,,10.879,,,,,3.4799,,,,4.0007,,,,,,,,,,,,,,,,,,,,,,
2025-10-27,6875.16,,,5711.06,,,,,50512.32,,,146969.1,4.25,,2.15,4.0,0.5,,,,,98.783,,,,,,,,61.31,65.62,192.04,243.61,,6182.0,4001.9,517.15,,,,,,,,,,9.197,,10.77,,10.718,,,,,3.4905,,,,3.9795,,,,,,,,,,,,,,,,,,,,,,
2025-10-28,6890.89,,,5704.35,,,,,50219.18,,,147428.9,4.25,,2.15,4.0,0.5,,,,,98.667,,,,,,,,60.15,64.4,192.52,238.72,,6002.0,3966.2,517.1,,,,,,,,,,9.211,,10.773,,10.739,,,,,3.4898,,,,3.9756,,,,,,,,,,,,,,,,,,,,,,
2025-10-29,6890.59,,,5705.81,,,,,51307.65,,,148632.93,4.0,,2.15,4.0,0.5,,,,,99.22,,,,,,,,60.48,64.92,197.37,242.43,,6044.0,3983.7,526.35,,,,,,,,,,9.209,,10.792,,10.754,,,,,3.598,,,,4.0757,,,,,,,,,,,,,,,,,,,,,,
2025-10-30,6822.34,,,5699.18,,,,,51325.61,,,148780.22,4.0,,2.15,4.0,0.5,,,,,99.526,,,,,,,,60.57,65.0,200.34,246.0,,6058.0,4015.9,510.4,,,,,,,,,,9.24,,10.832,,10.791,,,,,3.6082,,,,4.097,,,,,,,,,,,,,,,,,,,,,,
2025-10-31,6840.2,,,5662.04,,,,,52411.34,,,149540.43,4.0,,2.15,4.0,0.5,,,,,99.804,,,,,,,,60.98,,199.31,243.12,,6151.0,3996.5,508.9,,,,,,,,,,9.193,,10.823,,10.761,,,,,3.5736,,,,4.0775,,,,,,,,,,,,,,,,,,,,,,
2025-11-03,6851.97,,,5679.25,,,,,,,,150454.24,4.0,,2.15,4.0,0.5,,,,,99.873,,,,,,,,61.05,64.89,191.61,240.53,,6559.0,4014.0,506.9,,,,,,,,,,9.201,,10.847,,10.767,,,,,3.6045,,,,4.1104,,,,,,,,,,,,,,,,,,,,,,
2025-11-04,6771.55,,,5660.2,,,,,51497.2,,,150704.2,4.0,,2.15,4.0,0.5,,,,,100.224,,,,,,,,60.56,64.44,192.28,244.46,,6600.0,3960.5,494.85,,,,,,,,,,9.226,,10.991,,10.873,,,,,3.5758,,,,4.0852,,,,,,,,,,,,,,,,,,,,,,
2025-11-05,6796.29,,,5669.13,,,,,50212.27,,,153294.44,4.0,,2.15,4.0,0.5,,,,,100.204,,,,,,,,59.6,63.52,190.93,243.25,,6396.0,3992.9,498.6,,,,,,,,,,9.114,,10.876,,10.814,,,,,3.6295,,,,4.1591,,,,,,,,,,,,,,,,,,,,,,
2025-11-06,6720.32,,,5611.18,,,,,50883.68,,,153338.63,4.0,,2.15,4.0,0.5,,,,,99.733,,,,,,,,59.43,63.38,196.56,249.61,,6185.0,3991.0,496.75,,,,,,,,,,8.72,,10.533,,10.591,,,,,3.5553,,,,4.0831,,,,,,,,,,,,,,,,,,,,,,
2025-11-07,6728.8,,,5566.53,,,,,50276.37,,,154063.53,4.0,,2.15,4.0,0.5,,,,,99.603,,,,,,,,59.75,63.63,194.03,248.21,,6013.0,4009.8,495.7,,,,,,,,,,8.684,,10.47,,10.553,,,,,3.5616,,,,4.0966,,,,,,,,,,,,,,,,,,,,,,
2025-11-10,6832.43,,,5664.46,,,,,50911.76,,,155257.31,4.0,,2.15,4.0,0.5,,,,,99.589,,,,,,,,60.13,64.06,197.11,251.04,,6102.0,4122.0,510.6,,,,,,,,,,8.539,,10.301,,10.437,,,,,3.5908,,,,4.116,,,,,,,,,,,,,,,,,,,,,,
2025-11-11,6846.61,,,5725.7,,,,,50842.93,,,157748.6,4.0,,2.15,4.0,0.5,,,,,99.443,,,,,,,,61.04,65.16,201.2,257.57,,5829.0,4116.3,506.6,,,,,,,,,,,,,,,,,,,3.5908,,,,4.116,,,,,,,,,,,,,,,,,,,,,,
2025-11-12,6850.92,,,5787.31,,,,,51063.31,,,157632.9,4.0,,2.15,4.0,0.5,,,,,99.495,,,,,,,,58.49,62.71,195.54,248.16,,5625.0,4213.6,510.55,,,,,,,,,,8.399,,10.092,,10.317,,,,,3.568,,,,4.0693,,,,,,,,,,,,,,,,,,,,,,
2025-11-13,6737.49,,,5742.79,,,,,51281.83,,,157162.43,4.0,,2.15,4.0,0.5,,,,,99.156,,,,,,,,58.69,63.01,195.97,246.47,,5487.0,4194.5,510.2,,,,,,,,,,8.404,,10.052,,10.251,,,,,3.5909,,,,4.1192,,,,,,,,,,,,,,,,,,,,,,
2025-11-14,6734.11,,,5693.77,,,,,50376.53,,,157738.69,4.0,,2.15,4.0,0.5,,,,,99.299,,,,,,,,60.09,64.39,201.16,253.11,,5287.0,4094.2,506.3,,,,,,,,,,8.482,,10.102,,10.294,,,,,3.6058,,,,4.1483,,,,,,,,,,,,,,,,,,,,,,
2025-11-17,6672.41,,,5640.94,,,,,50323.91,,,156992.93,4.0,,2.15,4.0,0.5,,,,,99.588,,,,,,,,59.91,64.2,199.01,254.7,,5264.0,4074.5,501.2,,,,,,,,,,8.937,,10.513,,10.596,,,,,3.6101,,,,4.1386,,,,,,,,,,,,,,,,,,,,,,
2025-11-18,6617.32,,,5534.71,,,,,48702.98,,,156522.13,4.0,,2.15,4.0,0.5,,,,,99.55,,,,,,,,60.74,64.89,199.93,270.11,,5262.0,4066.5,497.4,,,,,,,,,,9.026,,10.577,,10.635,,,,,3.5725,,,,4.1134,,,,,,,,,,,,,,,,,,,,,,
2025-11-19,6642.16,,,5542.05,,,,,48537.7,,,155380.66,4.0,,2.15,4.0,0.5,,,,,100.228,,,,,,,,59.44,63.51,193.21,263.57,,4943.0,4082.8,501.85,,,,,,,,,,8.864,,10.42,,10.523,,,,,3.5915,,,,4.1367,,,,,,,,,,,,,,,,,,,,,,
2025-11-20,6538.76,,,5569.92,,,,,49823.94,,,,4.0,,2.15,4.0,0.5,,,,,100.158,,,,,,,,59.14,63.38,191.84,253.33,,5108.0,4060.0,496.85,,,,,,,,,,8.884,,10.434,,10.545,,,,,3.5327,,,,4.0845,,,,,,,,,,,,,,,,,,,,,,
2025-11-21,6602.99,,,5515.09,,,,,48625.88,,,154770.1,4.0,,2.15,4.0,0.5,,,,,100.18,,,,,,,,58.06,62.56,188.34,245.64,,5084.0,4079.5,501.5,,,,,,,,,,8.636,,10.313,,10.461,,,,,3.5075,,,,4.0633,,,,,,,,,,,,,,,,,,,,,,
2025-11-24,6705.12,,,5528.67,,,,,,,,155277.56,4.0,,2.15,4.0,0.5,,,,,100.142,,,,,,,,58.84,63.37,189.66,240.61,,5090.0,4094.2,496.75,,,,,,,,,,8.092,,9.903,,10.165,,,,,3.4969,,,,4.0248,,,,,,,,,,,,,,,,,,,,,,
2025-11-25,6765.88,,,5573.91,,,,,48659.52,,,155910.18,4.0,,2.15,4.0,0.5,,,,,99.664,,,,,,,,57.95,62.48,185.72,235.38,,4999.0,4140.0,500.3,,,,,,,,,,7.811,,9.524,,9.894,,,,,3.4586,,,,3.996,,,,,,,,,,,,,,,,,,,,,,
2025-11-26,6812.61,,,5655.58,,,,,49559.07,,,158554.94,4.0,,2.15,4.0,0.5,,,,,99.595,,,,,,,,58.65,63.13,188.9,232.55,,4993.0,4165.2,510.45,,,,,,,,,,7.686,,9.418,,9.795,,,,,3.475,,,,3.9941,,,,,,,,,,,,,,,,,,,,,,
2025-11-27,,,,5653.17,,,,,50167.1,,,158359.76,4.0,,2.15,4.0,0.5,,,,,99.536,,,,,,,,,63.34,,,,,,,,,,,,,,,,,,,,,,,,,3.475,,,,3.9941,,,,,,,,,,,,,,,,,,,,,,
2025-11-28,6849.09,,,5668.17,,,,,50253.91,,,159072.13,4.0,,2.15,4.0,0.5,,,,,99.459,,,,,,,,58.55,63.2,189.59,233.3,,5404.0,4218.3,518.55,,,,,,,,,,7.574,,9.296,,9.698,,,,,3.4893,,,,4.0132,,,,,,,,,,,,,,,,,,,,,,
2025-12-01,6812.63,,,5667.48,,,,,49303.28,,,158611.01,4.0,,2.15,4.0,0.5,,,,,99.414,,,,,,,,59.32,63.17,186.89,234.0,,5456.0,4239.3,521.9,,,,,,,,,,7.402,,9.025,,9.382,,,,,3.5304,,,,4.0865,,,,,,,,,,,,,,,,,,,,,,
2025-12-02,6829.37,,,5686.17,,,,,49303.45,,,161092.25,4.0,,2.15,4.0,0.5,,,,,99.357,,,,,,,,58.64,62.45,183.03,231.27,,5401.0,4186.6,516.1,,,,,,,,,,7.704,,9.171,,9.576,,,,,3.508,,,,4.0865,,,,,,,,,,,,,,,,,,,,,,
2025-12-03,6849.72,,,5694.56,,,,,49864.68,,,161755.18,4.0,,2.15,4.0,0.5,,,,,98.854,,,,,,,,58.95,62.67,182.72,230.08,,5453.0,4199.3,530.8,,,,,,,,,,7.701,,9.143,,9.563,,,,,3.4835,,,,4.0633,,,,,,,,,,,,,,,,,,,,,,
2025-12-04,6857.12,,,5718.08,,,,,51028.42,,,164455.61,4.0,,2.15,4.0,0.5,,,,,98.989,,,,,,,,59.67,63.26,182.71,230.37,,5434.0,4211.8,529.15,,,,,,,,,,7.81,,9.227,,9.615,,,,,3.5226,,,,4.0981,,,,,,,,,,,,,,,,,,,,,,
2025-12-05,6870.4,,,5723.93,,,,,50491.87,,,157369.36,4.0,,2.15,4.0,0.5,,,,,98.992,,,,,,,,60.08,63.75,183.41,236.29,,5643.0,4212.9,538.2,,,,,,,,,,7.81,,9.23,,9.613,,,,,3.5603,,,,4.1351,,,,,,,,,,,,,,,,,,,,,,
2025-12-08,6846.51,,,5725.59,,,,,50581.94,,,158187.43,4.0,,2.15,4.0,0.5,,,,,99.087,,,,,,,,58.88,62.49,179.81,229.82,,5648.0,4187.2,536.45,,,,,,,,,,7.917,,9.312,,9.666,,,,,3.575,,,,4.1643,,,,,,,,,,,,,,,,,,,,,,
2025-12-09,6840.51,,,5718.32,,,,,50655.1,,,157981.13,4.0,,2.15,4.0,0.5,,,,,99.22,,,,,,,,58.25,61.94,178.97,226.01,,5829.0,4206.7,524.05,,,,,,,,,,8.046,,9.435,,9.774,,,,,3.6147,,,,4.1878,,,,,,,,,,,,,,,,,,,,,,
2025-12-10,6886.68,,,5708.12,,,,,50602.8,,,159074.97,3.75,,2.15,4.0,0.5,,,,,98.786,,,,,,,,58.46,62.21,178.15,227.3,,6168.0,4196.4,527.55,,,,,,,,,,7.896,,9.33,,9.691,,,,,3.5381,,,,4.1468,,,,,,,,,,,,,,,,,,,,,,
2025-12-11,6901.0,,,5753.96,,,,,50148.82,,,159189.1,3.75,,2.15,4.0,0.5,,,,,98.346,,,,,,,,57.6,61.28,175.98,222.89,,6235.0,4285.5,542.7,,,,,,,,,,7.721,,9.241,,9.62,,,,,3.5404,,,,4.1566,,,,,,,,,,,,,,,,,,,,,,
2025-12-12,6827.41,,,5720.71,,,,,50836.55,,,160766.37,3.75,,2.15,4.0,0.5,,,,,98.399,,,,,,,,57.44,61.12,175.21,219.8,,6226.0,4300.1,528.35,,,,,,,,,,7.55,,9.189,,9.568,,,,,3.5222,,,,4.1841,,,,,,,,,,,,,,,,,,,,,,
2025-12-15,6816.51,,,5752.52,,,,,50168.11,,,162481.74,3.75,,2.15,4.0,0.5,,,,,98.309,,,,,,,,56.82,60.56,173.23,218.06,,5823.0,4306.7,533.85,,,,,,,,,,7.4,,9.073,,9.47,,,,,3.5015,,,,4.1723,,,,,,,,,,,,,,,,,,,,,,
2025-12-16,6800.26,,,5717.83,,,,,49383.29,,,158577.88,3.75,,2.15,4.0,0.5,,,,,98.146,,,,,,,,55.27,58.92,168.09,212.86,,5998.0,4304.5,528.7,,,,,,,,,,7.366,,9.031,,9.441,,,,,3.487,,,,4.145,,,,,,,,,,,,,,,,,,,,,,
2025-12-17,6721.43,,,5681.67,,,,,49512.28,,,157327.26,3.75,,2.15,4.0,0.5,,,,,98.368,,,,,,,,55.94,59.68,169.43,214.95,,5978.0,4347.5,536.35,,,,,,,,,,7.449,,9.058,,9.475,,,,,3.4829,,,,4.1528,,,,,,,,,,,,,,,,,,,,,,
2025-12-18,6774.76,,,5741.71,,,,,49001.5,,,157923.34,3.75,,2.15,3.75,0.5,,,,,98.427,,,,,,,,56.15,59.82,170.13,213.16,,5934.0,4339.5,536.65,,,,,,,,,,7.381,,8.988,,9.423,,,,,3.46,,,,4.1217,,,,,,,,,,,,,,,,,,,,,,
2025-12-19,6834.5,,,5760.35,,,,,49507.21,,,158473.02,3.75,,2.15,3.75,0.75,,,,,98.599,,,,,,,,56.66,60.47,170.82,212.19,,5845.0,4361.4,543.95,,,,,,,,,,7.315,,8.899,,9.342,,,,,3.4834,,,,4.1471,,,,,,,,,,,,,,,,,,,,,,
2025-12-22,6878.49,,,5743.69,,,,,50402.39,,,158141.65,3.75,,2.15,3.75,0.75,,,,,98.286,,,,,,,,58.01,62.07,174.22,215.81,,5887.0,4444.6,543.75,,,,,,,,,,7.263,,8.815,,9.279,,,,,3.5067,,,,4.1628,,,,,,,,,,,,,,,,,,,,,,
2025-12-23,6909.79,,,5749.28,,,,,50412.87,,,160455.83,3.75,,2.15,3.75,0.75,,,,,97.942,,,,,,,,58.38,62.38,174.32,219.06,,5958.0,4482.8,547.6,,,,,,,,,,7.25,,8.807,,9.261,,,,,3.5321,,,,4.1628,,,,,,,,,,,,,,,,,,,,,,
2025-12-24,6932.05,,,5746.24,,,,,50344.1,,,,3.75,,2.15,3.75,0.75,,,,,97.976,,,,,,,,58.35,62.24,174.71,215.76,,5966.0,4480.6,549.85,,,,,,,,,,7.244,,8.801,,9.249,,,,,3.5014,,,,4.1335,,,,,,,,,,,,,,,,,,,,,,
2025-12-25,,,,,,,,,50407.79,,,,3.75,,2.15,3.75,0.75,,,,,,,,,,,,,,,,,,,,,,,,,,,,,,7.256,,8.807,,9.266,,,,,3.5014,,,,4.1335,,,,,,,,,,,,,,,,,,,,,,
2025-12-26,6929.94,,,,,,,,50750.39,,,160896.64,3.75,,2.15,3.75,0.75,,,,,98.022,,,,,,,,56.74,60.64,169.71,210.7,,5953.0,4529.1,576.65,,,,,,,,,,7.267,,8.812,,9.277,,,,,3.479,,,,4.1277,,,,,,,,,,,,,,,,,,,,,,
2025-12-29,6905.74,,,5751.71,,,,,50526.92,,,160490.3,3.75,,2.15,3.75,0.75,,,,,98.037,,,,,,,,58.08,61.94,171.52,212.75,,6242.0,4325.1,549.05,,,,,,,,,,7.244,,8.783,,9.248,,,,,3.4545,,,,4.1102,,,,,,,,,,,,,,,,,,,,,,
2025-12-30,6896.24,,,5796.22,24490.41,,,,50339.48,,,161125.37,3.75,,2.15,3.75,0.75,,,,,98.238,,,,,3777.62,5.4749,,57.95,61.92,172.1,215.05,,6063.0,4386.3,578.15,,,,,,,,,,7.227,,8.765,,9.24,,,,,3.4484,,,,4.1219,,,,,,,,,,,,,,0.5666,0.9037,1.1517,1.2895,1.5852,1.8337,2.1665,3.384,3.6677
2025-12-31,6845.5,23241.99,48063.29,5791.41,,9931.38,8149.5,17307.8,,25630.54,3968.84,,3.75,3.64,2.15,3.75,0.75,3.6875,3.6517,3.5742,3.4169,98.322,1.1746,1.3475,156.71,6.988,,,18.008,57.42,60.85,170.54,212.06,3.686,6065.0,4341.1,568.2,1030.5,4014.0,564.75,193.75,98.765,,88.075,,78.237,7.22,,8.765,,9.229,3.5904,3.6264,3.6017,3.47,3.473,3.5389,3.7252,3.9394,4.167,4.8436,2.0915,2.4373,2.8611,3.4321,3.743,3.736,3.928,4.085,4.479,4.884,5.11,5.208,,,,,,,,,
2026-01-01,,,,,,,,,,,,,3.75,,2.15,3.75,0.75,,,,,,,,,,,,,,,,,,,,,,,,,,,,,,,,,,,,,,,3.473,,,,4.167,,,,,,,,,,,,,,,,,,,,,,
2026-01-02,6858.47,,,5850.38,,,,,,,,160538.69,3.75,,2.15,3.75,0.75,,,,,98.424,,,,,,,,57.32,60.75,169.82,211.51,,5871.0,4329.6,569.15,,,,,,,,,,7.166,,8.704,,9.169,,,,,3.4733,,,,4.1907,,,,,,,,,,,,,,,,,,,,,,
2026-01-05,6902.05,,,5923.69,,,,,51832.8,,,161869.76,3.75,,2.15,3.75,0.75,,,,,98.27,,,,,,,,58.32,61.76,172.0,214.28,,6077.0,4451.5,597.55,,,,,,,,,,7.09,,8.46,,8.944,,,,,3.4508,,,,4.1612,,,,,,,,,,,,,,,,,,,,,,
2026-01-06,6944.82,,,5931.79,,,,,52518.08,,,163663.88,3.75,,2.15,3.75,0.75,,,,,98.58,,,,,,,,57.13,60.7,170.06,208.3,,5954.0,4496.1,606.25,,,,,,,,,,7.147,,8.444,,8.927,,,,,3.4632,,,,4.173,,,,,,,,,,,,,,,,,,,,,,
2026-01-07,6920.93,,,5923.57,,,,,51961.98,,,161975.24,3.75,,2.15,3.75,0.75,,,,,98.684,,,,,,,,55.99,59.96,169.45,205.67,,5915.0,4462.5,586.05,,,,,,,,,,7.319,,8.587,,9.014,,,,,3.4695,,,,4.1475,,,,,,,,,,,,,,,,,,,,,,
2026-01-08,6921.46,,,5904.32,,,,,51117.26,,,162936.48,3.75,,2.15,3.75,0.75,,,,,98.934,,,,,,,,57.76,61.99,176.03,211.95,,6077.0,4460.7,579.65,,,,,,,,,,7.53,,8.737,,9.162,,,,,3.4881,,,,4.1672,,,,,,,,,,,,,,,,,,,,,,
2026-01-09,6966.28,,,5997.47,,,,,51939.89,,,163370.31,3.75,,2.15,3.75,0.75,,,,,99.133,,,,,,,,59.12,63.34,178.06,213.5,,5345.0,4500.9,590.25,,,,,,,,,,7.326,,8.609,,9.037,,,,,3.5321,,,,4.1653,,,,,,,,,,,,,,,,,,,,,,
2026-01-12,6977.27,,,6016.3,,,,,,,,163150.35,3.75,,2.15,3.75,0.75,,,,,98.862,,,,,,,,59.5,63.87,179.38,215.44,,5443.0,4614.7,603.15,,,,,,,,,,7.359,,8.619,,9.035,,,,,3.5343,,,,4.1752,,,,,,,,,,,,,,,,,,,,,,
2026-01-13,6963.74,,,6029.83,,,,,53549.16,,,161973.05,3.75,,2.15,3.75,0.75,,,,,99.134,,,,,,,,61.15,65.47,182.65,223.84,,5224.0,4599.1,601.6,,,,,,,,,,7.412,,8.657,,9.059,,,,,3.5324,,,,4.1792,,,,,,,,,,,,,,,,,,,,,,
2026-01-14,6926.6,,,6005.05,,,,,54341.23,,,165145.98,3.75,,2.15,3.75,0.75,,,,,99.055,,,,,,,,62.02,66.52,183.04,228.19,,5090.0,4635.7,605.55,,,,,,,,,,7.463,,8.684,,9.069,,,,,3.5097,,,,4.132,,,,,,,,,,,,,,,,,,,,,,
2026-01-15,6944.47,,,6041.14,,,,,54110.5,,,165568.32,3.75,,2.15,3.75,0.75,,,,,99.321,,,,,,,,59.19,63.76,178.38,220.83,,4966.0,4623.7,599.15,,,,,,,,,,7.466,,8.657,,9.025,,,,,3.5641,,,,4.1694,,,,,,,,,,,,,,,,,,,,,,
2026-01-16,6940.01,,,6029.45,,,,,53936.17,,,164799.98,3.75,,2.15,3.75,0.75,,,,,99.393,,,,,,,,59.44,64.13,178.52,223.76,,5076.0,4595.4,583.1,,,,,,,,,,7.016,,8.571,,8.993,,,,,3.586,,,,4.2229,,,,,,,,,,,,,,,,,,,,,,
2026-01-19,,,,5925.82,,,,,53583.57,,,164849.27,3.75,,2.15,3.75,0.75,,,,,99.393,,,,,,,,,63.94,,,,,,,,,,,,,,,,,,,,,,,,,3.586,,,,4.2229,,,,,,,,,,,,,,,,,,,,,,
2026-01-20,6796.86,,,5892.08,,,,,52991.1,,,166276.9,3.75,,2.15,3.75,0.75,,,,,98.641,,,,,,,,60.34,64.92,182.38,233.85,,4648.0,4765.8,581.25,,,,,,,,,,7.01,,8.605,,9.021,,,,,3.5968,,,,4.2925,,,,,,,,,,,,,,,,,,,,,,
2026-01-21,6875.62,,,5882.88,,,,,52774.64,,,171816.67,3.75,,2.15,3.75,0.75,,,,,98.761,,,,,,,,60.62,65.24,185.74,243.05,,4448.0,4837.5,576.8,,,,,,,,,,6.891,,8.553,,8.968,,,,,3.5845,,,,4.2428,,,,,,,,,,,,,,,,,,,,,,
2026-01-22,6913.35,,,5956.17,,,,,53688.89,,,175589.35,3.75,,2.15,3.75,0.75,,,,,98.359,,,,,,,,59.36,64.06,181.72,236.68,,4469.0,4913.4,577.9,,,,,,,,,,6.879,,8.482,,8.927,,,,,3.6058,,,,4.2449,,,,,,,,,,,,,,,,,,,,,,
2026-01-23,6915.61,,,5948.2,,,,,53846.87,,,178858.54,3.75,,2.15,3.75,0.75,,,,,97.599,,,,,,,,61.07,65.88,185.1,242.85,,4201.0,4979.7,594.75,,,,,,,,,,6.86,,8.465,,8.905,,,,,3.594,,,,4.2252,,,,,,,,,,,,,,,,,,,,,,
2026-01-26,6950.23,,,5957.8,,,,,52885.25,,,178720.68,3.75,,2.15,3.75,0.75,,,,,97.04,,,,,,,,60.63,65.59,182.01,256.8,,4348.0,5082.5,602.05,,,,,,,,,,6.811,,8.288,,8.789,,,,,3.59,,,,4.2113,,,,,,,,,,,,,,,,,,,,,,
2026-01-27,6978.6,,,5994.59,,,,,53333.54,,,181919.13,3.75,,2.15,3.75,0.75,,,,,96.217,,,,,,,,62.39,67.57,186.52,264.62,,4433.0,5082.6,586.15,,,,,,,,,,6.821,,8.118,,8.5,,,,,3.5731,,,,4.2432,,,,,,,,,,,,,,,,,,,,,,
2026-01-28,6978.03,,,5933.2,,,,,53358.71,,,184691.05,3.75,,2.15,3.75,0.75,,,,,96.446,,,,,,,,63.21,68.4,189.23,266.61,,4150.0,5303.6,592.5,,,,,,,,,,6.863,,8.117,,8.496,,,,,3.5712,,,,4.2432,,,,,,,,,,,,,,,,,,,,,,
2026-01-29,6969.01,,,5891.95,,,,,53375.6,,,183133.75,3.75,,2.15,3.75,0.75,,,,,96.283,,,,,,,,65.42,70.71,192.0,258.54,,4177.0,5318.4,620.35,,,,,,,,,,6.912,,8.185,,8.604,,,,,3.5591,,,,4.2313,,,,,,,,,,,,,,,,,,,,,,
2026-01-30,6939.03,,,5947.81,,,,,53322.85,,,181363.9,3.75,,2.15,3.75,0.75,,,,,96.991,,,,,,,,65.21,70.69,192.28,273.56,,4165.0,4713.9,592.4,,,,,,,,,,6.963,,8.204,,8.608,,,,,3.5224,,,,4.2355,,,,,,,,,,,,,,,,,,,,,,
2026-02-02,6976.44,,,6007.51,,,,,52655.18,,,182793.4,3.75,,2.15,3.75,0.75,,,,,97.632,,,,,,,,62.14,66.3,185.14,235.98,,4210.0,4622.5,582.55,,,,,,,,,,7.055,,8.198,,8.594,,,,,3.5716,,,,4.2774,,,,,,,,,,,,,,,,,,,,,,
2026-02-03,6917.81,,,5995.35,,,,,54720.66,,,185674.43,3.75,,2.15,3.75,0.75,,,,,97.437,,,,,,,,63.21,67.33,189.79,240.93,,4300.0,4903.7,608.65,,,,,,,,,,7.215,,8.239,,8.625,,,,,3.5696,,,,4.2655,,,,,,,,,,,,,,,,,,,,,,
2026-02-04,6882.72,,,5970.47,,,,,54293.36,,,181708.23,3.75,,2.15,3.75,0.75,,,,,97.616,,,,,,,,65.14,69.46,196.52,247.0,,4086.0,4920.4,585.0,,,,,,,,,,7.242,,8.233,,8.621,,,,,3.5532,,,,4.2735,,,,,,,,,,,,,,,,,,,,,,
2026-02-05,6798.4,,,5925.7,,,,,53818.04,,,182127.25,3.75,,2.15,3.75,0.75,,,,,97.824,,,,,,,,63.29,67.55,192.66,239.32,,4209.0,4861.4,582.1,,,,,,,,,,7.245,,8.286,,8.69,,,,,3.4504,,,,4.1801,,,,,,,,,,,,,,,,,,,,,,
2026-02-06,6932.3,,,5998.4,,,,,54253.68,,,182949.78,3.75,,2.15,3.75,0.75,,,,,97.633,,,,,,,,63.55,68.05,195.32,241.33,,4197.0,4951.2,588.2,,,,,,,,,,7.229,,8.272,,8.676,,,,,3.4976,,,,4.206,,,,,,,,,,,,,,,,,,,,,,
2026-02-09,6964.82,,,6059.01,,,,,56363.94,,,186241.15,3.75,,2.15,3.75,0.75,,,,,96.816,,,,,,,,64.36,69.04,198.55,241.69,,4102.0,5050.9,596.25,,,,,,,,,,7.176,,8.259,,8.666,,,,,3.4851,,,,4.2021,,,,,,,,,,,,,,,,,,,,,,
2026-02-10,6941.81,,,6047.06,,,,,57650.54,,,185929.33,3.75,,2.15,3.75,0.75,,,,,96.799,,,,,,,,63.96,68.8,195.92,239.88,,3805.0,5003.8,591.35,,,,,,,,,,7.135,,8.222,,8.633,,,,,3.452,,,,4.1427,,,,,,,,,,,,,,,,,,,,,,
2026-02-11,6941.47,,,6035.64,,,,,,,,189699.12,3.75,,2.15,3.75,0.75,,,,,96.834,,,,,,,,64.63,69.4,197.89,244.04,,3762.0,5071.6,596.55,,,,,,,,,,7.148,,8.23,,8.634,,,,,3.5099,,,,4.1724,,,,,,,,,,,,,,,,,,,,,,
2026-02-12,6832.76,,,6011.29,,,,,57639.84,,,187766.42,3.75,,2.15,3.75,0.75,,,,,96.925,,,,,,,,62.84,67.52,191.59,239.27,,3632.0,4923.7,578.55,,,,,,,,,,7.166,,8.236,,8.647,,,,,3.4559,,,,4.0981,,,,,,,,,,,,,,,,,,,,,,
2026-02-13,6836.17,,,5985.23,,,,,56941.97,,,186464.3,3.75,,2.15,3.75,0.75,,,,,96.915,,,,,,,,62.89,67.75,191.1,238.79,,3581.0,5022.0,580.3,,,,,,,,,,7.181,,8.243,,8.663,,,,,3.4076,,,,4.0483,,,,,,,,,,,,,,,,,,,,,,
2026-02-16,,,,5978.88,,,,,56806.41,,,,3.75,,2.15,3.75,0.75,,,,,96.915,,,,,,,,,68.65,,,,,,,,,,,,,,,,,,,,8.649,,,,,3.4076,,,,4.0483,,,,,,,,,,,,,,,,,,,,,,
2026-02-17,6843.22,,,6021.85,,,,,56566.49,,,,3.75,,2.15,3.75,0.75,,,,,97.155,,,,,,,,62.33,67.42,191.44,239.06,,3384.0,4882.9,564.25,,,,,,,,,,7.168,,8.221,,8.659,,,,,3.4325,,,,4.0578,,,,,,,,,,,,,,,,,,,,,,
2026-02-18,6881.31,,,6103.37,,,,,57143.84,,,186016.31,3.75,,2.15,3.75,0.75,,,,,97.703,,,,,,,,65.19,70.35,196.8,251.87,,3226.0,4986.5,580.3,,,,,,,,,,7.152,,8.194,,8.643,,,,,3.4595,,,,4.0827,,,,,,,,,,,,,,,,,,,,,,
2026-02-19,6861.89,,,6059.62,,,,,57467.83,,,188534.42,3.75,,2.15,3.75,0.75,,,,,97.925,,,,,,,,66.43,71.66,200.66,261.47,,2968.0,4975.9,573.85,,,,,,,,,,7.206,,8.258,,8.69,,,,,3.4573,,,,4.0673,,,,,,,,,,,,,,,,,,,,,,
2026-02-20,6909.51,,,6131.31,,,,,56825.7,,,190534.42,3.75,,2.15,3.75,0.75,,,,,97.796,,,,,,,,66.39,71.76,199.73,258.58,,3080.0,5059.3,583.9,,,,,,,,,,7.201,,8.247,,8.693,,,,,3.4781,,,,4.0826,,,,,,,,,,,,,,,,,,,,,,
2026-02-23,6837.75,,,6113.92,,,,,,,,188853.49,3.75,,2.15,3.75,0.75,,,,,97.706,,,,,,,,66.31,71.49,198.92,267.82,,3004.0,5204.7,578.05,,,,,,,,,,7.21,,8.265,,8.71,,,,,3.438,,,,4.0309,,,,,,,,,,,,,,,,,,,,,,
2026-02-24,6890.07,,,6116.6,,,,,57321.09,,,191490.4,3.75,,2.15,3.75,0.75,,,,,97.843,,,,,,,,65.63,70.77,197.14,268.69,,2997.0,5155.8,593.05,,,,,,,,,,7.193,,8.262,,8.711,,,,,3.4611,,,,4.029,,,,,,,,,,,,,,,,,,,,,,
2026-02-25,6946.13,,,6173.32,,,,,58583.12,,,191247.46,3.75,,2.15,3.75,0.75,,,,,97.7,,,,,,,,65.42,70.85,199.14,267.4,,2957.0,5206.4,598.55,,,,,,,,,,7.172,,8.237,,8.706,,,,,3.471,,,,4.0519,,,,,,,,,,,,,,,,,,,,,,
2026-02-26,6908.86,,,6161.56,,,,,58753.39,,,191005.02,3.75,,2.15,3.75,0.75,,,,,97.791,,,,,,,,65.21,70.75,203.23,261.25,,2974.0,5194.2,594.7,,,,,,,,,,7.14,,8.243,,8.707,,,,,3.428,,,,4.0041,,,,,,,,,,,,,,,,,,,,,,
2026-02-27,6878.88,,,6138.41,,,,,58850.27,,,188786.98,3.75,,2.15,3.75,0.75,,,,,97.608,,,,,,,,67.02,72.48,207.79,267.09,,2798.0,5247.9,600.45,,,,,,,,,,7.17,,8.294,,8.763,,,,,3.3749,,,,3.9375,,,,,,,,,,,,,,,,,,,,,,
2026-03-02,6881.62,,,5986.93,,,,,58057.24,,,189307.02,3.75,,2.15,3.75,0.75,,,,,98.381,,,,,,,,71.23,77.74,237.06,290.04,,2931.0,5311.6,589.45,,,,,,,,,,7.196,,8.329,,8.807,,,,,3.4752,,,,4.0345,,,,,,,,,,,,,,,,,,,,,,
2026-03-03,6816.63,,,5771.73,,,,,56279.05,,,183104.87,3.75,,2.15,3.75,0.75,,,,,99.052,,,,,,,,74.56,81.4,245.74,318.69,,2925.0,5123.7,577.35,,,,,,,,,,7.233,,8.381,,8.865,,,,,3.5081,,,,4.0594,,,,,,,,,,,,,,,,,,,,,,
2026-03-04,6869.5,,,5870.92,,,,,54245.54,,,185366.44,3.75,,2.15,3.75,0.75,,,,,98.769,,,,,,,,74.66,81.4,251.49,329.38,,2968.0,5134.7,585.5,,,,,,,,,,7.12,,8.244,,8.769,,,,,3.5473,,,,4.0959,,,,,,,,,,,,,,,,,,,,,,
2026-03-05,6830.71,,,5782.89,,,,,55278.06,,,180463.84,3.75,,2.15,3.75,0.75,,,,,99.317,,,,,,,,81.01,85.41,267.09,361.43,,2963.0,5078.7,575.3,,,,,,,,,,7.153,,8.267,,8.781,,,,,3.5764,,,,4.1363,,,,,,,,,,,,,,,,,,,,,,
2026-03-06,6740.02,,,5719.9,,,,,55620.84,,,179364.82,3.75,,2.15,3.75,0.75,,,,,98.986,,,,,,,,90.9,92.69,274.66,362.24,,3138.0,5158.7,575.7,,,,,,,,,,7.252,,8.38,,8.9,,,,,3.5605,,,,4.1383,,,,,,,,,,,,,,,,,,,,,,
2026-03-09,6795.99,,,5685.2,,,,,52728.72,,,180915.36,3.75,,2.15,3.75,0.75,,,,,99.175,,,,,,,,94.77,98.96,280.84,358.66,,3197.0,5103.7,580.05,,,,,,,,,,7.279,,8.364,,8.923,,,,,3.5359,,,,4.0958,,,,,,,,,,,,,,,,,,,,,,
2026-03-10,6781.48,,,5837.17,,,,,54248.39,,,183447.0,3.75,,2.15,3.75,0.75,,,,,98.826,,,,,,,,83.45,87.8,264.03,334.66,,3356.0,5242.1,590.4,,,,,,,,,,7.147,,8.228,,8.81,,,,,3.59,,,,4.1557,,,,,,,,,,,,,,,,,,,,,,
2026-03-11,6775.8,,,5794.68,,,,,55025.37,,,183969.35,3.75,,2.15,3.75,0.75,,,,,99.231,,,,,,,,87.25,91.98,278.83,367.88,,3337.0,5179.1,584.55,,,,,,,,,,7.192,,8.272,,8.826,,,,,3.6527,,,,4.2296,,,,,,,,,,,,,,,,,,,,,,
2026-03-12,6672.62,,,5748.89,,,,,54452.96,,,179284.49,3.75,,2.15,3.75,0.75,,,,,99.739,,,,,,,,95.73,100.46,296.46,389.89,,3223.0,5125.8,582.45,,,,,,,,,,7.264,,8.37,,8.932,,,,,3.7407,,,,4.2609,,,,,,,,,,,,,,,,,,,,,,
2026-03-13,6632.19,,,5716.61,,,,,53819.61,,,177653.31,3.75,,2.15,3.75,0.75,,,,,100.362,,,,,,,,98.71,103.14,304.14,401.47,,3205.0,5061.7,571.45,,,,,,,,,,7.392,,8.554,,9.096,,,,,3.7169,,,,4.2767,,,,,,,,,,,,,,,,,,,,,,
2026-03-16,6699.38,,,5739.01,,,,,53751.15,,,179875.44,3.75,,2.15,3.75,0.75,,,,,99.712,,,,,,,,93.5,100.21,300.03,383.75,,3328.0,5002.2,579.05,,,,,,,,,,7.418,,8.56,,9.102,,,,,3.6711,,,,4.216,,,,,,,,,,,,,,,,,,,,,,
2026-03-17,6716.09,,,5769.25,,,,,53700.39,,,180409.73,3.75,,2.15,3.75,0.75,,,,,99.575,,,,,,,,96.21,103.42,312.34,401.58,,3349.0,5008.2,572.65,,,,,,,,,,7.392,,8.547,,9.077,,,,,3.6736,,,,4.1985,,,,,,,,,,,,,,,,,,,,,,
2026-03-18,6624.7,,,5736.85,,,,,55239.4,,,179639.91,3.75,,2.15,3.75,0.75,,,,,100.086,,,,,,,,96.32,107.38,309.85,419.78,,3260.0,4896.2,555.4,,,,,,,,,,7.431,,8.604,,9.121,,,,,3.7729,,,,4.265,,,,,,,,,,,,,,,,,,,,,,
2026-03-19,6606.49,,,5613.83,,,,,53372.53,,,180270.62,3.75,,2.15,3.75,0.75,,,,,99.232,,,,,,,,96.14,108.65,312.71,434.2,,3331.0,4605.7,543.3,,,,,,,,,,7.429,,8.615,,9.139,,,,,3.7924,,,,4.2493,,,,,,,,,,,,,,,,,,,,,,
2026-03-20,6506.48,,,5501.28,,,,,,,,176219.4,3.75,,2.15,3.75,0.75,,,,,99.647,,,,,,,,98.32,112.19,328.62,460.84,,3255.0,4574.9,534.25,,,,,,,,,,7.5,,8.701,,9.222,,,,,3.9001,,,,4.3796,,,,,,,,,,,,,,,,,,,,,,
2026-03-23,6581.0,,,5574.32,,,,,51515.49,,,181931.93,3.75,,2.15,3.75,0.75,,,,,98.95,,,,,,,,88.13,99.94,297.49,405.6,,3180.0,4407.3,543.95,,,,,,,,,,7.44,,8.617,,9.148,,,,,3.8519,,,,4.342,,,,,,,,,,,,,,,,,,,,,,
2026-03-24,6556.37,,,5581.29,,,,,52252.28,,,182509.14,3.75,,2.15,3.75,0.75,,,,,99.434,,,,,,,,92.35,104.49,314.8,429.09,,3235.0,4402.0,542.25,,,,,,,,,,7.501,,8.673,,9.189,,,,,3.8887,,,,4.3599,,,,,,,,,,,,,,,,,,,,,,
2026-03-25,6591.9,,,5649.33,,,,,53749.62,,,185424.28,3.75,,2.15,3.75,0.75,,,,,99.599,,,,,,,,90.32,102.22,301.24,400.63,,3133.0,4552.3,552.9,,,,,,,,,,7.44,,8.591,,9.113,,,,,3.8852,,,,4.3322,,,,,,,,,,,,,,,,,,,,,,
2026-03-26,6477.16,,,5565.93,,,,,53603.65,,,182732.67,3.75,,2.15,3.75,0.75,,,,,99.9,,,,,,,,94.48,108.01,313.02,427.34,,3164.0,4376.3,544.65,,,,,,,,,,7.481,,8.643,,9.164,,,,,3.9858,,,,4.4117,,,,,,,,,,,,,,,,,,,,,,
2026-03-27,6368.85,,,5505.8,,,,,53373.07,,,181556.76,3.75,,2.15,3.75,0.75,,,,,100.151,,,,,,,,99.64,112.57,325.01,449.55,,3165.0,4492.5,546.7,,,,,,,,,,7.561,,8.775,,9.282,,,,,3.9119,,,,4.4278,,,,,,,,,,,,,,,,,,,,,,
2026-03-30,6343.72,,,5541.79,,,,,51885.85,,,182514.2,3.75,,2.15,3.75,0.75,,,,,100.509,,,,,,,,102.88,112.78,335.15,436.43,,3155.0,4526.0,550.2,,,,,,,,,,7.611,,8.812,,9.329,,,,,3.8279,,,,4.3482,,,,,,,,,,,,,,,,,,,,,,
2026-03-31,6528.52,,,5569.73,,,,,51063.72,,,187461.84,3.75,,2.15,3.75,0.75,,,,,99.961,,,,,,,,101.38,118.35,331.23,416.34,,3300.0,4647.6,561.4,,,,,,,,,,7.568,,8.788,,9.287,,,,,3.793,,,,4.3166,,,,,,,,,,,,,,,,,,,,,,
2026-04-01,6575.32,,,5732.71,,,,,53739.68,,,187952.91,3.75,,2.15,3.75,0.75,,,,,99.651,,,,,,,,100.12,101.16,309.14,405.68,,3345.0,4783.2,564.65,,,,,,,,,,7.475,,8.669,,9.216,,,,,3.801,,,,4.3186,,,,,,,,,,,,,,,,,,,,,,
2026-04-02,6582.69,,,5692.86,,,,,52463.27,,,188052.02,3.75,,2.15,3.75,0.75,,,,,100.028,,,,,,,,111.54,109.03,328.8,436.11,,3245.0,4651.5,558.35,,,,,,,,,,7.416,,8.641,,9.189,,,,,3.7963,,,,4.3049,,,,,,,,,,,,,,,,,,,,,,
2026-04-03,,,,,,,,,53123.49,,,,3.75,,2.15,3.75,0.75,,,,,100.028,,,,,,,,111.54,,328.8,436.11,,,4651.5,558.35,,,,,,,,,,7.416,,8.649,,9.2,,,,,3.8395,,,,4.3406,,,,,,,,,,,,,,,,,,,,,,
2026-04-06,6611.83,,,,,,,,53413.68,,,188161.97,3.75,,2.15,3.75,0.75,,,,,99.981,,,,,,,,112.41,109.77,330.82,432.84,,3235.0,4656.8,560.1,,,,,,,,,,7.381,,8.603,,9.168,,,,,3.8478,,,,4.3307,,,,,,,,,,,,,,,,,,,,,,
2026-04-07,6616.85,,,5633.22,,,,,53429.56,,,188258.91,3.75,,2.15,3.75,0.75,,,,,99.858,,,,,,,,112.95,109.27,330.52,447.74,,3028.0,4657.1,556.3,,,,,,,,,,7.378,,8.597,,9.168,,,,,3.7877,,,,4.2931,,,,,,,,,,,,,,,,,,,,,,
2026-04-08,6782.81,,,5913.37,,,,,56308.42,,,192201.16,3.75,,2.15,3.75,0.75,,,,,99.133,,,,,,,,94.41,94.75,300.59,380.84,,3196.0,4749.5,577.7,,,,,,,,,,7.167,,8.307,,8.835,,,,,3.7855,,,,4.2911,,,,,,,,,,,,,,,,,,,,,,
2026-04-09,6824.66,,,5896.29,,,,,55895.32,,,195129.25,3.75,,2.15,3.75,0.75,,,,,98.819,,,,,,,,97.87,95.92,300.07,393.7,,3162.0,4792.2,576.45,,,,,,,,,,7.122,,8.25,,8.785,,,,,3.7667,,,,4.2754,,,,,,,,,,,,,,,,,,,,,,
2026-04-10,6816.89,,,5926.11,,,,,56924.11,,,197323.87,3.75,,2.15,3.75,0.75,,,,,98.65,,,,,,,,96.57,95.2,303.73,376.16,,3246.0,4761.9,588.6,,,,,,,,,,7.083,,8.212,,8.731,,,,,3.7952,,,,4.317,,,,,,,,,,,,,,,,,,,,,,
2026-04-13,6886.24,,,5905.02,,,,,56502.77,,,198000.71,3.75,,2.15,3.75,0.75,,,,,98.366,,,,,,,,99.08,99.36,311.6,383.41,,3278.0,4742.4,599.05,,,,,,,,,,7.068,,8.157,,8.701,,,,,3.7722,,,,4.2933,,,,,,,,,,,,,,,,,,,,,,
2026-04-14,6967.38,,,5984.51,,,,,57877.39,,,198657.33,3.75,,2.15,3.75,0.75,,,,,98.124,,,,,,,,91.28,94.79,303.95,362.43,,3557.0,4825.0,608.35,,,,,,,,,,6.966,,8.01,,8.537,,,,,3.7449,,,,4.2479,,,,,,,,,,,,,,,,,,,,,,
2026-04-15,7022.95,,,5940.34,,,,,58134.24,,,197737.61,3.75,,2.15,3.75,0.75,,,,,98.055,,,,,,,,91.29,94.93,306.92,375.32,,3477.0,4800.0,608.5,,,,,,,,,,6.962,,8.009,,8.53,,,,,3.7614,,,,4.2834,,,,,,,,,,,,,,,,,,,,,,
2026-04-16,7041.28,,,5933.28,,,,,59518.34,,,196818.59,3.75,,2.15,3.75,0.75,,,,,98.215,,,,,,,,94.69,99.39,316.37,383.29,,3367.0,4785.4,607.65,,,,,,,,,,6.973,,8.039,,8.544,,,,,3.7737,,,,4.3112,,,,,,,,,,,,,,,,,,,,,,
2026-04-17,7126.06,,,6057.71,,,,,58475.9,,,195733.51,3.75,,2.15,3.75,0.75,,,,,98.098,,,,,,,,83.85,90.38,300.48,339.74,,3186.0,4857.6,611.45,,,,,,,,,,6.921,,7.931,,8.444,,,,,3.7082,,,,4.248,,,,,,,,,,,,,,,,,,,,,,
2026-04-20,7109.14,,,5982.63,,,,,58824.89,,,196132.06,3.75,,2.15,3.75,0.75,,,,,98.097,,,,,,,,89.61,95.48,311.68,354.09,,3298.0,4806.6,604.6,,,,,,,,,,6.903,,7.929,,8.447,,,,,3.7205,,,,4.251,,,,,,,,,,,,,,,,,,,,,,
2026-04-21,7064.01,,,5930.25,,,,,59349.17,,,,3.75,,2.15,3.75,0.75,,,,,98.394,,,,,,,,92.13,98.48,320.98,372.88,,3220.0,4698.4,601.05,,,,,,,,,,6.905,,7.936,,8.454,,,,,3.7791,,,,4.2916,,,,,,,,,,,,,,,,,,,,,,
2026-04-22,7137.9,,,5906.22,,,,,59585.86,,,192888.96,3.75,,2.15,3.75,0.75,,,,,98.59,,,,,,,,92.96,101.91,335.79,393.79,,3339.0,4732.5,612.85,,,,,,,,,,6.935,,7.934,,8.431,,,,,3.7979,,,,4.3025,,,,,,,,,,,,,,,,,,,,,,
2026-04-23,7108.4,,,5894.73,,,,,59140.23,,,191378.43,3.75,,2.15,3.75,0.75,,,,,98.77,,,,,,,,95.85,105.07,346.21,398.82,,3369.0,4705.1,608.15,,,,,,,,,,6.969,,8.013,,8.486,,,,,3.8337,,,,4.3244,,,,,,,,,,,,,,,,,,,,,,
2026-04-24,7165.08,,,5883.48,,,,,59716.18,,,190745.02,3.75,,2.15,3.75,0.75,,,,,98.533,,,,,,,,94.4,105.33,346.26,388.74,,3349.0,4722.3,602.7,,,,,,,,,,6.962,,8.026,,8.475,,,,,3.7783,,,,4.3007,,,,,,,,,,,,,,,,,,,,,,
2026-04-27,7173.91,,,5860.32,,,,,60537.36,,,189578.79,3.75,,2.15,3.75,0.75,,,,,98.496,,,,,,,,96.37,108.23,349.1,397.47,,3218.0,4675.4,602.1,,,,,,,,,,6.939,,8.051,,8.492,,,,,3.7972,,,,4.3395,,,,,,,,,,,,,,,,,,,,,,
2026-04-28,7138.8,,,5836.1,,,,,59917.46,,,188618.69,3.75,,2.15,3.75,0.75,,,,,98.64,,,,,,,,99.93,111.26,356.04,397.12,,3305.0,4591.5,591.75,,,,,,,,,,6.937,,8.132,,8.579,,,,,3.836,,,,4.3455,,,,,,,,,,,,,,,,,,,,,,
2026-04-29,7135.95,,,5816.48,,,,,,,,184750.42,3.75,,2.15,3.75,0.75,,,,,98.961,,,,,,,,106.88,118.03,374.11,419.87,,3335.0,4561.5,587.85,,,,,,,,,,6.897,,8.114,,8.565,,,,,3.9468,,,,4.4298,,,,,,,,,,,,,,,,,,,,,,
2026-04-30,7209.01,,,5881.51,,,,,59284.92,,,187317.64,3.75,,2.15,3.75,0.75,,,,,98.056,,,,,,,,105.07,114.01,377.15,413.84,,3494.0,4629.6,592.6,,,,,,,,,,6.857,,8.011,,8.52,,,,,3.8689,,,,4.3706,,,,,,,,,,,,,,,,,,,,,,
2026-05-01,7230.12,,,5881.51,,,,,59513.12,,,,3.75,,2.15,3.75,0.75,,,,,98.156,,,,,,,,101.94,108.17,359.52,394.64,,3521.0,4644.5,593.2,,,,,,,,,,6.821,,7.964,,8.496,,,,,3.8775,,,,4.3698,,,,,,,,,,,,,,,,,,,,,,
2026-05-04,7200.75,,,5763.61,,,,,,,,185600.12,3.75,,2.15,3.75,0.75,,,,,98.374,,,,,,,,106.42,114.44,373.82,407.32,,3812.0,4533.3,579.5,,,,,,,,,,6.839,,8.035,,8.568,,,,,3.952,,,,4.4382,,,,,,,,,,,,,,,,,,,,,,
2026-05-05,7259.22,,,5869.63,,,,,,,,186753.82,3.75,,2.15,3.75,0.75,,,,,98.444,,,,,,,,102.27,109.87,362.06,403.02,,4003.0,4568.5,594.3,,,,,,,,,,6.837,,8.067,,8.596,,,,,3.9398,,,,4.4241,,,,,,,,,,,,,,,,,,,,,,
2026-05-06,7365.12,,,6027.13,,,,,,,,187690.86,3.75,,2.15,3.75,0.75,,,,,98.023,,,,,,,,95.08,101.27,345.93,378.56,,4064.0,4694.3,613.65,,,,,,,,,,6.701,,7.902,,8.438,,,,,3.8654,,,,4.3489,,,,,,,,,,,,,,,,,,,,,,
2026-05-07,7337.11,,,5972.65,,,,,62833.84,,,183218.26,3.75,,2.15,3.75,0.75,,,,,98.067,,,,,,,,94.81,100.06,345.6,381.66,,4356.0,4710.9,612.75,,,,,,,,,,6.694,,7.938,,8.455,,,,,3.9112,,,,4.3861,,,,,,,,,,,,,,,,,,,,,,
2026-05-08,7398.93,,,5911.53,,,,,62713.65,,,184108.29,3.75,,2.15,3.75,0.75,,,,,97.9,,,,,,,,95.42,101.29,352.67,389.91,,4113.0,4730.7,624.9,,,,,,,,,,6.665,,7.909,,8.434,,,,,3.8846,,,,4.3541,,,,,,,,,,,,,,,,,,,,,,
2026-05-11,7412.84,,,5895.45,,,,,62417.88,,,181908.87,3.75,,2.15,3.75,0.75,,,,,97.955,,,,,,,,98.07,104.21,359.98,396.86,,4632.0,4728.7,641.35,,,,,,,,,,6.689,,7.968,,8.472,,,,,3.9536,,,,4.4134,,,,,,,,,,,,,,,,,,,,,,
2026-05-12,7400.96,,,5808.45,,,,,62742.57,,,180342.33,3.75,,2.15,3.75,0.75,,,,,98.298,,,,,,,,102.18,107.77,369.77,415.88,,4503.0,4686.7,648.5,,,,,,,,,,6.722,,8.043,,8.515,,,,,3.9914,,,,4.463,,,,,,,,,,,,,,,,,,,,,,
2026-05-13,7444.25,,,5861.07,,,,,63272.11,,,177098.29,3.75,,2.15,3.75,0.75,,,,,98.524,,,,,,,,101.02,105.63,361.87,396.67,,4309.0,4706.7,663.55,,,,,,,,,,6.719,,8.044,,8.526,,,,,3.9791,,,,4.4688,,,,,,,,,,,,,,,,,,,,,,
2026-05-14,7501.24,,,5934.96,,,,,62654.05,,,178365.86,3.75,,2.15,3.75,0.75,,,,,98.819,,,,,,,,101.17,105.72,360.57,390.56,,4189.0,4685.3,656.75,,,,,,,,,,6.707,,8.018,,8.503,,,,,4.0172,,,,4.4816,,,,,,,,,,,,,,,,,,,,,,
2026-05-15,7408.5,,,5827.76,,,,,61409.29,,,177283.83,3.75,,2.15,3.75,0.75,,,,,99.284,,,,,,,,105.42,109.26,370.19,405.34,,4002.0,4561.9,625.15,,,,,,,,,,6.771,,8.114,,8.583,,,,,4.0687,,,,4.5934,,,,,,,,,,,,,,,,,,,,,,
2026-05-18,7403.05,,,5849.0,,,,,60815.95,,,176975.82,3.75,,2.15,3.75,0.75,,,,,99.193,,,,,,,,108.66,112.1,376.07,411.45,,3791.0,4558.0,627.2,,,,,,,,,,6.804,,8.172,,8.624,,,,,4.0438,,,,4.5874,,,,,,,,,,,,,,,,,,,,,,
2026-05-19,7353.61,,,5851.16,,,,,60550.59,,,174278.86,3.75,,2.15,3.75,0.75,,,,,99.327,,,,,,,,107.77,111.28,369.62,416.25,,3907.0,4511.2,616.5,,,,,,,,,,6.85,,8.258,,8.706,,,,,4.1182,,,,4.6663,,,,,,,,,,,,,,,,,,,,,,
2026-05-20,7432.97,,,5976.07,,,,,59804.41,,,177355.73,3.75,,2.15,3.75,0.75,,,,,99.092,,,,,,,,98.26,105.02,348.74,394.71,,3889.0,4535.3,629.05,,,,,,,,,,6.835,,8.24,,8.669,,,,,4.0551,,,,4.5855,,,,,,,,,,,,,,,,,,,,,,
2026-05-21,7445.72,,,5960.32,,,,,61684.14,,,177649.86,3.75,,2.15,3.75,0.75,,,,,99.257,,,,,,,,96.35,102.58,337.96,383.16,,3767.0,4542.5,625.7,,,,,,,,,,6.871,,8.283,,8.715,,,,,4.083,,,,4.5696,,,,,,,,,,,,,,,,,,,,,,
2026-05-22,7473.47,,,6019.45,,,,,63339.07,,,176209.61,3.75,,2.15,3.75,0.75,,,,,99.239,,,,,,,,96.6,103.54,345.39,388.78,,3796.0,4523.2,634.2,,,,,,,,,,6.867,,8.299,,8.713,,,,,4.121,,,,4.5578,,,,,,,,,,,,,,,,,,,,,,
2026-05-25,,,,6136.66,,,,,65158.19,,,177815.72,3.75,,2.15,3.75,0.75,,,,,99.239,,,,,,,,,96.14,,,,,,,,,,,,,,,,,,,,,,,,,,,,,,,,,,,,,,,,,,,,,,,,,,,
2026-05-26,7519.12,,,6064.15,,,,,64996.09,,,176589.03,3.75,,2.15,3.75,0.75,,,,,99.169,,,,,,,,93.89,99.58,322.05,371.46,,4169.0,4502.3,636.1,,,,,,,,,,6.792,,8.221,,8.615,,,,,4.0317,,,,4.4846,,,,,,,,,,,,,,,,,,,,,,
2026-05-27,7520.36,,,6070.54,,,,,64999.41,,,175744.37,3.75,,2.15,3.75,0.75,,,,,99.206,,,,,,,,88.68,94.29,313.37,359.75,,4140.0,4448.4,630.5,,,,,,,,,,6.839,,8.247,,8.643,,,,,4.0328,,,,4.4827,,,,,,,,,,,,,,,,,,,,,,
2026-05-28,7563.63,,,6055.11,,,,,64693.12,,,175063.41,3.75,,2.15,3.75,0.75,,,,,99.02,,,,,,,,88.9,93.71,318.52,361.87,,4099.0,4499.3,642.6,,,,,,,,,,6.845,,8.232,,8.618,,,,,4.0205,,,,4.4473,,,,,,,,,,,,,,,,,,,,,,
2026-05-29,7580.06,,,6050.54,,,,,66329.5,,,173787.49,3.75,,2.15,3.75,0.75,,,,,98.942,,,,,,,,87.36,92.05,312.67,353.73,,3923.0,4560.5,638.9,,,,,,,,,,6.777,,8.153,,8.562,,,,,4.0041,,,,4.4355,,,,,,,,,,,,,,,,,,,,,,
2026-06-01,7599.96,,,6034.95,,,,,66934.33,,,172197.46,3.75,,2.15,3.75,0.75,,,,,99.201,,,,,,,,92.16,94.98,308.47,363.94,,3895.0,4475.2,655.25,,,,,,,,,,6.736,,8.118,,8.5,,,,,4.0328,,,,4.4532,,,,,,,,,,,,,,,,,,,,,,
2026-06-02,7609.78,,,6107.85,,,,,66734.24,,,174197.64,3.75,,2.15,3.75,0.75,,,,,99.219,,,,,,,,93.76,96.0,314.43,369.87,,4108.0,4489.1,667.65,,,,,,,,,,6.707,,8.061,,8.453,,,,,4.0431,,,,4.4433,,,,,,,,,,,,,,,,,,,,,,
2026-06-03,7553.68,,,6053.57,,,,,68402.13,,,170330.63,3.75,,2.15,3.75,0.75,,,,,99.529,,,,,,,,96.02,97.81,313.16,384.81,,4072.0,4436.7,650.75,,,,,,,,,,6.701,,8.061,,8.452,,,,,4.0824,,,,4.4946,,,,,,,,,,,,,,,,,,,,,,
2026-06-04,7584.31,,,6103.33,,,,,67470.69,,,,3.75,,2.15,3.75,0.75,,,,,99.413,,,,,,,,93.04,95.03,303.83,367.38,,3965.0,4475.8,653.5,,,,,,,,,,6.674,,8.0,,8.406,,,,,4.0431,,,,4.4729,,,,,,,,,,,,,,,,,,,,,,
2026-06-05,7383.74,,,6062.07,,,,,66588.12,,,169019.12,3.75,,2.15,3.75,0.75,,,,,100.069,,,,,,,,90.54,93.09,304.59,358.74,,3762.0,4337.1,628.45,,,,,,,,,,6.709,,8.069,,8.454,,,,,4.147,,,,4.5303,,,,,,,,,,,,,,,,,,,,,,
2026-06-08,7405.73,,,6062.29,,,,,64024.6,,,168668.72,3.75,,2.15,3.75,0.75,,,,,100.045,,,,,,,,91.3,94.25,307.06,359.99,,3831.0,4335.9,635.0,,,,,,,,,,6.729,,8.098,,8.479,,,,,4.1618,,,,4.5622,,,,,,,,,,,,,,,,,,,,,,
2026-06-09,7386.65,,,6049.74,,,,,65416.63,,,169813.15,3.75,,2.15,3.75,0.75,,,,,99.909,,,,,,,,88.2,91.45,302.11,354.18,,3831.0,4260.0,632.2,,,,,,,,,,6.712,,8.074,,8.464,,,,,4.1181,,,,4.5165,,,,,,,,,,,,,,,,,,,,,,
2026-06-10,7266.99,,,6009.95,,,,,64179.27,,,168619.26,3.75,,2.15,3.75,0.75,,,,,99.947,,,,,,,,90.03,93.1,310.99,361.26,,3757.0,4108.2,626.7,,,,,,,,,,6.741,,8.106,,8.493,,,,,4.1433,,,,4.5523,,,,,,,,,,,,,,,,,,,,,,
2026-06-11,7394.3,,,6056.96,,,,,64217.27,,,171497.24,3.75,,2.4,3.75,0.75,,,,,99.858,,,,,,,,87.71,90.38,310.14,351.31,,3710.0,4090.3,627.5,,,,,,,,,,6.695,,8.037,,8.434,,,,,4.0619,,,,4.4611,,,,,,,,,,,,,,,,,,,,,,
2026-06-12,7431.46,,,6187.63,,,,,66020.04,,,171132.66,3.75,,2.4,3.75,0.75,,,,,99.747,,,,,,,,84.88,87.33,304.98,340.44,,3779.0,4215.0,644.5,,,,,,,,,,6.677,,7.941,,8.367,,,,,4.0809,,,,4.4789,,,,,,,,,,,,,,,,,,,,,,
2026-06-15,7554.29,,,6229.43,,,,,69317.5,,,170415.13,3.75,,2.4,3.75,0.75,,,,,99.631,,,,,,,,80.75,83.17,294.72,326.65,,3882.0,4328.0,649.6,,,,,,,,,,6.627,,7.886,,8.286,,,,,4.0663,,,,4.473,,,,,,,,,,,,,,,,,,,,,,
2026-06-16,7511.35,,,6257.42,,,,,69404.5,,,169648.47,3.75,,2.4,3.75,1.0,,,,,99.54,,,,,,,,76.05,78.96,288.05,317.02,,4142.0,4330.9,650.35,,,,,,,,,,6.671,,7.948,,8.35,,,,,4.0516,,,,4.4394,,,,,,,,,,,,,,,,,,,,,,
2026-06-17,7420.1,,,6300.07,,,,,69902.25,,,168453.93,3.75,,2.4,3.75,1.0,,,,,100.089,,,,,,,,76.79,79.55,290.96,319.46,,4144.0,4358.9,649.35,,,,,,,,,,6.749,,8.061,,8.446,,,,,4.1843,,,,4.4869,,,,,,,,,,,,,,,,,,,,,,
2026-06-18,7500.58,,,6323.27,,,,,71053.49,,,168277.55,3.75,,2.4,3.75,1.0,,,,,100.849,,,,,,,,76.6,79.85,299.49,312.73,,4143.0,4224.1,638.55,,,,,,,,,,6.785,,8.074,,8.453,,,,,4.1767,,,,4.4533,,,,,,,,,,,,,,,,,,,,,,
2026-06-19,,,,6293.13,,,,,71250.06,,,168333.61,3.75,,2.4,3.75,1.0,,,,,100.849,,,,,,,,,80.57,,,,,,,,,,,,,,,,,,,,,,,,,4.1767,,,,4.4533,,,,,,,,,,,,,,,,,,,,,,
2026-06-22,7472.79,,,6311.32,,,,,72353.96,,,170370.38,3.75,,2.4,3.75,1.0,,,,,101.02,,,,,,,,74.82,77.9,298.7,309.31,,4525.0,4181.9,636.55,,,,,,,,,,6.845,,8.125,,8.5,,,,,4.2257,,,,4.5088,,,,,,,,,,,,,,,,,,,,,,
2026-06-23,7365.46,,,6230.55,,,,,69788.38,,,171258.87,3.75,,2.4,3.75,1.0,,,,,101.408,,,,,,,,73.21,77.08,295.9,315.46,,4545.0,4129.9,614.8,,,,,,,,,,6.906,,8.195,,8.569,,,,,4.1983,,,,4.4969,,,,,,,,,,,,,,,,,,,,,,
2026-06-24,7358.22,,,6214.7,,,,,69174.97,,,170506.66,3.75,,2.4,3.75,1.0,,,,,101.609,,,,,,,,70.34,73.74,288.18,317.62,,4902.0,3990.3,594.85,,,,,,,,,,6.892,,8.191,,8.568,,,,,4.1456,,,,4.3922,,,,,,,,,,,,,,,,,,,,,,
2026-06-25,7357.49,,,6267.53,,,,,72366.34,,,171990.2,3.75,,2.4,3.75,1.0,,,,,101.431,,,,,,,,71.92,75.26,302.73,329.82,,5159.0,4030.5,607.4,,,,,,,,,,6.91,,8.22,,8.591,,,,,4.1229,,,,4.3922,,,,,,,,,,,,,,,,,,,,,,
2026-06-26,7354.02,,,6221.55,,,,,69360.88,,,173295.14,3.75,,2.4,3.75,1.0,,,,,101.357,,,,,,,,69.23,71.99,295.71,320.82,,5014.0,4078.7,614.4,,,,,,,,,,6.934,,8.237,,8.62,,,,,4.0921,,,,4.3686,,,,,,,,,,,,,,,,,,,,,,
2026-06-29,7440.43,,,6231.63,,,,,69468.11,,,173205.35,3.75,,2.4,3.75,1.0,,,,,101.105,,,,,,,,70.75,73.15,306.14,333.17,,4895.0,4038.9,609.75,,,,,,,,,,6.912,,8.216,,8.606,,,,,4.1045,,,,4.3744,,,,,,,,,,,,,,,,,,,,,,
2026-06-30,7499.36,,,6328.09,,,,,70062.32,,,172024.12,3.75,,2.4,3.75,1.0,,,,,101.187,,,,,,,,69.5,72.92,301.44,331.68,,5002.0,4038.5,619.25,,,,,,,,,,6.881,,8.201,,8.585,,,,,4.1723,,,,4.4652,,,,,,,,,,,,,,,,,,,,,,
2026-07-01,7483.23,,,6282.5,,,,,70474.96,,,171688.61,3.75,,2.4,3.75,1.0,,,,,101.392,,,,,,,,68.58,71.57,294.52,321.79,,5006.0,4082.4,612.35,,,,,,,,,,6.877,,8.214,,8.591,,,,,4.1744,,,,4.4791,,,,,,,,,,,,,,,,,,,,,,
2026-07-02,7483.24,,,6360.47,,,,,68733.15,,,172787.62,3.75,,2.4,3.75,1.0,,,,,100.857,,,,,,,,68.69,71.8,291.73,318.22,,4949.0,4125.7,611.45,,,,,,,,,,6.845,,8.183,,8.583,,,,,4.1371,,,,4.4832,,,,,,,,,,,,,,,,,,,,,,
2026-07-03,,,,6412.68,,,,,69744.07,,,174070.27,3.75,,2.4,3.75,1.0,,,,,100.857,,,,,,,,,72.12,,,,,,,,,,,,,,,,,,,,,,,,,4.1371,,,,4.4832,,,,,,,,,,,,,,,,,,,,,,
2026-07-06,7537.43,,,6398.01,,,,,69737.69,,,172447.58,3.75,,2.4,3.75,1.0,,,,,100.853,,,,,,,,68.55,71.99,300.33,329.84,,5602.0,4167.5,617.8,,,,,,,,,,6.815,,8.177,,8.584,,,,,4.1101,,,,4.4693,,,,,,,,,,,,,,,,,,,,,,
2026-07-07,7503.85,,,6319.86,,,,,68256.96,,,172020.68,3.75,,2.4,3.75,1.0,,,,,101.023,,,,,,,,70.44,74.16,295.39,330.17,,5667.0,4157.4,617.15,,,,,,,,,,6.848,,8.2,,8.602,,,,,4.1848,,,,4.5511,,,,,,,,,,,,,,,,,,,,,,
2026-07-08,7482.71,25870.65,52348.39,6204.91,24897.45,10489.04,8252.66,19104.3,66819.05,24199.46,3970.88,170653.45,3.75,3.62,2.4,3.75,1.0,3.6704,3.7477,3.8533,3.9985,100.991,1.1417,1.3389,162.59,6.806,3339.63,5.1507,17.5794,73.52,78.02,310.34,365.75,3.212,5959.0,4082.4,605.45,1195.0,4668.0,623.25,232.25,100.047,100.793,91.561,102.26,83.571,6.885,8.603,8.239,8.945,8.629,3.6084,3.8106,3.9505,4.0567,4.2181,4.2595,4.3274,4.4484,4.5792,5.0721,2.6436,2.7726,3.095,3.5937,4.152,4.331,4.512,4.697,4.974,5.388,5.613,5.691,0.9576,1.1799,1.4464,1.6159,2.0765,2.5147,3.0434,4.5653,4.5718
2026-07-09,7543.64,,,6284.27,,,,,67743.85,,,172742.12,3.75,,2.4,3.75,1.0,,,,,100.904,,,,,,,,72.08,76.3,303.87,357.16,,6309.0,4140.8,621.5,,,,,,,,,,6.881,,8.253,,8.639,,,,,4.1765,,,,4.5511,,,,,,,,,,,,,,,,,,,,,,
2026-07-10,7575.39,,,6269.97,,,,,68557.73,,,177866.37,3.75,,2.4,3.75,1.0,,,,,100.952,,,,,,,,71.41,76.01,298.46,355.33,,5919.0,4113.7,623.35,,,,,,,,,,6.877,,8.246,,8.637,,,,,4.2079,,,,4.5612,,,,,,,,,,,,,,,,,,,,,,
2026-07-13,7515.34,,,6271.02,,,,,67242.73,,,175739.08,3.75,,2.4,3.75,1.0,,,,,101.235,,,,,,,,78.14,83.3,316.63,382.36,,5696.0,4005.7,623.3,,,,,,,,,,6.892,,8.293,,8.678,,,,,4.2815,,,,4.6237,,,,,,,,,,,,,,,,,,,,,,
2026-07-14,7543.59,,,6280.19,,,,,67743.5,,,176641.1,3.75,,2.4,3.75,1.0,,,,,100.919,,,,,,,,79.34,84.73,322.73,401.43,,5660.0,4069.7,633.0,,,,,,,,,,6.88,,8.291,,8.671,,,,,4.1934,,,,4.5894,,,,,,,,,,,,,,,,,,,,,,
2026-07-15,7572.4,,,6265.58,,,,,68751.51,,,176010.9,3.75,,2.4,3.75,1.0,,,,,100.485,,,,,,,,79.6,84.95,330.09,394.83,,5737.0,4051.8,629.35,,,,,,,,,,6.852,,8.27,,8.672,,,,,4.1346,,,,4.5473,,,,,,,,,,,,,,,,,,,,,,
2026-07-16,7533.77,,,6283.61,,,,,66835.54,,,173825.27,3.75,,2.4,3.75,1.0,,,,,100.763,,,,,,,,78.95,84.23,328.47,403.07,,5216.0,3992.1,629.6,,,,,,,,,,6.874,,8.317,,8.736,,,,,4.1409,,,,4.5534,,,,,,,,,,,,,,,,,,,,,,
2026-07-17,7457.69,,,6230.87,,,,,64141.12,,,173714.08,3.75,,2.4,3.75,1.0,,,,,100.765,,,,,,,,82.49,88.1,339.27,406.46,,5533.0,4018.8,622.0,,,,,,,,,,6.879,,8.307,,8.736,,,,,4.1767,,,,4.5474,,,,,,,,,,,,,,,,,,,,,,
2026-07-20,7443.28,,,6227.4,,,,,,,,173371.35,3.75,,2.4,3.75,1.0,,,,,100.949,,,,,,,,83.23,89.22,338.9,411.9,,5520.0,4015.9,629.9,,,,,,,,,,6.849,,8.257,,8.697,,,,,4.2063,,,,4.5917,,,,,,,,,,,,,,,,,,,,,,
2026-07-21,7509.2,,,6285.63,,,,,66232.19,,,173325.65,3.75,,2.4,3.75,1.0,,,,,101.173,,,,,,,,84.91,91.01,340.59,412.66,,5607.0,4076.4,651.1,,,,,,,,,,6.834,,8.236,,8.694,,,,,4.2615,,,,4.6281,,,,,,,,,,,,,,,,,,,,,,
2026-07-22,7498.96,,,6316.99,,,,,66115.6,,,177547.57,3.75,,2.4,3.75,1.0,,,,,101.125,,,,,,,,86.83,94.07,341.47,414.88,,5328.0,4151.9,645.1,,,,,,,,,,6.794,,8.188,,8.674,,,,,4.2978,,,,4.6545,,,,,,,,,,,,,,,,,,,,,,
2026-07-23,7408.3,,,6210.17,,,,,66422.6,,,176723.62,3.75,,2.4,3.75,1.0,,,,,101.444,,,,,,,,92.19,100.69,349.64,434.16,,5301.0,4050.2,630.5,,,,,,,,,,6.897,,8.334,,8.797,,,,,4.347,,,,4.6932,,,,,,,,,,,,,,,,,,,,,,
2026-07-24,7411.98,,,6280.94,,,,,64611.15,,,174041.95,3.75,,2.4,3.75,1.0,,,,,101.468,,,,,,,,89.31,96.78,339.59,418.06,,5376.0,4070.8,632.0,,,,,,,,,,6.898,,8.35,,8.808,,,,,4.3306,,,,4.6771,,,,,,,,,,,,,,,,,,,,,,
2026-07-27,7413.18,,,6282.21,,,,,64931.19,,,175334.46,3.75,,2.4,3.75,1.0,,,,,101.535,,,,,,,,82.61,88.36,332.73,411.16,,5100.0,4077.0,633.9,,,,,,,,,,6.907,,8.346,,8.817,,,,,4.3223,,,,4.6487,,,,,,,,,,,,,,,,,,,,,,
2026-07-28,7428.78,,,6289.51,,,,,62364.92,,,176564.75,3.75,,2.4,3.75,1.0,,,,,101.417,,,,,,,,79.26,84.09,333.45,415.09,,5201.0,4038.7,632.2,,,,,,,,,,6.928,,8.383,,8.881,,,,,4.2871,,,,4.6062,,,,,,,,,,,,,,,,,,,,,,
2026-07-29,7316.15,,,6248.84,,,,,61434.19,,,173885.34,3.75,,2.4,3.75,1.0,,,,,100.886,,,,,,,,84.46,90.74,339.78,437.01,,5185.0,4036.3,627.35,,,,,,,,,,7.004,,8.476,,9.0,,,,,4.2726,,,,4.6773,,,,,,,,,,,,,,,,,,,,,,
2026-07-30,7437.63,,,6344.4,,,,,61867.43,,,177158.86,3.75,,2.4,3.75,1.0,,,,,99.864,,,,,,,,83.59,89.03,328.47,420.94,,5112.0,4100.1,647.45,,,,,,,,,,6.98,,8.437,,8.979,,,,,4.2459,,,,4.6733,,,,,,,,,,,,,,,,,,,,,,
2026-07-31,7489.72,,,6358.01,,,,,64362.02,,,177999.0,3.75,,2.4,3.75,1.0,,,,,99.914,,,,,,,,84.67,90.12,322.16,412.15,,5397.0,4049.1,646.55,,,,,,,,,,6.99,,8.463,,9.005,,,,,4.2912,,,,4.7347,,,,,,,,,,,,,,,,,,,,,,
2026-08-03,7600.5,,,6426.5,,,,,63754.9,,,178000.24,3.75,,2.4,3.75,1.0,,,,,99.897,,,,,,,,80.34,83.77,296.67,387.72,,5939.0,4033.7,654.05,,,,,,,,,,6.922,,8.403,,8.947,,,,,4.2373,,,,4.6755,,,,,,,,,,,,,,,,,,,,,,
2026-08-04,7736.52,,,6486.7,,,,,63957.53,,,177894.97,3.75,,2.4,3.75,1.0,,,,,99.858,,,,,,,,75.77,79.36,285.22,377.05,,5924.0,4095.4,664.35,,,,,,,,,,6.857,,8.319,,8.882,,,,,4.1917,,,,4.6126,,,,,,,,,,,,,,,,,,,,,,
2026-08-05,7723.55,,,6476.98,,,,,66300.44,,,177726.17,3.75,,2.4,3.75,1.0,,,,,99.676,,,,,,,,75.22,79.45,283.88,379.62,,5882.0,4245.8,672.75,,,,,,,,,,6.851,,8.313,,8.87,,,,,4.1812,,,,4.6127,,,,,,,,,,,,,,,,,,,,,,
2026-08-06,7709.96,,,6502.56,,,,,65683.26,,,175546.36,3.75,,2.4,3.75,1.0,,,,,99.93,,,,,,,,77.29,82.49,293.85,388.2,,5776.0,4242.0,670.9,,,,,,,,,,6.878,,8.348,,8.907,,,,,4.2454,,,,4.6778,,,,,,,,,,,,,,,,,,,,,,
2026-08-07,7757.64,,,6523.86,,,,,65606.71,,,172513.42,3.75,,2.4,3.75,1.0,,,,,99.539,,,,,,,,78.18,83.55,298.53,390.24,,5782.0,4340.7,659.1,,,,,,,,,,6.874,,8.329,,8.887,,,,,4.1952,,,,4.6454,,,,,,,,,,,,,,,,,,,,,,
2026-08-10,7753.11,,,6535.62,,,,,66970.22,,,172179.93,3.75,,2.4,3.75,1.0,,,,,99.811,,,,,,,,82.13,87.72,313.54,418.98,,5821.0,4361.8,661.6,,,,,,,,,,6.909,,8.356,,8.919,,,,,4.241,,,,4.7067,,,,,,,,,,,,,,,,,,,,,,
2026-08-11,7728.2,,,6551.22,,,,,,,,167874.64,3.75,,2.4,3.75,1.0,,,,,99.828,,,,,,,,83.2,88.91,313.66,425.25,,5543.0,4383.0,663.4,,,,,,,,,,6.912,,8.361,,8.942,,,,,4.2138,,,,4.6883,,,,,,,,,,,,,,,,,,,,,,
2026-08-12,7748.5,,,6533.99,,,,,67524.06,,,167491.07,3.75,,2.4,3.75,1.0,,,,,100.014,,,,,,,,83.27,88.98,315.37,430.4,,5619.0,4408.9,661.55,,,,,,,,,,6.93,,8.372,,8.973,,,,,4.2011,,,,4.6925,,,,,,,,,,,,,,,,,,,,,,
2026-08-13,7798.99,,,6545.47,,,,,68308.59,,,167100.95,3.75,,2.4,3.75,1.0,,,,,99.964,,,,,,,,81.25,87.07,312.8,425.06,,5648.0,4363.6,660.8,,,,,,,,,,6.902,,8.351,,8.948,,,,,4.1424,,,,4.6427,,,,,,,,,,,,,,,,,,,,,,
2026-08-14,7785.76,,,6539.59,,,,,68713.8,,,166934.2,3.75,,2.4,3.75,1.0,,,,,99.667,,,,,,,,82.4,88.52,318.41,428.29,,5734.0,4380.4,661.3,,,,,,,,,,6.848,,8.3,,8.905,,,,,4.1691,,,,4.6922,,,,,,,,,,,,,,,,,,,,,,
2026-08-17,7745.06,,,6530.45,,,,,69220.25,,,166783.57,3.75,,2.4,3.75,1.0,,,,,99.637,,,,,,,,84.5,90.87,327.01,443.71,,6044.0,4417.8,661.6,,,,,,,,,,6.896,,8.381,,8.999,,,,,4.1753,,,,4.7219,,,,,,,,,,,,,,,,,,,,,,
2026-08-18,7691.76,,,6468.17,,,,,67460.73,,,166334.86,3.75,,2.4,3.75,1.0,,,,,99.657,,,,,,,,84.94,91.02,330.17,445.01,,5905.0,4366.0,649.25,,,,,,,,,,6.93,,8.452,,9.08,,,,,4.1709,,,,4.7041,,,,,,,,,,,,,,,,,,,,,,
2026-08-19,7707.98,,,6444.46,,,,,65326.42,,,167830.27,3.75,,2.4,3.75,1.0,,,,,98.833,,,,,,,,85.83,91.62,325.51,445.23,,6046.0,4489.4,649.6,,,,,,,,,,6.905,,8.372,,9.022,,,,,4.1623,,,,4.6466,,,,,,,,,,,,,,,,,,,,,,
2026-08-20,7641.16,,,6422.06,,,,,66216.79,,,167927.15,3.75,,2.4,3.75,1.0,,,,,98.895,,,,,,,,87.83,93.78,326.29,448.03,,6088.0,4516.3,646.9,,,,,,,,,,6.91,,8.385,,9.042,,,,,4.1875,,,,4.7041,,,,,,,,,,,,,,,,,,,,,,
2026-08-21,7674.37,,,6462.22,,,,,66016.36,,,171031.73,3.75,,2.4,3.75,1.0,,,,,98.8,,,,,,,,87.06,94.39,334.79,449.48,,5990.0,4624.1,658.7,,,,,,,,,,6.906,,8.367,,9.023,,,,,4.2359,,,,4.7339,,,,,,,,,,,,,,,,,,,,,,
2026-08-24,7652.86,,,6447.98,,,,,65528.09,,,171906.72,3.75,,2.4,3.75,1.0,,,,,99.002,,,,,,,,85.01,92.17,327.08,426.77,,5820.0,4640.8,660.5,,,,,,,,,,6.878,,8.332,,8.984,,,,,4.2316,,,,4.6961,,,,,,,,,,,,,,,,,,,,,,
2026-08-25,7677.28,,,6455.63,,,,,65856.43,,,174576.8,3.75,,2.4,3.75,1.0,,,,,98.915,,,,,,,,82.36,88.58,325.29,424.38,,5759.0,4638.1,671.4,,,,,,,,,,6.827,,8.267,,8.909,,,,,4.1741,,,,4.6288,,,,,,,,,,,,,,,,,,,,,,
2026-08-26,7675.7,,,6470.74,,,,,66262.16,,,174586.26,3.75,,2.4,3.75,1.0,,,,,99.165,,,,,,,,82.23,87.84,332.01,426.0,,5817.0,4598.2,659.95,,,,,,,,,,6.811,,8.231,,8.863,,,,,4.2093,,,,4.6465,,,,,,,,,,,,,,,,,,,,,,
2026-08-27,7730.99,,,6424.73,,,,,66131.98,,,175135.41,3.75,,2.4,3.75,1.0,,,,,99.159,,,,,,,,83.53,89.7,338.42,427.87,,6155.0,4609.7,658.95,,,,,,,,,,6.811,,8.225,,8.851,,,,,4.232,,,,4.6762,,,,,,,,,,,,,,,,,,,,,,
2026-08-28,7711.76,,,6485.67,,,,,66405.56,,,175664.62,3.75,,2.4,3.75,1.0,,,,,99.702,,,,,,,,83.4,89.31,348.99,435.67,,6527.0,4494.7,656.2,,,,,,,,,,6.849,,8.243,,8.865,,,,,4.3434,,,,4.718,,,,,,,,,,,,,,,,,,,,,,
2026-08-31,7686.14,,,6420.16,,,,,66311.93,,,177418.78,3.75,,2.4,3.75,1.0,,,,,99.428,,,,,,,,85.76,90.49,343.7,449.53,,6650.0,4446.8,659.35,,,,,,,,,,6.885,,8.256,,8.88,,,,,4.3415,,,,4.75,,,,,,,,,,,,,,,,,,,,,,
2026-09-01,7631.47,,,6368.98,,,,,66215.34,,,179722.48,3.75,,2.4,3.75,1.0,,,,,99.677,,,,,,,,90.22,94.65,313.51,467.73,,6552.0,4362.8,650.65,,,,,,,,,,6.932,,8.32,,8.927,,,,,4.3998,,,,4.7981,,,,,,,,,,,,,,,,,,,,,,
2026-09-02,7666.6,,,6362.15,,,,,64325.64,,,185205.09,3.75,,2.4,3.75,1.0,,,,,99.596,,,,,,,,91.01,95.63,310.38,468.22,,6254.0,4380.7,650.1,,,,,,,,,,6.961,,8.358,,8.97,,,,,4.369,,,,4.778,,,,,,,,,,,,,,,,,,,,,,
2026-09-03,7747.71,,,6382.59,,,,,64214.48,,,185188.13,3.75,,2.4,3.75,1.0,,,,,98.908,,,,,,,,91.3,95.52,313.49,459.36,,6057.0,4504.9,657.7,,,,,,,,,,6.977,,8.369,,8.979,,,,,4.336,,,,4.768,,,,,,,,,,,,,,,,,,,,,,
2026-09-04,7718.6,26506.99,53414.25,6392.93,,,,,65020.94,,,185147.15,3.75,3.63,2.4,3.75,1.0,3.7423,3.8134,3.9424,4.1242,99.176,,,,,,5.1292,,91.48,96.28,321.46,454.02,2.975,6082.0,4441.9,659.7,1293.75,,734.0,,99.669,99.282,90.779,100.226,81.286,6.996,8.882,8.39,9.217,8.995,,,,,4.3661,,,,4.7821,,,,,,,,,,,,,,,,,,,,,,
2026-09-07,,,,6403.99,26006.53,10822.13,8306.15,20021.8,66399.84,25413.12,3932.699,,3.75,,2.4,3.75,1.0,,,,,99.176,1.1623,1.3541,154.36,6.7111,3121.38,,16.9152,,97.0,,,,,,,,4978.0,,268.0,,,,,,,,,,,3.7198,3.8445,3.9931,4.1103,4.3661,4.4441,4.5448,4.6534,4.7821,5.2423,2.9184,3.0655,3.3517,3.795,4.36,4.573,4.673,4.93,5.176,5.513,5.739,5.818,1.0822,1.5566,1.8629,1.9945,2.3118,2.6639,3.1033,4.4026,4.7467
2026-09-08,7673.52,,,6413.17,,,,,65269.33,,,187366.84,3.75,,2.4,3.75,1.0,,,,,98.787,,,,,,,,93.03,97.92,325.25,456.78,,5886.0,4405.2,673.9,,,,,,,,,,7.023,,8.433,,9.027,,,,,4.3936,,,,4.7882,,,,,,,,,,,,,,,,,,,,,,
2026-09-09,7636.36,,,6311.56,,,,,65142.78,,,185629.04,3.75,,2.4,3.75,1.0,,,,,98.817,,,,,,,,96.05,101.21,321.06,480.1,,5924.0,4426.7,680.35,,,,,,,,,,7.113,,8.592,,9.147,,,,,4.4295,,,,4.8406,,,,,,,,,,,,,,,,,,,,,,
2026-09-10,7591.7,,,6268.97,,,,,65270.95,,,188268.59,3.75,,2.65,3.75,1.0,,,,,99.048,,,,,,,,102.48,107.63,339.32,505.75,,5961.0,4373.7,646.7,,,,,,,,,,7.164,,8.688,,9.237,,,,,4.5856,,,,4.9626,,,,,,,,,,,,,,,,,,,,,,
2026-09-11,7656.98,,,6325.13,,,,,64011.34,,,187206.89,3.75,,2.65,3.75,1.0,,,,,99.122,,,,,,,,100.05,104.61,330.72,495.93,,5933.0,4374.8,646.95,,,,,,,,,,7.157,,8.686,,9.238,,,,,4.6254,,,,4.9669,,,,,,,,,,,,,,,,,,,,,,
2026-09-14,7619.98,,,6260.38,,,,,63492.99,,,185500.88,3.75,,2.65,3.75,1.0,,,,,99.391,,,,,,,,101.39,105.68,331.71,496.15,,5995.0,4318.0,633.0,,,,,,,,,,7.209,,8.742,,9.298,,,,,4.6578,,,,4.9875,,,,,,,,,,,,,,,,,,,,,,
2026-09-15,7585.73,,,6236.5,,,,,63484.1,,,186502.64,3.75,,2.65,3.75,1.0,,,,,99.615,,,,,,,,105.83,108.75,346.52,526.2,,5895.0,4299.0,636.85,,,,,,,,,,7.296,,8.883,,9.414,,,,,4.6628,,,,5.0019,,,,,,,,,,,,,,,,,,,,,,
2026-09-16,7551.81,,,6266.5,,,,,63923.0,,,185547.66,4.0,,2.65,3.75,1.0,,,,,100.252,,,,,,,,102.43,105.83,348.5,524.65,,5979.0,4353.3,643.15,,,,,,,,,,7.24,,8.831,,9.39,,,,,4.7359,,,,5.0225,,,,,,,,,,,,,,,,,,,,,,
2026-09-17,7637.76,,,6322.9,,,,,64136.25,,,185992.03,4.0,,2.65,3.75,1.0,,,,,100.248,,,,,,,,101.91,104.82,350.73,511.39,,5772.0,4365.5,658.65,,,,,,,,,,7.08,,8.721,,9.26,,,,,4.6641,,,,4.9304,,,,,,,,,,,,,,,,,,,,,,
2026-09-18,7650.5,,,6236.2,,,,,65018.95,,,185229.17,4.0,,2.65,3.75,1.25,,,,,100.222,,,,,,,,100.3,103.87,352.76,505.78,,5327.0,4390.7,661.5,,,,,,,,,,7.101,,8.765,,9.309,,,,,4.7433,,,,4.9961,,,,,,,,,,,,,,,,,,,,,,
2026-09-21,7764.7,,,6318.2,,,,,,,,186595.6,4.0,,2.65,3.75,1.25,,,,,100.429,,,,,,,,95.78,100.34,346.99,488.95,,5351.0,4350.2,668.65,,,,,,,,,,6.996,,8.685,,9.235,,,,,4.7462,,,,4.951,,,,,,,,,,,,,,,,,,,,,,
2026-09-22,7764.64,,,6324.72,,,,,,,,187422.92,4.0,,2.65,3.75,1.25,,,,,100.601,,,,,,,,94.59,99.25,348.75,494.21,,5402.0,4342.7,675.95,,,,,,,,,,6.98,,8.685,,9.221,,,,,4.7535,,,,4.9613,,,,,,,,,,,,,,,,,,,,,,
2026-09-23,7706.03,,,6299.82,,,,,,,,185814.09,4.0,,2.65,3.75,1.25,,,,,101.096,,,,,,,,92.16,103.08,358.7,477.64,,5528.0,4284.8,667.8,,,,,,,,,,7.066,,8.813,,9.344,,,,,4.8973,,,,5.1142,,,,,,,,,,,,,,,,,,,,,,
2026-09-24,7704.13,,,6272.5,,,,,65513.99,,,183965.91,4.0,,2.65,3.75,1.25,,,,,101.285,,,,,,,,94.61,106.6,356.46,473.03,,5590.0,4265.1,671.85,,,,,,,,,,7.203,,9.037,,9.551,,,,,4.9243,,,,5.1978,,,,,,,,,,,,,,,,,,,,,,
2026-09-25,7743.41,,,6302.82,,,,,66364.2,,,183476.86,4.0,,2.65,3.75,1.25,,,,,100.971,,,,,,,,92.41,104.32,339.34,468.47,,5619.0,4287.8,669.55,,,,,,,,,,7.286,,9.215,,9.735,,,,,4.8516,,,,5.1604,,,,,,,,,,,,,,,,,,,,,,
2026-09-28,7683.69,,,6301.28,,,,,65877.62,,,182991.13,4.0,,2.65,3.75,1.25,,,,,101.197,,,,,,,,92.6,105.28,333.77,475.53,,5589.0,4136.4,656.6,,,,,,,,,,7.503,,9.466,,9.998,,,,,4.9305,,,,5.2361,,,,,,,,,,,,,,,,,,,,,,
2026-09-29,7670.84,,,6320.26,,,,,65481.27,,,183827.59,4.0,,2.65,3.75,1.25,,,,,101.372,,,,,,,,89.38,102.59,327.82,489.79,,5408.0,4147.7,660.35,,,,,,,,,,7.389,,9.371,,9.91,,,,,4.8765,,,,5.2362,,,,,,,,,,,,,,,,,,,,,,
2026-09-30,7651.54,,,6269.02,,,,,66753.72,,3842.195,186340.46,4.0,,2.65,3.75,1.25,,,,,101.451,,,,6.706,,,,90.42,103.53,343.78,495.69,,5367.0,4155.6,662.15,,,,,,,,,,7.433,,9.396,,9.954,,,,,4.887,,,,5.2849,,,,,,,,,,,,,,,,,,,,,,
2026-10-01,7666.45,,,6175.45,,,,,68956.72,,,187197.46,4.0,,2.65,3.75,1.25,,,,,102.099,,,,,,,,92.87,102.31,340.26,464.2,,5381.0,4172.9,653.8,,,,,,,,,,7.6,,9.572,,10.116,,,,,4.7914,,,,5.2407,,,,,,,,,,,,,,,,,,,,,,
2026-10-02,7722.72,,,6238.5,,,,,68309.46,,,192114.55,4.0,,2.65,3.75,1.25,,,,,101.932,,,,,,,,91.11,102.25,331.24,450.11,,5670.0,4133.7,654.9,,,,,,,,,,7.741,,9.804,,10.309,,,,,4.8247,,,,5.2706,,,,,,,,,,,,,,,,,,,,,,
2026-10-05,7773.95,,,6242.14,,,,,69946.86,,,206911.89,4.0,,2.65,3.75,1.25,,,,,102.167,,,,,,,,89.43,100.32,324.62,454.52,,5867.0,4128.4,664.1,,,,,,,,,,7.69,,9.674,,10.246,,,,,4.8122,,,,5.3046,,,,,,,,,,,,,,,,,,,,,,
2026-10-06,7818.93,,,6272.23,,,,,70683.98,,,205835.29,4.0,,2.65,3.75,1.25,,,,,101.833,,,,,,,,89.44,100.58,327.32,456.94,,5700.0,4159.2,664.95,,,,,,,,,,7.544,,9.491,,10.056,,,,,4.7975,,,,5.2793,,,,,,,,,,,,,,,,,,,,,,
2026-10-07,7801.77,27538.69,51179.87,6180.29,25104.36,10458.5,7769.21,19118.0,70035.71,24130.5,,204302.33,4.0,3.88,2.65,3.75,1.25,3.9167,4.0298,4.1825,4.4761,102.242,1.1197,1.3214,158.08,,3237.5,5.0161,17.9815,88.28,100.2,323.42,462.27,3.203,5582.0,4113.8,664.95,1297.5,4413.0,686.5,276.0,97.599,93.023,83.94,90.96,73.702,7.634,10.119,9.644,10.576,10.196,3.9309,4.133,4.2853,4.4138,4.7682,4.9118,5.0266,5.1533,5.2837,5.6703,2.9721,3.1744,3.4591,3.8185,4.535,4.852,4.973,5.222,5.443,5.745,5.926,5.979,1.2587,1.6545,1.9589,2.1149,2.5089,2.876,3.3166,4.7437,5.0953
