id,fecha,valor
pib_real_aa,2018-01-01,1.9
pib_real_aa,2018-04-01,1.4
pib_real_aa,2018-07-01,1.2
pib_real_aa,2018-10-01,0.8
pib_real_aa,2019-01-01,0.4
pib_real_aa,2019-04-01,0.3
pib_real_aa,2019-07-01,-0.1
pib_real_aa,2019-10-01,-0.9
pib_real_aa,2020-01-01,-1.6
pib_real_aa,2020-04-01,-12.4
pib_real_aa,2020-07-01,-8.3
pib_real_aa,2020-10-01,-6.5
pib_real_aa,2021-01-01,-3.0
pib_real_aa,2021-04-01,11.9
pib_real_aa,2021-07-01,6.2
pib_real_aa,2021-10-01,5.3
pib_real_aa,2022-01-01,3.6
pib_real_aa,2022-04-01,3.1
pib_real_aa,2022-07-01,3.2
pib_real_aa,2022-10-01,2.6
pib_real_aa,2023-01-01,2.7
pib_real_aa,2023-04-01,3.1
pib_real_aa,2023-07-01,0.6
pib_real_aa,2023-10-01,1.5
pib_real_aa,2024-01-01,1.2
pib_real_aa,2024-04-01,-2.2
pib_real_aa,2024-07-01,-1.5
pib_real_aa,2024-10-01,-1.7
pib_real_aa,2025-01-01,3.4
pib_real_aa,2025-04-01,4.3
pib_real_aa,2025-07-01,5.0
pib_real_aa,2025-10-01,4.0
pib_real_aa,2026-01-01,2.8
pib_real_aa,2026-04-01,2.4
pib_nominal,2018-01-01,107562
pib_nominal,2019-01-01,108108
pib_nominal,2020-01-01,99291
pib_nominal,2021-01-01,106166
pib_nominal,2022-01-01,116592
pib_nominal,2023-01-01,121147
pib_nominal,2024-01-01,124676
pib_nominal,2025-01-01,130540
ideac,2018-01-01,151.8
ideac,2018-02-01,152.4
ideac,2018-03-01,152.1
ideac,2018-04-01,151.8
ideac,2018-05-01,151.2
ideac,2018-06-01,151.4
ideac,2018-07-01,152.8
ideac,2018-08-01,153.0
ideac,2018-09-01,153.7
ideac,2018-10-01,153.4
ideac,2018-11-01,153.4
ideac,2018-12-01,153.2
ideac,2019-01-01,151.5
ideac,2019-02-01,152.7
ideac,2019-03-01,153.1
ideac,2019-04-01,153.4
ideac,2019-05-01,151.6
ideac,2019-06-01,150.5
ideac,2019-07-01,150.7
ideac,2019-08-01,151.1
ideac,2019-09-01,152.1
ideac,2019-10-01,152.4
ideac,2019-11-01,153.1
ideac,2019-12-01,152.5
ideac,2020-01-01,150.6
ideac,2020-02-01,148.6
ideac,2020-03-01,145.6
ideac,2020-04-01,133.1
ideac,2020-05-01,119.3
ideac,2020-06-01,123.5
ideac,2020-07-01,125.7
ideac,2020-08-01,128.4
ideac,2020-09-01,131.9
ideac,2020-10-01,135.5
ideac,2020-11-01,139.8
ideac,2020-12-01,143.4
ideac,2021-01-01,143.6
ideac,2021-02-01,143.6
ideac,2021-03-01,144.2
ideac,2021-04-01,146.5
ideac,2021-05-01,146.3
ideac,2021-06-01,147.4
ideac,2021-07-01,148.6
ideac,2021-08-01,147.9
ideac,2021-09-01,149.1
ideac,2021-10-01,151.3
ideac,2021-11-01,149.9
ideac,2021-12-01,150.9
ideac,2022-01-01,151.7
ideac,2022-02-01,151.7
ideac,2022-03-01,153.0
ideac,2022-04-01,153.4
ideac,2022-05-01,152.6
ideac,2022-06-01,154.4
ideac,2022-07-01,155.4
ideac,2022-08-01,156.5
ideac,2022-09-01,157.8
ideac,2022-10-01,157.7
ideac,2022-11-01,157.6
ideac,2022-12-01,156.4
ideac,2023-01-01,157.4
ideac,2023-02-01,156.9
ideac,2023-03-01,156.8
ideac,2023-04-01,156.1
ideac,2023-05-01,156.0
ideac,2023-06-01,156.4
ideac,2023-07-01,158.4
ideac,2023-08-01,156.6
ideac,2023-09-01,156.2
ideac,2023-10-01,157.5
ideac,2023-11-01,159.4
ideac,2023-12-01,159.9
ideac,2024-01-01,156.8
ideac,2024-02-01,154.0
ideac,2024-03-01,154.6
ideac,2024-04-01,153.5
ideac,2024-05-01,152.9
ideac,2024-06-01,154.4
ideac,2024-07-01,155.4
ideac,2024-08-01,155.1
ideac,2024-09-01,154.9
ideac,2024-10-01,154.9
ideac,2024-11-01,155.9
ideac,2024-12-01,156.4
ideac,2025-01-01,156.9
ideac,2025-02-01,157.5
ideac,2025-03-01,156.2
ideac,2025-04-01,158.2
ideac,2025-05-01,159.5
ideac,2025-06-01,160.1
ideac,2025-07-01,158.5
ideac,2025-08-01,159.0
ideac,2025-09-01,161.0
ideac,2025-10-01,160.0
ideac,2025-11-01,161.2
ideac,2025-12-01,163.2
ideac,2026-01-01,162.3
ideac,2026-02-01,164.6
ideac,2026-03-01,165.1
ideac,2026-04-01,165.0
ideac,2026-05-01,165.4
ideac,2026-06-01,166.2
ideac,2026-07-01,166.3
inflacion_aa,2018-01-01,-0.01
inflacion_mm,2018-01-01,0.06
inflacion_aa,2018-02-01,0.24
inflacion_mm,2018-02-01,0.22
inflacion_aa,2018-03-01,0.18
inflacion_mm,2018-03-01,-0.03
inflacion_aa,2018-04-01,0.21
inflacion_mm,2018-04-01,0.19
inflacion_aa,2018-05-01,0.07
inflacion_mm,2018-05-01,-0.21
inflacion_aa,2018-06-01,0.09
inflacion_mm,2018-06-01,-0.13
inflacion_aa,2018-07-01,0.07
inflacion_mm,2018-07-01,0.09
inflacion_aa,2018-08-01,0.06
inflacion_mm,2018-08-01,0.13
inflacion_aa,2018-09-01,0.24
inflacion_mm,2018-09-01,0.16
inflacion_aa,2018-10-01,0.47
inflacion_mm,2018-10-01,0.08
inflacion_aa,2018-11-01,0.54
inflacion_mm,2018-11-01,-0.0
inflacion_aa,2018-12-01,0.61
inflacion_mm,2018-12-01,0.04
inflacion_aa,2019-01-01,0.74
inflacion_mm,2019-01-01,0.19
inflacion_aa,2019-02-01,0.58
inflacion_mm,2019-02-01,0.06
inflacion_aa,2019-03-01,0.75
inflacion_mm,2019-03-01,0.15
inflacion_aa,2019-04-01,0.68
inflacion_mm,2019-04-01,0.12
inflacion_aa,2019-05-01,0.84
inflacion_mm,2019-05-01,-0.05
inflacion_aa,2019-06-01,1.03
inflacion_mm,2019-06-01,0.06
inflacion_aa,2019-07-01,1.02
inflacion_mm,2019-07-01,0.07
inflacion_aa,2019-08-01,1.12
inflacion_mm,2019-08-01,0.22
inflacion_aa,2019-09-01,1.04
inflacion_mm,2019-09-01,0.08
inflacion_aa,2019-10-01,0.92
inflacion_mm,2019-10-01,-0.03
inflacion_aa,2019-11-01,0.83
inflacion_mm,2019-11-01,-0.09
inflacion_aa,2019-12-01,0.78
inflacion_mm,2019-12-01,-0.01
inflacion_aa,2020-01-01,0.79
inflacion_mm,2020-01-01,0.21
inflacion_aa,2020-02-01,0.75
inflacion_mm,2020-02-01,0.02
inflacion_aa,2020-03-01,0.76
inflacion_mm,2020-03-01,0.15
inflacion_aa,2020-04-01,0.9
inflacion_mm,2020-04-01,0.27
inflacion_aa,2020-05-01,0.59
inflacion_mm,2020-05-01,-0.36
inflacion_aa,2020-06-01,0.37
inflacion_mm,2020-06-01,-0.16
inflacion_aa,2020-07-01,0.33
inflacion_mm,2020-07-01,0.03
inflacion_aa,2020-08-01,0.12
inflacion_mm,2020-08-01,0.01
inflacion_aa,2020-09-01,0.08
inflacion_mm,2020-09-01,0.04
inflacion_aa,2020-10-01,0.04
inflacion_mm,2020-10-01,-0.08
inflacion_aa,2020-11-01,0.11
inflacion_mm,2020-11-01,-0.02
inflacion_aa,2020-12-01,0.08
inflacion_mm,2020-12-01,-0.04
inflacion_aa,2021-01-01,-0.15
inflacion_mm,2021-01-01,-0.02
inflacion_aa,2021-02-01,0.15
inflacion_mm,2021-02-01,0.32
inflacion_aa,2021-03-01,0.12
inflacion_mm,2021-03-01,0.13
inflacion_aa,2021-04-01,-0.17
inflacion_mm,2021-04-01,-0.02
inflacion_aa,2021-05-01,0.14
inflacion_mm,2021-05-01,-0.05
inflacion_aa,2021-06-01,0.27
inflacion_mm,2021-06-01,-0.03
inflacion_aa,2021-07-01,0.29
inflacion_mm,2021-07-01,0.05
inflacion_aa,2021-08-01,0.01
inflacion_mm,2021-08-01,-0.27
inflacion_aa,2021-09-01,0.05
inflacion_mm,2021-09-01,0.08
inflacion_aa,2021-10-01,0.39
inflacion_mm,2021-10-01,0.26
inflacion_aa,2021-11-01,0.37
inflacion_mm,2021-11-01,-0.04
inflacion_aa,2021-12-01,0.56
inflacion_mm,2021-12-01,0.15
inflacion_aa,2022-01-01,0.99
inflacion_mm,2022-01-01,0.41
inflacion_aa,2022-02-01,1.06
inflacion_mm,2022-02-01,0.39
inflacion_aa,2022-03-01,1.47
inflacion_mm,2022-03-01,0.53
inflacion_aa,2022-04-01,1.62
inflacion_mm,2022-04-01,0.12
inflacion_aa,2022-05-01,1.89
inflacion_mm,2022-05-01,0.21
inflacion_aa,2022-06-01,2.19
inflacion_mm,2022-06-01,0.27
inflacion_aa,2022-07-01,2.56
inflacion_mm,2022-07-01,0.42
inflacion_aa,2022-08-01,3.29
inflacion_mm,2022-08-01,0.45
inflacion_aa,2022-09-01,3.26
inflacion_mm,2022-09-01,0.05
inflacion_aa,2022-10-01,3.48
inflacion_mm,2022-10-01,0.47
inflacion_aa,2022-11-01,3.62
inflacion_mm,2022-11-01,0.1
inflacion_aa,2022-12-01,3.87
inflacion_mm,2022-12-01,0.39
inflacion_aa,2023-01-01,3.66
inflacion_mm,2023-01-01,0.21
inflacion_aa,2023-02-01,3.62
inflacion_mm,2023-02-01,0.34
inflacion_aa,2023-03-01,3.57
inflacion_mm,2023-03-01,0.48
inflacion_aa,2023-04-01,3.68
inflacion_mm,2023-04-01,0.24
inflacion_aa,2023-05-01,3.62
inflacion_mm,2023-05-01,0.15
inflacion_aa,2023-06-01,3.57
inflacion_mm,2023-06-01,0.22
inflacion_aa,2023-07-01,3.32
inflacion_mm,2023-07-01,0.17
inflacion_aa,2023-08-01,2.98
inflacion_mm,2023-08-01,0.12
inflacion_aa,2023-09-01,3.3
inflacion_mm,2023-09-01,0.36
inflacion_aa,2023-10-01,3.1
inflacion_mm,2023-10-01,0.27
inflacion_aa,2023-11-01,3.04
inflacion_mm,2023-11-01,0.04
inflacion_aa,2023-12-01,3.09
inflacion_mm,2023-12-01,0.44
inflacion_aa,2024-01-01,2.96
inflacion_mm,2024-01-01,0.08
inflacion_aa,2024-02-01,2.92
inflacion_mm,2024-02-01,0.3
inflacion_aa,2024-03-01,2.63
inflacion_mm,2024-03-01,0.21
inflacion_aa,2024-04-01,2.6
inflacion_mm,2024-04-01,0.2
inflacion_aa,2024-05-01,2.63
inflacion_mm,2024-05-01,0.18
inflacion_aa,2024-06-01,2.56
inflacion_mm,2024-06-01,0.15
inflacion_aa,2024-07-01,2.61
inflacion_mm,2024-07-01,0.22
inflacion_aa,2024-08-01,2.41
inflacion_mm,2024-08-01,-0.08
inflacion_aa,2024-09-01,2.0
inflacion_mm,2024-09-01,-0.04
inflacion_aa,2024-10-01,1.9
inflacion_mm,2024-10-01,0.18
inflacion_aa,2024-11-01,1.76
inflacion_mm,2024-11-01,-0.09
inflacion_aa,2024-12-01,1.24
inflacion_mm,2024-12-01,-0.08
inflacion_aa,2025-01-01,1.12
inflacion_mm,2025-01-01,-0.03
inflacion_aa,2025-02-01,1.08
inflacion_mm,2025-02-01,0.26
inflacion_aa,2025-03-01,1.11
inflacion_mm,2025-03-01,0.24
inflacion_aa,2025-04-01,1.17
inflacion_mm,2025-04-01,0.26
inflacion_aa,2025-05-01,0.86
inflacion_mm,2025-05-01,-0.12
inflacion_aa,2025-06-01,0.72
inflacion_mm,2025-06-01,0.01
inflacion_aa,2025-07-01,0.43
inflacion_mm,2025-07-01,-0.07
inflacion_aa,2025-08-01,0.66
inflacion_mm,2025-08-01,0.16
inflacion_aa,2025-09-01,1.04
inflacion_mm,2025-09-01,0.34
inflacion_aa,2025-10-01,0.9
inflacion_mm,2025-10-01,0.04
inflacion_aa,2025-11-01,1.28
inflacion_mm,2025-11-01,0.29
inflacion_aa,2025-12-01,1.64
inflacion_mm,2025-12-01,0.28
inflacion_aa,2026-01-01,1.93
inflacion_mm,2026-01-01,0.25
inflacion_aa,2026-02-01,1.68
inflacion_mm,2026-02-01,0.01
inflacion_aa,2026-03-01,1.92
inflacion_mm,2026-03-01,0.47
inflacion_aa,2026-04-01,1.88
inflacion_mm,2026-04-01,0.22
inflacion_aa,2026-05-01,2.05
inflacion_mm,2026-05-01,0.05
inflacion_aa,2026-06-01,2.23
inflacion_mm,2026-06-01,0.18
inflacion_aa,2026-07-01,2.52
inflacion_mm,2026-07-01,0.22
inflacion_aa,2026-08-01,2.69
inflacion_mm,2026-08-01,0.32
inflacion_aa,2026-09-01,2.41
inflacion_mm,2026-09-01,0.07
desempleo,2018-01-01,4.6
desempleo,2018-02-01,4.7
desempleo,2018-03-01,4.8
desempleo,2018-04-01,4.5
desempleo,2018-05-01,4.3
desempleo,2018-06-01,4.4
desempleo,2018-07-01,4.4
desempleo,2018-08-01,4.3
desempleo,2018-09-01,4.5
desempleo,2018-10-01,4.3
desempleo,2018-11-01,3.9
desempleo,2018-12-01,3.9
desempleo,2019-01-01,3.7
desempleo,2019-02-01,3.9
desempleo,2019-03-01,4.0
desempleo,2019-04-01,3.9
desempleo,2019-05-01,3.9
desempleo,2019-06-01,4.0
desempleo,2019-07-01,4.0
desempleo,2019-08-01,4.1
desempleo,2019-09-01,4.0
desempleo,2019-10-01,4.1
desempleo,2019-11-01,4.2
desempleo,2019-12-01,4.3
desempleo,2020-01-01,4.0
desempleo,2020-02-01,4.2
desempleo,2020-03-01,3.9
desempleo,2020-04-01,8.5
desempleo,2020-05-01,12.9
desempleo,2020-06-01,11.5
desempleo,2020-07-01,9.7
desempleo,2020-08-01,8.1
desempleo,2020-09-01,6.5
desempleo,2020-10-01,6.0
desempleo,2020-11-01,5.4
desempleo,2020-12-01,5.0
desempleo,2021-01-01,5.2
desempleo,2021-02-01,5.0
desempleo,2021-03-01,4.9
desempleo,2021-04-01,5.0
desempleo,2021-05-01,4.7
desempleo,2021-06-01,4.4
desempleo,2021-07-01,4.3
desempleo,2021-08-01,4.5
desempleo,2021-09-01,4.1
desempleo,2021-10-01,4.0
desempleo,2021-11-01,4.2
desempleo,2021-12-01,4.2
desempleo,2022-01-01,4.2
desempleo,2022-02-01,4.2
desempleo,2022-03-01,4.2
desempleo,2022-04-01,3.9
desempleo,2022-05-01,3.7
desempleo,2022-06-01,3.7
desempleo,2022-07-01,3.9
desempleo,2022-08-01,3.8
desempleo,2022-09-01,3.7
desempleo,2022-10-01,3.6
desempleo,2022-11-01,3.5
desempleo,2022-12-01,3.6
desempleo,2023-01-01,3.4
desempleo,2023-02-01,3.6
desempleo,2023-03-01,3.3
desempleo,2023-04-01,3.5
desempleo,2023-05-01,3.4
desempleo,2023-06-01,3.2
desempleo,2023-07-01,3.4
desempleo,2023-08-01,3.4
desempleo,2023-09-01,3.1
desempleo,2023-10-01,3.1
desempleo,2023-11-01,3.2
desempleo,2023-12-01,3.2
desempleo,2024-01-01,3.4
desempleo,2024-02-01,3.5
desempleo,2024-03-01,3.5
desempleo,2024-04-01,3.5
desempleo,2024-05-01,3.6
desempleo,2024-06-01,3.6
desempleo,2024-07-01,3.5
desempleo,2024-08-01,3.1
desempleo,2024-09-01,3.3
desempleo,2024-10-01,3.4
desempleo,2024-11-01,3.3
desempleo,2024-12-01,3.2
desempleo,2025-01-01,3.5
desempleo,2025-02-01,3.2
desempleo,2025-03-01,3.3
desempleo,2025-04-01,3.7
desempleo,2025-05-01,3.4
desempleo,2025-06-01,3.5
desempleo,2025-07-01,3.7
desempleo,2025-08-01,3.6
desempleo,2025-09-01,3.6
desempleo,2025-10-01,3.7
desempleo,2025-11-01,3.5
desempleo,2025-12-01,3.5
desempleo,2026-01-01,3.5
desempleo,2026-02-01,3.6
desempleo,2026-03-01,3.5
desempleo,2026-04-01,3.4
desempleo,2026-05-01,3.2
desempleo,2026-06-01,3.2
desempleo,2026-07-01,3.4
desempleo,2026-08-01,3.3
empleo_adecuado,2018-01-01,38.6
empleo_adecuado,2018-02-01,38.3
empleo_adecuado,2018-03-01,39.9
empleo_adecuado,2018-04-01,40.1
empleo_adecuado,2018-05-01,40.0
empleo_adecuado,2018-06-01,38.3
empleo_adecuado,2018-07-01,38.8
empleo_adecuado,2018-08-01,39.1
empleo_adecuado,2018-09-01,39.9
empleo_adecuado,2018-10-01,39.7
empleo_adecuado,2018-11-01,39.3
empleo_adecuado,2018-12-01,39.4
empleo_adecuado,2019-01-01,38.2
empleo_adecuado,2019-02-01,39.0
empleo_adecuado,2019-03-01,39.1
empleo_adecuado,2019-04-01,38.7
empleo_adecuado,2019-05-01,39.4
empleo_adecuado,2019-06-01,40.1
empleo_adecuado,2019-07-01,38.9
empleo_adecuado,2019-08-01,38.5
empleo_adecuado,2019-09-01,38.8
empleo_adecuado,2019-10-01,38.9
empleo_adecuado,2019-11-01,38.6
empleo_adecuado,2019-12-01,38.2
empleo_adecuado,2020-01-01,38.9
empleo_adecuado,2020-02-01,38.5
empleo_adecuado,2020-03-01,37.0
empleo_adecuado,2020-04-01,26.0
empleo_adecuado,2020-05-01,17.1
empleo_adecuado,2020-06-01,21.0
empleo_adecuado,2020-07-01,25.1
empleo_adecuado,2020-08-01,28.5
empleo_adecuado,2020-09-01,31.1
empleo_adecuado,2020-10-01,31.3
empleo_adecuado,2020-11-01,30.2
empleo_adecuado,2020-12-01,30.3
empleo_adecuado,2021-01-01,30.8
empleo_adecuado,2021-02-01,31.5
empleo_adecuado,2021-03-01,31.3
empleo_adecuado,2021-04-01,31.5
empleo_adecuado,2021-05-01,32.0
empleo_adecuado,2021-06-01,32.3
empleo_adecuado,2021-07-01,32.7
empleo_adecuado,2021-08-01,32.8
empleo_adecuado,2021-09-01,32.6
empleo_adecuado,2021-10-01,33.1
empleo_adecuado,2021-11-01,33.1
empleo_adecuado,2021-12-01,32.8
empleo_adecuado,2022-01-01,32.8
empleo_adecuado,2022-02-01,33.2
empleo_adecuado,2022-03-01,33.5
empleo_adecuado,2022-04-01,33.9
empleo_adecuado,2022-05-01,34.2
empleo_adecuado,2022-06-01,34.6
empleo_adecuado,2022-07-01,34.7
empleo_adecuado,2022-08-01,34.4
empleo_adecuado,2022-09-01,35.1
empleo_adecuado,2022-10-01,35.9
empleo_adecuado,2022-11-01,36.2
empleo_adecuado,2022-12-01,36.2
empleo_adecuado,2023-01-01,36.3
empleo_adecuado,2023-02-01,35.6
empleo_adecuado,2023-03-01,34.7
empleo_adecuado,2023-04-01,35.1
empleo_adecuado,2023-05-01,34.8
empleo_adecuado,2023-06-01,35.5
empleo_adecuado,2023-07-01,34.9
empleo_adecuado,2023-08-01,33.8
empleo_adecuado,2023-09-01,33.9
empleo_adecuado,2023-10-01,35.2
empleo_adecuado,2023-11-01,35.0
empleo_adecuado,2023-12-01,34.4
empleo_adecuado,2024-01-01,34.2
empleo_adecuado,2024-02-01,34.6
empleo_adecuado,2024-03-01,34.9
empleo_adecuado,2024-04-01,34.8
empleo_adecuado,2024-05-01,35.3
empleo_adecuado,2024-06-01,35.2
empleo_adecuado,2024-07-01,34.7
empleo_adecuado,2024-08-01,34.7
empleo_adecuado,2024-09-01,35.1
empleo_adecuado,2024-10-01,35.0
empleo_adecuado,2024-11-01,34.9
empleo_adecuado,2024-12-01,33.7
empleo_adecuado,2025-01-01,33.7
empleo_adecuado,2025-02-01,34.1
empleo_adecuado,2025-03-01,34.0
empleo_adecuado,2025-04-01,34.6
empleo_adecuado,2025-05-01,34.8
empleo_adecuado,2025-06-01,35.1
empleo_adecuado,2025-07-01,34.8
empleo_adecuado,2025-08-01,36.0
empleo_adecuado,2025-09-01,36.2
empleo_adecuado,2025-10-01,35.6
empleo_adecuado,2025-11-01,35.4
empleo_adecuado,2025-12-01,36.6
empleo_adecuado,2026-01-01,35.9
empleo_adecuado,2026-02-01,36.1
empleo_adecuado,2026-03-01,36.3
empleo_adecuado,2026-04-01,35.9
empleo_adecuado,2026-05-01,35.2
empleo_adecuado,2026-06-01,35.4
empleo_adecuado,2026-07-01,35.7
empleo_adecuado,2026-08-01,36.3
prod_petrolera,2018-01-01,521.0
prod_petrolera,2018-02-01,520.0
prod_petrolera,2018-03-01,524.0
prod_petrolera,2018-04-01,525.0
prod_petrolera,2018-05-01,524.0
prod_petrolera,2018-06-01,523.0
prod_petrolera,2018-07-01,521.0
prod_petrolera,2018-08-01,525.0
prod_petrolera,2018-09-01,519.0
prod_petrolera,2018-10-01,518.0
prod_petrolera,2018-11-01,520.0
prod_petrolera,2018-12-01,515.0
prod_petrolera,2019-01-01,517.0
prod_petrolera,2019-02-01,510.0
prod_petrolera,2019-03-01,513.0
prod_petrolera,2019-04-01,522.0
prod_petrolera,2019-05-01,527.0
prod_petrolera,2019-06-01,527.0
prod_petrolera,2019-07-01,527.0
prod_petrolera,2019-08-01,521.0
prod_petrolera,2019-09-01,534.0
prod_petrolera,2019-10-01,535.0
prod_petrolera,2019-11-01,539.0
prod_petrolera,2019-12-01,532.0
prod_petrolera,2020-01-01,530.0
prod_petrolera,2020-02-01,520.0
prod_petrolera,2020-03-01,526.0
prod_petrolera,2020-04-01,384.0
prod_petrolera,2020-05-01,429.0
prod_petrolera,2020-06-01,490.0
prod_petrolera,2020-07-01,494.0
prod_petrolera,2020-08-01,484.0
prod_petrolera,2020-09-01,477.0
prod_petrolera,2020-10-01,476.0
prod_petrolera,2020-11-01,477.0
prod_petrolera,2020-12-01,474.0
prod_petrolera,2021-01-01,478.0
prod_petrolera,2021-02-01,482.0
prod_petrolera,2021-03-01,485.0
prod_petrolera,2021-04-01,487.0
prod_petrolera,2021-05-01,492.0
prod_petrolera,2021-06-01,492.0
prod_petrolera,2021-07-01,480.0
prod_petrolera,2021-08-01,476.0
prod_petrolera,2021-09-01,470.0
prod_petrolera,2021-10-01,466.0
prod_petrolera,2021-11-01,468.0
prod_petrolera,2021-12-01,469.0
prod_petrolera,2022-01-01,474.0
prod_petrolera,2022-02-01,467.0
prod_petrolera,2022-03-01,464.0
prod_petrolera,2022-04-01,469.0
prod_petrolera,2022-05-01,471.0
prod_petrolera,2022-06-01,472.0
prod_petrolera,2022-07-01,475.0
prod_petrolera,2022-08-01,473.0
prod_petrolera,2022-09-01,479.0
prod_petrolera,2022-10-01,482.0
prod_petrolera,2022-11-01,481.0
prod_petrolera,2022-12-01,478.0
prod_petrolera,2023-01-01,478.0
prod_petrolera,2023-02-01,465.0
prod_petrolera,2023-03-01,465.0
prod_petrolera,2023-04-01,471.0
prod_petrolera,2023-05-01,466.0
prod_petrolera,2023-06-01,472.0
prod_petrolera,2023-07-01,474.0
prod_petrolera,2023-08-01,468.0
prod_petrolera,2023-09-01,470.0
prod_petrolera,2023-10-01,471.0
prod_petrolera,2023-11-01,475.0
prod_petrolera,2023-12-01,477.0
prod_petrolera,2024-01-01,475.0
prod_petrolera,2024-02-01,470.0
prod_petrolera,2024-03-01,470.0
prod_petrolera,2024-04-01,470.0
prod_petrolera,2024-05-01,473.0
prod_petrolera,2024-06-01,473.0
prod_petrolera,2024-07-01,467.0
prod_petrolera,2024-08-01,460.0
prod_petrolera,2024-09-01,461.0
prod_petrolera,2024-10-01,459.0
prod_petrolera,2024-11-01,456.0
prod_petrolera,2024-12-01,458.0
prod_petrolera,2025-01-01,458.0
prod_petrolera,2025-02-01,461.0
prod_petrolera,2025-03-01,465.0
prod_petrolera,2025-04-01,462.0
prod_petrolera,2025-05-01,474.0
prod_petrolera,2025-06-01,468.0
prod_petrolera,2025-07-01,472.0
prod_petrolera,2025-08-01,469.0
prod_petrolera,2025-09-01,472.0
prod_petrolera,2025-10-01,456.0
prod_petrolera,2025-11-01,455.0
prod_petrolera,2025-12-01,459.0
prod_petrolera,2026-01-01,462.0
prod_petrolera,2026-02-01,472.0
prod_petrolera,2026-03-01,468.0
prod_petrolera,2026-04-01,470.0
prod_petrolera,2026-05-01,468.0
prod_petrolera,2026-06-01,467.0
prod_petrolera,2026-07-01,464.0
depositos,2018-01-01,30466.0
depositos,2018-02-01,30709.0
depositos,2018-03-01,30554.0
depositos,2018-04-01,30987.0
depositos,2018-05-01,30839.0
depositos,2018-06-01,31053.0
depositos,2018-07-01,31647.0
depositos,2018-08-01,31586.0
depositos,2018-09-01,31632.0
depositos,2018-10-01,31949.0
depositos,2018-11-01,31960.0
depositos,2018-12-01,31816.0
depositos,2019-01-01,32012.0
depositos,2019-02-01,32264.0
depositos,2019-03-01,32498.0
depositos,2019-04-01,32389.0
depositos,2019-05-01,32907.0
depositos,2019-06-01,33297.0
depositos,2019-07-01,33246.0
depositos,2019-08-01,33312.0
depositos,2019-09-01,33248.0
depositos,2019-10-01,33647.0
depositos,2019-11-01,33507.0
depositos,2019-12-01,33751.0
depositos,2020-01-01,33240.0
depositos,2020-02-01,32736.0
depositos,2020-03-01,32616.0
depositos,2020-04-01,32553.0
depositos,2020-05-01,33072.0
depositos,2020-06-01,33498.0
depositos,2020-07-01,34296.0
depositos,2020-08-01,34875.0
depositos,2020-09-01,35554.0
depositos,2020-10-01,36469.0
depositos,2020-11-01,37233.0
depositos,2020-12-01,37578.0
depositos,2021-01-01,38328.0
depositos,2021-02-01,38451.0
depositos,2021-03-01,38776.0
depositos,2021-04-01,38811.0
depositos,2021-05-01,39056.0
depositos,2021-06-01,38960.0
depositos,2021-07-01,39759.0
depositos,2021-08-01,40332.0
depositos,2021-09-01,40265.0
depositos,2021-10-01,40244.0
depositos,2021-11-01,40310.0
depositos,2021-12-01,41060.0
depositos,2022-01-01,41247.0
depositos,2022-02-01,41540.0
depositos,2022-03-01,41739.0
depositos,2022-04-01,42012.0
depositos,2022-05-01,42056.0
depositos,2022-06-01,42410.0
depositos,2022-07-01,42403.0
depositos,2022-08-01,42778.0
depositos,2022-09-01,43198.0
depositos,2022-10-01,43593.0
depositos,2022-11-01,43795.0
depositos,2022-12-01,43855.0
depositos,2023-01-01,44150.0
depositos,2023-02-01,44271.0
depositos,2023-03-01,44845.0
depositos,2023-04-01,45140.0
depositos,2023-05-01,45202.0
depositos,2023-06-01,45228.0
depositos,2023-07-01,45245.0
depositos,2023-08-01,45265.0
depositos,2023-09-01,45464.0
depositos,2023-10-01,45796.0
depositos,2023-11-01,46137.0
depositos,2023-12-01,46438.0
depositos,2024-01-01,47341.0
depositos,2024-02-01,47501.0
depositos,2024-03-01,47885.0
depositos,2024-04-01,48932.0
depositos,2024-05-01,48769.0
depositos,2024-06-01,49107.0
depositos,2024-07-01,49624.0
depositos,2024-08-01,50139.0
depositos,2024-09-01,50700.0
depositos,2024-10-01,51079.0
depositos,2024-11-01,51634.0
depositos,2024-12-01,52082.0
depositos,2025-01-01,52754.0
depositos,2025-02-01,52796.0
depositos,2025-03-01,53154.0
depositos,2025-04-01,53793.0
depositos,2025-05-01,54154.0
depositos,2025-06-01,54574.0
depositos,2025-07-01,55377.0
depositos,2025-08-01,55828.0
depositos,2025-09-01,56584.0
depositos,2025-10-01,57279.0
depositos,2025-11-01,57838.0
depositos,2025-12-01,58415.0
depositos,2026-01-01,58736.0
depositos,2026-02-01,58796.0
depositos,2026-03-01,59224.0
depositos,2026-04-01,59781.0
depositos,2026-05-01,60063.0
depositos,2026-06-01,60487.0
depositos,2026-07-01,61080.0
depositos,2026-08-01,61268.0
credito,2018-01-01,28477.0
credito,2018-02-01,28909.0
credito,2018-03-01,28969.0
credito,2018-04-01,29181.0
credito,2018-05-01,29355.0
credito,2018-06-01,29755.0
credito,2018-07-01,29950.0
credito,2018-08-01,30231.0
credito,2018-09-01,30307.0
credito,2018-10-01,30503.0
credito,2018-11-01,30716.0
credito,2018-12-01,30715.0
credito,2019-01-01,31105.0
credito,2019-02-01,31361.0
credito,2019-03-01,31256.0
credito,2019-04-01,31540.0
credito,2019-05-01,31677.0
credito,2019-06-01,31895.0
credito,2019-07-01,32081.0
credito,2019-08-01,32039.0
credito,2019-09-01,32213.0
credito,2019-10-01,32582.0
credito,2019-11-01,32645.0
credito,2019-12-01,32678.0
credito,2020-01-01,32594.0
credito,2020-02-01,32564.0
credito,2020-03-01,32740.0
credito,2020-04-01,33041.0
credito,2020-05-01,33111.0
credito,2020-06-01,33152.0
credito,2020-07-01,33430.0
credito,2020-08-01,33309.0
credito,2020-09-01,33217.0
credito,2020-10-01,33309.0
credito,2020-11-01,33390.0
credito,2020-12-01,33270.0
credito,2021-01-01,33504.0
credito,2021-02-01,33952.0
credito,2021-03-01,34335.0
credito,2021-04-01,34551.0
credito,2021-05-01,34933.0
credito,2021-06-01,35277.0
credito,2021-07-01,35735.0
credito,2021-08-01,36105.0
credito,2021-09-01,36477.0
credito,2021-10-01,36804.0
credito,2021-11-01,37319.0
credito,2021-12-01,37817.0
credito,2022-01-01,38107.0
credito,2022-02-01,38576.0
credito,2022-03-01,38792.0
credito,2022-04-01,39190.0
credito,2022-05-01,39657.0
credito,2022-06-01,40204.0
credito,2022-07-01,40466.0
credito,2022-08-01,40816.0
credito,2022-09-01,41212.0
credito,2022-10-01,41394.0
credito,2022-11-01,41831.0
credito,2022-12-01,42161.0
credito,2023-01-01,42494.0
credito,2023-02-01,42620.0
credito,2023-03-01,42657.0
credito,2023-04-01,43015.0
credito,2023-05-01,43359.0
credito,2023-06-01,43582.0
credito,2023-07-01,43976.0
credito,2023-08-01,44192.0
credito,2023-09-01,44377.0
credito,2023-10-01,44703.0
credito,2023-11-01,44765.0
credito,2023-12-01,44981.0
credito,2024-01-01,45171.0
credito,2024-02-01,45447.0
credito,2024-03-01,45548.0
credito,2024-04-01,45720.0
credito,2024-05-01,45758.0
credito,2024-06-01,45941.0
credito,2024-07-01,46266.0
credito,2024-08-01,46253.0
credito,2024-09-01,46648.0
credito,2024-10-01,46597.0
credito,2024-11-01,46682.0
credito,2024-12-01,46794.0
credito,2025-01-01,47220.0
credito,2025-02-01,47346.0
credito,2025-03-01,47398.0
credito,2025-04-01,47881.0
credito,2025-05-01,48331.0
credito,2025-06-01,48732.0
credito,2025-07-01,49342.0
credito,2025-08-01,49585.0
credito,2025-09-01,49860.0
credito,2025-10-01,50222.0
credito,2025-11-01,50516.0
credito,2025-12-01,50965.0
credito,2026-01-01,51051.0
credito,2026-02-01,51319.0
credito,2026-03-01,51207.0
credito,2026-04-01,51767.0
credito,2026-05-01,52109.0
credito,2026-06-01,52615.0
credito,2026-07-01,53209.0
credito,2026-08-01,53477.0
tasa_activa,2018-01-01,7.75
tasa_activa,2018-02-01,7.77
tasa_activa,2018-03-01,7.74
tasa_activa,2018-04-01,7.8
tasa_activa,2018-05-01,8.09
tasa_activa,2018-06-01,8.19
tasa_activa,2018-07-01,8.29
tasa_activa,2018-08-01,8.34
tasa_activa,2018-09-01,8.6
tasa_activa,2018-10-01,8.71
tasa_activa,2018-11-01,8.7
tasa_activa,2018-12-01,8.87
tasa_activa,2019-01-01,8.78
tasa_activa,2019-02-01,8.55
tasa_activa,2019-03-01,8.89
tasa_activa,2019-04-01,8.92
tasa_activa,2019-05-01,8.68
tasa_activa,2019-06-01,8.91
tasa_activa,2019-07-01,8.91
tasa_activa,2019-08-01,8.58
tasa_activa,2019-09-01,8.95
tasa_activa,2019-10-01,8.95
tasa_activa,2019-11-01,9.05
tasa_activa,2019-12-01,8.99
tasa_activa,2020-01-01,8.91
tasa_activa,2020-02-01,8.61
tasa_activa,2020-03-01,8.89
tasa_activa,2020-04-01,8.9
tasa_activa,2020-05-01,8.85
tasa_activa,2020-06-01,8.94
tasa_activa,2020-07-01,8.96
tasa_activa,2020-08-01,9.08
tasa_activa,2020-09-01,8.97
tasa_activa,2020-10-01,8.97
tasa_activa,2020-11-01,8.6
tasa_activa,2020-12-01,8.69
tasa_activa,2021-01-01,8.82
tasa_activa,2021-02-01,8.97
tasa_activa,2021-03-01,8.71
tasa_activa,2021-04-01,8.55
tasa_activa,2021-05-01,8.71
tasa_activa,2021-06-01,8.42
tasa_activa,2021-07-01,8.39
tasa_activa,2021-08-01,8.49
tasa_activa,2021-09-01,8.21
tasa_activa,2021-10-01,8.21
tasa_activa,2021-11-01,7.81
tasa_activa,2021-12-01,7.7
tasa_activa,2022-01-01,7.67
tasa_activa,2022-02-01,7.7
tasa_activa,2022-03-01,7.91
tasa_activa,2022-04-01,8.27
tasa_activa,2022-05-01,7.95
tasa_activa,2022-06-01,7.78
tasa_activa,2022-07-01,7.88
tasa_activa,2022-08-01,7.67
tasa_activa,2022-09-01,7.84
tasa_activa,2022-10-01,7.96
tasa_activa,2022-11-01,7.89
tasa_activa,2022-12-01,8.01
tasa_activa,2023-01-01,7.85
tasa_activa,2023-02-01,8.25
tasa_activa,2023-03-01,8.12
tasa_activa,2023-04-01,8.27
tasa_activa,2023-05-01,8.45
tasa_activa,2023-06-01,8.66
tasa_activa,2023-07-01,9.07
tasa_activa,2023-08-01,9.25
tasa_activa,2023-09-01,9.34
tasa_activa,2023-10-01,9.63
tasa_activa,2023-11-01,10.06
tasa_activa,2023-12-01,10.09
tasa_activa,2024-01-01,10.11
tasa_activa,2024-02-01,10.28
tasa_activa,2024-03-01,10.22
tasa_activa,2024-04-01,9.92
tasa_activa,2024-05-01,10.42
tasa_activa,2024-06-01,10.69
tasa_activa,2024-07-01,10.1
tasa_activa,2024-08-01,10.11
tasa_activa,2024-09-01,10.21
tasa_activa,2024-10-01,10.37
tasa_activa,2024-11-01,10.43
tasa_activa,2024-12-01,10.3
tasa_activa,2025-01-01,9.96
tasa_activa,2025-02-01,9.92
tasa_activa,2025-03-01,10.03
tasa_activa,2025-04-01,9.66
tasa_activa,2025-05-01,9.41
tasa_activa,2025-06-01,9.4
tasa_activa,2025-07-01,9.0
tasa_activa,2025-08-01,9.02
tasa_activa,2025-09-01,8.96
tasa_activa,2025-10-01,9.04
tasa_activa,2025-11-01,8.83
tasa_activa,2025-12-01,8.64
tasa_activa,2026-01-01,8.64
tasa_activa,2026-02-01,8.69
tasa_activa,2026-03-01,8.59
tasa_activa,2026-04-01,8.65
tasa_activa,2026-05-01,8.8
tasa_activa,2026-06-01,8.95
tasa_activa,2026-07-01,9.12
tasa_activa,2026-08-01,8.77
tasa_activa,2026-09-01,8.6
tasa_pasiva,2018-01-01,4.7
tasa_pasiva,2018-02-01,5.09
tasa_pasiva,2018-03-01,5.01
tasa_pasiva,2018-04-01,5.07
tasa_pasiva,2018-05-01,5.18
tasa_pasiva,2018-06-01,5.04
tasa_pasiva,2018-07-01,5.19
tasa_pasiva,2018-08-01,5.23
tasa_pasiva,2018-09-01,5.06
tasa_pasiva,2018-10-01,5.22
tasa_pasiva,2018-11-01,5.45
tasa_pasiva,2018-12-01,5.22
tasa_pasiva,2019-01-01,5.46
tasa_pasiva,2019-02-01,5.56
tasa_pasiva,2019-03-01,5.67
tasa_pasiva,2019-04-01,5.76
tasa_pasiva,2019-05-01,5.94
tasa_pasiva,2019-06-01,5.9
tasa_pasiva,2019-07-01,6.03
tasa_pasiva,2019-08-01,5.98
tasa_pasiva,2019-09-01,6.12
tasa_pasiva,2019-10-01,6.04
tasa_pasiva,2019-11-01,6.1
tasa_pasiva,2019-12-01,6.39
tasa_pasiva,2020-01-01,6.35
tasa_pasiva,2020-02-01,6.25
tasa_pasiva,2020-03-01,6.06
tasa_pasiva,2020-04-01,5.99
tasa_pasiva,2020-05-01,6.05
tasa_pasiva,2020-06-01,6.17
tasa_pasiva,2020-07-01,6.18
tasa_pasiva,2020-08-01,6.19
tasa_pasiva,2020-09-01,6.12
tasa_pasiva,2020-10-01,6.24
tasa_pasiva,2020-11-01,6.09
tasa_pasiva,2020-12-01,5.98
tasa_pasiva,2021-01-01,6.06
tasa_pasiva,2021-02-01,6.0
tasa_pasiva,2021-03-01,5.91
tasa_pasiva,2021-04-01,5.8
tasa_pasiva,2021-05-01,5.76
tasa_pasiva,2021-06-01,5.83
tasa_pasiva,2021-07-01,5.83
tasa_pasiva,2021-08-01,5.63
tasa_pasiva,2021-09-01,5.69
tasa_pasiva,2021-10-01,5.68
tasa_pasiva,2021-11-01,5.52
tasa_pasiva,2021-12-01,5.63
tasa_pasiva,2022-01-01,5.62
tasa_pasiva,2022-02-01,5.63
tasa_pasiva,2022-03-01,5.79
tasa_pasiva,2022-04-01,5.96
tasa_pasiva,2022-05-01,5.84
tasa_pasiva,2022-06-01,5.92
tasa_pasiva,2022-07-01,5.83
tasa_pasiva,2022-08-01,6.17
tasa_pasiva,2022-09-01,6.06
tasa_pasiva,2022-10-01,6.21
tasa_pasiva,2022-11-01,6.1
tasa_pasiva,2022-12-01,6.22
tasa_pasiva,2023-01-01,6.57
tasa_pasiva,2023-02-01,6.27
tasa_pasiva,2023-03-01,6.38
tasa_pasiva,2023-04-01,6.62
tasa_pasiva,2023-05-01,6.75
tasa_pasiva,2023-06-01,6.81
tasa_pasiva,2023-07-01,7.23
tasa_pasiva,2023-08-01,7.3
tasa_pasiva,2023-09-01,7.18
tasa_pasiva,2023-10-01,7.46
tasa_pasiva,2023-11-01,7.38
tasa_pasiva,2023-12-01,7.73
tasa_pasiva,2024-01-01,7.63
tasa_pasiva,2024-02-01,7.65
tasa_pasiva,2024-03-01,7.79
tasa_pasiva,2024-04-01,7.73
tasa_pasiva,2024-05-01,7.51
tasa_pasiva,2024-06-01,7.33
tasa_pasiva,2024-07-01,7.56
tasa_pasiva,2024-08-01,7.64
tasa_pasiva,2024-09-01,7.5
tasa_pasiva,2024-10-01,7.61
tasa_pasiva,2024-11-01,7.62
tasa_pasiva,2024-12-01,7.64
tasa_pasiva,2025-01-01,7.24
tasa_pasiva,2025-02-01,7.2
tasa_pasiva,2025-03-01,7.3
tasa_pasiva,2025-04-01,7.3
tasa_pasiva,2025-05-01,7.29
tasa_pasiva,2025-06-01,6.86
tasa_pasiva,2025-07-01,6.88
tasa_pasiva,2025-08-01,6.9
tasa_pasiva,2025-09-01,7.13
tasa_pasiva,2025-10-01,6.82
tasa_pasiva,2025-11-01,6.68
tasa_pasiva,2025-12-01,6.61
tasa_pasiva,2026-01-01,6.68
tasa_pasiva,2026-02-01,6.54
tasa_pasiva,2026-03-01,6.65
tasa_pasiva,2026-04-01,6.46
tasa_pasiva,2026-05-01,6.46
tasa_pasiva,2026-06-01,6.35
tasa_pasiva,2026-07-01,6.36
tasa_pasiva,2026-08-01,6.25
tasa_pasiva,2026-09-01,6.06
morosidad,2018-01-01,2.95
morosidad,2018-02-01,2.92
morosidad,2018-03-01,2.85
morosidad,2018-04-01,2.83
morosidad,2018-05-01,2.85
morosidad,2018-06-01,2.75
morosidad,2018-07-01,2.72
morosidad,2018-08-01,2.73
morosidad,2018-09-01,2.72
morosidad,2018-10-01,2.66
morosidad,2018-11-01,2.52
morosidad,2018-12-01,2.6
morosidad,2019-01-01,2.63
morosidad,2019-02-01,2.63
morosidad,2019-03-01,2.62
morosidad,2019-04-01,2.64
morosidad,2019-05-01,2.63
morosidad,2019-06-01,2.59
morosidad,2019-07-01,2.58
morosidad,2019-08-01,2.59
morosidad,2019-09-01,2.6
morosidad,2019-10-01,2.58
morosidad,2019-11-01,2.66
morosidad,2019-12-01,2.62
morosidad,2020-01-01,2.67
morosidad,2020-02-01,2.62
morosidad,2020-03-01,2.66
morosidad,2020-04-01,2.72
morosidad,2020-05-01,2.7
morosidad,2020-06-01,2.64
morosidad,2020-07-01,2.64
morosidad,2020-08-01,2.64
morosidad,2020-09-01,2.54
morosidad,2020-10-01,2.54
morosidad,2020-11-01,2.57
morosidad,2020-12-01,2.55
morosidad,2021-01-01,2.53
morosidad,2021-02-01,2.54
morosidad,2021-03-01,2.53
morosidad,2021-04-01,2.51
morosidad,2021-05-01,2.47
morosidad,2021-06-01,2.38
morosidad,2021-07-01,2.33
morosidad,2021-08-01,2.26
morosidad,2021-09-01,2.21
morosidad,2021-10-01,2.16
morosidad,2021-11-01,2.04
morosidad,2021-12-01,2.02
morosidad,2022-01-01,2.05
morosidad,2022-02-01,2.02
morosidad,2022-03-01,2.05
morosidad,2022-04-01,2.1
morosidad,2022-05-01,2.09
morosidad,2022-06-01,2.2
morosidad,2022-07-01,2.03
morosidad,2022-08-01,2.05
morosidad,2022-09-01,1.98
morosidad,2022-10-01,2.08
morosidad,2022-11-01,2.22
morosidad,2022-12-01,2.05
morosidad,2023-01-01,2.12
morosidad,2023-02-01,2.2
morosidad,2023-03-01,2.21
morosidad,2023-04-01,2.29
morosidad,2023-05-01,2.21
morosidad,2023-06-01,2.33
morosidad,2023-07-01,2.4
morosidad,2023-08-01,2.44
morosidad,2023-09-01,2.45
morosidad,2023-10-01,2.53
morosidad,2023-11-01,2.54
morosidad,2023-12-01,2.6
morosidad,2024-01-01,2.71
morosidad,2024-02-01,2.74
morosidad,2024-03-01,2.92
morosidad,2024-04-01,3.1
morosidad,2024-05-01,3.28
morosidad,2024-06-01,3.37
morosidad,2024-07-01,3.39
morosidad,2024-08-01,3.45
morosidad,2024-09-01,3.47
morosidad,2024-10-01,3.54
morosidad,2024-11-01,3.63
morosidad,2024-12-01,3.54
morosidad,2025-01-01,3.41
morosidad,2025-02-01,3.47
morosidad,2025-03-01,3.53
morosidad,2025-04-01,3.53
morosidad,2025-05-01,3.51
morosidad,2025-06-01,3.43
morosidad,2025-07-01,3.36
morosidad,2025-08-01,3.4
morosidad,2025-09-01,3.32
morosidad,2025-10-01,3.23
morosidad,2025-11-01,3.2
morosidad,2025-12-01,3.36
morosidad,2026-01-01,3.4
morosidad,2026-02-01,3.29
morosidad,2026-03-01,3.22
morosidad,2026-04-01,3.21
morosidad,2026-05-01,3.14
morosidad,2026-06-01,3.2
morosidad,2026-07-01,3.15
morosidad,2026-08-01,3.06
reservas,2018-01-01,4266.0
reservas,2018-02-01,3843.0
reservas,2018-03-01,3780.0
reservas,2018-04-01,3624.0
reservas,2018-05-01,3405.0
reservas,2018-06-01,3405.0
reservas,2018-07-01,3078.0
reservas,2018-08-01,2512.0
reservas,2018-09-01,2025.0
reservas,2018-10-01,1954.0
reservas,2018-11-01,2007.0
reservas,2018-12-01,2203.0
reservas,2019-01-01,2469.0
reservas,2019-02-01,2794.0
reservas,2019-03-01,2885.0
reservas,2019-04-01,2712.0
reservas,2019-05-01,2654.0
reservas,2019-06-01,2250.0
reservas,2019-07-01,2576.0
reservas,2019-08-01,2981.0
reservas,2019-09-01,3260.0
reservas,2019-10-01,3268.0
reservas,2019-11-01,3284.0
reservas,2019-12-01,3627.0
reservas,2020-01-01,3133.0
reservas,2020-02-01,2877.0
reservas,2020-03-01,2544.0
reservas,2020-04-01,2063.0
reservas,2020-05-01,2987.0
reservas,2020-06-01,3303.0
reservas,2020-07-01,3804.0
reservas,2020-08-01,4267.0
reservas,2020-09-01,4822.0
reservas,2020-10-01,6066.0
reservas,2020-11-01,7156.0
reservas,2020-12-01,7577.0
reservas,2021-01-01,7643.0
reservas,2021-02-01,7877.0
reservas,2021-03-01,7932.0
reservas,2021-04-01,8104.0
reservas,2021-05-01,7538.0
reservas,2021-06-01,7398.0
reservas,2021-07-01,7642.0
reservas,2021-08-01,8088.0
reservas,2021-09-01,8007.0
reservas,2021-10-01,7711.0
reservas,2021-11-01,7699.0
reservas,2021-12-01,7628.0
reservas,2022-01-01,7543.0
reservas,2022-02-01,8172.0
reservas,2022-03-01,7969.0
reservas,2022-04-01,8049.0
reservas,2022-05-01,8715.0
reservas,2022-06-01,8860.0
reservas,2022-07-01,8727.0
reservas,2022-08-01,8402.0
reservas,2022-09-01,8513.0
reservas,2022-10-01,8935.0
reservas,2022-11-01,8929.0
reservas,2022-12-01,9122.0
reservas,2023-01-01,8500.0
reservas,2023-02-01,8089.0
reservas,2023-03-01,7526.0
reservas,2023-04-01,7187.0
reservas,2023-05-01,7087.0
reservas,2023-06-01,6100.0
reservas,2023-07-01,5837.0
reservas,2023-08-01,5639.0
reservas,2023-09-01,5175.0
reservas,2023-10-01,4861.0
reservas,2023-11-01,4856.0
reservas,2023-12-01,5084.0
reservas,2024-01-01,5215.0
reservas,2024-02-01,5292.0
reservas,2024-03-01,4882.0
reservas,2024-04-01,5701.0
reservas,2024-05-01,5750.0
reservas,2024-06-01,5836.0
reservas,2024-07-01,5660.0
reservas,2024-08-01,5938.0
reservas,2024-09-01,5897.0
reservas,2024-10-01,6275.0
reservas,2024-11-01,6700.0
reservas,2024-12-01,6909.0
reservas,2025-01-01,7154.0
reservas,2025-02-01,7051.0
reservas,2025-03-01,7680.0
reservas,2025-04-01,7553.0
reservas,2025-05-01,7212.0
reservas,2025-06-01,7536.0
reservas,2025-07-01,7631.0
reservas,2025-08-01,7690.0
reservas,2025-09-01,7977.0
reservas,2025-10-01,8393.0
reservas,2025-11-01,8301.0
reservas,2025-12-01,8601.0
reservas,2026-01-01,9222.0
reservas,2026-02-01,9427.0
reservas,2026-03-01,9347.0
reservas,2026-04-01,9424.0
reservas,2026-05-01,9438.0
reservas,2026-06-01,9510.0
reservas,2026-07-01,9809.0
reservas,2026-08-01,9800.0
reservas,2026-09-01,9188.0
embi,2018-01-02,460.0
embi,2018-01-03,454.0
embi,2018-01-04,460.0
embi,2018-01-05,456.0
embi,2018-01-08,461.0
embi,2018-01-09,481.0
embi,2018-01-10,472.0
embi,2018-01-11,463.0
embi,2018-01-12,453.0
embi,2018-01-15,438.0
embi,2018-01-16,426.0
embi,2018-01-17,432.0
embi,2018-01-18,431.0
embi,2018-01-19,420.0
embi,2018-01-22,415.0
embi,2018-01-23,424.0
embi,2018-01-24,422.0
embi,2018-01-25,424.0
embi,2018-01-26,430.0
embi,2018-01-29,447.0
embi,2018-01-30,466.0
embi,2018-01-31,477.0
embi,2018-02-01,480.0
embi,2018-02-02,483.0
embi,2018-02-05,503.0
embi,2018-02-06,516.0
embi,2018-02-07,513.0
embi,2018-02-08,518.0
embi,2018-02-09,520.0
embi,2018-02-12,522.0
embi,2018-02-13,517.0
embi,2018-02-14,505.0
embi,2018-02-15,501.0
embi,2018-02-16,489.0
embi,2018-02-19,504.0
embi,2018-02-20,510.0
embi,2018-02-21,500.0
embi,2018-02-22,514.0
embi,2018-02-23,523.0
embi,2018-02-26,508.0
embi,2018-02-27,527.0
embi,2018-02-28,535.0
embi,2018-03-01,555.0
embi,2018-03-02,542.0
embi,2018-03-05,549.0
embi,2018-03-06,552.0
embi,2018-03-07,554.0
embi,2018-03-08,555.0
embi,2018-03-09,565.0
embi,2018-03-12,550.0
embi,2018-03-13,538.0
embi,2018-03-14,525.0
embi,2018-03-15,521.0
embi,2018-03-16,517.0
embi,2018-03-19,525.0
embi,2018-03-20,529.0
embi,2018-03-21,531.0
embi,2018-03-22,526.0
embi,2018-03-23,523.0
embi,2018-03-26,536.0
embi,2018-03-27,545.0
embi,2018-03-28,547.0
embi,2018-03-29,545.0
embi,2018-03-30,562.0
embi,2018-04-02,558.0
embi,2018-04-03,565.0
embi,2018-04-04,577.0
embi,2018-04-05,574.0
embi,2018-04-06,582.0
embi,2018-04-09,572.0
embi,2018-04-10,583.0
embi,2018-04-11,585.0
embi,2018-04-12,568.0
embi,2018-04-13,575.0
embi,2018-04-16,568.0
embi,2018-04-17,582.0
embi,2018-04-18,575.0
embi,2018-04-19,574.0
embi,2018-04-20,578.0
embi,2018-04-23,577.0
embi,2018-04-24,580.0
embi,2018-04-25,575.0
embi,2018-04-26,583.0
embi,2018-04-27,584.0
embi,2018-04-30,588.0
embi,2018-05-01,560.0
embi,2018-05-02,574.0
embi,2018-05-03,576.0
embi,2018-05-04,559.0
embi,2018-05-07,565.0
embi,2018-05-08,572.0
embi,2018-05-09,585.0
embi,2018-05-10,574.0
embi,2018-05-11,593.0
embi,2018-05-14,594.0
embi,2018-05-15,621.0
embi,2018-05-16,619.0
embi,2018-05-17,626.0
embi,2018-05-18,621.0
embi,2018-05-21,610.0
embi,2018-05-22,623.0
embi,2018-05-23,633.0
embi,2018-05-24,650.0
embi,2018-05-25,658.0
embi,2018-05-28,651.0
embi,2018-05-29,630.0
embi,2018-05-30,623.0
embi,2018-05-31,615.0
embi,2018-06-01,607.0
embi,2018-06-04,617.0
embi,2018-06-05,621.0
embi,2018-06-06,619.0
embi,2018-06-07,622.0
embi,2018-06-08,621.0
embi,2018-06-11,626.0
embi,2018-06-12,635.0
embi,2018-06-13,647.0
embi,2018-06-14,638.0
embi,2018-06-15,622.0
embi,2018-06-18,641.0
embi,2018-06-19,643.0
embi,2018-06-20,656.0
embi,2018-06-21,636.0
embi,2018-06-22,633.0
embi,2018-06-25,636.0
embi,2018-06-26,621.0
embi,2018-06-27,617.0
embi,2018-06-28,627.0
embi,2018-06-29,641.0
embi,2018-07-02,663.0
embi,2018-07-03,653.0
embi,2018-07-04,637.0
embi,2018-07-05,644.0
embi,2018-07-06,656.0
embi,2018-07-09,661.0
embi,2018-07-10,646.0
embi,2018-07-11,657.0
embi,2018-07-12,667.0
embi,2018-07-13,674.0
embi,2018-07-16,670.0
embi,2018-07-17,674.0
embi,2018-07-18,683.0
embi,2018-07-19,676.0
embi,2018-07-20,654.0
embi,2018-07-23,661.0
embi,2018-07-24,668.0
embi,2018-07-25,669.0
embi,2018-07-26,681.0
embi,2018-07-27,674.0
embi,2018-07-30,675.0
embi,2018-07-31,672.0
embi,2018-08-01,680.0
embi,2018-08-02,701.0
embi,2018-08-03,697.0
embi,2018-08-06,725.0
embi,2018-08-07,743.0
embi,2018-08-08,751.0
embi,2018-08-09,756.0
embi,2018-08-10,776.0
embi,2018-08-13,771.0
embi,2018-08-14,765.0
embi,2018-08-15,747.0
embi,2018-08-16,751.0
embi,2018-08-17,766.0
embi,2018-08-20,772.0
embi,2018-08-21,774.0
embi,2018-08-22,767.0
embi,2018-08-23,766.0
embi,2018-08-24,743.0
embi,2018-08-27,758.0
embi,2018-08-28,750.0
embi,2018-08-29,733.0
embi,2018-08-30,722.0
embi,2018-08-31,711.0
embi,2018-09-03,725.0
embi,2018-09-04,739.0
embi,2018-09-05,720.0
embi,2018-09-06,733.0
embi,2018-09-07,744.0
embi,2018-09-10,737.0
embi,2018-09-11,717.0
embi,2018-09-12,709.0
embi,2018-09-13,702.0
embi,2018-09-14,708.0
embi,2018-09-17,707.0
embi,2018-09-18,683.0
embi,2018-09-19,690.0
embi,2018-09-20,674.0
embi,2018-09-21,688.0
embi,2018-09-24,679.0
embi,2018-09-25,674.0
embi,2018-09-26,668.0
embi,2018-09-27,666.0
embi,2018-09-28,686.0
embi,2018-10-01,702.0
embi,2018-10-02,713.0
embi,2018-10-03,719.0
embi,2018-10-04,701.0
embi,2018-10-05,698.0
embi,2018-10-08,696.0
embi,2018-10-09,688.0
embi,2018-10-10,698.0
embi,2018-10-11,692.0
embi,2018-10-12,687.0
embi,2018-10-15,681.0
embi,2018-10-16,661.0
embi,2018-10-17,674.0
embi,2018-10-18,695.0
embi,2018-10-19,702.0
embi,2018-10-22,695.0
embi,2018-10-23,666.0
embi,2018-10-24,674.0
embi,2018-10-25,695.0
embi,2018-10-26,703.0
embi,2018-10-29,721.0
embi,2018-10-30,744.0
embi,2018-10-31,762.0
embi,2018-11-01,757.0
embi,2018-11-02,773.0
embi,2018-11-05,786.0
embi,2018-11-06,765.0
embi,2018-11-07,761.0
embi,2018-11-08,743.0
embi,2018-11-09,744.0
embi,2018-11-12,757.0
embi,2018-11-13,745.0
embi,2018-11-14,720.0
embi,2018-11-15,742.0
embi,2018-11-16,750.0
embi,2018-11-19,775.0
embi,2018-11-20,758.0
embi,2018-11-21,775.0
embi,2018-11-22,807.0
embi,2018-11-23,836.0
embi,2018-11-26,833.0
embi,2018-11-27,836.0
embi,2018-11-28,832.0
embi,2018-11-29,845.0
embi,2018-11-30,859.0
embi,2018-12-03,860.0
embi,2018-12-04,836.0
embi,2018-12-05,846.0
embi,2018-12-06,837.0
embi,2018-12-07,846.0
embi,2018-12-10,850.0
embi,2018-12-11,874.0
embi,2018-12-12,888.0
embi,2018-12-13,877.0
embi,2018-12-14,880.0
embi,2018-12-17,907.0
embi,2018-12-18,893.0
embi,2018-12-19,896.0
embi,2018-12-20,912.0
embi,2018-12-21,927.0
embi,2018-12-24,932.0
embi,2018-12-25,904.0
embi,2018-12-26,880.0
embi,2018-12-27,881.0
embi,2018-12-28,885.0
embi,2018-12-31,926.0
embi,2019-01-01,904.0
embi,2019-01-02,916.0
embi,2019-01-03,922.0
embi,2019-01-04,887.0
embi,2019-01-07,866.0
embi,2019-01-08,865.0
embi,2019-01-09,853.0
embi,2019-01-10,847.0
embi,2019-01-11,851.0
embi,2019-01-14,832.0
embi,2019-01-15,837.0
embi,2019-01-16,824.0
embi,2019-01-17,814.0
embi,2019-01-18,820.0
embi,2019-01-21,807.0
embi,2019-01-22,810.0
embi,2019-01-23,831.0
embi,2019-01-24,828.0
embi,2019-01-25,823.0
embi,2019-01-28,829.0
embi,2019-01-29,820.0
embi,2019-01-30,833.0
embi,2019-01-31,810.0
embi,2019-02-01,816.0
embi,2019-02-04,804.0
embi,2019-02-05,790.0
embi,2019-02-06,814.0
embi,2019-02-07,798.0
embi,2019-02-08,821.0
embi,2019-02-11,825.0
embi,2019-02-12,842.0
embi,2019-02-13,822.0
embi,2019-02-14,835.0
embi,2019-02-15,852.0
embi,2019-02-18,841.0
embi,2019-02-19,833.0
embi,2019-02-20,865.0
embi,2019-02-21,860.0
embi,2019-02-22,846.0
embi,2019-02-25,828.0
embi,2019-02-26,829.0
embi,2019-02-27,828.0
embi,2019-02-28,824.0
embi,2019-03-01,845.0
embi,2019-03-04,830.0
embi,2019-03-05,831.0
embi,2019-03-06,846.0
embi,2019-03-07,823.0
embi,2019-03-08,833.0
embi,2019-03-11,851.0
embi,2019-03-12,822.0
embi,2019-03-13,800.0
embi,2019-03-14,780.0
embi,2019-03-15,751.0
embi,2019-03-18,752.0
embi,2019-03-19,725.0
embi,2019-03-20,731.0
embi,2019-03-21,749.0
embi,2019-03-22,725.0
embi,2019-03-25,718.0
embi,2019-03-26,693.0
embi,2019-03-27,703.0
embi,2019-03-28,694.0
embi,2019-03-29,691.0
embi,2019-04-01,690.0
embi,2019-04-02,697.0
embi,2019-04-03,692.0
embi,2019-04-04,693.0
embi,2019-04-05,686.0
embi,2019-04-08,685.0
embi,2019-04-09,671.0
embi,2019-04-10,673.0
embi,2019-04-11,651.0
embi,2019-04-12,647.0
embi,2019-04-15,669.0
embi,2019-04-16,671.0
embi,2019-04-17,656.0
embi,2019-04-18,661.0
embi,2019-04-19,650.0
embi,2019-04-22,630.0
embi,2019-04-23,624.0
embi,2019-04-24,635.0
embi,2019-04-25,642.0
embi,2019-04-26,642.0
embi,2019-04-29,631.0
embi,2019-04-30,620.0
embi,2019-05-01,638.0
embi,2019-05-02,642.0
embi,2019-05-03,632.0
embi,2019-05-06,608.0
embi,2019-05-07,596.0
embi,2019-05-08,626.0
embi,2019-05-09,615.0
embi,2019-05-10,616.0
embi,2019-05-13,618.0
embi,2019-05-14,618.0
embi,2019-05-15,617.0
embi,2019-05-16,603.0
embi,2019-05-17,594.0
embi,2019-05-20,613.0
embi,2019-05-21,606.0
embi,2019-05-22,617.0
embi,2019-05-23,600.0
embi,2019-05-24,599.0
embi,2019-05-27,601.0
embi,2019-05-28,614.0
embi,2019-05-29,603.0
embi,2019-05-30,611.0
embi,2019-05-31,616.0
embi,2019-06-03,606.0
embi,2019-06-04,612.0
embi,2019-06-05,602.0
embi,2019-06-06,595.0
embi,2019-06-07,596.0
embi,2019-06-10,566.0
embi,2019-06-11,568.0
embi,2019-06-12,560.0
embi,2019-06-13,548.0
embi,2019-06-14,548.0
embi,2019-06-17,557.0
embi,2019-06-18,555.0
embi,2019-06-19,571.0
embi,2019-06-20,561.0
embi,2019-06-21,550.0
embi,2019-06-24,566.0
embi,2019-06-25,572.0
embi,2019-06-26,583.0
embi,2019-06-27,575.0
embi,2019-06-28,584.0
embi,2019-07-01,601.0
embi,2019-07-02,613.0
embi,2019-07-03,619.0
embi,2019-07-04,637.0
embi,2019-07-05,634.0
embi,2019-07-08,636.0
embi,2019-07-09,624.0
embi,2019-07-10,643.0
embi,2019-07-11,640.0
embi,2019-07-12,633.0
embi,2019-07-15,637.0
embi,2019-07-16,638.0
embi,2019-07-17,630.0
embi,2019-07-18,634.0
embi,2019-07-19,634.0
embi,2019-07-22,643.0
embi,2019-07-23,640.0
embi,2019-07-24,648.0
embi,2019-07-25,651.0
embi,2019-07-26,660.0
embi,2019-07-29,679.0
embi,2019-07-30,691.0
embi,2019-07-31,671.0
embi,2019-08-01,672.0
embi,2019-08-02,671.0
embi,2019-08-05,697.0
embi,2019-08-06,685.0
embi,2019-08-07,685.0
embi,2019-08-08,691.0
embi,2019-08-09,696.0
embi,2019-08-12,725.0
embi,2019-08-13,727.0
embi,2019-08-14,748.0
embi,2019-08-15,736.0
embi,2019-08-16,720.0
embi,2019-08-19,754.0
embi,2019-08-20,768.0
embi,2019-08-21,782.0
embi,2019-08-22,791.0
embi,2019-08-23,805.0
embi,2019-08-26,802.0
embi,2019-08-27,823.0
embi,2019-08-28,822.0
embi,2019-08-29,843.0
embi,2019-08-30,851.0
embi,2019-09-02,834.0
embi,2019-09-03,822.0
embi,2019-09-04,847.0
embi,2019-09-05,852.0
embi,2019-09-06,853.0
embi,2019-09-09,872.0
embi,2019-09-10,872.0
embi,2019-09-11,870.0
embi,2019-09-12,879.0
embi,2019-09-13,889.0
embi,2019-09-16,928.0
embi,2019-09-17,935.0
embi,2019-09-18,972.0
embi,2019-09-19,1008.0
embi,2019-09-20,1041.0
embi,2019-09-23,1070.0
embi,2019-09-24,1071.0
embi,2019-09-25,1073.0
embi,2019-09-26,1070.0
embi,2019-09-27,1055.0
embi,2019-09-30,1064.0
embi,2019-10-01,1052.0
embi,2019-10-02,1086.0
embi,2019-10-03,1097.0
embi,2019-10-04,1088.0
embi,2019-10-07,1060.0
embi,2019-10-08,1062.0
embi,2019-10-09,1057.0
embi,2019-10-10,1040.0
embi,2019-10-11,1017.0
embi,2019-10-14,971.0
embi,2019-10-15,982.0
embi,2019-10-16,982.0
embi,2019-10-17,1029.0
embi,2019-10-18,1025.0
embi,2019-10-21,1015.0
embi,2019-10-22,1039.0
embi,2019-10-23,1037.0
embi,2019-10-24,1036.0
embi,2019-10-25,1025.0
embi,2019-10-28,1005.0
embi,2019-10-29,1029.0
embi,2019-10-30,1043.0
embi,2019-10-31,1070.0
embi,2019-11-01,1056.0
embi,2019-11-04,1043.0
embi,2019-11-05,1020.0
embi,2019-11-06,1033.0
embi,2019-11-07,1001.0
embi,2019-11-08,1007.0
embi,2019-11-11,1016.0
embi,2019-11-12,1036.0
embi,2019-11-13,1011.0
embi,2019-11-14,1025.0
embi,2019-11-15,1004.0
embi,2019-11-18,979.0
embi,2019-11-19,951.0
embi,2019-11-20,968.0
embi,2019-11-21,992.0
embi,2019-11-22,975.0
embi,2019-11-25,951.0
embi,2019-11-26,941.0
embi,2019-11-27,980.0
embi,2019-11-28,991.0
embi,2019-11-29,974.0
embi,2019-12-02,931.0
embi,2019-12-03,915.0
embi,2019-12-04,932.0
embi,2019-12-05,958.0
embi,2019-12-06,947.0
embi,2019-12-09,924.0
embi,2019-12-10,910.0
embi,2019-12-11,876.0
embi,2019-12-12,888.0
embi,2019-12-13,867.0
embi,2019-12-16,876.0
embi,2019-12-17,846.0
embi,2019-12-18,826.0
embi,2019-12-19,829.0
embi,2019-12-20,817.0
embi,2019-12-23,823.0
embi,2019-12-24,822.0
embi,2019-12-25,804.0
embi,2019-12-26,812.0
embi,2019-12-27,824.0
embi,2019-12-30,789.0
embi,2019-12-31,815.0
embi,2020-01-01,828.0
embi,2020-01-02,845.0
embi,2020-01-03,822.0
embi,2020-01-06,828.0
embi,2020-01-07,830.0
embi,2020-01-08,854.0
embi,2020-01-09,837.0
embi,2020-01-10,831.0
embi,2020-01-13,819.0
embi,2020-01-14,825.0
embi,2020-01-15,839.0
embi,2020-01-16,823.0
embi,2020-01-17,824.0
embi,2020-01-20,852.0
embi,2020-01-21,886.0
embi,2020-01-22,905.0
embi,2020-01-23,908.0
embi,2020-01-24,896.0
embi,2020-01-27,899.0
embi,2020-01-28,898.0
embi,2020-01-29,910.0
embi,2020-01-30,918.0
embi,2020-01-31,955.0
embi,2020-02-03,978.0
embi,2020-02-04,966.0
embi,2020-02-05,1002.0
embi,2020-02-06,1025.0
embi,2020-02-07,1033.0
embi,2020-02-10,1035.0
embi,2020-02-11,1007.0
embi,2020-02-12,996.0
embi,2020-02-13,1021.0
embi,2020-02-14,1014.0
embi,2020-02-17,1008.0
embi,2020-02-18,1021.0
embi,2020-02-19,1035.0
embi,2020-02-20,1055.0
embi,2020-02-21,1213.0
embi,2020-02-24,1687.0
embi,2020-02-25,1806.0
embi,2020-02-26,1987.0
embi,2020-02-27,2096.0
embi,2020-02-28,2271.0
embi,2020-03-02,2720.0
embi,2020-03-03,2880.0
embi,2020-03-04,3079.0
embi,2020-03-05,3224.0
embi,2020-03-06,3438.0
embi,2020-03-09,3949.0
embi,2020-03-10,4101.0
embi,2020-03-11,4199.0
embi,2020-03-12,4283.0
embi,2020-03-13,4386.0
embi,2020-03-16,4811.0
embi,2020-03-17,4954.0
embi,2020-03-18,5381.0
embi,2020-03-19,5581.0
embi,2020-03-20,5794.0
embi,2020-03-23,6145.0
embi,2020-03-24,6056.0
embi,2020-03-25,6016.0
embi,2020-03-26,6035.0
embi,2020-03-27,5920.0
embi,2020-03-30,6119.0
embi,2020-03-31,6051.0
embi,2020-04-01,6169.0
embi,2020-04-02,5908.0
embi,2020-04-03,5915.0
embi,2020-04-06,5973.0
embi,2020-04-07,6000.0
embi,2020-04-08,6072.0
embi,2020-04-09,6105.0
embi,2020-04-10,6123.0
embi,2020-04-13,5937.0
embi,2020-04-14,5874.0
embi,2020-04-15,5648.0
embi,2020-04-16,5743.0
embi,2020-04-17,5800.0
embi,2020-04-20,5821.0
embi,2020-04-21,5720.0
embi,2020-04-22,5649.0
embi,2020-04-23,5831.0
embi,2020-04-24,5993.0
embi,2020-04-27,5890.0
embi,2020-04-28,5993.0
embi,2020-04-29,5783.0
embi,2020-04-30,5555.0
embi,2020-05-01,5489.0
embi,2020-05-04,5328.0
embi,2020-05-05,5263.0
embi,2020-05-06,5271.0
embi,2020-05-07,5553.0
embi,2020-05-08,5456.0
embi,2020-05-11,5371.0
embi,2020-05-12,5370.0
embi,2020-05-13,5336.0
embi,2020-05-14,5396.0
embi,2020-05-15,5534.0
embi,2020-05-18,5301.0
embi,2020-05-19,5279.0
embi,2020-05-20,5215.0
embi,2020-05-21,5212.0
embi,2020-05-22,5033.0
embi,2020-05-25,4789.0
embi,2020-05-26,4575.0
embi,2020-05-27,4611.0
embi,2020-05-28,4616.0
embi,2020-05-29,4608.0
embi,2020-06-01,4345.0
embi,2020-06-02,4311.0
embi,2020-06-03,4249.0
embi,2020-06-04,4139.0
embi,2020-06-05,4074.0
embi,2020-06-08,4074.0
embi,2020-06-09,4113.0
embi,2020-06-10,4106.0
embi,2020-06-11,4137.0
embi,2020-06-12,4082.0
embi,2020-06-15,4020.0
embi,2020-06-16,4012.0
embi,2020-06-17,4039.0
embi,2020-06-18,4018.0
embi,2020-06-19,3991.0
embi,2020-06-22,3905.0
embi,2020-06-23,3843.0
embi,2020-06-24,3984.0
embi,2020-06-25,3994.0
embi,2020-06-26,3995.0
embi,2020-06-29,4066.0
embi,2020-06-30,4126.0
embi,2020-07-01,3964.0
embi,2020-07-02,3973.0
embi,2020-07-03,3990.0
embi,2020-07-06,4012.0
embi,2020-07-07,4052.0
embi,2020-07-08,4048.0
embi,2020-07-09,3902.0
embi,2020-07-10,3789.0
embi,2020-07-13,3693.0
embi,2020-07-14,3679.0
embi,2020-07-15,3564.0
embi,2020-07-16,3497.0
embi,2020-07-17,3432.0
embi,2020-07-20,3334.0
embi,2020-07-21,3316.0
embi,2020-07-22,3261.0
embi,2020-07-23,3153.0
embi,2020-07-24,3193.0
embi,2020-07-27,3183.0
embi,2020-07-28,3135.0
embi,2020-07-29,3151.0
embi,2020-07-30,3132.0
embi,2020-07-31,3123.0
embi,2020-08-03,2986.0
embi,2020-08-04,2882.0
embi,2020-08-05,2852.0
embi,2020-08-06,2843.0
embi,2020-08-07,2734.0
embi,2020-08-10,2670.0
embi,2020-08-11,2705.0
embi,2020-08-12,2721.0
embi,2020-08-13,2740.0
embi,2020-08-14,2692.0
embi,2020-08-17,2484.0
embi,2020-08-18,2380.0
embi,2020-08-19,2273.0
embi,2020-08-20,2210.0
embi,2020-08-21,2142.0
embi,2020-08-24,1999.0
embi,2020-08-25,1865.0
embi,2020-08-26,1885.0
embi,2020-08-27,1898.0
embi,2020-08-28,1828.0
embi,2020-08-31,1677.0
embi,2020-09-01,1624.0
embi,2020-09-02,1566.0
embi,2020-09-03,1495.0
embi,2020-09-04,1429.0
embi,2020-09-07,1247.0
embi,2020-09-08,1193.0
embi,2020-09-09,1136.0
embi,2020-09-10,1087.0
embi,2020-09-11,1065.0
embi,2020-09-14,1064.0
embi,2020-09-15,1062.0
embi,2020-09-16,1070.0
embi,2020-09-17,1046.0
embi,2020-09-18,1052.0
embi,2020-09-21,1070.0
embi,2020-09-22,1078.0
embi,2020-09-23,1067.0
embi,2020-09-24,1055.0
embi,2020-09-25,1048.0
embi,2020-09-28,1061.0
embi,2020-09-29,1088.0
embi,2020-09-30,1081.0
embi,2020-10-01,1065.0
embi,2020-10-02,1070.0
embi,2020-10-05,1072.0
embi,2020-10-06,1051.0
embi,2020-10-07,1036.0
embi,2020-10-08,1033.0
embi,2020-10-09,1045.0
embi,2020-10-12,1023.0
embi,2020-10-13,1005.0
embi,2020-10-14,1015.0
embi,2020-10-15,994.0
embi,2020-10-16,998.0
embi,2020-10-19,1007.0
embi,2020-10-20,1006.0
embi,2020-10-21,990.0
embi,2020-10-22,991.0
embi,2020-10-23,988.0
embi,2020-10-26,997.0
embi,2020-10-27,985.0
embi,2020-10-28,1007.0
embi,2020-10-29,979.0
embi,2020-10-30,979.0
embi,2020-11-02,984.0
embi,2020-11-03,1004.0
embi,2020-11-04,995.0
embi,2020-11-05,1008.0
embi,2020-11-06,999.0
embi,2020-11-09,1016.0
embi,2020-11-10,1050.0
embi,2020-11-11,1042.0
embi,2020-11-12,1051.0
embi,2020-11-13,1033.0
embi,2020-11-16,1053.0
embi,2020-11-17,1076.0
embi,2020-11-18,1075.0
embi,2020-11-19,1051.0
embi,2020-11-20,1059.0
embi,2020-11-23,1081.0
embi,2020-11-24,1101.0
embi,2020-11-25,1114.0
embi,2020-11-26,1074.0
embi,2020-11-27,1060.0
embi,2020-11-30,1088.0
embi,2020-12-01,1062.0
embi,2020-12-02,1084.0
embi,2020-12-03,1119.0
embi,2020-12-04,1131.0
embi,2020-12-07,1150.0
embi,2020-12-08,1138.0
embi,2020-12-09,1108.0
embi,2020-12-10,1103.0
embi,2020-12-11,1096.0
embi,2020-12-14,1094.0
embi,2020-12-15,1106.0
embi,2020-12-16,1101.0
embi,2020-12-17,1102.0
embi,2020-12-18,1108.0
embi,2020-12-21,1107.0
embi,2020-12-22,1141.0
embi,2020-12-23,1146.0
embi,2020-12-24,1143.0
embi,2020-12-25,1134.0
embi,2020-12-28,1118.0
embi,2020-12-29,1143.0
embi,2020-12-30,1141.0
embi,2020-12-31,1115.0
embi,2021-01-01,1108.0
embi,2021-01-04,1124.0
embi,2021-01-05,1121.0
embi,2021-01-06,1148.0
embi,2021-01-07,1129.0
embi,2021-01-08,1145.0
embi,2021-01-11,1168.0
embi,2021-01-12,1149.0
embi,2021-01-13,1157.0
embi,2021-01-14,1162.0
embi,2021-01-15,1179.0
embi,2021-01-18,1190.0
embi,2021-01-19,1204.0
embi,2021-01-20,1175.0
embi,2021-01-21,1160.0
embi,2021-01-22,1186.0
embi,2021-01-25,1232.0
embi,2021-01-26,1239.0
embi,2021-01-27,1233.0
embi,2021-01-28,1265.0
embi,2021-01-29,1225.0
embi,2021-02-01,1230.0
embi,2021-02-02,1255.0
embi,2021-02-03,1279.0
embi,2021-02-04,1264.0
embi,2021-02-05,1231.0
embi,2021-02-08,1288.0
embi,2021-02-09,1302.0
embi,2021-02-10,1290.0
embi,2021-02-11,1286.0
embi,2021-02-12,1302.0
embi,2021-02-15,1219.0
embi,2021-02-16,1241.0
embi,2021-02-17,1252.0
embi,2021-02-18,1200.0
embi,2021-02-19,1213.0
embi,2021-02-22,1153.0
embi,2021-02-23,1174.0
embi,2021-02-24,1177.0
embi,2021-02-25,1220.0
embi,2021-02-26,1198.0
embi,2021-03-01,1172.0
embi,2021-03-02,1186.0
embi,2021-03-03,1163.0
embi,2021-03-04,1139.0
embi,2021-03-05,1124.0
embi,2021-03-08,1098.0
embi,2021-03-09,1069.0
embi,2021-03-10,1072.0
embi,2021-03-11,1076.0
embi,2021-03-12,1070.0
embi,2021-03-15,1077.0
embi,2021-03-16,1060.0
embi,2021-03-17,1076.0
embi,2021-03-18,1054.0
embi,2021-03-19,1058.0
embi,2021-03-22,993.0
embi,2021-03-23,988.0
embi,2021-03-24,975.0
embi,2021-03-25,958.0
embi,2021-03-26,940.0
embi,2021-03-29,909.0
embi,2021-03-30,890.0
embi,2021-03-31,849.0
embi,2021-04-01,836.0
embi,2021-04-02,824.0
embi,2021-04-05,796.0
embi,2021-04-06,777.0
embi,2021-04-07,772.0
embi,2021-04-08,779.0
embi,2021-04-09,771.0
embi,2021-04-12,744.0
embi,2021-04-13,758.0
embi,2021-04-14,774.0
embi,2021-04-15,789.0
embi,2021-04-16,806.0
embi,2021-04-19,802.0
embi,2021-04-20,800.0
embi,2021-04-21,817.0
embi,2021-04-22,808.0
embi,2021-04-23,806.0
embi,2021-04-26,812.0
embi,2021-04-27,818.0
embi,2021-04-28,813.0
embi,2021-04-29,827.0
embi,2021-04-30,823.0
embi,2021-05-03,834.0
embi,2021-05-04,849.0
embi,2021-05-05,856.0
embi,2021-05-06,865.0
embi,2021-05-07,844.0
embi,2021-05-10,823.0
embi,2021-05-11,813.0
embi,2021-05-12,820.0
embi,2021-05-13,842.0
embi,2021-05-14,822.0
embi,2021-05-17,826.0
embi,2021-05-18,813.0
embi,2021-05-19,802.0
embi,2021-05-20,799.0
embi,2021-05-21,810.0
embi,2021-05-24,814.0
embi,2021-05-25,831.0
embi,2021-05-26,816.0
embi,2021-05-27,829.0
embi,2021-05-28,842.0
embi,2021-05-31,842.0
embi,2021-06-01,848.0
embi,2021-06-02,837.0
embi,2021-06-03,820.0
embi,2021-06-04,814.0
embi,2021-06-07,805.0
embi,2021-06-08,849.0
embi,2021-06-09,840.0
embi,2021-06-10,864.0
embi,2021-06-11,864.0
embi,2021-06-14,867.0
embi,2021-06-15,876.0
embi,2021-06-16,860.0
embi,2021-06-17,872.0
embi,2021-06-18,875.0
embi,2021-06-21,849.0
embi,2021-06-22,856.0
embi,2021-06-23,863.0
embi,2021-06-24,868.0
embi,2021-06-25,890.0
embi,2021-06-28,880.0
embi,2021-06-29,884.0
embi,2021-06-30,893.0
embi,2021-07-01,874.0
embi,2021-07-02,890.0
embi,2021-07-05,864.0
embi,2021-07-06,842.0
embi,2021-07-07,849.0
embi,2021-07-08,831.0
embi,2021-07-09,829.0
embi,2021-07-12,805.0
embi,2021-07-13,807.0
embi,2021-07-14,792.0
embi,2021-07-15,799.0
embi,2021-07-16,779.0
embi,2021-07-19,789.0
embi,2021-07-20,788.0
embi,2021-07-21,791.0
embi,2021-07-22,792.0
embi,2021-07-23,797.0
embi,2021-07-26,780.0
embi,2021-07-27,748.0
embi,2021-07-28,753.0
embi,2021-07-29,745.0
embi,2021-07-30,744.0
embi,2021-08-02,755.0
embi,2021-08-03,733.0
embi,2021-08-04,729.0
embi,2021-08-05,727.0
embi,2021-08-06,719.0
embi,2021-08-09,730.0
embi,2021-08-10,734.0
embi,2021-08-11,729.0
embi,2021-08-12,722.0
embi,2021-08-13,739.0
embi,2021-08-16,736.0
embi,2021-08-17,750.0
embi,2021-08-18,761.0
embi,2021-08-19,740.0
embi,2021-08-20,731.0
embi,2021-08-23,738.0
embi,2021-08-24,748.0
embi,2021-08-25,764.0
embi,2021-08-26,779.0
embi,2021-08-27,797.0
embi,2021-08-30,795.0
embi,2021-08-31,795.0
embi,2021-09-01,809.0
embi,2021-09-02,804.0
embi,2021-09-03,822.0
embi,2021-09-06,801.0
embi,2021-09-07,813.0
embi,2021-09-08,812.0
embi,2021-09-09,785.0
embi,2021-09-10,803.0
embi,2021-09-13,810.0
embi,2021-09-14,813.0
embi,2021-09-15,799.0
embi,2021-09-16,795.0
embi,2021-09-17,820.0
embi,2021-09-20,810.0
embi,2021-09-21,763.0
embi,2021-09-22,756.0
embi,2021-09-23,745.0
embi,2021-09-24,749.0
embi,2021-09-27,749.0
embi,2021-09-28,743.0
embi,2021-09-29,737.0
embi,2021-09-30,758.0
embi,2021-10-01,743.0
embi,2021-10-04,777.0
embi,2021-10-05,773.0
embi,2021-10-06,763.0
embi,2021-10-07,779.0
embi,2021-10-08,791.0
embi,2021-10-11,780.0
embi,2021-10-12,795.0
embi,2021-10-13,772.0
embi,2021-10-14,764.0
embi,2021-10-15,785.0
embi,2021-10-18,786.0
embi,2021-10-19,771.0
embi,2021-10-20,783.0
embi,2021-10-21,800.0
embi,2021-10-22,803.0
embi,2021-10-25,781.0
embi,2021-10-26,780.0
embi,2021-10-27,791.0
embi,2021-10-28,805.0
embi,2021-10-29,836.0
embi,2021-11-01,834.0
embi,2021-11-02,828.0
embi,2021-11-03,829.0
embi,2021-11-04,849.0
embi,2021-11-05,835.0
embi,2021-11-08,857.0
embi,2021-11-09,816.0
embi,2021-11-10,830.0
embi,2021-11-11,822.0
embi,2021-11-12,831.0
embi,2021-11-15,844.0
embi,2021-11-16,827.0
embi,2021-11-17,828.0
embi,2021-11-18,833.0
embi,2021-11-19,844.0
embi,2021-11-22,832.0
embi,2021-11-23,819.0
embi,2021-11-24,793.0
embi,2021-11-25,835.0
embi,2021-11-26,833.0
embi,2021-11-29,832.0
embi,2021-11-30,812.0
embi,2021-12-01,829.0
embi,2021-12-02,823.0
embi,2021-12-03,847.0
embi,2021-12-06,862.0
embi,2021-12-07,863.0
embi,2021-12-08,874.0
embi,2021-12-09,857.0
embi,2021-12-10,852.0
embi,2021-12-13,845.0
embi,2021-12-14,827.0
embi,2021-12-15,830.0
embi,2021-12-16,830.0
embi,2021-12-17,854.0
embi,2021-12-20,805.0
embi,2021-12-21,799.0
embi,2021-12-22,790.0
embi,2021-12-23,788.0
embi,2021-12-24,799.0
embi,2021-12-27,810.0
embi,2021-12-28,814.0
embi,2021-12-29,810.0
embi,2021-12-30,821.0
embi,2021-12-31,830.0
embi,2022-01-03,817.0
embi,2022-01-04,821.0
embi,2022-01-05,808.0
embi,2022-01-06,800.0
embi,2022-01-07,811.0
embi,2022-01-10,829.0
embi,2022-01-11,839.0
embi,2022-01-12,834.0
embi,2022-01-13,840.0
embi,2022-01-14,835.0
embi,2022-01-17,858.0
embi,2022-01-18,878.0
embi,2022-01-19,914.0
embi,2022-01-20,942.0
embi,2022-01-21,933.0
embi,2022-01-24,940.0
embi,2022-01-25,930.0
embi,2022-01-26,942.0
embi,2022-01-27,983.0
embi,2022-01-28,1000.0
embi,2022-01-31,973.0
embi,2022-02-01,957.0
embi,2022-02-02,942.0
embi,2022-02-03,959.0
embi,2022-02-04,966.0
embi,2022-02-07,987.0
embi,2022-02-08,1026.0
embi,2022-02-09,1016.0
embi,2022-02-10,1006.0
embi,2022-02-11,1049.0
embi,2022-02-14,1069.0
embi,2022-02-15,1058.0
embi,2022-02-16,1025.0
embi,2022-02-17,1004.0
embi,2022-02-18,968.0
embi,2022-02-21,988.0
embi,2022-02-22,998.0
embi,2022-02-23,1026.0
embi,2022-02-24,1032.0
embi,2022-02-25,1027.0
embi,2022-02-28,1030.0
embi,2022-03-01,1076.0
embi,2022-03-02,1049.0
embi,2022-03-03,1061.0
embi,2022-03-04,1070.0
embi,2022-03-07,1099.0
embi,2022-03-08,1098.0
embi,2022-03-09,1116.0
embi,2022-03-10,1139.0
embi,2022-03-11,1142.0
embi,2022-03-14,1147.0
embi,2022-03-15,1149.0
embi,2022-03-16,1136.0
embi,2022-03-17,1139.0
embi,2022-03-18,1140.0
embi,2022-03-21,1161.0
embi,2022-03-22,1196.0
embi,2022-03-23,1231.0
embi,2022-03-24,1225.0
embi,2022-03-25,1242.0
embi,2022-03-28,1262.0
embi,2022-03-29,1282.0
embi,2022-03-30,1285.0
embi,2022-03-31,1294.0
embi,2022-04-01,1285.0
embi,2022-04-04,1279.0
embi,2022-04-05,1303.0
embi,2022-04-06,1337.0
embi,2022-04-07,1354.0
embi,2022-04-08,1365.0
embi,2022-04-11,1381.0
embi,2022-04-12,1370.0
embi,2022-04-13,1327.0
embi,2022-04-14,1347.0
embi,2022-04-15,1354.0
embi,2022-04-18,1352.0
embi,2022-04-19,1332.0
embi,2022-04-20,1368.0
embi,2022-04-21,1327.0
embi,2022-04-22,1375.0
embi,2022-04-25,1403.0
embi,2022-04-26,1467.0
embi,2022-04-27,1446.0
embi,2022-04-28,1446.0
embi,2022-04-29,1433.0
embi,2022-05-02,1447.0
embi,2022-05-03,1443.0
embi,2022-05-04,1426.0
embi,2022-05-05,1457.0
embi,2022-05-06,1438.0
embi,2022-05-09,1436.0
embi,2022-05-10,1454.0
embi,2022-05-11,1443.0
embi,2022-05-12,1436.0
embi,2022-05-13,1449.0
embi,2022-05-16,1452.0
embi,2022-05-17,1425.0
embi,2022-05-18,1428.0
embi,2022-05-19,1429.0
embi,2022-05-20,1480.0
embi,2022-05-23,1464.0
embi,2022-05-24,1495.0
embi,2022-05-25,1478.0
embi,2022-05-26,1474.0
embi,2022-05-27,1471.0
embi,2022-05-30,1493.0
embi,2022-05-31,1522.0
embi,2022-06-01,1575.0
embi,2022-06-02,1558.0
embi,2022-06-03,1599.0
embi,2022-06-06,1637.0
embi,2022-06-07,1660.0
embi,2022-06-08,1636.0
embi,2022-06-09,1662.0
embi,2022-06-10,1657.0
embi,2022-06-13,1676.0
embi,2022-06-14,1666.0
embi,2022-06-15,1685.0
embi,2022-06-16,1718.0
embi,2022-06-17,1750.0
embi,2022-06-20,1748.0
embi,2022-06-21,1775.0
embi,2022-06-22,1816.0
embi,2022-06-23,1778.0
embi,2022-06-24,1821.0
embi,2022-06-27,1779.0
embi,2022-06-28,1793.0
embi,2022-06-29,1807.0
embi,2022-06-30,1850.0
embi,2022-07-01,1844.0
embi,2022-07-04,1809.0
embi,2022-07-05,1771.0
embi,2022-07-06,1721.0
embi,2022-07-07,1737.0
embi,2022-07-08,1721.0
embi,2022-07-11,1687.0
embi,2022-07-12,1697.0
embi,2022-07-13,1667.0
embi,2022-07-14,1649.0
embi,2022-07-15,1632.0
embi,2022-07-18,1673.0
embi,2022-07-19,1712.0
embi,2022-07-20,1698.0
embi,2022-07-21,1643.0
embi,2022-07-22,1647.0
embi,2022-07-25,1639.0
embi,2022-07-26,1645.0
embi,2022-07-27,1656.0
embi,2022-07-28,1640.0
embi,2022-07-29,1662.0
embi,2022-08-01,1676.0
embi,2022-08-02,1674.0
embi,2022-08-03,1654.0
embi,2022-08-04,1632.0
embi,2022-08-05,1647.0
embi,2022-08-08,1603.0
embi,2022-08-09,1594.0
embi,2022-08-10,1569.0
embi,2022-08-11,1527.0
embi,2022-08-12,1544.0
embi,2022-08-15,1537.0
embi,2022-08-16,1537.0
embi,2022-08-17,1560.0
embi,2022-08-18,1515.0
embi,2022-08-19,1513.0
embi,2022-08-22,1516.0
embi,2022-08-23,1538.0
embi,2022-08-24,1505.0
embi,2022-08-25,1524.0
embi,2022-08-26,1528.0
embi,2022-08-29,1559.0
embi,2022-08-30,1587.0
embi,2022-08-31,1596.0
embi,2022-09-01,1651.0
embi,2022-09-02,1640.0
embi,2022-09-05,1613.0
embi,2022-09-06,1594.0
embi,2022-09-07,1559.0
embi,2022-09-08,1552.0
embi,2022-09-09,1495.0
embi,2022-09-12,1486.0
embi,2022-09-13,1496.0
embi,2022-09-14,1520.0
embi,2022-09-15,1506.0
embi,2022-09-16,1540.0
embi,2022-09-19,1512.0
embi,2022-09-20,1504.0
embi,2022-09-21,1450.0
embi,2022-09-22,1429.0
embi,2022-09-23,1409.0
embi,2022-09-26,1443.0
embi,2022-09-27,1455.0
embi,2022-09-28,1425.0
embi,2022-09-29,1438.0
embi,2022-09-30,1449.0
embi,2022-10-03,1436.0
embi,2022-10-04,1435.0
embi,2022-10-05,1426.0
embi,2022-10-06,1411.0
embi,2022-10-07,1367.0
embi,2022-10-10,1362.0
embi,2022-10-11,1395.0
embi,2022-10-12,1430.0
embi,2022-10-13,1421.0
embi,2022-10-14,1400.0
embi,2022-10-17,1389.0
embi,2022-10-18,1411.0
embi,2022-10-19,1417.0
embi,2022-10-20,1400.0
embi,2022-10-21,1407.0
embi,2022-10-24,1395.0
embi,2022-10-25,1406.0
embi,2022-10-26,1393.0
embi,2022-10-27,1355.0
embi,2022-10-28,1356.0
embi,2022-10-31,1370.0
embi,2022-11-01,1342.0
embi,2022-11-02,1340.0
embi,2022-11-03,1361.0
embi,2022-11-04,1350.0
embi,2022-11-07,1330.0
embi,2022-11-08,1378.0
embi,2022-11-09,1395.0
embi,2022-11-10,1416.0
embi,2022-11-11,1387.0
embi,2022-11-14,1419.0
embi,2022-11-15,1372.0
embi,2022-11-16,1356.0
embi,2022-11-17,1371.0
embi,2022-11-18,1399.0
embi,2022-11-21,1366.0
embi,2022-11-22,1346.0
embi,2022-11-23,1348.0
embi,2022-11-24,1300.0
embi,2022-11-25,1314.0
embi,2022-11-28,1321.0
embi,2022-11-29,1309.0
embi,2022-11-30,1320.0
embi,2022-12-01,1335.0
embi,2022-12-02,1339.0
embi,2022-12-05,1343.0
embi,2022-12-06,1374.0
embi,2022-12-07,1356.0
embi,2022-12-08,1354.0
embi,2022-12-09,1336.0
embi,2022-12-12,1351.0
embi,2022-12-13,1336.0
embi,2022-12-14,1341.0
embi,2022-12-15,1339.0
embi,2022-12-16,1335.0
embi,2022-12-19,1365.0
embi,2022-12-20,1355.0
embi,2022-12-21,1381.0
embi,2022-12-22,1392.0
embi,2022-12-23,1414.0
embi,2022-12-26,1393.0
embi,2022-12-27,1405.0
embi,2022-12-28,1411.0
embi,2022-12-29,1384.0
embi,2022-12-30,1380.0
embi,2023-01-02,1385.0
embi,2023-01-03,1382.0
embi,2023-01-04,1412.0
embi,2023-01-05,1392.0
embi,2023-01-06,1350.0
embi,2023-01-09,1321.0
embi,2023-01-10,1315.0
embi,2023-01-11,1305.0
embi,2023-01-12,1310.0
embi,2023-01-13,1329.0
embi,2023-01-16,1385.0
embi,2023-01-17,1395.0
embi,2023-01-18,1408.0
embi,2023-01-19,1391.0
embi,2023-01-20,1408.0
embi,2023-01-23,1455.0
embi,2023-01-24,1489.0
embi,2023-01-25,1438.0
embi,2023-01-26,1462.0
embi,2023-01-27,1503.0
embi,2023-01-30,1535.0
embi,2023-01-31,1493.0
embi,2023-02-01,1485.0
embi,2023-02-02,1501.0
embi,2023-02-03,1513.0
embi,2023-02-06,1502.0
embi,2023-02-07,1480.0
embi,2023-02-08,1509.0
embi,2023-02-09,1476.0
embi,2023-02-10,1517.0
embi,2023-02-13,1530.0
embi,2023-02-14,1540.0
embi,2023-02-15,1506.0
embi,2023-02-16,1495.0
embi,2023-02-17,1517.0
embi,2023-02-20,1493.0
embi,2023-02-21,1554.0
embi,2023-02-22,1519.0
embi,2023-02-23,1493.0
embi,2023-02-24,1501.0
embi,2023-02-27,1530.0
embi,2023-02-28,1556.0
embi,2023-03-01,1551.0
embi,2023-03-02,1550.0
embi,2023-03-03,1550.0
embi,2023-03-06,1550.0
embi,2023-03-07,1489.0
embi,2023-03-08,1525.0
embi,2023-03-09,1540.0
embi,2023-03-10,1553.0
embi,2023-03-13,1553.0
embi,2023-03-14,1569.0
embi,2023-03-15,1576.0
embi,2023-03-16,1582.0
embi,2023-03-17,1621.0
embi,2023-03-20,1589.0
embi,2023-03-21,1604.0
embi,2023-03-22,1583.0
embi,2023-03-23,1584.0
embi,2023-03-24,1635.0
embi,2023-03-27,1622.0
embi,2023-03-28,1628.0
embi,2023-03-29,1620.0
embi,2023-03-30,1656.0
embi,2023-03-31,1636.0
embi,2023-04-03,1607.0
embi,2023-04-04,1633.0
embi,2023-04-05,1633.0
embi,2023-04-06,1635.0
embi,2023-04-07,1677.0
embi,2023-04-10,1669.0
embi,2023-04-11,1669.0
embi,2023-04-12,1683.0
embi,2023-04-13,1705.0
embi,2023-04-14,1699.0
embi,2023-04-17,1749.0
embi,2023-04-18,1826.0
embi,2023-04-19,1817.0
embi,2023-04-20,1881.0
embi,2023-04-21,1814.0
embi,2023-04-24,1874.0
embi,2023-04-25,1866.0
embi,2023-04-26,1873.0
embi,2023-04-27,1865.0
embi,2023-04-28,1849.0
embi,2023-05-01,1823.0
embi,2023-05-02,1818.0
embi,2023-05-03,1867.0
embi,2023-05-04,1910.0
embi,2023-05-05,1902.0
embi,2023-05-08,1899.0
embi,2023-05-09,1881.0
embi,2023-05-10,1848.0
embi,2023-05-11,1916.0
embi,2023-05-12,1943.0
embi,2023-05-15,1961.0
embi,2023-05-16,1948.0
embi,2023-05-17,1918.0
embi,2023-05-18,1969.0
embi,2023-05-19,1994.0
embi,2023-05-22,1957.0
embi,2023-05-23,1990.0
embi,2023-05-24,1949.0
embi,2023-05-25,1970.0
embi,2023-05-26,1936.0
embi,2023-05-29,1921.0
embi,2023-05-30,1938.0
embi,2023-05-31,1953.0
embi,2023-06-01,1986.0
embi,2023-06-02,1954.0
embi,2023-06-05,2006.0
embi,2023-06-06,2049.0
embi,2023-06-07,2041.0
embi,2023-06-08,2051.0
embi,2023-06-09,2016.0
embi,2023-06-12,2004.0
embi,2023-06-13,1954.0
embi,2023-06-14,1956.0
embi,2023-06-15,1961.0
embi,2023-06-16,2005.0
embi,2023-06-19,2032.0
embi,2023-06-20,2054.0
embi,2023-06-21,2033.0
embi,2023-06-22,2019.0
embi,2023-06-23,2001.0
embi,2023-06-26,2003.0
embi,2023-06-27,1932.0
embi,2023-06-28,1957.0
embi,2023-06-29,1903.0
embi,2023-06-30,1887.0
embi,2023-07-03,1888.0
embi,2023-07-04,1873.0
embi,2023-07-05,1931.0
embi,2023-07-06,1927.0
embi,2023-07-07,1979.0
embi,2023-07-10,2014.0
embi,2023-07-11,1991.0
embi,2023-07-12,2000.0
embi,2023-07-13,2040.0
embi,2023-07-14,2020.0
embi,2023-07-17,2016.0
embi,2023-07-18,1990.0
embi,2023-07-19,1987.0
embi,2023-07-20,1970.0
embi,2023-07-21,1969.0
embi,2023-07-24,1999.0
embi,2023-07-25,2041.0
embi,2023-07-26,2038.0
embi,2023-07-27,2037.0
embi,2023-07-28,2059.0
embi,2023-07-31,2038.0
embi,2023-08-01,1992.0
embi,2023-08-02,2025.0
embi,2023-08-03,1985.0
embi,2023-08-04,2012.0
embi,2023-08-07,1971.0
embi,2023-08-08,2030.0
embi,2023-08-09,1986.0
embi,2023-08-10,2009.0
embi,2023-08-11,2055.0
embi,2023-08-14,2010.0
embi,2023-08-15,2055.0
embi,2023-08-16,2016.0
embi,2023-08-17,1949.0
embi,2023-08-18,1970.0
embi,2023-08-21,1988.0
embi,2023-08-22,1977.0
embi,2023-08-23,1889.0
embi,2023-08-24,1889.0
embi,2023-08-25,1881.0
embi,2023-08-28,1874.0
embi,2023-08-29,1868.0
embi,2023-08-30,1814.0
embi,2023-08-31,1803.0
embi,2023-09-01,1868.0
embi,2023-09-04,1925.0
embi,2023-09-05,1914.0
embi,2023-09-06,1892.0
embi,2023-09-07,1908.0
embi,2023-09-08,1945.0
embi,2023-09-11,1972.0
embi,2023-09-12,1931.0
embi,2023-09-13,1937.0
embi,2023-09-14,1942.0
embi,2023-09-15,1992.0
embi,2023-09-18,2033.0
embi,2023-09-19,2047.0
embi,2023-09-20,2084.0
embi,2023-09-21,2062.0
embi,2023-09-22,2111.0
embi,2023-09-25,2089.0
embi,2023-09-26,2095.0
embi,2023-09-27,2120.0
embi,2023-09-28,2078.0
embi,2023-09-29,2046.0
embi,2023-10-02,1982.0
embi,2023-10-03,1987.0
embi,2023-10-04,1984.0
embi,2023-10-05,1972.0
embi,2023-10-06,1990.0
embi,2023-10-09,1920.0
embi,2023-10-10,1922.0
embi,2023-10-11,1929.0
embi,2023-10-12,1923.0
embi,2023-10-13,1953.0
embi,2023-10-16,2017.0
embi,2023-10-17,2000.0
embi,2023-10-18,1967.0
embi,2023-10-19,1948.0
embi,2023-10-20,1954.0
embi,2023-10-23,1978.0
embi,2023-10-24,1950.0
embi,2023-10-25,1987.0
embi,2023-10-26,1952.0
embi,2023-10-27,1983.0
embi,2023-10-30,2001.0
embi,2023-10-31,2018.0
embi,2023-11-01,2093.0
embi,2023-11-02,2079.0
embi,2023-11-03,2068.0
embi,2023-11-06,2084.0
embi,2023-11-07,2111.0
embi,2023-11-08,2057.0
embi,2023-11-09,2064.0
embi,2023-11-10,2035.0
embi,2023-11-13,2059.0
embi,2023-11-14,2105.0
embi,2023-11-15,2102.0
embi,2023-11-16,2093.0
embi,2023-11-17,2096.0
embi,2023-11-20,1990.0
embi,2023-11-21,2019.0
embi,2023-11-22,2039.0
embi,2023-11-23,2044.0
embi,2023-11-24,2030.0
embi,2023-11-27,2007.0
embi,2023-11-28,2002.0
embi,2023-11-29,2047.0
embi,2023-11-30,2043.0
embi,2023-12-01,2091.0
embi,2023-12-04,1999.0
embi,2023-12-05,1986.0
embi,2023-12-06,1999.0
embi,2023-12-07,2002.0
embi,2023-12-08,1948.0
embi,2023-12-11,1934.0
embi,2023-12-12,1983.0
embi,2023-12-13,1943.0
embi,2023-12-14,1917.0
embi,2023-12-15,1889.0
embi,2023-12-18,1883.0
embi,2023-12-19,1914.0
embi,2023-12-20,1943.0
embi,2023-12-21,1883.0
embi,2023-12-22,1941.0
embi,2023-12-25,1931.0
embi,2023-12-26,1920.0
embi,2023-12-27,1985.0
embi,2023-12-28,1987.0
embi,2023-12-29,1950.0
embi,2024-01-01,1916.0
embi,2024-01-02,1893.0
embi,2024-01-03,1862.0
embi,2024-01-04,1855.0
embi,2024-01-05,1886.0
embi,2024-01-08,1886.0
embi,2024-01-09,1842.0
embi,2024-01-10,1935.0
embi,2024-01-11,1898.0
embi,2024-01-12,1900.0
embi,2024-01-15,1885.0
embi,2024-01-16,1907.0
embi,2024-01-17,1892.0
embi,2024-01-18,1903.0
embi,2024-01-19,1968.0
embi,2024-01-22,1948.0
embi,2024-01-23,1902.0
embi,2024-01-24,1906.0
embi,2024-01-25,1872.0
embi,2024-01-26,1854.0
embi,2024-01-29,1841.0
embi,2024-01-30,1846.0
embi,2024-01-31,1831.0
embi,2024-02-01,1852.0
embi,2024-02-02,1838.0
embi,2024-02-05,1777.0
embi,2024-02-06,1799.0
embi,2024-02-07,1781.0
embi,2024-02-08,1813.0
embi,2024-02-09,1785.0
embi,2024-02-12,1782.0
embi,2024-02-13,1784.0
embi,2024-02-14,1695.0
embi,2024-02-15,1648.0
embi,2024-02-16,1616.0
embi,2024-02-19,1644.0
embi,2024-02-20,1589.0
embi,2024-02-21,1615.0
embi,2024-02-22,1645.0
embi,2024-02-23,1655.0
embi,2024-02-26,1657.0
embi,2024-02-27,1637.0
embi,2024-02-28,1632.0
embi,2024-02-29,1633.0
embi,2024-03-01,1640.0
embi,2024-03-04,1640.0
embi,2024-03-05,1627.0
embi,2024-03-06,1600.0
embi,2024-03-07,1579.0
embi,2024-03-08,1585.0
embi,2024-03-11,1522.0
embi,2024-03-12,1486.0
embi,2024-03-13,1474.0
embi,2024-03-14,1460.0
embi,2024-03-15,1452.0
embi,2024-03-18,1375.0
embi,2024-03-19,1370.0
embi,2024-03-20,1367.0
embi,2024-03-21,1388.0
embi,2024-03-22,1342.0
embi,2024-03-25,1327.0
embi,2024-03-26,1341.0
embi,2024-03-27,1354.0
embi,2024-03-28,1383.0
embi,2024-03-29,1407.0
embi,2024-04-01,1367.0
embi,2024-04-02,1380.0
embi,2024-04-03,1369.0
embi,2024-04-04,1347.0
embi,2024-04-05,1381.0
embi,2024-04-08,1349.0
embi,2024-04-09,1326.0
embi,2024-04-10,1314.0
embi,2024-04-11,1292.0
embi,2024-04-12,1313.0
embi,2024-04-15,1306.0
embi,2024-04-16,1334.0
embi,2024-04-17,1338.0
embi,2024-04-18,1317.0
embi,2024-04-19,1335.0
embi,2024-04-22,1300.0
embi,2024-04-23,1283.0
embi,2024-04-24,1274.0
embi,2024-04-25,1269.0
embi,2024-04-26,1290.0
embi,2024-04-29,1256.0
embi,2024-04-30,1257.0
embi,2024-05-01,1258.0
embi,2024-05-02,1232.0
embi,2024-05-03,1212.0
embi,2024-05-06,1216.0
embi,2024-05-07,1229.0
embi,2024-05-08,1240.0
embi,2024-05-09,1254.0
embi,2024-05-10,1258.0
embi,2024-05-13,1254.0
embi,2024-05-14,1267.0
embi,2024-05-15,1248.0
embi,2024-05-16,1223.0
embi,2024-05-17,1221.0
embi,2024-05-20,1200.0
embi,2024-05-21,1196.0
embi,2024-05-22,1188.0
embi,2024-05-23,1185.0
embi,2024-05-24,1192.0
embi,2024-05-27,1187.0
embi,2024-05-28,1186.0
embi,2024-05-29,1160.0
embi,2024-05-30,1173.0
embi,2024-05-31,1165.0
embi,2024-06-03,1187.0
embi,2024-06-04,1139.0
embi,2024-06-05,1134.0
embi,2024-06-06,1151.0
embi,2024-06-07,1114.0
embi,2024-06-10,1124.0
embi,2024-06-11,1139.0
embi,2024-06-12,1153.0
embi,2024-06-13,1135.0
embi,2024-06-14,1153.0
embi,2024-06-17,1171.0
embi,2024-06-18,1163.0
embi,2024-06-19,1190.0
embi,2024-06-20,1200.0
embi,2024-06-21,1211.0
embi,2024-06-24,1214.0
embi,2024-06-25,1236.0
embi,2024-06-26,1247.0
embi,2024-06-27,1280.0
embi,2024-06-28,1297.0
embi,2024-07-01,1293.0
embi,2024-07-02,1294.0
embi,2024-07-03,1322.0
embi,2024-07-04,1318.0
embi,2024-07-05,1333.0
embi,2024-07-08,1353.0
embi,2024-07-09,1353.0
embi,2024-07-10,1303.0
embi,2024-07-11,1313.0
embi,2024-07-12,1324.0
embi,2024-07-15,1337.0
embi,2024-07-16,1325.0
embi,2024-07-17,1360.0
embi,2024-07-18,1361.0
embi,2024-07-19,1351.0
embi,2024-07-22,1343.0
embi,2024-07-23,1357.0
embi,2024-07-24,1337.0
embi,2024-07-25,1320.0
embi,2024-07-26,1375.0
embi,2024-07-29,1415.0
embi,2024-07-30,1444.0
embi,2024-07-31,1480.0
embi,2024-08-01,1494.0
embi,2024-08-02,1449.0
embi,2024-08-05,1485.0
embi,2024-08-06,1516.0
embi,2024-08-07,1527.0
embi,2024-08-08,1473.0
embi,2024-08-09,1505.0
embi,2024-08-12,1544.0
embi,2024-08-13,1528.0
embi,2024-08-14,1529.0
embi,2024-08-15,1547.0
embi,2024-08-16,1542.0
embi,2024-08-19,1573.0
embi,2024-08-20,1571.0
embi,2024-08-21,1585.0
embi,2024-08-22,1583.0
embi,2024-08-23,1538.0
embi,2024-08-26,1514.0
embi,2024-08-27,1600.0
embi,2024-08-28,1602.0
embi,2024-08-29,1634.0
embi,2024-08-30,1660.0
embi,2024-09-02,1706.0
embi,2024-09-03,1711.0
embi,2024-09-04,1682.0
embi,2024-09-05,1673.0
embi,2024-09-06,1610.0
embi,2024-09-09,1604.0
embi,2024-09-10,1626.0
embi,2024-09-11,1561.0
embi,2024-09-12,1565.0
embi,2024-09-13,1587.0
embi,2024-09-16,1626.0
embi,2024-09-17,1595.0
embi,2024-09-18,1575.0
embi,2024-09-19,1523.0
embi,2024-09-20,1499.0
embi,2024-09-23,1521.0
embi,2024-09-24,1580.0
embi,2024-09-25,1548.0
embi,2024-09-26,1587.0
embi,2024-09-27,1598.0
embi,2024-09-30,1587.0
embi,2024-10-01,1643.0
embi,2024-10-02,1562.0
embi,2024-10-03,1556.0
embi,2024-10-04,1557.0
embi,2024-10-07,1602.0
embi,2024-10-08,1644.0
embi,2024-10-09,1698.0
embi,2024-10-10,1687.0
embi,2024-10-11,1700.0
embi,2024-10-14,1716.0
embi,2024-10-15,1713.0
embi,2024-10-16,1705.0
embi,2024-10-17,1681.0
embi,2024-10-18,1653.0
embi,2024-10-21,1595.0
embi,2024-10-22,1638.0
embi,2024-10-23,1610.0
embi,2024-10-24,1540.0
embi,2024-10-25,1538.0
embi,2024-10-28,1520.0
embi,2024-10-29,1516.0
embi,2024-10-30,1556.0
embi,2024-10-31,1541.0
embi,2024-11-01,1523.0
embi,2024-11-04,1486.0
embi,2024-11-05,1477.0
embi,2024-11-06,1458.0
embi,2024-11-07,1456.0
embi,2024-11-08,1531.0
embi,2024-11-11,1521.0
embi,2024-11-12,1486.0
embi,2024-11-13,1526.0
embi,2024-11-14,1536.0
embi,2024-11-15,1544.0
embi,2024-11-18,1540.0
embi,2024-11-19,1546.0
embi,2024-11-20,1548.0
embi,2024-11-21,1570.0
embi,2024-11-22,1579.0
embi,2024-11-25,1588.0
embi,2024-11-26,1554.0
embi,2024-11-27,1535.0
embi,2024-11-28,1498.0
embi,2024-11-29,1508.0
embi,2024-12-02,1505.0
embi,2024-12-03,1476.0
embi,2024-12-04,1476.0
embi,2024-12-05,1530.0
embi,2024-12-06,1543.0
embi,2024-12-09,1484.0
embi,2024-12-10,1465.0
embi,2024-12-11,1465.0
embi,2024-12-12,1447.0
embi,2024-12-13,1442.0
embi,2024-12-16,1447.0
embi,2024-12-17,1439.0
embi,2024-12-18,1396.0
embi,2024-12-19,1400.0
embi,2024-12-20,1383.0
embi,2024-12-23,1365.0
embi,2024-12-24,1339.0
embi,2024-12-25,1296.0
embi,2024-12-26,1259.0
embi,2024-12-27,1245.0
embi,2024-12-30,1209.0
embi,2024-12-31,1149.0
embi,2025-01-01,1181.0
embi,2025-01-02,1164.0
embi,2025-01-03,1157.0
embi,2025-01-06,1187.0
embi,2025-01-07,1146.0
embi,2025-01-08,1184.0
embi,2025-01-09,1177.0
embi,2025-01-10,1200.0
embi,2025-01-13,1209.0
embi,2025-01-14,1225.0
embi,2025-01-15,1235.0
embi,2025-01-16,1244.0
embi,2025-01-17,1212.0
embi,2025-01-20,1201.0
embi,2025-01-21,1212.0
embi,2025-01-22,1254.0
embi,2025-01-23,1251.0
embi,2025-01-24,1273.0
embi,2025-01-27,1296.0
embi,2025-01-28,1315.0
embi,2025-01-29,1346.0
embi,2025-01-30,1318.0
embi,2025-01-31,1332.0
embi,2025-02-03,1347.0
embi,2025-02-04,1347.0
embi,2025-02-05,1335.0
embi,2025-02-06,1326.0
embi,2025-02-07,1312.0
embi,2025-02-10,1308.0
embi,2025-02-11,1379.0
embi,2025-02-12,1430.0
embi,2025-02-13,1436.0
embi,2025-02-14,1461.0
embi,2025-02-17,1452.0
embi,2025-02-18,1389.0
embi,2025-02-19,1355.0
embi,2025-02-20,1371.0
embi,2025-02-21,1418.0
embi,2025-02-24,1437.0
embi,2025-02-25,1421.0
embi,2025-02-26,1425.0
embi,2025-02-27,1411.0
embi,2025-02-28,1388.0
embi,2025-03-03,1406.0
embi,2025-03-04,1409.0
embi,2025-03-05,1402.0
embi,2025-03-06,1394.0
embi,2025-03-07,1386.0
embi,2025-03-10,1417.0
embi,2025-03-11,1466.0
embi,2025-03-12,1473.0
embi,2025-03-13,1545.0
embi,2025-03-14,1510.0
embi,2025-03-17,1539.0
embi,2025-03-18,1518.0
embi,2025-03-19,1525.0
embi,2025-03-20,1539.0
embi,2025-03-21,1566.0
embi,2025-03-24,1618.0
embi,2025-03-25,1610.0
embi,2025-03-26,1584.0
embi,2025-03-27,1589.0
embi,2025-03-28,1608.0
embi,2025-03-31,1608.0
embi,2025-04-01,1617.0
embi,2025-04-02,1647.0
embi,2025-04-03,1584.0
embi,2025-04-04,1575.0
embi,2025-04-07,1537.0
embi,2025-04-08,1464.0
embi,2025-04-09,1450.0
embi,2025-04-10,1425.0
embi,2025-04-11,1371.0
embi,2025-04-14,1341.0
embi,2025-04-15,1345.0
embi,2025-04-16,1331.0
embi,2025-04-17,1340.0
embi,2025-04-18,1353.0
embi,2025-04-21,1361.0
embi,2025-04-22,1370.0
embi,2025-04-23,1375.0
embi,2025-04-24,1341.0
embi,2025-04-25,1328.0
embi,2025-04-28,1320.0
embi,2025-04-29,1254.0
embi,2025-04-30,1302.0
embi,2025-05-01,1290.0
embi,2025-05-02,1264.0
embi,2025-05-05,1216.0
embi,2025-05-06,1223.0
embi,2025-05-07,1224.0
embi,2025-05-08,1212.0
embi,2025-05-09,1204.0
embi,2025-05-12,1179.0
embi,2025-05-13,1165.0
embi,2025-05-14,1166.0
embi,2025-05-15,1155.0
embi,2025-05-16,1171.0
embi,2025-05-19,1162.0
embi,2025-05-20,1166.0
embi,2025-05-21,1175.0
embi,2025-05-22,1201.0
embi,2025-05-23,1212.0
embi,2025-05-26,1207.0
embi,2025-05-27,1200.0
embi,2025-05-28,1180.0
embi,2025-05-29,1171.0
embi,2025-05-30,1184.0
embi,2025-06-02,1178.0
embi,2025-06-03,1167.0
embi,2025-06-04,1137.0
embi,2025-06-05,1106.0
embi,2025-06-06,1113.0
embi,2025-06-09,1126.0
embi,2025-06-10,1132.0
embi,2025-06-11,1103.0
embi,2025-06-12,1098.0
embi,2025-06-13,1102.0
embi,2025-06-16,1076.0
embi,2025-06-17,1082.0
embi,2025-06-18,1078.0
embi,2025-06-19,1061.0
embi,2025-06-20,1038.0
embi,2025-06-23,1047.0
embi,2025-06-24,1054.0
embi,2025-06-25,1037.0
embi,2025-06-26,1019.0
embi,2025-06-27,1036.0
embi,2025-06-30,1039.0
embi,2025-07-01,1032.0
embi,2025-07-02,1060.0
embi,2025-07-03,1052.0
embi,2025-07-04,1030.0
embi,2025-07-07,1041.0
embi,2025-07-08,1034.0
embi,2025-07-09,1038.0
embi,2025-07-10,1035.0
embi,2025-07-11,1014.0
embi,2025-07-14,983.0
embi,2025-07-15,979.0
embi,2025-07-16,1002.0
embi,2025-07-17,982.0
embi,2025-07-18,1004.0
embi,2025-07-21,997.0
embi,2025-07-22,974.0
embi,2025-07-23,976.0
embi,2025-07-24,983.0
embi,2025-07-25,964.0
embi,2025-07-28,919.0
embi,2025-07-29,925.0
embi,2025-07-30,906.0
embi,2025-07-31,913.0
embi,2025-08-01,882.0
embi,2025-08-04,873.0
embi,2025-08-05,862.0
embi,2025-08-06,841.0
embi,2025-08-07,839.0
embi,2025-08-08,844.0
embi,2025-08-11,830.0
embi,2025-08-12,815.0
embi,2025-08-13,820.0
embi,2025-08-14,797.0
embi,2025-08-15,807.0
embi,2025-08-18,809.0
embi,2025-08-19,835.0
embi,2025-08-20,847.0
embi,2025-08-21,851.0
embi,2025-08-22,853.0
embi,2025-08-25,843.0
embi,2025-08-26,822.0
embi,2025-08-27,842.0
embi,2025-08-28,847.0
embi,2025-08-29,839.0
embi,2025-09-01,820.0
embi,2025-09-02,842.0
embi,2025-09-03,849.0
embi,2025-09-04,830.0
embi,2025-09-05,840.0
embi,2025-09-08,865.0
embi,2025-09-09,862.0
embi,2025-09-10,866.0
embi,2025-09-11,857.0
embi,2025-09-12,845.0
embi,2025-09-15,857.0
embi,2025-09-16,902.0
embi,2025-09-17,898.0
embi,2025-09-18,891.0
embi,2025-09-19,898.0
embi,2025-09-22,886.0
embi,2025-09-23,892.0
embi,2025-09-24,900.0
embi,2025-09-25,878.0
embi,2025-09-26,857.0
embi,2025-09-29,851.0
embi,2025-09-30,860.0
embi,2025-10-01,860.0
embi,2025-10-02,875.0
embi,2025-10-03,850.0
embi,2025-10-06,851.0
embi,2025-10-07,839.0
embi,2025-10-08,837.0
embi,2025-10-09,839.0
embi,2025-10-10,822.0
embi,2025-10-13,815.0
embi,2025-10-14,796.0
embi,2025-10-15,799.0
embi,2025-10-16,787.0
embi,2025-10-17,780.0
embi,2025-10-20,781.0
embi,2025-10-21,772.0
embi,2025-10-22,788.0
embi,2025-10-23,778.0
embi,2025-10-24,790.0
embi,2025-10-27,791.0
embi,2025-10-28,775.0
embi,2025-10-29,772.0
embi,2025-10-30,761.0
embi,2025-10-31,756.0
embi,2025-11-03,751.0
embi,2025-11-04,776.0
embi,2025-11-05,770.0
embi,2025-11-06,791.0
embi,2025-11-07,795.0
embi,2025-11-10,773.0
embi,2025-11-11,741.0
embi,2025-11-12,751.0
embi,2025-11-13,725.0
embi,2025-11-14,736.0
embi,2025-11-17,748.0
embi,2025-11-18,754.0
embi,2025-11-19,751.0
embi,2025-11-20,747.0
embi,2025-11-21,750.0
embi,2025-11-24,744.0
embi,2025-11-25,737.0
embi,2025-11-26,732.0
embi,2025-11-27,748.0
embi,2025-11-28,739.0
embi,2025-12-01,742.0
embi,2025-12-02,727.0
embi,2025-12-03,718.0
embi,2025-12-04,702.0
embi,2025-12-05,701.0
embi,2025-12-08,709.0
embi,2025-12-09,714.0
embi,2025-12-10,709.0
embi,2025-12-11,717.0
embi,2025-12-12,713.0
embi,2025-12-15,717.0
embi,2025-12-16,720.0
embi,2025-12-17,727.0
embi,2025-12-18,696.0
embi,2025-12-19,681.0
embi,2025-12-22,690.0
embi,2025-12-23,690.0
embi,2025-12-24,719.0
embi,2025-12-25,716.0
embi,2025-12-26,709.0
embi,2025-12-29,725.0
embi,2025-12-30,731.0
embi,2025-12-31,754.0
embi,2026-01-01,758.0
embi,2026-01-02,752.0
embi,2026-01-05,758.0
embi,2026-01-06,745.0
embi,2026-01-07,737.0
embi,2026-01-08,728.0
embi,2026-01-09,724.0
embi,2026-01-12,731.0
embi,2026-01-13,723.0
embi,2026-01-14,726.0
embi,2026-01-15,719.0
embi,2026-01-16,729.0
embi,2026-01-19,692.0
embi,2026-01-20,690.0
embi,2026-01-21,693.0
embi,2026-01-22,680.0
embi,2026-01-23,693.0
embi,2026-01-26,695.0
embi,2026-01-27,711.0
embi,2026-01-28,722.0
embi,2026-01-29,728.0
embi,2026-01-30,725.0
embi,2026-02-02,708.0
embi,2026-02-03,704.0
embi,2026-02-04,698.0
embi,2026-02-05,701.0
embi,2026-02-06,694.0
embi,2026-02-09,731.0
embi,2026-02-10,708.0
embi,2026-02-11,722.0
embi,2026-02-12,714.0
embi,2026-02-13,709.0
embi,2026-02-16,718.0
embi,2026-02-17,716.0
embi,2026-02-18,699.0
embi,2026-02-19,703.0
embi,2026-02-20,700.0
embi,2026-02-23,673.0
embi,2026-02-24,676.0
embi,2026-02-25,664.0
embi,2026-02-26,656.0
embi,2026-02-27,663.0
embi,2026-03-02,666.0
embi,2026-03-03,664.0
embi,2026-03-04,690.0
embi,2026-03-05,694.0
embi,2026-03-06,686.0
embi,2026-03-09,687.0
embi,2026-03-10,685.0
embi,2026-03-11,658.0
embi,2026-03-12,641.0
embi,2026-03-13,628.0
embi,2026-03-16,652.0
embi,2026-03-17,651.0
embi,2026-03-18,649.0
embi,2026-03-19,644.0
embi,2026-03-20,656.0
embi,2026-03-23,656.0
embi,2026-03-24,676.0
embi,2026-03-25,685.0
embi,2026-03-26,704.0
embi,2026-03-27,700.0
embi,2026-03-30,701.0
embi,2026-03-31,693.0
embi,2026-04-01,689.0
embi,2026-04-02,667.0
embi,2026-04-03,660.0
embi,2026-04-06,648.0
embi,2026-04-07,641.0
embi,2026-04-08,656.0
embi,2026-04-09,659.0
embi,2026-04-10,673.0
embi,2026-04-13,681.0
embi,2026-04-14,690.0
embi,2026-04-15,700.0
embi,2026-04-16,690.0
embi,2026-04-17,697.0
embi,2026-04-20,689.0
embi,2026-04-21,681.0
embi,2026-04-22,693.0
embi,2026-04-23,717.0
embi,2026-04-24,700.0
embi,2026-04-27,717.0
embi,2026-04-28,723.0
embi,2026-04-29,708.0
embi,2026-04-30,707.0
embi,2026-05-01,708.0
embi,2026-05-04,707.0
embi,2026-05-05,699.0
embi,2026-05-06,680.0
embi,2026-05-07,678.0
embi,2026-05-08,686.0
embi,2026-05-11,691.0
embi,2026-05-12,696.0
embi,2026-05-13,705.0
embi,2026-05-14,689.0
embi,2026-05-15,685.0
embi,2026-05-18,685.0
embi,2026-05-19,694.0
embi,2026-05-20,692.0
embi,2026-05-21,695.0
embi,2026-05-22,692.0
embi,2026-05-25,713.0
embi,2026-05-26,681.0
embi,2026-05-27,678.0
embi,2026-05-28,705.0
embi,2026-05-29,703.0
embi,2026-06-01,675.0
embi,2026-06-02,674.0
embi,2026-06-03,654.0
embi,2026-06-04,645.0
embi,2026-06-05,646.0
embi,2026-06-08,663.0
embi,2026-06-09,666.0
embi,2026-06-10,671.0
embi,2026-06-11,680.0
embi,2026-06-12,679.0
embi,2026-06-15,664.0
embi,2026-06-16,660.0
embi,2026-06-17,661.0
embi,2026-06-18,655.0
embi,2026-06-19,646.0
embi,2026-06-22,639.0
embi,2026-06-23,621.0
embi,2026-06-24,610.0
embi,2026-06-25,609.0
embi,2026-06-26,605.0
embi,2026-06-29,605.0
embi,2026-06-30,620.0
embi,2026-07-01,623.0
embi,2026-07-02,622.0
embi,2026-07-03,609.0
embi,2026-07-06,598.0
embi,2026-07-07,602.0
embi,2026-07-08,594.0
embi,2026-07-09,599.0
embi,2026-07-10,589.0
embi,2026-07-13,591.0
embi,2026-07-14,591.0
embi,2026-07-15,603.0
embi,2026-07-16,599.0
embi,2026-07-17,596.0
embi,2026-07-20,598.0
embi,2026-07-21,599.0
embi,2026-07-22,618.0
embi,2026-07-23,614.0
embi,2026-07-24,608.0
embi,2026-07-27,604.0
embi,2026-07-28,609.0
embi,2026-07-29,611.0
embi,2026-07-30,618.0
embi,2026-07-31,602.0
embi,2026-08-03,628.0
embi,2026-08-04,647.0
embi,2026-08-05,644.0
embi,2026-08-06,628.0
embi,2026-08-07,628.0
embi,2026-08-10,630.0
embi,2026-08-11,604.0
embi,2026-08-12,604.0
embi,2026-08-13,588.0
embi,2026-08-14,594.0
embi,2026-08-17,608.0
embi,2026-08-18,618.0
embi,2026-08-19,601.0
embi,2026-08-20,615.0
embi,2026-08-21,624.0
embi,2026-08-24,617.0
embi,2026-08-25,621.0
embi,2026-08-26,636.0
embi,2026-08-27,630.0
embi,2026-08-28,627.0
embi,2026-08-31,619.0
embi,2026-09-01,629.0
embi,2026-09-02,604.0
embi,2026-09-03,618.0
embi,2026-09-04,606.0
embi,2026-09-07,614.0
embi,2026-09-08,596.0
embi,2026-09-09,586.0
embi,2026-09-10,580.0
embi,2026-09-11,589.0
embi,2026-09-14,572.0
embi,2026-09-15,579.0
embi,2026-09-16,573.0
embi,2026-09-17,586.0
embi,2026-09-18,583.0
embi,2026-09-21,587.0
embi,2026-09-22,585.0
embi,2026-09-23,604.0
embi,2026-09-24,599.0
embi,2026-09-25,598.0
embi,2026-09-28,617.0
embi,2026-09-29,616.0
embi,2026-09-30,621.0
embi,2026-10-01,611.0
embi,2026-10-02,611.0
embi,2026-10-05,585.0
embi,2026-10-06,586.0
ingresos_spnf,2018-01-01,2930.0
ingresos_spnf,2018-02-01,2658.0
ingresos_spnf,2018-03-01,2966.0
ingresos_spnf,2018-04-01,3862.0
ingresos_spnf,2018-05-01,3249.0
ingresos_spnf,2018-06-01,2804.0
ingresos_spnf,2018-07-01,3461.0
ingresos_spnf,2018-08-01,3077.0
ingresos_spnf,2018-09-01,2970.0
ingresos_spnf,2018-10-01,3221.0
ingresos_spnf,2018-11-01,2859.0
ingresos_spnf,2018-12-01,3376.0
ingresos_spnf,2019-01-01,2671.0
ingresos_spnf,2019-02-01,2774.0
ingresos_spnf,2019-03-01,3050.0
ingresos_spnf,2019-04-01,3099.0
ingresos_spnf,2019-05-01,3086.0
ingresos_spnf,2019-06-01,2775.0
ingresos_spnf,2019-07-01,2987.0
ingresos_spnf,2019-08-01,2924.0
ingresos_spnf,2019-09-01,2826.0
ingresos_spnf,2019-10-01,2776.0
ingresos_spnf,2019-11-01,2650.0
ingresos_spnf,2019-12-01,3241.0
ingresos_spnf,2020-01-01,2208.0
ingresos_spnf,2020-02-01,2193.0
ingresos_spnf,2020-03-01,2228.0
ingresos_spnf,2020-04-01,2930.0
ingresos_spnf,2020-05-01,2295.0
ingresos_spnf,2020-06-01,2185.0
ingresos_spnf,2020-07-01,2447.0
ingresos_spnf,2020-08-01,2416.0
ingresos_spnf,2020-09-01,2212.0
ingresos_spnf,2020-10-01,2245.0
ingresos_spnf,2020-11-01,2140.0
ingresos_spnf,2020-12-01,2512.0
ingresos_spnf,2021-01-01,2848.0
ingresos_spnf,2021-02-01,2691.0
ingresos_spnf,2021-03-01,3097.0
ingresos_spnf,2021-04-01,3346.0
ingresos_spnf,2021-05-01,2887.0
ingresos_spnf,2021-06-01,2798.0
ingresos_spnf,2021-07-01,2972.0
ingresos_spnf,2021-08-01,2806.0
ingresos_spnf,2021-09-01,2745.0
ingresos_spnf,2021-10-01,3136.0
ingresos_spnf,2021-11-01,2480.0
ingresos_spnf,2021-12-01,3047.0
ingresos_spnf,2022-01-01,3095.0
ingresos_spnf,2022-02-01,3186.0
ingresos_spnf,2022-03-01,3612.0
ingresos_spnf,2022-04-01,3865.0
ingresos_spnf,2022-05-01,3527.0
ingresos_spnf,2022-06-01,3238.0
ingresos_spnf,2022-07-01,3466.0
ingresos_spnf,2022-08-01,3328.0
ingresos_spnf,2022-09-01,3242.0
ingresos_spnf,2022-10-01,3416.0
ingresos_spnf,2022-11-01,3423.0
ingresos_spnf,2022-12-01,4351.0
ingresos_spnf,2023-01-01,2818.0
ingresos_spnf,2023-02-01,3000.0
ingresos_spnf,2023-03-01,3249.0
ingresos_spnf,2023-04-01,3912.0
ingresos_spnf,2023-05-01,3416.0
ingresos_spnf,2023-06-01,3203.0
ingresos_spnf,2023-07-01,3377.0
ingresos_spnf,2023-08-01,3101.0
ingresos_spnf,2023-09-01,2834.0
ingresos_spnf,2023-10-01,3511.0
ingresos_spnf,2023-11-01,3267.0
ingresos_spnf,2023-12-01,3566.0
ingresos_spnf,2024-01-01,3490.0
ingresos_spnf,2024-02-01,3212.0
ingresos_spnf,2024-03-01,3050.0
ingresos_spnf,2024-04-01,4149.0
ingresos_spnf,2024-05-01,3294.0
ingresos_spnf,2024-06-01,3470.0
ingresos_spnf,2024-07-01,3345.0
ingresos_spnf,2024-08-01,3335.0
ingresos_spnf,2024-09-01,3041.0
ingresos_spnf,2024-10-01,3422.0
ingresos_spnf,2024-11-01,3446.0
ingresos_spnf,2024-12-01,3849.0
ingresos_spnf,2025-01-01,3106.0
ingresos_spnf,2025-02-01,3566.0
ingresos_spnf,2025-03-01,3911.0
ingresos_spnf,2025-04-01,4268.0
ingresos_spnf,2025-05-01,3499.0
ingresos_spnf,2025-06-01,3213.0
ingresos_spnf,2025-07-01,3308.0
ingresos_spnf,2025-08-01,3688.0
ingresos_spnf,2025-09-01,3626.0
ingresos_spnf,2025-10-01,3408.0
ingresos_spnf,2025-11-01,3412.0
ingresos_spnf,2025-12-01,4075.0
ingresos_spnf,2026-01-01,3550.0
ingresos_spnf,2026-02-01,3487.0
ingresos_spnf,2026-03-01,4165.0
ingresos_spnf,2026-04-01,4217.0
ingresos_spnf,2026-05-01,3938.0
ingresos_spnf,2026-06-01,3783.0
ingresos_spnf,2026-07-01,3732.0
ingresos_spnf,2026-08-01,3756.0
gastos_spnf,2018-01-01,2522.0
gastos_spnf,2018-02-01,2944.0
gastos_spnf,2018-03-01,3094.0
gastos_spnf,2018-04-01,3079.0
gastos_spnf,2018-05-01,3334.0
gastos_spnf,2018-06-01,3215.0
gastos_spnf,2018-07-01,3191.0
gastos_spnf,2018-08-01,3287.0
gastos_spnf,2018-09-01,3516.0
gastos_spnf,2018-10-01,3299.0
gastos_spnf,2018-11-01,3562.0
gastos_spnf,2018-12-01,4392.0
gastos_spnf,2019-01-01,2355.0
gastos_spnf,2019-02-01,2895.0
gastos_spnf,2019-03-01,2978.0
gastos_spnf,2019-04-01,2845.0
gastos_spnf,2019-05-01,3170.0
gastos_spnf,2019-06-01,3258.0
gastos_spnf,2019-07-01,2971.0
gastos_spnf,2019-08-01,3075.0
gastos_spnf,2019-09-01,3215.0
gastos_spnf,2019-10-01,3070.0
gastos_spnf,2019-11-01,3445.0
gastos_spnf,2019-12-01,4622.0
gastos_spnf,2020-01-01,2394.0
gastos_spnf,2020-02-01,2459.0
gastos_spnf,2020-03-01,2790.0
gastos_spnf,2020-04-01,2726.0
gastos_spnf,2020-05-01,2927.0
gastos_spnf,2020-06-01,2978.0
gastos_spnf,2020-07-01,2908.0
gastos_spnf,2020-08-01,3052.0
gastos_spnf,2020-09-01,3236.0
gastos_spnf,2020-10-01,2880.0
gastos_spnf,2020-11-01,3130.0
gastos_spnf,2020-12-01,4249.0
gastos_spnf,2021-01-01,2453.0
gastos_spnf,2021-02-01,2520.0
gastos_spnf,2021-03-01,2789.0
gastos_spnf,2021-04-01,2952.0
gastos_spnf,2021-05-01,3064.0
gastos_spnf,2021-06-01,3050.0
gastos_spnf,2021-07-01,2899.0
gastos_spnf,2021-08-01,3065.0
gastos_spnf,2021-09-01,3083.0
gastos_spnf,2021-10-01,2970.0
gastos_spnf,2021-11-01,3220.0
gastos_spnf,2021-12-01,4540.0
gastos_spnf,2022-01-01,2535.0
gastos_spnf,2022-02-01,2972.0
gastos_spnf,2022-03-01,3099.0
gastos_spnf,2022-04-01,3075.0
gastos_spnf,2022-05-01,3386.0
gastos_spnf,2022-06-01,3489.0
gastos_spnf,2022-07-01,3424.0
gastos_spnf,2022-08-01,3263.0
gastos_spnf,2022-09-01,3227.0
gastos_spnf,2022-10-01,3343.0
gastos_spnf,2022-11-01,3589.0
gastos_spnf,2022-12-01,4630.0
gastos_spnf,2023-01-01,2725.0
gastos_spnf,2023-02-01,3283.0
gastos_spnf,2023-03-01,3324.0
gastos_spnf,2023-04-01,3415.0
gastos_spnf,2023-05-01,3540.0
gastos_spnf,2023-06-01,3535.0
gastos_spnf,2023-07-01,3622.0
gastos_spnf,2023-08-01,3575.0
gastos_spnf,2023-09-01,3703.0
gastos_spnf,2023-10-01,3451.0
gastos_spnf,2023-11-01,3579.0
gastos_spnf,2023-12-01,5445.0
gastos_spnf,2024-01-01,2892.0
gastos_spnf,2024-02-01,3173.0
gastos_spnf,2024-03-01,3601.0
gastos_spnf,2024-04-01,3518.0
gastos_spnf,2024-05-01,3630.0
gastos_spnf,2024-06-01,3407.0
gastos_spnf,2024-07-01,3400.0
gastos_spnf,2024-08-01,3762.0
gastos_spnf,2024-09-01,3720.0
gastos_spnf,2024-10-01,3705.0
gastos_spnf,2024-11-01,3562.0
gastos_spnf,2024-12-01,4656.0
gastos_spnf,2025-01-01,2884.0
gastos_spnf,2025-02-01,3048.0
gastos_spnf,2025-03-01,3592.0
gastos_spnf,2025-04-01,3429.0
gastos_spnf,2025-05-01,3989.0
gastos_spnf,2025-06-01,3668.0
gastos_spnf,2025-07-01,3677.0
gastos_spnf,2025-08-01,3884.0
gastos_spnf,2025-09-01,3806.0
gastos_spnf,2025-10-01,3627.0
gastos_spnf,2025-11-01,4072.0
gastos_spnf,2025-12-01,5654.0
gastos_spnf,2026-01-01,2984.0
gastos_spnf,2026-02-01,3297.0
gastos_spnf,2026-03-01,3565.0
gastos_spnf,2026-04-01,3441.0
gastos_spnf,2026-05-01,4012.0
gastos_spnf,2026-06-01,4023.0
gastos_spnf,2026-07-01,4065.0
gastos_spnf,2026-08-01,3982.0
resultado_global_pib,2018-01-01,-1.6
resultado_primario_pib,2018-01-01,0.7
resultado_global_pib,2019-01-01,-3.0
resultado_primario_pib,2019-01-01,-0.5
resultado_global_pib,2020-01-01,-6.9
resultado_primario_pib,2020-01-01,-4.6
resultado_global_pib,2021-01-01,-1.7
resultado_primario_pib,2021-01-01,0.1
resultado_global_pib,2022-01-01,0.0
resultado_primario_pib,2022-01-01,2.1
resultado_global_pib,2023-01-01,-3.6
resultado_primario_pib,2023-01-01,-0.9
resultado_global_pib,2024-01-01,-1.6
resultado_primario_pib,2024-01-01,1.3
resultado_global_pib,2025-01-01,-1.5
resultado_primario_pib,2025-01-01,1.4
recaudacion,2018-01-01,1228.0
recaudacion,2018-02-01,1077.0
recaudacion,2018-03-01,1236.0
recaudacion,2018-04-01,1574.0
recaudacion,2018-05-01,1154.0
recaudacion,2018-06-01,1176.0
recaudacion,2018-07-01,1192.0
recaudacion,2018-08-01,1297.0
recaudacion,2018-09-01,1163.0
recaudacion,2018-10-01,1175.0
recaudacion,2018-11-01,1247.0
recaudacion,2018-12-01,1464.0
recaudacion,2019-01-01,1263.0
recaudacion,2019-02-01,973.0
recaudacion,2019-03-01,1284.0
recaudacion,2019-04-01,1482.0
recaudacion,2019-05-01,1138.0
recaudacion,2019-06-01,1001.0
recaudacion,2019-07-01,1086.0
recaudacion,2019-08-01,1066.0
recaudacion,2019-09-01,1127.0
recaudacion,2019-10-01,1257.0
recaudacion,2019-11-01,1124.0
recaudacion,2019-12-01,1252.0
recaudacion,2020-01-01,1109.0
recaudacion,2020-02-01,913.0
recaudacion,2020-03-01,996.0
recaudacion,2020-04-01,1314.0
recaudacion,2020-05-01,1002.0
recaudacion,2020-06-01,979.0
recaudacion,2020-07-01,1009.0
recaudacion,2020-08-01,1024.0
recaudacion,2020-09-01,907.0
recaudacion,2020-10-01,956.0
recaudacion,2020-11-01,1018.0
recaudacion,2020-12-01,1123.0
recaudacion,2021-01-01,1221.0
recaudacion,2021-02-01,978.0
recaudacion,2021-03-01,1190.0
recaudacion,2021-04-01,1473.0
recaudacion,2021-05-01,1172.0
recaudacion,2021-06-01,1053.0
recaudacion,2021-07-01,1133.0
recaudacion,2021-08-01,1137.0
recaudacion,2021-09-01,1094.0
recaudacion,2021-10-01,1186.0
recaudacion,2021-11-01,1034.0
recaudacion,2021-12-01,1253.0
recaudacion,2022-01-01,1552.0
recaudacion,2022-02-01,1193.0
recaudacion,2022-03-01,1408.0
recaudacion,2022-04-01,1824.0
recaudacion,2022-05-01,1276.0
recaudacion,2022-06-01,1207.0
recaudacion,2022-07-01,1276.0
recaudacion,2022-08-01,1369.0
recaudacion,2022-09-01,1258.0
recaudacion,2022-10-01,1474.0
recaudacion,2022-11-01,1335.0
recaudacion,2022-12-01,1628.0
recaudacion,2023-01-01,1554.0
recaudacion,2023-02-01,1178.0
recaudacion,2023-03-01,1553.0
recaudacion,2023-04-01,1915.0
recaudacion,2023-05-01,1446.0
recaudacion,2023-06-01,1319.0
recaudacion,2023-07-01,1363.0
recaudacion,2023-08-01,1390.0
recaudacion,2023-09-01,1251.0
recaudacion,2023-10-01,1386.0
recaudacion,2023-11-01,1333.0
recaudacion,2023-12-01,1566.0
recaudacion,2024-01-01,1596.0
recaudacion,2024-02-01,1359.0
recaudacion,2024-03-01,1624.0
recaudacion,2024-04-01,2253.0
recaudacion,2024-05-01,1635.0
recaudacion,2024-06-01,1442.0
recaudacion,2024-07-01,1578.0
recaudacion,2024-08-01,1512.0
recaudacion,2024-09-01,1467.0
recaudacion,2024-10-01,1603.0
recaudacion,2024-11-01,1492.0
recaudacion,2024-12-01,1771.0
recaudacion,2025-01-01,1704.0
recaudacion,2025-02-01,1490.0
recaudacion,2025-03-01,1703.0
recaudacion,2025-04-01,2144.0
recaudacion,2025-05-01,1613.0
recaudacion,2025-06-01,1584.0
recaudacion,2025-07-01,1593.0
recaudacion,2025-08-01,1667.0
recaudacion,2025-09-01,1585.0
recaudacion,2025-10-01,1828.0
recaudacion,2025-11-01,1567.0
recaudacion,2025-12-01,1887.0
recaudacion,2026-01-01,1935.0
recaudacion,2026-02-01,1626.0
recaudacion,2026-03-01,1825.0
recaudacion,2026-04-01,2418.0
recaudacion,2026-05-01,1617.0
recaudacion,2026-06-01,1589.0
recaudacion,2026-07-01,1829.0
recaudacion,2026-08-01,1697.0
deuda_externa,2018-01-01,33819.0
deuda_externa,2018-02-01,33852.0
deuda_externa,2018-03-01,33966.0
deuda_externa,2018-04-01,33919.0
deuda_externa,2018-05-01,34245.0
deuda_externa,2018-06-01,34498.0
deuda_externa,2018-07-01,34993.0
deuda_externa,2018-08-01,35162.0
deuda_externa,2018-09-01,35276.0
deuda_externa,2018-10-01,35230.0
deuda_externa,2018-11-01,35436.0
deuda_externa,2018-12-01,35787.0
deuda_externa,2019-01-01,36371.0
deuda_externa,2019-02-01,37010.0
deuda_externa,2019-03-01,37518.0
deuda_externa,2019-04-01,37926.0
deuda_externa,2019-05-01,38432.0
deuda_externa,2019-06-01,38883.0
deuda_externa,2019-07-01,39105.0
deuda_externa,2019-08-01,39843.0
deuda_externa,2019-09-01,40335.0
deuda_externa,2019-10-01,40600.0
deuda_externa,2019-11-01,41136.0
deuda_externa,2019-12-01,41633.0
deuda_externa,2020-01-01,42067.0
deuda_externa,2020-02-01,42544.0
deuda_externa,2020-03-01,42303.0
deuda_externa,2020-04-01,42722.0
deuda_externa,2020-05-01,43254.0
deuda_externa,2020-06-01,43384.0
deuda_externa,2020-07-01,43405.0
deuda_externa,2020-08-01,43809.0
deuda_externa,2020-09-01,44204.0
deuda_externa,2020-10-01,44574.0
deuda_externa,2020-11-01,44725.0
deuda_externa,2020-12-01,44993.0
deuda_externa,2021-01-01,45174.0
deuda_externa,2021-02-01,45422.0
deuda_externa,2021-03-01,45847.0
deuda_externa,2021-04-01,45936.0
deuda_externa,2021-05-01,45892.0
deuda_externa,2021-06-01,45621.0
deuda_externa,2021-07-01,45933.0
deuda_externa,2021-08-01,46028.0
deuda_externa,2021-09-01,46130.0
deuda_externa,2021-10-01,46099.0
deuda_externa,2021-11-01,46355.0
deuda_externa,2021-12-01,46203.0
deuda_externa,2022-01-01,46321.0
deuda_externa,2022-02-01,46426.0
deuda_externa,2022-03-01,46541.0
deuda_externa,2022-04-01,46794.0
deuda_externa,2022-05-01,46794.0
deuda_externa,2022-06-01,46833.0
deuda_externa,2022-07-01,46985.0
deuda_externa,2022-08-01,46758.0
deuda_externa,2022-09-01,46772.0
deuda_externa,2022-10-01,46844.0
deuda_externa,2022-11-01,47043.0
deuda_externa,2022-12-01,46948.0
deuda_externa,2023-01-01,47112.0
deuda_externa,2023-02-01,47188.0
deuda_externa,2023-03-01,46973.0
deuda_externa,2023-04-01,46812.0
deuda_externa,2023-05-01,46696.0
deuda_externa,2023-06-01,46844.0
deuda_externa,2023-07-01,46979.0
deuda_externa,2023-08-01,47171.0
deuda_externa,2023-09-01,47347.0
deuda_externa,2023-10-01,47288.0
deuda_externa,2023-11-01,47490.0
deuda_externa,2023-12-01,47621.0
deuda_externa,2024-01-01,47757.0
deuda_externa,2024-02-01,47889.0
deuda_externa,2024-03-01,47747.0
deuda_externa,2024-04-01,47906.0
deuda_externa,2024-05-01,47844.0
deuda_externa,2024-06-01,47796.0
deuda_externa,2024-07-01,47901.0
deuda_externa,2024-08-01,48083.0
deuda_externa,2024-09-01,48222.0
deuda_externa,2024-10-01,48310.0
deuda_externa,2024-11-01,48306.0
deuda_externa,2024-12-01,48498.0
deuda_externa,2025-01-01,48547.0
deuda_externa,2025-02-01,48510.0
deuda_externa,2025-03-01,48717.0
deuda_externa,2025-04-01,49118.0
deuda_externa,2025-05-01,49182.0
deuda_externa,2025-06-01,49162.0
deuda_externa,2025-07-01,49531.0
deuda_externa,2025-08-01,49902.0
deuda_externa,2025-09-01,49923.0
deuda_externa,2025-10-01,49972.0
deuda_externa,2025-11-01,50101.0
deuda_externa,2025-12-01,50633.0
deuda_externa,2026-01-01,50661.0
deuda_externa,2026-02-01,50835.0
deuda_externa,2026-03-01,50904.0
deuda_externa,2026-04-01,50653.0
deuda_externa,2026-05-01,50579.0
deuda_externa,2026-06-01,50526.0
deuda_externa,2026-07-01,50751.0
deuda_externa,2026-08-01,50909.0
deuda_interna,2018-01-01,13414.0
deuda_interna,2018-02-01,13385.0
deuda_interna,2018-03-01,13436.0
deuda_interna,2018-04-01,13462.0
deuda_interna,2018-05-01,13498.0
deuda_interna,2018-06-01,13798.0
deuda_interna,2018-07-01,13802.0
deuda_interna,2018-08-01,13958.0
deuda_interna,2018-09-01,14072.0
deuda_interna,2018-10-01,13942.0
deuda_interna,2018-11-01,14004.0
deuda_interna,2018-12-01,13934.0
deuda_interna,2019-01-01,14121.0
deuda_interna,2019-02-01,14321.0
deuda_interna,2019-03-01,14487.0
deuda_interna,2019-04-01,14622.0
deuda_interna,2019-05-01,15010.0
deuda_interna,2019-06-01,15152.0
deuda_interna,2019-07-01,15419.0
deuda_interna,2019-08-01,15799.0
deuda_interna,2019-09-01,16021.0
deuda_interna,2019-10-01,16283.0
deuda_interna,2019-11-01,16587.0
deuda_interna,2019-12-01,16831.0
deuda_interna,2020-01-01,17099.0
deuda_interna,2020-02-01,16972.0
deuda_interna,2020-03-01,17298.0
deuda_interna,2020-04-01,17371.0
deuda_interna,2020-05-01,17245.0
deuda_interna,2020-06-01,17315.0
deuda_interna,2020-07-01,17309.0
deuda_interna,2020-08-01,17507.0
deuda_interna,2020-09-01,17523.0
deuda_interna,2020-10-01,17623.0
deuda_interna,2020-11-01,17896.0
deuda_interna,2020-12-01,18127.0
deuda_interna,2021-01-01,17922.0
deuda_interna,2021-02-01,17796.0
deuda_interna,2021-03-01,17697.0
deuda_interna,2021-04-01,17598.0
deuda_interna,2021-05-01,17485.0
deuda_interna,2021-06-01,17337.0
deuda_interna,2021-07-01,17325.0
deuda_interna,2021-08-01,16986.0
deuda_interna,2021-09-01,16819.0
deuda_interna,2021-10-01,16736.0
deuda_interna,2021-11-01,16573.0
deuda_interna,2021-12-01,16401.0
deuda_interna,2022-01-01,16286.0
deuda_interna,2022-02-01,16252.0
deuda_interna,2022-03-01,16338.0
deuda_interna,2022-04-01,16207.0
deuda_interna,2022-05-01,16075.0
deuda_interna,2022-06-01,16022.0
deuda_interna,2022-07-01,15890.0
deuda_interna,2022-08-01,15559.0
deuda_interna,2022-09-01,15538.0
deuda_interna,2022-10-01,15426.0
deuda_interna,2022-11-01,15290.0
deuda_interna,2022-12-01,15309.0
deuda_interna,2023-01-01,15366.0
deuda_interna,2023-02-01,15346.0
deuda_interna,2023-03-01,15140.0
deuda_interna,2023-04-01,15040.0
deuda_interna,2023-05-01,15173.0
deuda_interna,2023-06-01,15271.0
deuda_interna,2023-07-01,15422.0
deuda_interna,2023-08-01,15525.0
deuda_interna,2023-09-01,15530.0
deuda_interna,2023-10-01,15445.0
deuda_interna,2023-11-01,15405.0
deuda_interna,2023-12-01,15494.0
deuda_interna,2024-01-01,15688.0
deuda_interna,2024-02-01,16127.0
deuda_interna,2024-03-01,16264.0
deuda_interna,2024-04-01,16387.0
deuda_interna,2024-05-01,16722.0
deuda_interna,2024-06-01,16861.0
deuda_interna,2024-07-01,17427.0
deuda_interna,2024-08-01,17626.0
deuda_interna,2024-09-01,17952.0
deuda_interna,2024-10-01,18236.0
deuda_interna,2024-11-01,18454.0
deuda_interna,2024-12-01,18561.0
deuda_interna,2025-01-01,18596.0
deuda_interna,2025-02-01,18984.0
deuda_interna,2025-03-01,19331.0
deuda_interna,2025-04-01,19793.0
deuda_interna,2025-05-01,19756.0
deuda_interna,2025-06-01,20007.0
deuda_interna,2025-07-01,20168.0
deuda_interna,2025-08-01,20438.0
deuda_interna,2025-09-01,20525.0
deuda_interna,2025-10-01,20771.0
deuda_interna,2025-11-01,21027.0
deuda_interna,2025-12-01,21226.0
deuda_interna,2026-01-01,21495.0
deuda_interna,2026-02-01,21543.0
deuda_interna,2026-03-01,21803.0
deuda_interna,2026-04-01,21780.0
deuda_interna,2026-05-01,22069.0
deuda_interna,2026-06-01,21803.0
deuda_interna,2026-07-01,21945.0
deuda_interna,2026-08-01,21992.0
deuda_pib,2018-01-01,44.0
deuda_pib,2018-02-01,44.4
deuda_pib,2018-03-01,44.7
deuda_pib,2018-04-01,44.8
deuda_pib,2018-05-01,45.3
deuda_pib,2018-06-01,45.1
deuda_pib,2018-07-01,45.1
deuda_pib,2018-08-01,45.6
deuda_pib,2018-09-01,45.8
deuda_pib,2018-10-01,45.5
deuda_pib,2018-11-01,45.8
deuda_pib,2018-12-01,45.8
deuda_pib,2019-01-01,46.8
deuda_pib,2019-02-01,47.6
deuda_pib,2019-03-01,48.0
deuda_pib,2019-04-01,48.9
deuda_pib,2019-05-01,49.2
deuda_pib,2019-06-01,50.0
deuda_pib,2019-07-01,50.7
deuda_pib,2019-08-01,51.2
deuda_pib,2019-09-01,51.5
deuda_pib,2019-10-01,52.1
deuda_pib,2019-11-01,52.2
deuda_pib,2019-12-01,52.8
deuda_pib,2020-01-01,53.5
deuda_pib,2020-02-01,54.8
deuda_pib,2020-03-01,55.5
deuda_pib,2020-04-01,56.0
deuda_pib,2020-05-01,57.2
deuda_pib,2020-06-01,58.2
deuda_pib,2020-07-01,59.1
deuda_pib,2020-08-01,60.5
deuda_pib,2020-09-01,61.5
deuda_pib,2020-10-01,62.3
deuda_pib,2020-11-01,63.1
deuda_pib,2020-12-01,63.3
deuda_pib,2021-01-01,63.3
deuda_pib,2021-02-01,63.3
deuda_pib,2021-03-01,63.0
deuda_pib,2021-04-01,62.5
deuda_pib,2021-05-01,62.4
deuda_pib,2021-06-01,61.9
deuda_pib,2021-07-01,61.8
deuda_pib,2021-08-01,61.8
deuda_pib,2021-09-01,61.9
deuda_pib,2021-10-01,61.7
deuda_pib,2021-11-01,61.5
deuda_pib,2021-12-01,61.4
deuda_pib,2022-01-01,61.2
deuda_pib,2022-02-01,60.7
deuda_pib,2022-03-01,60.1
deuda_pib,2022-04-01,59.6
deuda_pib,2022-05-01,59.0
deuda_pib,2022-06-01,58.6
deuda_pib,2022-07-01,58.3
deuda_pib,2022-08-01,58.1
deuda_pib,2022-09-01,57.9
deuda_pib,2022-10-01,57.6
deuda_pib,2022-11-01,57.2
deuda_pib,2022-12-01,56.9
deuda_pib,2023-01-01,56.7
deuda_pib,2023-02-01,56.4
deuda_pib,2023-03-01,56.3
deuda_pib,2023-04-01,55.8
deuda_pib,2023-05-01,55.2
deuda_pib,2023-06-01,55.1
deuda_pib,2023-07-01,54.7
deuda_pib,2023-08-01,54.3
deuda_pib,2023-09-01,53.7
deuda_pib,2023-10-01,53.4
deuda_pib,2023-11-01,52.9
deuda_pib,2023-12-01,52.2
deuda_pib,2024-01-01,52.4
deuda_pib,2024-02-01,52.5
deuda_pib,2024-03-01,52.8
deuda_pib,2024-04-01,52.9
deuda_pib,2024-05-01,53.1
deuda_pib,2024-06-01,53.2
deuda_pib,2024-07-01,53.5
deuda_pib,2024-08-01,53.5
deuda_pib,2024-09-01,53.9
deuda_pib,2024-10-01,53.8
deuda_pib,2024-11-01,53.9
deuda_pib,2024-12-01,54.0
deuda_pib,2025-01-01,54.2
deuda_pib,2025-02-01,54.2
deuda_pib,2025-03-01,54.4
deuda_pib,2025-04-01,54.3
deuda_pib,2025-05-01,54.2
deuda_pib,2025-06-01,54.0
deuda_pib,2025-07-01,54.1
deuda_pib,2025-08-01,54.0
deuda_pib,2025-09-01,54.2
deuda_pib,2025-10-01,54.3
deuda_pib,2025-11-01,54.6
deuda_pib,2025-12-01,54.5
deuda_pib,2026-01-01,54.3
deuda_pib,2026-02-01,54.0
deuda_pib,2026-03-01,53.9
deuda_pib,2026-04-01,53.9
deuda_pib,2026-05-01,54.2
deuda_pib,2026-06-01,54.1
deuda_pib,2026-07-01,54.3
deuda_pib,2026-08-01,54.4
x_petroleras,2018-01-01,664.0
x_petroleras,2018-02-01,813.0
x_petroleras,2018-03-01,808.0
x_petroleras,2018-04-01,822.0
x_petroleras,2018-05-01,733.0
x_petroleras,2018-06-01,796.0
x_petroleras,2018-07-01,702.0
x_petroleras,2018-08-01,729.0
x_petroleras,2018-09-01,735.0
x_petroleras,2018-10-01,851.0
x_petroleras,2018-11-01,719.0
x_petroleras,2018-12-01,796.0
x_petroleras,2019-01-01,729.0
x_petroleras,2019-02-01,679.0
x_petroleras,2019-03-01,741.0
x_petroleras,2019-04-01,768.0
x_petroleras,2019-05-01,679.0
x_petroleras,2019-06-01,766.0
x_petroleras,2019-07-01,679.0
x_petroleras,2019-08-01,668.0
x_petroleras,2019-09-01,739.0
x_petroleras,2019-10-01,710.0
x_petroleras,2019-11-01,661.0
x_petroleras,2019-12-01,619.0
x_petroleras,2020-01-01,438.0
x_petroleras,2020-02-01,447.0
x_petroleras,2020-03-01,419.0
x_petroleras,2020-04-01,445.0
x_petroleras,2020-05-01,377.0
x_petroleras,2020-06-01,453.0
x_petroleras,2020-07-01,454.0
x_petroleras,2020-08-01,448.0
x_petroleras,2020-09-01,413.0
x_petroleras,2020-10-01,441.0
x_petroleras,2020-11-01,443.0
x_petroleras,2020-12-01,480.0
x_petroleras,2021-01-01,734.0
x_petroleras,2021-02-01,733.0
x_petroleras,2021-03-01,670.0
x_petroleras,2021-04-01,772.0
x_petroleras,2021-05-01,792.0
x_petroleras,2021-06-01,685.0
x_petroleras,2021-07-01,758.0
x_petroleras,2021-08-01,737.0
x_petroleras,2021-09-01,714.0
x_petroleras,2021-10-01,634.0
x_petroleras,2021-11-01,830.0
x_petroleras,2021-12-01,596.0
x_petroleras,2022-01-01,993.0
x_petroleras,2022-02-01,934.0
x_petroleras,2022-03-01,1066.0
x_petroleras,2022-04-01,930.0
x_petroleras,2022-05-01,970.0
x_petroleras,2022-06-01,1020.0
x_petroleras,2022-07-01,1006.0
x_petroleras,2022-08-01,921.0
x_petroleras,2022-09-01,1026.0
x_petroleras,2022-10-01,1001.0
x_petroleras,2022-11-01,1053.0
x_petroleras,2022-12-01,922.0
x_petroleras,2023-01-01,743.0
x_petroleras,2023-02-01,720.0
x_petroleras,2023-03-01,690.0
x_petroleras,2023-04-01,763.0
x_petroleras,2023-05-01,773.0
x_petroleras,2023-06-01,841.0
x_petroleras,2023-07-01,724.0
x_petroleras,2023-08-01,772.0
x_petroleras,2023-09-01,822.0
x_petroleras,2023-10-01,738.0
x_petroleras,2023-11-01,750.0
x_petroleras,2023-12-01,755.0
x_petroleras,2024-01-01,750.0
x_petroleras,2024-02-01,729.0
x_petroleras,2024-03-01,880.0
x_petroleras,2024-04-01,812.0
x_petroleras,2024-05-01,795.0
x_petroleras,2024-06-01,711.0
x_petroleras,2024-07-01,808.0
x_petroleras,2024-08-01,884.0
x_petroleras,2024-09-01,717.0
x_petroleras,2024-10-01,736.0
x_petroleras,2024-11-01,880.0
x_petroleras,2024-12-01,903.0
x_petroleras,2025-01-01,807.0
x_petroleras,2025-02-01,673.0
x_petroleras,2025-03-01,746.0
x_petroleras,2025-04-01,661.0
x_petroleras,2025-05-01,741.0
x_petroleras,2025-06-01,685.0
x_petroleras,2025-07-01,721.0
x_petroleras,2025-08-01,793.0
x_petroleras,2025-09-01,730.0
x_petroleras,2025-10-01,693.0
x_petroleras,2025-11-01,712.0
x_petroleras,2025-12-01,725.0
x_petroleras,2026-01-01,636.0
x_petroleras,2026-02-01,679.0
x_petroleras,2026-03-01,702.0
x_petroleras,2026-04-01,760.0
x_petroleras,2026-05-01,544.0
x_petroleras,2026-06-01,596.0
x_petroleras,2026-07-01,593.0
x_petroleras,2026-08-01,719.0
x_no_petroleras,2018-01-01,1196.0
x_no_petroleras,2018-02-01,1077.0
x_no_petroleras,2018-03-01,1073.0
x_no_petroleras,2018-04-01,1127.0
x_no_petroleras,2018-05-01,937.0
x_no_petroleras,2018-06-01,1057.0
x_no_petroleras,2018-07-01,901.0
x_no_petroleras,2018-08-01,1075.0
x_no_petroleras,2018-09-01,1040.0
x_no_petroleras,2018-10-01,1041.0
x_no_petroleras,2018-11-01,1085.0
x_no_petroleras,2018-12-01,1036.0
x_no_petroleras,2019-01-01,1196.0
x_no_petroleras,2019-02-01,1133.0
x_no_petroleras,2019-03-01,1155.0
x_no_petroleras,2019-04-01,1276.0
x_no_petroleras,2019-05-01,1108.0
x_no_petroleras,2019-06-01,1185.0
x_no_petroleras,2019-07-01,1087.0
x_no_petroleras,2019-08-01,1204.0
x_no_petroleras,2019-09-01,1188.0
x_no_petroleras,2019-10-01,1141.0
x_no_petroleras,2019-11-01,1189.0
x_no_petroleras,2019-12-01,1224.0
x_no_petroleras,2020-01-01,1344.0
x_no_petroleras,2020-02-01,1258.0
x_no_petroleras,2020-03-01,1255.0
x_no_petroleras,2020-04-01,1327.0
x_no_petroleras,2020-05-01,1167.0
x_no_petroleras,2020-06-01,1221.0
x_no_petroleras,2020-07-01,1289.0
x_no_petroleras,2020-08-01,1294.0
x_no_petroleras,2020-09-01,1374.0
x_no_petroleras,2020-10-01,1368.0
x_no_petroleras,2020-11-01,1279.0
x_no_petroleras,2020-12-01,1286.0
x_no_petroleras,2021-01-01,1410.0
x_no_petroleras,2021-02-01,1494.0
x_no_petroleras,2021-03-01,1528.0
x_no_petroleras,2021-04-01,1491.0
x_no_petroleras,2021-05-01,1513.0
x_no_petroleras,2021-06-01,1554.0
x_no_petroleras,2021-07-01,1437.0
x_no_petroleras,2021-08-01,1466.0
x_no_petroleras,2021-09-01,1376.0
x_no_petroleras,2021-10-01,1594.0
x_no_petroleras,2021-11-01,1430.0
x_no_petroleras,2021-12-01,1381.0
x_no_petroleras,2022-01-01,1825.0
x_no_petroleras,2022-02-01,1740.0
x_no_petroleras,2022-03-01,1842.0
x_no_petroleras,2022-04-01,1726.0
x_no_petroleras,2022-05-01,1943.0
x_no_petroleras,2022-06-01,1820.0
x_no_petroleras,2022-07-01,1771.0
x_no_petroleras,2022-08-01,1768.0
x_no_petroleras,2022-09-01,1740.0
x_no_petroleras,2022-10-01,1829.0
x_no_petroleras,2022-11-01,1932.0
x_no_petroleras,2022-12-01,1722.0
x_no_petroleras,2023-01-01,1747.0
x_no_petroleras,2023-02-01,1900.0
x_no_petroleras,2023-03-01,1943.0
x_no_petroleras,2023-04-01,1710.0
x_no_petroleras,2023-05-01,1783.0
x_no_petroleras,2023-06-01,1755.0
x_no_petroleras,2023-07-01,1897.0
x_no_petroleras,2023-08-01,1892.0
x_no_petroleras,2023-09-01,1779.0
x_no_petroleras,2023-10-01,1743.0
x_no_petroleras,2023-11-01,1908.0
x_no_petroleras,2023-12-01,1658.0
x_no_petroleras,2024-01-01,2132.0
x_no_petroleras,2024-02-01,2051.0
x_no_petroleras,2024-03-01,2263.0
x_no_petroleras,2024-04-01,2168.0
x_no_petroleras,2024-05-01,2008.0
x_no_petroleras,2024-06-01,2039.0
x_no_petroleras,2024-07-01,2038.0
x_no_petroleras,2024-08-01,1992.0
x_no_petroleras,2024-09-01,2075.0
x_no_petroleras,2024-10-01,2165.0
x_no_petroleras,2024-11-01,1913.0
x_no_petroleras,2024-12-01,2043.0
x_no_petroleras,2025-01-01,2639.0
x_no_petroleras,2025-02-01,2548.0
x_no_petroleras,2025-03-01,2360.0
x_no_petroleras,2025-04-01,2361.0
x_no_petroleras,2025-05-01,2355.0
x_no_petroleras,2025-06-01,2264.0
x_no_petroleras,2025-07-01,2598.0
x_no_petroleras,2025-08-01,2467.0
x_no_petroleras,2025-09-01,2374.0
x_no_petroleras,2025-10-01,2285.0
x_no_petroleras,2025-11-01,2412.0
x_no_petroleras,2025-12-01,2396.0
x_no_petroleras,2026-01-01,2802.0
x_no_petroleras,2026-02-01,2525.0
x_no_petroleras,2026-03-01,2598.0
x_no_petroleras,2026-04-01,2720.0
x_no_petroleras,2026-05-01,2668.0
x_no_petroleras,2026-06-01,2560.0
x_no_petroleras,2026-07-01,2306.0
x_no_petroleras,2026-08-01,2762.0
importaciones,2018-01-01,1896.0
importaciones,2018-02-01,1802.0
importaciones,2018-03-01,1834.0
importaciones,2018-04-01,1755.0
importaciones,2018-05-01,1760.0
importaciones,2018-06-01,1707.0
importaciones,2018-07-01,1887.0
importaciones,2018-08-01,1889.0
importaciones,2018-09-01,1857.0
importaciones,2018-10-01,1912.0
importaciones,2018-11-01,1890.0
importaciones,2018-12-01,1853.0
importaciones,2019-01-01,1714.0
importaciones,2019-02-01,1844.0
importaciones,2019-03-01,1896.0
importaciones,2019-04-01,1847.0
importaciones,2019-05-01,1902.0
importaciones,2019-06-01,1750.0
importaciones,2019-07-01,1705.0
importaciones,2019-08-01,1902.0
importaciones,2019-09-01,1740.0
importaciones,2019-10-01,1813.0
importaciones,2019-11-01,1775.0
importaciones,2019-12-01,1794.0
importaciones,2020-01-01,1398.0
importaciones,2020-02-01,1379.0
importaciones,2020-03-01,1293.0
importaciones,2020-04-01,1549.0
importaciones,2020-05-01,1431.0
importaciones,2020-06-01,1283.0
importaciones,2020-07-01,1354.0
importaciones,2020-08-01,1338.0
importaciones,2020-09-01,1365.0
importaciones,2020-10-01,1240.0
importaciones,2020-11-01,1457.0
importaciones,2020-12-01,1531.0
importaciones,2021-01-01,1959.0
importaciones,2021-02-01,2056.0
importaciones,2021-03-01,2042.0
importaciones,2021-04-01,1862.0
importaciones,2021-05-01,2102.0
importaciones,2021-06-01,1819.0
importaciones,2021-07-01,1927.0
importaciones,2021-08-01,1948.0
importaciones,2021-09-01,2105.0
importaciones,2021-10-01,1995.0
importaciones,2021-11-01,1971.0
importaciones,2021-12-01,1905.0
importaciones,2022-01-01,2536.0
importaciones,2022-02-01,2530.0
importaciones,2022-03-01,2615.0
importaciones,2022-04-01,2698.0
importaciones,2022-05-01,2616.0
importaciones,2022-06-01,2527.0
importaciones,2022-07-01,2506.0
importaciones,2022-08-01,2723.0
importaciones,2022-09-01,2550.0
importaciones,2022-10-01,2523.0
importaciones,2022-11-01,2747.0
importaciones,2022-12-01,2719.0
importaciones,2023-01-01,2493.0
importaciones,2023-02-01,2412.0
importaciones,2023-03-01,2350.0
importaciones,2023-04-01,2552.0
importaciones,2023-05-01,2371.0
importaciones,2023-06-01,2539.0
importaciones,2023-07-01,2332.0
importaciones,2023-08-01,2437.0
importaciones,2023-09-01,2473.0
importaciones,2023-10-01,2442.0
importaciones,2023-11-01,2453.0
importaciones,2023-12-01,2470.0
importaciones,2024-01-01,2182.0
importaciones,2024-02-01,2183.0
importaciones,2024-03-01,2292.0
importaciones,2024-04-01,2512.0
importaciones,2024-05-01,2294.0
importaciones,2024-06-01,2204.0
importaciones,2024-07-01,2234.0
importaciones,2024-08-01,2312.0
importaciones,2024-09-01,2442.0
importaciones,2024-10-01,2244.0
importaciones,2024-11-01,2372.0
importaciones,2024-12-01,2329.0
importaciones,2025-01-01,2497.0
importaciones,2025-02-01,2424.0
importaciones,2025-03-01,2523.0
importaciones,2025-04-01,2452.0
importaciones,2025-05-01,2608.0
importaciones,2025-06-01,2323.0
importaciones,2025-07-01,2682.0
importaciones,2025-08-01,2636.0
importaciones,2025-09-01,2614.0
importaciones,2025-10-01,2728.0
importaciones,2025-11-01,2617.0
importaciones,2025-12-01,2330.0
importaciones,2026-01-01,2674.0
importaciones,2026-02-01,2725.0
importaciones,2026-03-01,2578.0
importaciones,2026-04-01,2519.0
importaciones,2026-05-01,2723.0
importaciones,2026-06-01,2733.0
importaciones,2026-07-01,2611.0
importaciones,2026-08-01,2635.0
x_camaron,2018-01-01,257.0
x_camaron,2018-02-01,256.0
x_camaron,2018-03-01,266.0
x_camaron,2018-04-01,286.0
x_camaron,2018-05-01,237.0
x_camaron,2018-06-01,260.0
x_camaron,2018-07-01,296.0
x_camaron,2018-08-01,272.0
x_camaron,2018-09-01,269.0
x_camaron,2018-10-01,282.0
x_camaron,2018-11-01,248.0
x_camaron,2018-12-01,245.0
x_camaron,2019-01-01,287.0
x_camaron,2019-02-01,292.0
x_camaron,2019-03-01,330.0
x_camaron,2019-04-01,343.0
x_camaron,2019-05-01,315.0
x_camaron,2019-06-01,309.0
x_camaron,2019-07-01,333.0
x_camaron,2019-08-01,338.0
x_camaron,2019-09-01,330.0
x_camaron,2019-10-01,282.0
x_camaron,2019-11-01,312.0
x_camaron,2019-12-01,268.0
x_camaron,2020-01-01,324.0
x_camaron,2020-02-01,300.0
x_camaron,2020-03-01,304.0
x_camaron,2020-04-01,351.0
x_camaron,2020-05-01,347.0
x_camaron,2020-06-01,329.0
x_camaron,2020-07-01,324.0
x_camaron,2020-08-01,322.0
x_camaron,2020-09-01,306.0
x_camaron,2020-10-01,317.0
x_camaron,2020-11-01,360.0
x_camaron,2020-12-01,299.0
x_camaron,2021-01-01,423.0
x_camaron,2021-02-01,448.0
x_camaron,2021-03-01,470.0
x_camaron,2021-04-01,469.0
x_camaron,2021-05-01,414.0
x_camaron,2021-06-01,439.0
x_camaron,2021-07-01,435.0
x_camaron,2021-08-01,406.0
x_camaron,2021-09-01,446.0
x_camaron,2021-10-01,429.0
x_camaron,2021-11-01,471.0
x_camaron,2021-12-01,456.0
x_camaron,2022-01-01,575.0
x_camaron,2022-02-01,611.0
x_camaron,2022-03-01,593.0
x_camaron,2022-04-01,581.0
x_camaron,2022-05-01,587.0
x_camaron,2022-06-01,652.0
x_camaron,2022-07-01,590.0
x_camaron,2022-08-01,537.0
x_camaron,2022-09-01,575.0
x_camaron,2022-10-01,641.0
x_camaron,2022-11-01,697.0
x_camaron,2022-12-01,564.0
x_camaron,2023-01-01,618.0
x_camaron,2023-02-01,619.0
x_camaron,2023-03-01,573.0
x_camaron,2023-04-01,651.0
x_camaron,2023-05-01,631.0
x_camaron,2023-06-01,645.0
x_camaron,2023-07-01,730.0
x_camaron,2023-08-01,622.0
x_camaron,2023-09-01,668.0
x_camaron,2023-10-01,669.0
x_camaron,2023-11-01,606.0
x_camaron,2023-12-01,608.0
x_camaron,2024-01-01,608.0
x_camaron,2024-02-01,577.0
x_camaron,2024-03-01,555.0
x_camaron,2024-04-01,509.0
x_camaron,2024-05-01,583.0
x_camaron,2024-06-01,570.0
x_camaron,2024-07-01,632.0
x_camaron,2024-08-01,605.0
x_camaron,2024-09-01,580.0
x_camaron,2024-10-01,560.0
x_camaron,2024-11-01,552.0
x_camaron,2024-12-01,529.0
x_camaron,2025-01-01,651.0
x_camaron,2025-02-01,648.0
x_camaron,2025-03-01,666.0
x_camaron,2025-04-01,685.0
x_camaron,2025-05-01,651.0
x_camaron,2025-06-01,614.0
x_camaron,2025-07-01,673.0
x_camaron,2025-08-01,705.0
x_camaron,2025-09-01,601.0
x_camaron,2025-10-01,656.0
x_camaron,2025-11-01,661.0
x_camaron,2025-12-01,661.0
x_camaron,2026-01-01,681.0
x_camaron,2026-02-01,654.0
x_camaron,2026-03-01,654.0
x_camaron,2026-04-01,734.0
x_camaron,2026-05-01,736.0
x_camaron,2026-06-01,596.0
x_camaron,2026-07-01,545.0
x_camaron,2026-08-01,678.0
x_banano,2018-01-01,254.0
x_banano,2018-02-01,257.0
x_banano,2018-03-01,238.0
x_banano,2018-04-01,273.0
x_banano,2018-05-01,266.0
x_banano,2018-06-01,257.0
x_banano,2018-07-01,283.0
x_banano,2018-08-01,311.0
x_banano,2018-09-01,293.0
x_banano,2018-10-01,288.0
x_banano,2018-11-01,259.0
x_banano,2018-12-01,279.0
x_banano,2019-01-01,274.0
x_banano,2019-02-01,297.0
x_banano,2019-03-01,286.0
x_banano,2019-04-01,274.0
x_banano,2019-05-01,285.0
x_banano,2019-06-01,262.0
x_banano,2019-07-01,290.0
x_banano,2019-08-01,303.0
x_banano,2019-09-01,268.0
x_banano,2019-10-01,285.0
x_banano,2019-11-01,244.0
x_banano,2019-12-01,293.0
x_banano,2020-01-01,324.0
x_banano,2020-02-01,285.0
x_banano,2020-03-01,342.0
x_banano,2020-04-01,308.0
x_banano,2020-05-01,270.0
x_banano,2020-06-01,277.0
x_banano,2020-07-01,324.0
x_banano,2020-08-01,300.0
x_banano,2020-09-01,329.0
x_banano,2020-10-01,274.0
x_banano,2020-11-01,304.0
x_banano,2020-12-01,326.0
x_banano,2021-01-01,277.0
x_banano,2021-02-01,304.0
x_banano,2021-03-01,284.0
x_banano,2021-04-01,298.0
x_banano,2021-05-01,297.0
x_banano,2021-06-01,335.0
x_banano,2021-07-01,266.0
x_banano,2021-08-01,306.0
x_banano,2021-09-01,317.0
x_banano,2021-10-01,269.0
x_banano,2021-11-01,292.0
x_banano,2021-12-01,337.0
x_banano,2022-01-01,283.0
x_banano,2022-02-01,211.0
x_banano,2022-03-01,260.0
x_banano,2022-04-01,233.0
x_banano,2022-05-01,270.0
x_banano,2022-06-01,251.0
x_banano,2022-07-01,254.0
x_banano,2022-08-01,249.0
x_banano,2022-09-01,269.0
x_banano,2022-10-01,256.0
x_banano,2022-11-01,248.0
x_banano,2022-12-01,260.0
x_banano,2023-01-01,302.0
x_banano,2023-02-01,277.0
x_banano,2023-03-01,316.0
x_banano,2023-04-01,261.0
x_banano,2023-05-01,302.0
x_banano,2023-06-01,286.0
x_banano,2023-07-01,326.0
x_banano,2023-08-01,281.0
x_banano,2023-09-01,281.0
x_banano,2023-10-01,267.0
x_banano,2023-11-01,334.0
x_banano,2023-12-01,307.0
x_banano,2024-01-01,279.0
x_banano,2024-02-01,295.0
x_banano,2024-03-01,282.0
x_banano,2024-04-01,333.0
x_banano,2024-05-01,310.0
x_banano,2024-06-01,260.0
x_banano,2024-07-01,306.0
x_banano,2024-08-01,320.0
x_banano,2024-09-01,302.0
x_banano,2024-10-01,311.0
x_banano,2024-11-01,299.0
x_banano,2024-12-01,306.0
x_banano,2025-01-01,330.0
x_banano,2025-02-01,309.0
x_banano,2025-03-01,333.0
x_banano,2025-04-01,329.0
x_banano,2025-05-01,324.0
x_banano,2025-06-01,310.0
x_banano,2025-07-01,303.0
x_banano,2025-08-01,330.0
x_banano,2025-09-01,343.0
x_banano,2025-10-01,272.0
x_banano,2025-11-01,313.0
x_banano,2025-12-01,355.0
x_banano,2026-01-01,354.0
x_banano,2026-02-01,317.0
x_banano,2026-03-01,364.0
x_banano,2026-04-01,311.0
x_banano,2026-05-01,315.0
x_banano,2026-06-01,377.0
x_banano,2026-07-01,323.0
x_banano,2026-08-01,328.0
x_mineria,2018-01-01,24.0
x_mineria,2018-02-01,25.0
x_mineria,2018-03-01,25.0
x_mineria,2018-04-01,26.0
x_mineria,2018-05-01,23.0
x_mineria,2018-06-01,29.0
x_mineria,2018-07-01,26.0
x_mineria,2018-08-01,26.0
x_mineria,2018-09-01,26.0
x_mineria,2018-10-01,28.0
x_mineria,2018-11-01,29.0
x_mineria,2018-12-01,26.0
x_mineria,2019-01-01,40.0
x_mineria,2019-02-01,40.0
x_mineria,2019-03-01,39.0
x_mineria,2019-04-01,37.0
x_mineria,2019-05-01,32.0
x_mineria,2019-06-01,37.0
x_mineria,2019-07-01,35.0
x_mineria,2019-08-01,36.0
x_mineria,2019-09-01,31.0
x_mineria,2019-10-01,35.0
x_mineria,2019-11-01,36.0
x_mineria,2019-12-01,34.0
x_mineria,2020-01-01,80.0
x_mineria,2020-02-01,87.0
x_mineria,2020-03-01,80.0
x_mineria,2020-04-01,75.0
x_mineria,2020-05-01,91.0
x_mineria,2020-06-01,67.0
x_mineria,2020-07-01,73.0
x_mineria,2020-08-01,81.0
x_mineria,2020-09-01,75.0
x_mineria,2020-10-01,66.0
x_mineria,2020-11-01,80.0
x_mineria,2020-12-01,83.0
x_mineria,2021-01-01,165.0
x_mineria,2021-02-01,192.0
x_mineria,2021-03-01,180.0
x_mineria,2021-04-01,188.0
x_mineria,2021-05-01,156.0
x_mineria,2021-06-01,174.0
x_mineria,2021-07-01,193.0
x_mineria,2021-08-01,198.0
x_mineria,2021-09-01,190.0
x_mineria,2021-10-01,174.0
x_mineria,2021-11-01,176.0
x_mineria,2021-12-01,167.0
x_mineria,2022-01-01,248.0
x_mineria,2022-02-01,220.0
x_mineria,2022-03-01,233.0
x_mineria,2022-04-01,198.0
x_mineria,2022-05-01,207.0
x_mineria,2022-06-01,259.0
x_mineria,2022-07-01,232.0
x_mineria,2022-08-01,234.0
x_mineria,2022-09-01,196.0
x_mineria,2022-10-01,230.0
x_mineria,2022-11-01,263.0
x_mineria,2022-12-01,207.0
x_mineria,2023-01-01,215.0
x_mineria,2023-02-01,254.0
x_mineria,2023-03-01,247.0
x_mineria,2023-04-01,253.0
x_mineria,2023-05-01,235.0
x_mineria,2023-06-01,233.0
x_mineria,2023-07-01,235.0
x_mineria,2023-08-01,268.0
x_mineria,2023-09-01,256.0
x_mineria,2023-10-01,271.0
x_mineria,2023-11-01,238.0
x_mineria,2023-12-01,267.0
x_mineria,2024-01-01,267.0
x_mineria,2024-02-01,277.0
x_mineria,2024-03-01,293.0
x_mineria,2024-04-01,276.0
x_mineria,2024-05-01,268.0
x_mineria,2024-06-01,244.0
x_mineria,2024-07-01,276.0
x_mineria,2024-08-01,290.0
x_mineria,2024-09-01,263.0
x_mineria,2024-10-01,274.0
x_mineria,2024-11-01,242.0
x_mineria,2024-12-01,250.0
x_mineria,2025-01-01,385.0
x_mineria,2025-02-01,408.0
x_mineria,2025-03-01,367.0
x_mineria,2025-04-01,332.0
x_mineria,2025-05-01,365.0
x_mineria,2025-06-01,335.0
x_mineria,2025-07-01,368.0
x_mineria,2025-08-01,425.0
x_mineria,2025-09-01,383.0
x_mineria,2025-10-01,371.0
x_mineria,2025-11-01,402.0
x_mineria,2025-12-01,365.0
x_mineria,2026-01-01,426.0
x_mineria,2026-02-01,422.0
x_mineria,2026-03-01,429.0
x_mineria,2026-04-01,375.0
x_mineria,2026-05-01,437.0
x_mineria,2026-06-01,442.0
x_mineria,2026-07-01,351.0
x_mineria,2026-08-01,339.0
x_cacao,2018-01-01,63.0
x_cacao,2018-02-01,73.0
x_cacao,2018-03-01,67.0
x_cacao,2018-04-01,70.0
x_cacao,2018-05-01,69.0
x_cacao,2018-06-01,71.0
x_cacao,2018-07-01,64.0
x_cacao,2018-08-01,64.0
x_cacao,2018-09-01,68.0
x_cacao,2018-10-01,69.0
x_cacao,2018-11-01,69.0
x_cacao,2018-12-01,68.0
x_cacao,2019-01-01,61.0
x_cacao,2019-02-01,68.0
x_cacao,2019-03-01,65.0
x_cacao,2019-04-01,68.0
x_cacao,2019-05-01,52.0
x_cacao,2019-06-01,68.0
x_cacao,2019-07-01,53.0
x_cacao,2019-08-01,64.0
x_cacao,2019-09-01,60.0
x_cacao,2019-10-01,64.0
x_cacao,2019-11-01,61.0
x_cacao,2019-12-01,62.0
x_cacao,2020-01-01,78.0
x_cacao,2020-02-01,78.0
x_cacao,2020-03-01,72.0
x_cacao,2020-04-01,63.0
x_cacao,2020-05-01,73.0
x_cacao,2020-06-01,80.0
x_cacao,2020-07-01,72.0
x_cacao,2020-08-01,79.0
x_cacao,2020-09-01,75.0
x_cacao,2020-10-01,72.0
x_cacao,2020-11-01,83.0
x_cacao,2020-12-01,85.0
x_cacao,2021-01-01,79.0
x_cacao,2021-02-01,79.0
x_cacao,2021-03-01,84.0
x_cacao,2021-04-01,72.0
x_cacao,2021-05-01,74.0
x_cacao,2021-06-01,85.0
x_cacao,2021-07-01,84.0
x_cacao,2021-08-01,76.0
x_cacao,2021-09-01,75.0
x_cacao,2021-10-01,81.0
x_cacao,2021-11-01,71.0
x_cacao,2021-12-01,76.0
x_cacao,2022-01-01,76.0
x_cacao,2022-02-01,64.0
x_cacao,2022-03-01,81.0
x_cacao,2022-04-01,82.0
x_cacao,2022-05-01,83.0
x_cacao,2022-06-01,70.0
x_cacao,2022-07-01,71.0
x_cacao,2022-08-01,73.0
x_cacao,2022-09-01,70.0
x_cacao,2022-10-01,89.0
x_cacao,2022-11-01,72.0
x_cacao,2022-12-01,76.0
x_cacao,2023-01-01,105.0
x_cacao,2023-02-01,107.0
x_cacao,2023-03-01,114.0
x_cacao,2023-04-01,96.0
x_cacao,2023-05-01,110.0
x_cacao,2023-06-01,104.0
x_cacao,2023-07-01,95.0
x_cacao,2023-08-01,104.0
x_cacao,2023-09-01,93.0
x_cacao,2023-10-01,115.0
x_cacao,2023-11-01,98.0
x_cacao,2023-12-01,111.0
x_cacao,2024-01-01,327.0
x_cacao,2024-02-01,287.0
x_cacao,2024-03-01,281.0
x_cacao,2024-04-01,303.0
x_cacao,2024-05-01,278.0
x_cacao,2024-06-01,319.0
x_cacao,2024-07-01,304.0
x_cacao,2024-08-01,284.0
x_cacao,2024-09-01,286.0
x_cacao,2024-10-01,315.0
x_cacao,2024-11-01,270.0
x_cacao,2024-12-01,335.0
x_cacao,2025-01-01,315.0
x_cacao,2025-02-01,329.0
x_cacao,2025-03-01,312.0
x_cacao,2025-04-01,371.0
x_cacao,2025-05-01,352.0
x_cacao,2025-06-01,364.0
x_cacao,2025-07-01,348.0
x_cacao,2025-08-01,335.0
x_cacao,2025-09-01,373.0
x_cacao,2025-10-01,349.0
x_cacao,2025-11-01,343.0
x_cacao,2025-12-01,347.0
x_cacao,2026-01-01,228.0
x_cacao,2026-02-01,221.0
x_cacao,2026-03-01,214.0
x_cacao,2026-04-01,193.0
x_cacao,2026-05-01,248.0
x_cacao,2026-06-01,197.0
x_cacao,2026-07-01,184.0
x_cacao,2026-08-01,206.0
wti,2018-01-02,61.4
crudo_oriente,2018-01-02,57.88
wti,2018-01-03,60.88
crudo_oriente,2018-01-03,56.97
wti,2018-01-04,60.84
crudo_oriente,2018-01-04,56.03
wti,2018-01-05,60.58
crudo_oriente,2018-01-05,56.67
wti,2018-01-08,61.58
crudo_oriente,2018-01-08,57.04
wti,2018-01-09,59.87
crudo_oriente,2018-01-09,55.19
wti,2018-01-10,60.22
crudo_oriente,2018-01-10,56.19
wti,2018-01-11,60.41
crudo_oriente,2018-01-11,56.4
wti,2018-01-12,60.22
crudo_oriente,2018-01-12,55.59
wti,2018-01-15,60.76
crudo_oriente,2018-01-15,56.81
wti,2018-01-16,61.24
crudo_oriente,2018-01-16,57.63
wti,2018-01-17,60.35
crudo_oriente,2018-01-17,55.3
wti,2018-01-18,59.18
crudo_oriente,2018-01-18,55.91
wti,2018-01-19,58.77
crudo_oriente,2018-01-19,54.79
wti,2018-01-22,59.14
crudo_oriente,2018-01-22,55.28
wti,2018-01-23,61.73
crudo_oriente,2018-01-23,57.36
wti,2018-01-24,61.61
crudo_oriente,2018-01-24,57.21
wti,2018-01-25,61.82
crudo_oriente,2018-01-25,57.85
wti,2018-01-26,61.12
crudo_oriente,2018-01-26,57.46
wti,2018-01-29,62.17
crudo_oriente,2018-01-29,58.14
wti,2018-01-30,62.09
crudo_oriente,2018-01-30,57.78
wti,2018-01-31,60.89
crudo_oriente,2018-01-31,56.93
wti,2018-02-01,60.32
crudo_oriente,2018-02-01,55.89
wti,2018-02-02,61.24
crudo_oriente,2018-02-02,56.64
wti,2018-02-05,61.09
crudo_oriente,2018-02-05,57.18
wti,2018-02-06,62.62
crudo_oriente,2018-02-06,58.08
wti,2018-02-07,63.45
crudo_oriente,2018-02-07,58.92
wti,2018-02-08,63.67
crudo_oriente,2018-02-08,59.59
wti,2018-02-09,62.72
crudo_oriente,2018-02-09,58.84
wti,2018-02-12,64.21
crudo_oriente,2018-02-12,59.93
wti,2018-02-13,64.3
crudo_oriente,2018-02-13,59.51
wti,2018-02-14,65.56
crudo_oriente,2018-02-14,61.26
wti,2018-02-15,64.32
crudo_oriente,2018-02-15,60.29
wti,2018-02-16,63.08
crudo_oriente,2018-02-16,58.47
wti,2018-02-19,61.62
crudo_oriente,2018-02-19,57.81
wti,2018-02-20,63.45
crudo_oriente,2018-02-20,58.84
wti,2018-02-21,62.96
crudo_oriente,2018-02-21,58.35
wti,2018-02-22,62.59
crudo_oriente,2018-02-22,58.43
wti,2018-02-23,63.79
crudo_oriente,2018-02-23,59.0
wti,2018-02-26,64.23
crudo_oriente,2018-02-26,59.1
wti,2018-02-27,65.37
crudo_oriente,2018-02-27,60.92
wti,2018-02-28,64.67
crudo_oriente,2018-02-28,60.86
wti,2018-03-01,64.51
crudo_oriente,2018-03-01,60.63
wti,2018-03-02,65.3
crudo_oriente,2018-03-02,61.52
wti,2018-03-05,64.66
crudo_oriente,2018-03-05,60.23
wti,2018-03-06,64.9
crudo_oriente,2018-03-06,60.36
wti,2018-03-07,66.04
crudo_oriente,2018-03-07,61.28
wti,2018-03-08,66.66
crudo_oriente,2018-03-08,62.72
wti,2018-03-09,64.89
crudo_oriente,2018-03-09,60.01
wti,2018-03-12,64.26
crudo_oriente,2018-03-12,59.53
wti,2018-03-13,64.6
crudo_oriente,2018-03-13,60.01
wti,2018-03-14,64.67
crudo_oriente,2018-03-14,59.96
wti,2018-03-15,64.61
crudo_oriente,2018-03-15,60.27
wti,2018-03-16,65.21
crudo_oriente,2018-03-16,60.36
wti,2018-03-19,65.2
crudo_oriente,2018-03-19,60.34
wti,2018-03-20,65.05
crudo_oriente,2018-03-20,59.9
wti,2018-03-21,65.8
crudo_oriente,2018-03-21,61.49
wti,2018-03-22,65.64
crudo_oriente,2018-03-22,60.78
wti,2018-03-23,65.23
crudo_oriente,2018-03-23,60.38
wti,2018-03-26,64.15
crudo_oriente,2018-03-26,60.19
wti,2018-03-27,66.87
crudo_oriente,2018-03-27,61.76
wti,2018-03-28,65.8
crudo_oriente,2018-03-28,61.41
wti,2018-03-29,66.26
crudo_oriente,2018-03-29,60.99
wti,2018-03-30,64.68
crudo_oriente,2018-03-30,60.26
wti,2018-04-02,63.36
crudo_oriente,2018-04-02,59.27
wti,2018-04-03,63.23
crudo_oriente,2018-04-03,58.59
wti,2018-04-04,63.49
crudo_oriente,2018-04-04,58.59
wti,2018-04-05,63.63
crudo_oriente,2018-04-05,58.82
wti,2018-04-06,64.82
crudo_oriente,2018-04-06,60.09
wti,2018-04-09,65.04
crudo_oriente,2018-04-09,60.11
wti,2018-04-10,64.66
crudo_oriente,2018-04-10,59.64
wti,2018-04-11,64.83
crudo_oriente,2018-04-11,60.84
wti,2018-04-12,65.86
crudo_oriente,2018-04-12,61.22
wti,2018-04-13,67.25
crudo_oriente,2018-04-13,62.91
wti,2018-04-16,67.46
crudo_oriente,2018-04-16,62.63
wti,2018-04-17,66.5
crudo_oriente,2018-04-17,61.82
wti,2018-04-18,66.27
crudo_oriente,2018-04-18,60.85
wti,2018-04-19,65.3
crudo_oriente,2018-04-19,61.29
wti,2018-04-20,65.62
crudo_oriente,2018-04-20,61.03
wti,2018-04-23,66.02
crudo_oriente,2018-04-23,61.02
wti,2018-04-24,66.49
crudo_oriente,2018-04-24,62.1
wti,2018-04-25,66.31
crudo_oriente,2018-04-25,61.68
wti,2018-04-26,67.22
crudo_oriente,2018-04-26,62.19
wti,2018-04-27,67.36
crudo_oriente,2018-04-27,62.22
wti,2018-04-30,67.96
crudo_oriente,2018-04-30,62.94
wti,2018-05-01,68.85
crudo_oriente,2018-05-01,63.67
wti,2018-05-02,70.13
crudo_oriente,2018-05-02,65.12
wti,2018-05-03,69.17
crudo_oriente,2018-05-03,63.92
wti,2018-05-04,69.57
crudo_oriente,2018-05-04,64.33
wti,2018-05-07,71.02
crudo_oriente,2018-05-07,66.61
wti,2018-05-08,71.14
crudo_oriente,2018-05-08,65.65
wti,2018-05-09,70.8
crudo_oriente,2018-05-09,65.57
wti,2018-05-10,68.99
crudo_oriente,2018-05-10,64.22
wti,2018-05-11,70.75
crudo_oriente,2018-05-11,65.58
wti,2018-05-14,71.29
crudo_oriente,2018-05-14,66.83
wti,2018-05-15,70.17
crudo_oriente,2018-05-15,65.05
wti,2018-05-16,70.21
crudo_oriente,2018-05-16,65.41
wti,2018-05-17,69.07
crudo_oriente,2018-05-17,64.17
wti,2018-05-18,68.92
crudo_oriente,2018-05-18,64.3
wti,2018-05-21,67.69
crudo_oriente,2018-05-21,62.44
wti,2018-05-22,67.38
crudo_oriente,2018-05-22,62.23
wti,2018-05-23,68.11
crudo_oriente,2018-05-23,62.82
wti,2018-05-24,70.46
crudo_oriente,2018-05-24,65.13
wti,2018-05-25,71.01
crudo_oriente,2018-05-25,66.37
wti,2018-05-28,71.75
crudo_oriente,2018-05-28,66.59
wti,2018-05-29,70.77
crudo_oriente,2018-05-29,65.59
wti,2018-05-30,71.17
crudo_oriente,2018-05-30,66.13
wti,2018-05-31,71.48
crudo_oriente,2018-05-31,66.61
wti,2018-06-01,70.5
crudo_oriente,2018-06-01,65.02
wti,2018-06-04,71.73
crudo_oriente,2018-06-04,66.41
wti,2018-06-05,70.16
crudo_oriente,2018-06-05,65.77
wti,2018-06-06,69.41
crudo_oriente,2018-06-06,63.89
wti,2018-06-07,70.24
crudo_oriente,2018-06-07,64.64
wti,2018-06-08,69.46
crudo_oriente,2018-06-08,64.72
wti,2018-06-11,68.92
crudo_oriente,2018-06-11,64.75
wti,2018-06-12,69.1
crudo_oriente,2018-06-12,64.99
wti,2018-06-13,69.3
crudo_oriente,2018-06-13,64.13
wti,2018-06-14,68.84
crudo_oriente,2018-06-14,63.55
wti,2018-06-15,68.55
crudo_oriente,2018-06-15,63.34
wti,2018-06-18,69.47
crudo_oriente,2018-06-18,63.73
wti,2018-06-19,68.79
crudo_oriente,2018-06-19,62.72
wti,2018-06-20,70.21
crudo_oriente,2018-06-20,64.93
wti,2018-06-21,70.22
crudo_oriente,2018-06-21,64.95
wti,2018-06-22,71.1
crudo_oriente,2018-06-22,65.97
wti,2018-06-25,71.9
crudo_oriente,2018-06-25,66.55
wti,2018-06-26,71.68
crudo_oriente,2018-06-26,66.37
wti,2018-06-27,70.01
crudo_oriente,2018-06-27,65.15
wti,2018-06-28,68.78
crudo_oriente,2018-06-28,63.08
wti,2018-06-29,69.55
crudo_oriente,2018-06-29,64.26
wti,2018-07-02,70.49
crudo_oriente,2018-07-02,65.84
wti,2018-07-03,72.15
crudo_oriente,2018-07-03,67.36
wti,2018-07-04,71.86
crudo_oriente,2018-07-04,67.33
wti,2018-07-05,71.05
crudo_oriente,2018-07-05,65.66
wti,2018-07-06,71.93
crudo_oriente,2018-07-06,66.49
wti,2018-07-09,71.89
crudo_oriente,2018-07-09,66.37
wti,2018-07-10,73.04
crudo_oriente,2018-07-10,66.67
wti,2018-07-11,74.02
crudo_oriente,2018-07-11,69.05
wti,2018-07-12,73.72
crudo_oriente,2018-07-12,68.54
wti,2018-07-13,72.67
crudo_oriente,2018-07-13,67.7
wti,2018-07-16,75.42
crudo_oriente,2018-07-16,69.62
wti,2018-07-17,76.34
crudo_oriente,2018-07-17,70.88
wti,2018-07-18,75.59
crudo_oriente,2018-07-18,69.95
wti,2018-07-19,75.06
crudo_oriente,2018-07-19,69.11
wti,2018-07-20,73.56
crudo_oriente,2018-07-20,68.76
wti,2018-07-23,73.52
crudo_oriente,2018-07-23,68.26
wti,2018-07-24,73.68
crudo_oriente,2018-07-24,68.38
wti,2018-07-25,72.22
crudo_oriente,2018-07-25,66.35
wti,2018-07-26,72.8
crudo_oriente,2018-07-26,67.7
wti,2018-07-27,71.78
crudo_oriente,2018-07-27,66.04
wti,2018-07-30,71.07
crudo_oriente,2018-07-30,65.79
wti,2018-07-31,71.53
crudo_oriente,2018-07-31,66.0
wti,2018-08-01,71.11
crudo_oriente,2018-08-01,65.69
wti,2018-08-02,71.31
crudo_oriente,2018-08-02,65.46
wti,2018-08-03,71.76
crudo_oriente,2018-08-03,65.93
wti,2018-08-06,72.83
crudo_oriente,2018-08-06,67.49
wti,2018-08-07,72.27
crudo_oriente,2018-08-07,66.91
wti,2018-08-08,72.42
crudo_oriente,2018-08-08,66.54
wti,2018-08-09,71.72
crudo_oriente,2018-08-09,65.45
wti,2018-08-10,70.92
crudo_oriente,2018-08-10,65.44
wti,2018-08-13,72.32
crudo_oriente,2018-08-13,66.43
wti,2018-08-14,72.59
crudo_oriente,2018-08-14,67.08
wti,2018-08-15,73.38
crudo_oriente,2018-08-15,67.9
wti,2018-08-16,74.5
crudo_oriente,2018-08-16,69.15
wti,2018-08-17,73.75
crudo_oriente,2018-08-17,68.24
wti,2018-08-20,71.83
crudo_oriente,2018-08-20,66.07
wti,2018-08-21,72.06
crudo_oriente,2018-08-21,66.6
wti,2018-08-22,72.0
crudo_oriente,2018-08-22,66.63
wti,2018-08-23,73.37
crudo_oriente,2018-08-23,67.32
wti,2018-08-24,72.97
crudo_oriente,2018-08-24,67.36
wti,2018-08-27,73.65
crudo_oriente,2018-08-27,67.96
wti,2018-08-28,74.46
crudo_oriente,2018-08-28,68.24
wti,2018-08-29,75.16
crudo_oriente,2018-08-29,69.87
wti,2018-08-30,76.11
crudo_oriente,2018-08-30,70.51
wti,2018-08-31,75.74
crudo_oriente,2018-08-31,70.13
wti,2018-09-03,75.68
crudo_oriente,2018-09-03,69.25
wti,2018-09-04,75.05
crudo_oriente,2018-09-04,69.23
wti,2018-09-05,74.57
crudo_oriente,2018-09-05,68.39
wti,2018-09-06,74.4
crudo_oriente,2018-09-06,68.44
wti,2018-09-07,74.52
crudo_oriente,2018-09-07,68.68
wti,2018-09-10,74.85
crudo_oriente,2018-09-10,69.4
wti,2018-09-11,75.01
crudo_oriente,2018-09-11,69.32
wti,2018-09-12,73.95
crudo_oriente,2018-09-12,66.91
wti,2018-09-13,73.73
crudo_oriente,2018-09-13,68.14
wti,2018-09-14,73.6
crudo_oriente,2018-09-14,67.48
wti,2018-09-17,72.81
crudo_oriente,2018-09-17,67.27
wti,2018-09-18,72.63
crudo_oriente,2018-09-18,66.82
wti,2018-09-19,73.93
crudo_oriente,2018-09-19,68.23
wti,2018-09-20,76.13
crudo_oriente,2018-09-20,70.16
wti,2018-09-21,76.98
crudo_oriente,2018-09-21,71.33
wti,2018-09-24,76.38
crudo_oriente,2018-09-24,70.46
wti,2018-09-25,75.84
crudo_oriente,2018-09-25,69.47
wti,2018-09-26,76.14
crudo_oriente,2018-09-26,69.87
wti,2018-09-27,77.69
crudo_oriente,2018-09-27,71.43
wti,2018-09-28,77.04
crudo_oriente,2018-09-28,71.1
wti,2018-10-01,76.61
crudo_oriente,2018-10-01,70.63
wti,2018-10-02,76.04
crudo_oriente,2018-10-02,69.46
wti,2018-10-03,73.91
crudo_oriente,2018-10-03,67.39
wti,2018-10-04,75.09
crudo_oriente,2018-10-04,69.25
wti,2018-10-05,74.87
crudo_oriente,2018-10-05,68.66
wti,2018-10-08,73.58
crudo_oriente,2018-10-08,67.65
wti,2018-10-09,72.01
crudo_oriente,2018-10-09,65.63
wti,2018-10-10,71.0
crudo_oriente,2018-10-10,65.45
wti,2018-10-11,69.94
crudo_oriente,2018-10-11,64.34
wti,2018-10-12,69.44
crudo_oriente,2018-10-12,64.45
wti,2018-10-15,68.5
crudo_oriente,2018-10-15,62.41
wti,2018-10-16,69.49
crudo_oriente,2018-10-16,63.73
wti,2018-10-17,70.01
crudo_oriente,2018-10-17,63.47
wti,2018-10-18,70.6
crudo_oriente,2018-10-18,65.15
wti,2018-10-19,70.04
crudo_oriente,2018-10-19,63.72
wti,2018-10-22,67.88
crudo_oriente,2018-10-22,62.14
wti,2018-10-23,67.77
crudo_oriente,2018-10-23,61.62
wti,2018-10-24,66.39
crudo_oriente,2018-10-24,60.88
wti,2018-10-25,66.81
crudo_oriente,2018-10-25,60.63
wti,2018-10-26,67.63
crudo_oriente,2018-10-26,61.07
wti,2018-10-29,67.03
crudo_oriente,2018-10-29,60.43
wti,2018-10-30,67.6
crudo_oriente,2018-10-30,61.28
wti,2018-10-31,67.92
crudo_oriente,2018-10-31,61.54
wti,2018-11-01,67.5
crudo_oriente,2018-11-01,61.73
wti,2018-11-02,66.04
crudo_oriente,2018-11-02,59.84
wti,2018-11-05,63.93
crudo_oriente,2018-11-05,58.02
wti,2018-11-06,62.94
crudo_oriente,2018-11-06,56.53
wti,2018-11-07,62.32
crudo_oriente,2018-11-07,56.52
wti,2018-11-08,61.11
crudo_oriente,2018-11-08,54.82
wti,2018-11-09,60.51
crudo_oriente,2018-11-09,54.01
wti,2018-11-12,58.81
crudo_oriente,2018-11-12,52.45
wti,2018-11-13,58.66
crudo_oriente,2018-11-13,51.74
wti,2018-11-14,58.51
crudo_oriente,2018-11-14,51.72
wti,2018-11-15,58.18
crudo_oriente,2018-11-15,52.77
wti,2018-11-16,57.17
crudo_oriente,2018-11-16,50.81
wti,2018-11-19,55.92
crudo_oriente,2018-11-19,49.96
wti,2018-11-20,55.33
crudo_oriente,2018-11-20,48.25
wti,2018-11-21,54.01
crudo_oriente,2018-11-21,47.71
wti,2018-11-22,54.01
crudo_oriente,2018-11-22,48.06
wti,2018-11-23,53.46
crudo_oriente,2018-11-23,47.34
wti,2018-11-26,51.82
crudo_oriente,2018-11-26,45.94
wti,2018-11-27,51.63
crudo_oriente,2018-11-27,44.95
wti,2018-11-28,51.57
crudo_oriente,2018-11-28,45.85
wti,2018-11-29,50.85
crudo_oriente,2018-11-29,43.93
wti,2018-11-30,50.07
crudo_oriente,2018-11-30,43.17
wti,2018-12-03,49.14
crudo_oriente,2018-12-03,42.82
wti,2018-12-04,48.88
crudo_oriente,2018-12-04,42.5
wti,2018-12-05,49.4
crudo_oriente,2018-12-05,42.82
wti,2018-12-06,48.4
crudo_oriente,2018-12-06,41.01
wti,2018-12-07,48.33
crudo_oriente,2018-12-07,41.58
wti,2018-12-10,47.17
crudo_oriente,2018-12-10,40.82
wti,2018-12-11,47.18
crudo_oriente,2018-12-11,40.04
wti,2018-12-12,46.35
crudo_oriente,2018-12-12,39.86
wti,2018-12-13,46.03
crudo_oriente,2018-12-13,39.96
wti,2018-12-14,45.5
crudo_oriente,2018-12-14,38.14
wti,2018-12-17,45.11
crudo_oriente,2018-12-17,37.9
wti,2018-12-18,44.26
crudo_oriente,2018-12-18,37.85
wti,2018-12-19,43.43
crudo_oriente,2018-12-19,37.85
wti,2018-12-20,43.32
crudo_oriente,2018-12-20,36.95
wti,2018-12-21,42.83
crudo_oriente,2018-12-21,37.13
wti,2018-12-24,42.06
crudo_oriente,2018-12-24,35.17
wti,2018-12-25,42.99
crudo_oriente,2018-12-25,35.69
wti,2018-12-26,42.89
crudo_oriente,2018-12-26,36.39
wti,2018-12-27,43.2
crudo_oriente,2018-12-27,36.19
wti,2018-12-28,44.26
crudo_oriente,2018-12-28,38.21
wti,2018-12-31,44.29
crudo_oriente,2018-12-31,37.78
wti,2019-01-01,44.15
crudo_oriente,2019-01-01,37.31
wti,2019-01-02,44.91
crudo_oriente,2019-01-02,38.28
wti,2019-01-03,45.02
crudo_oriente,2019-01-03,38.38
wti,2019-01-04,44.57
crudo_oriente,2019-01-04,38.37
wti,2019-01-07,44.79
crudo_oriente,2019-01-07,38.6
wti,2019-01-08,44.82
crudo_oriente,2019-01-08,37.92
wti,2019-01-09,45.92
crudo_oriente,2019-01-09,39.27
wti,2019-01-10,45.78
crudo_oriente,2019-01-10,38.83
wti,2019-01-11,46.35
crudo_oriente,2019-01-11,40.36
wti,2019-01-14,47.28
crudo_oriente,2019-01-14,40.36
wti,2019-01-15,46.81
crudo_oriente,2019-01-15,39.77
wti,2019-01-16,46.98
crudo_oriente,2019-01-16,40.3
wti,2019-01-17,46.84
crudo_oriente,2019-01-17,40.57
wti,2019-01-18,46.57
crudo_oriente,2019-01-18,39.49
wti,2019-01-21,47.53
crudo_oriente,2019-01-21,40.91
wti,2019-01-22,47.58
crudo_oriente,2019-01-22,41.14
wti,2019-01-23,47.06
crudo_oriente,2019-01-23,40.89
wti,2019-01-24,48.68
crudo_oriente,2019-01-24,42.62
wti,2019-01-25,48.96
crudo_oriente,2019-01-25,42.91
wti,2019-01-28,49.58
crudo_oriente,2019-01-28,43.25
wti,2019-01-29,49.67
crudo_oriente,2019-01-29,42.87
wti,2019-01-30,50.2
crudo_oriente,2019-01-30,42.62
wti,2019-01-31,50.25
crudo_oriente,2019-01-31,44.05
wti,2019-02-01,48.71
crudo_oriente,2019-02-01,41.97
wti,2019-02-04,49.99
crudo_oriente,2019-02-04,43.21
wti,2019-02-05,50.4
crudo_oriente,2019-02-05,44.03
wti,2019-02-06,50.88
crudo_oriente,2019-02-06,43.19
wti,2019-02-07,50.55
crudo_oriente,2019-02-07,43.49
wti,2019-02-08,50.93
crudo_oriente,2019-02-08,43.81
wti,2019-02-11,51.52
crudo_oriente,2019-02-11,45.22
wti,2019-02-12,50.0
crudo_oriente,2019-02-12,43.49
wti,2019-02-13,51.01
crudo_oriente,2019-02-13,44.27
wti,2019-02-14,51.38
crudo_oriente,2019-02-14,44.41
wti,2019-02-15,51.95
crudo_oriente,2019-02-15,45.05
wti,2019-02-18,52.18
crudo_oriente,2019-02-18,45.47
wti,2019-02-19,52.0
crudo_oriente,2019-02-19,44.96
wti,2019-02-20,52.15
crudo_oriente,2019-02-20,44.66
wti,2019-02-21,52.91
crudo_oriente,2019-02-21,45.84
wti,2019-02-22,52.5
crudo_oriente,2019-02-22,45.42
wti,2019-02-25,52.38
crudo_oriente,2019-02-25,45.88
wti,2019-02-26,53.15
crudo_oriente,2019-02-26,46.87
wti,2019-02-27,53.18
crudo_oriente,2019-02-27,46.38
wti,2019-02-28,52.97
crudo_oriente,2019-02-28,45.54
wti,2019-03-01,53.36
crudo_oriente,2019-03-01,46.43
wti,2019-03-04,54.76
crudo_oriente,2019-03-04,47.53
wti,2019-03-05,55.84
crudo_oriente,2019-03-05,49.1
wti,2019-03-06,55.52
crudo_oriente,2019-03-06,48.32
wti,2019-03-07,55.23
crudo_oriente,2019-03-07,48.77
wti,2019-03-08,55.22
crudo_oriente,2019-03-08,48.43
wti,2019-03-11,56.59
crudo_oriente,2019-03-11,49.32
wti,2019-03-12,56.56
crudo_oriente,2019-03-12,49.52
wti,2019-03-13,56.36
crudo_oriente,2019-03-13,48.67
wti,2019-03-14,56.07
crudo_oriente,2019-03-14,49.01
wti,2019-03-15,56.61
crudo_oriente,2019-03-15,50.11
wti,2019-03-18,56.12
crudo_oriente,2019-03-18,49.09
wti,2019-03-19,55.82
crudo_oriente,2019-03-19,49.05
wti,2019-03-20,56.81
crudo_oriente,2019-03-20,49.62
wti,2019-03-21,58.27
crudo_oriente,2019-03-21,50.88
wti,2019-03-22,58.23
crudo_oriente,2019-03-22,50.56
wti,2019-03-25,58.49
crudo_oriente,2019-03-25,51.26
wti,2019-03-26,59.34
crudo_oriente,2019-03-26,52.57
wti,2019-03-27,59.47
crudo_oriente,2019-03-27,51.89
wti,2019-03-28,59.55
crudo_oriente,2019-03-28,52.08
wti,2019-03-29,59.55
crudo_oriente,2019-03-29,52.09
wti,2019-04-01,59.65
crudo_oriente,2019-04-01,52.31
wti,2019-04-02,59.68
crudo_oriente,2019-04-02,52.28
wti,2019-04-03,59.11
crudo_oriente,2019-04-03,51.82
wti,2019-04-04,60.0
crudo_oriente,2019-04-04,52.91
wti,2019-04-05,60.02
crudo_oriente,2019-04-05,52.21
wti,2019-04-08,59.89
crudo_oriente,2019-04-08,52.04
wti,2019-04-09,59.92
crudo_oriente,2019-04-09,52.42
wti,2019-04-10,59.17
crudo_oriente,2019-04-10,52.05
wti,2019-04-11,58.69
crudo_oriente,2019-04-11,51.02
wti,2019-04-12,58.84
crudo_oriente,2019-04-12,51.76
wti,2019-04-15,61.19
crudo_oriente,2019-04-15,53.62
wti,2019-04-16,61.49
crudo_oriente,2019-04-16,53.9
wti,2019-04-17,61.83
crudo_oriente,2019-04-17,54.32
wti,2019-04-18,64.17
crudo_oriente,2019-04-18,56.29
wti,2019-04-19,64.36
crudo_oriente,2019-04-19,56.59
wti,2019-04-22,65.29
crudo_oriente,2019-04-22,57.61
wti,2019-04-23,65.99
crudo_oriente,2019-04-23,58.07
wti,2019-04-24,67.64
crudo_oriente,2019-04-24,60.23
wti,2019-04-25,66.05
crudo_oriente,2019-04-25,58.83
wti,2019-04-26,65.66
crudo_oriente,2019-04-26,57.69
wti,2019-04-29,65.97
crudo_oriente,2019-04-29,58.24
wti,2019-04-30,66.52
crudo_oriente,2019-04-30,58.77
wti,2019-05-01,67.15
crudo_oriente,2019-05-01,59.67
wti,2019-05-02,67.29
crudo_oriente,2019-05-02,59.8
wti,2019-05-03,66.83
crudo_oriente,2019-05-03,59.13
wti,2019-05-06,67.02
crudo_oriente,2019-05-06,59.72
wti,2019-05-07,66.55
crudo_oriente,2019-05-07,59.85
wti,2019-05-08,67.79
crudo_oriente,2019-05-08,59.75
wti,2019-05-09,68.44
crudo_oriente,2019-05-09,60.81
wti,2019-05-10,68.33
crudo_oriente,2019-05-10,60.4
wti,2019-05-13,69.34
crudo_oriente,2019-05-13,61.38
wti,2019-05-14,68.87
crudo_oriente,2019-05-14,60.94
wti,2019-05-15,70.1
crudo_oriente,2019-05-15,62.95
wti,2019-05-16,68.53
crudo_oriente,2019-05-16,60.7
wti,2019-05-17,68.5
crudo_oriente,2019-05-17,60.67
wti,2019-05-20,67.85
crudo_oriente,2019-05-20,59.74
wti,2019-05-21,67.79
crudo_oriente,2019-05-21,59.67
wti,2019-05-22,68.2
crudo_oriente,2019-05-22,61.45
wti,2019-05-23,67.64
crudo_oriente,2019-05-23,60.58
wti,2019-05-24,67.69
crudo_oriente,2019-05-24,59.71
wti,2019-05-27,67.12
crudo_oriente,2019-05-27,59.01
wti,2019-05-28,67.01
crudo_oriente,2019-05-28,59.54
wti,2019-05-29,67.56
crudo_oriente,2019-05-29,59.7
wti,2019-05-30,66.36
crudo_oriente,2019-05-30,58.57
wti,2019-05-31,67.55
crudo_oriente,2019-05-31,59.9
wti,2019-06-03,67.21
crudo_oriente,2019-06-03,58.61
wti,2019-06-04,66.64
crudo_oriente,2019-06-04,59.06
wti,2019-06-05,65.73
crudo_oriente,2019-06-05,58.46
wti,2019-06-06,65.21
crudo_oriente,2019-06-06,57.07
wti,2019-06-07,64.74
crudo_oriente,2019-06-07,56.89
wti,2019-06-10,65.49
crudo_oriente,2019-06-10,57.43
wti,2019-06-11,64.06
crudo_oriente,2019-06-11,56.18
wti,2019-06-12,64.53
crudo_oriente,2019-06-12,57.29
wti,2019-06-13,63.71
crudo_oriente,2019-06-13,56.43
wti,2019-06-14,64.33
crudo_oriente,2019-06-14,56.64
wti,2019-06-17,63.75
crudo_oriente,2019-06-17,55.52
wti,2019-06-18,63.13
crudo_oriente,2019-06-18,55.6
wti,2019-06-19,63.45
crudo_oriente,2019-06-19,55.97
wti,2019-06-20,64.95
crudo_oriente,2019-06-20,57.05
wti,2019-06-21,64.89
crudo_oriente,2019-06-21,57.72
wti,2019-06-24,63.83
crudo_oriente,2019-06-24,55.72
wti,2019-06-25,63.62
crudo_oriente,2019-06-25,55.53
wti,2019-06-26,63.82
crudo_oriente,2019-06-26,55.54
wti,2019-06-27,64.78
crudo_oriente,2019-06-27,56.28
wti,2019-06-28,64.13
crudo_oriente,2019-06-28,55.5
wti,2019-07-01,63.08
crudo_oriente,2019-07-01,55.32
wti,2019-07-02,63.68
crudo_oriente,2019-07-02,55.61
wti,2019-07-03,64.39
crudo_oriente,2019-07-03,56.63
wti,2019-07-04,63.96
crudo_oriente,2019-07-04,55.93
wti,2019-07-05,64.28
crudo_oriente,2019-07-05,57.05
wti,2019-07-08,63.91
crudo_oriente,2019-07-08,56.02
wti,2019-07-09,64.36
crudo_oriente,2019-07-09,56.79
wti,2019-07-10,64.68
crudo_oriente,2019-07-10,57.04
wti,2019-07-11,63.83
crudo_oriente,2019-07-11,55.66
wti,2019-07-12,62.43
crudo_oriente,2019-07-12,54.34
wti,2019-07-15,64.31
crudo_oriente,2019-07-15,56.31
wti,2019-07-16,64.36
crudo_oriente,2019-07-16,56.37
wti,2019-07-17,64.45
crudo_oriente,2019-07-17,55.83
wti,2019-07-18,63.89
crudo_oriente,2019-07-18,55.71
wti,2019-07-19,64.04
crudo_oriente,2019-07-19,55.58
wti,2019-07-22,63.92
crudo_oriente,2019-07-22,55.5
wti,2019-07-23,62.95
crudo_oriente,2019-07-23,54.54
wti,2019-07-24,62.45
crudo_oriente,2019-07-24,54.63
wti,2019-07-25,63.6
crudo_oriente,2019-07-25,55.67
wti,2019-07-26,63.48
crudo_oriente,2019-07-26,55.09
wti,2019-07-29,62.32
crudo_oriente,2019-07-29,53.92
wti,2019-07-30,63.64
crudo_oriente,2019-07-30,55.89
wti,2019-07-31,63.83
crudo_oriente,2019-07-31,55.53
wti,2019-08-01,63.83
crudo_oriente,2019-08-01,55.78
wti,2019-08-02,63.83
crudo_oriente,2019-08-02,55.77
wti,2019-08-05,63.21
crudo_oriente,2019-08-05,54.98
wti,2019-08-06,63.0
crudo_oriente,2019-08-06,55.17
wti,2019-08-07,62.15
crudo_oriente,2019-08-07,54.4
wti,2019-08-08,62.24
crudo_oriente,2019-08-08,53.78
wti,2019-08-09,62.4
crudo_oriente,2019-08-09,54.18
wti,2019-08-12,62.32
crudo_oriente,2019-08-12,54.19
wti,2019-08-13,62.02
crudo_oriente,2019-08-13,53.06
wti,2019-08-14,62.69
crudo_oriente,2019-08-14,54.37
wti,2019-08-15,64.02
crudo_oriente,2019-08-15,55.85
wti,2019-08-16,62.48
crudo_oriente,2019-08-16,54.64
wti,2019-08-19,62.04
crudo_oriente,2019-08-19,53.91
wti,2019-08-20,63.83
crudo_oriente,2019-08-20,55.9
wti,2019-08-21,62.97
crudo_oriente,2019-08-21,54.58
wti,2019-08-22,61.83
crudo_oriente,2019-08-22,53.73
wti,2019-08-23,62.4
crudo_oriente,2019-08-23,53.63
wti,2019-08-26,62.79
crudo_oriente,2019-08-26,54.76
wti,2019-08-27,63.45
crudo_oriente,2019-08-27,54.78
wti,2019-08-28,62.92
crudo_oriente,2019-08-28,54.07
wti,2019-08-29,62.0
crudo_oriente,2019-08-29,53.71
wti,2019-08-30,62.16
crudo_oriente,2019-08-30,54.24
wti,2019-09-02,62.43
crudo_oriente,2019-09-02,53.85
wti,2019-09-03,61.46
crudo_oriente,2019-09-03,53.61
wti,2019-09-04,61.75
crudo_oriente,2019-09-04,53.27
wti,2019-09-05,61.16
crudo_oriente,2019-09-05,52.28
wti,2019-09-06,61.81
crudo_oriente,2019-09-06,52.96
wti,2019-09-09,62.33
crudo_oriente,2019-09-09,54.07
wti,2019-09-10,62.12
crudo_oriente,2019-09-10,52.98
wti,2019-09-11,62.51
crudo_oriente,2019-09-11,54.55
wti,2019-09-12,61.96
crudo_oriente,2019-09-12,52.94
wti,2019-09-13,62.86
crudo_oriente,2019-09-13,54.39
wti,2019-09-16,62.37
crudo_oriente,2019-09-16,54.3
wti,2019-09-17,62.22
crudo_oriente,2019-09-17,53.84
wti,2019-09-18,61.99
crudo_oriente,2019-09-18,53.14
wti,2019-09-19,62.24
crudo_oriente,2019-09-19,53.33
wti,2019-09-20,61.01
crudo_oriente,2019-09-20,52.22
wti,2019-09-23,62.05
crudo_oriente,2019-09-23,53.87
wti,2019-09-24,63.73
crudo_oriente,2019-09-24,55.51
wti,2019-09-25,64.85
crudo_oriente,2019-09-25,56.34
wti,2019-09-26,64.31
crudo_oriente,2019-09-26,55.87
wti,2019-09-27,63.43
crudo_oriente,2019-09-27,55.09
wti,2019-09-30,62.98
crudo_oriente,2019-09-30,54.43
wti,2019-10-01,62.32
crudo_oriente,2019-10-01,53.61
wti,2019-10-02,63.07
crudo_oriente,2019-10-02,54.32
wti,2019-10-03,62.53
crudo_oriente,2019-10-03,53.96
wti,2019-10-04,63.18
crudo_oriente,2019-10-04,54.43
wti,2019-10-07,62.22
crudo_oriente,2019-10-07,52.91
wti,2019-10-08,61.27
crudo_oriente,2019-10-08,52.97
wti,2019-10-09,61.32
crudo_oriente,2019-10-09,52.79
wti,2019-10-10,62.22
crudo_oriente,2019-10-10,53.6
wti,2019-10-11,62.59
crudo_oriente,2019-10-11,53.67
wti,2019-10-14,61.36
crudo_oriente,2019-10-14,52.85
wti,2019-10-15,61.39
crudo_oriente,2019-10-15,52.85
wti,2019-10-16,60.72
crudo_oriente,2019-10-16,51.89
wti,2019-10-17,62.34
crudo_oriente,2019-10-17,53.23
wti,2019-10-18,62.4
crudo_oriente,2019-10-18,54.13
wti,2019-10-21,62.18
crudo_oriente,2019-10-21,53.42
wti,2019-10-22,60.64
crudo_oriente,2019-10-22,52.13
wti,2019-10-23,60.48
crudo_oriente,2019-10-23,52.16
wti,2019-10-24,60.58
crudo_oriente,2019-10-24,51.61
wti,2019-10-25,61.05
crudo_oriente,2019-10-25,52.13
wti,2019-10-28,60.75
crudo_oriente,2019-10-28,52.49
wti,2019-10-29,61.59
crudo_oriente,2019-10-29,52.77
wti,2019-10-30,62.22
crudo_oriente,2019-10-30,53.67
wti,2019-10-31,62.63
crudo_oriente,2019-10-31,53.77
wti,2019-11-01,62.62
crudo_oriente,2019-11-01,53.9
wti,2019-11-04,62.94
crudo_oriente,2019-11-04,54.17
wti,2019-11-05,62.43
crudo_oriente,2019-11-05,53.49
wti,2019-11-06,62.72
crudo_oriente,2019-11-06,53.41
wti,2019-11-07,62.63
crudo_oriente,2019-11-07,53.99
wti,2019-11-08,62.67
crudo_oriente,2019-11-08,53.63
wti,2019-11-11,62.54
crudo_oriente,2019-11-11,53.39
wti,2019-11-12,63.19
crudo_oriente,2019-11-12,54.08
wti,2019-11-13,61.82
crudo_oriente,2019-11-13,52.39
wti,2019-11-14,62.03
crudo_oriente,2019-11-14,53.13
wti,2019-11-15,61.66
crudo_oriente,2019-11-15,52.17
wti,2019-11-18,61.52
crudo_oriente,2019-11-18,52.19
wti,2019-11-19,61.06
crudo_oriente,2019-11-19,52.04
wti,2019-11-20,60.57
crudo_oriente,2019-11-20,51.67
wti,2019-11-21,60.15
crudo_oriente,2019-11-21,50.94
wti,2019-11-22,60.13
crudo_oriente,2019-11-22,51.65
wti,2019-11-25,61.36
crudo_oriente,2019-11-25,52.66
wti,2019-11-26,60.85
crudo_oriente,2019-11-26,51.78
wti,2019-11-27,61.57
crudo_oriente,2019-11-27,52.81
wti,2019-11-28,60.39
crudo_oriente,2019-11-28,51.29
wti,2019-11-29,59.98
crudo_oriente,2019-11-29,51.18
wti,2019-12-02,60.53
crudo_oriente,2019-12-02,51.22
wti,2019-12-03,62.16
crudo_oriente,2019-12-03,52.94
wti,2019-12-04,63.89
crudo_oriente,2019-12-04,54.7
wti,2019-12-05,63.57
crudo_oriente,2019-12-05,55.16
wti,2019-12-06,62.95
crudo_oriente,2019-12-06,53.63
wti,2019-12-09,63.84
crudo_oriente,2019-12-09,54.66
wti,2019-12-10,63.93
crudo_oriente,2019-12-10,54.28
wti,2019-12-11,65.01
crudo_oriente,2019-12-11,56.21
wti,2019-12-12,64.89
crudo_oriente,2019-12-12,55.97
wti,2019-12-13,64.13
crudo_oriente,2019-12-13,54.76
wti,2019-12-16,62.62
crudo_oriente,2019-12-16,53.55
wti,2019-12-17,63.38
crudo_oriente,2019-12-17,54.49
wti,2019-12-18,63.83
crudo_oriente,2019-12-18,54.87
wti,2019-12-19,62.86
crudo_oriente,2019-12-19,53.13
wti,2019-12-20,63.15
crudo_oriente,2019-12-20,53.98
wti,2019-12-23,63.63
crudo_oriente,2019-12-23,54.26
wti,2019-12-24,62.7
crudo_oriente,2019-12-24,53.6
wti,2019-12-25,62.12
crudo_oriente,2019-12-25,52.21
wti,2019-12-26,61.56
crudo_oriente,2019-12-26,51.94
wti,2019-12-27,60.69
crudo_oriente,2019-12-27,51.19
wti,2019-12-30,61.35
crudo_oriente,2019-12-30,52.93
wti,2019-12-31,62.55
crudo_oriente,2019-12-31,53.07
wti,2020-01-01,63.59
crudo_oriente,2020-01-01,54.23
wti,2020-01-02,64.0
crudo_oriente,2020-01-02,54.41
wti,2020-01-03,64.05
crudo_oriente,2020-01-03,54.07
wti,2020-01-06,66.26
crudo_oriente,2020-01-06,56.6
wti,2020-01-07,65.84
crudo_oriente,2020-01-07,56.25
wti,2020-01-08,65.18
crudo_oriente,2020-01-08,55.35
wti,2020-01-09,64.04
crudo_oriente,2020-01-09,55.0
wti,2020-01-10,63.7
crudo_oriente,2020-01-10,53.56
wti,2020-01-13,62.46
crudo_oriente,2020-01-13,52.55
wti,2020-01-14,61.83
crudo_oriente,2020-01-14,52.61
wti,2020-01-15,60.55
crudo_oriente,2020-01-15,51.0
wti,2020-01-16,59.64
crudo_oriente,2020-01-16,50.36
wti,2020-01-17,59.59
crudo_oriente,2020-01-17,50.66
wti,2020-01-20,58.02
crudo_oriente,2020-01-20,49.32
wti,2020-01-21,56.65
crudo_oriente,2020-01-21,47.86
wti,2020-01-22,55.84
crudo_oriente,2020-01-22,46.65
wti,2020-01-23,55.15
crudo_oriente,2020-01-23,45.69
wti,2020-01-24,53.98
crudo_oriente,2020-01-24,44.63
wti,2020-01-27,53.71
crudo_oriente,2020-01-27,44.25
wti,2020-01-28,53.05
crudo_oriente,2020-01-28,43.52
wti,2020-01-29,52.85
crudo_oriente,2020-01-29,43.24
wti,2020-01-30,52.18
crudo_oriente,2020-01-30,42.72
wti,2020-01-31,52.32
crudo_oriente,2020-01-31,43.14
wti,2020-02-03,49.93
crudo_oriente,2020-02-03,40.12
wti,2020-02-04,49.32
crudo_oriente,2020-02-04,40.06
wti,2020-02-05,49.26
crudo_oriente,2020-02-05,39.6
wti,2020-02-06,49.82
crudo_oriente,2020-02-06,40.17
wti,2020-02-07,49.85
crudo_oriente,2020-02-07,40.8
wti,2020-02-10,48.84
crudo_oriente,2020-02-10,39.3
wti,2020-02-11,48.26
crudo_oriente,2020-02-11,38.05
wti,2020-02-12,46.38
crudo_oriente,2020-02-12,36.51
wti,2020-02-13,46.02
crudo_oriente,2020-02-13,36.79
wti,2020-02-14,45.21
crudo_oriente,2020-02-14,35.96
wti,2020-02-17,43.73
crudo_oriente,2020-02-17,34.64
wti,2020-02-18,42.2
crudo_oriente,2020-02-18,32.21
wti,2020-02-19,41.13
crudo_oriente,2020-02-19,31.04
wti,2020-02-20,41.37
crudo_oriente,2020-02-20,31.33
wti,2020-02-21,40.34
crudo_oriente,2020-02-21,30.49
wti,2020-02-24,39.15
crudo_oriente,2020-02-24,29.25
wti,2020-02-25,38.87
crudo_oriente,2020-02-25,29.35
wti,2020-02-26,37.95
crudo_oriente,2020-02-26,27.31
wti,2020-02-27,36.96
crudo_oriente,2020-02-27,26.74
wti,2020-02-28,37.13
crudo_oriente,2020-02-28,27.1
wti,2020-03-02,35.04
crudo_oriente,2020-03-02,25.4
wti,2020-03-03,34.51
crudo_oriente,2020-03-03,24.37
wti,2020-03-04,34.4
crudo_oriente,2020-03-04,24.96
wti,2020-03-05,33.92
crudo_oriente,2020-03-05,23.84
wti,2020-03-06,32.99
crudo_oriente,2020-03-06,22.41
wti,2020-03-09,31.57
crudo_oriente,2020-03-09,21.89
wti,2020-03-10,30.68
crudo_oriente,2020-03-10,20.85
wti,2020-03-11,31.35
crudo_oriente,2020-03-11,21.08
wti,2020-03-12,30.09
crudo_oriente,2020-03-12,20.47
wti,2020-03-13,29.38
crudo_oriente,2020-03-13,19.34
wti,2020-03-16,28.03
crudo_oriente,2020-03-16,18.1
wti,2020-03-17,27.79
crudo_oriente,2020-03-17,18.1
wti,2020-03-18,27.58
crudo_oriente,2020-03-18,17.73
wti,2020-03-19,26.28
crudo_oriente,2020-03-19,16.89
wti,2020-03-20,25.24
crudo_oriente,2020-03-20,15.73
wti,2020-03-23,23.84
crudo_oriente,2020-03-23,13.38
wti,2020-03-24,23.38
crudo_oriente,2020-03-24,13.78
wti,2020-03-25,22.62
crudo_oriente,2020-03-25,12.69
wti,2020-03-26,21.97
crudo_oriente,2020-03-26,11.64
wti,2020-03-27,21.37
crudo_oriente,2020-03-27,11.9
wti,2020-03-30,20.12
crudo_oriente,2020-03-30,10.13
wti,2020-03-31,19.64
crudo_oriente,2020-03-31,9.71
wti,2020-04-01,19.63
crudo_oriente,2020-04-01,9.71
wti,2020-04-02,19.15
crudo_oriente,2020-04-02,9.52
wti,2020-04-03,18.9
crudo_oriente,2020-04-03,7.95
wti,2020-04-06,18.79
crudo_oriente,2020-04-06,8.43
wti,2020-04-07,18.69
crudo_oriente,2020-04-07,8.77
wti,2020-04-08,18.5
crudo_oriente,2020-04-08,8.83
wti,2020-04-09,18.38
crudo_oriente,2020-04-09,8.42
wti,2020-04-10,18.12
crudo_oriente,2020-04-10,8.18
wti,2020-04-13,17.63
crudo_oriente,2020-04-13,7.87
wti,2020-04-14,17.87
crudo_oriente,2020-04-14,8.5
wti,2020-04-15,17.9
crudo_oriente,2020-04-15,7.64
wti,2020-04-16,18.03
crudo_oriente,2020-04-16,8.66
wti,2020-04-17,18.36
crudo_oriente,2020-04-17,7.8
wti,2020-04-20,-37.63
crudo_oriente,2020-04-20,-47.41
wti,2020-04-21,12.36
crudo_oriente,2020-04-21,2.31
wti,2020-04-22,12.66
crudo_oriente,2020-04-22,3.93
wti,2020-04-23,13.18
crudo_oriente,2020-04-23,2.82
wti,2020-04-24,13.54
crudo_oriente,2020-04-24,4.48
wti,2020-04-27,14.58
crudo_oriente,2020-04-27,5.28
wti,2020-04-28,14.96
crudo_oriente,2020-04-28,4.9
wti,2020-04-29,15.21
crudo_oriente,2020-04-29,6.16
wti,2020-04-30,15.81
crudo_oriente,2020-04-30,6.11
wti,2020-05-01,16.39
crudo_oriente,2020-05-01,6.66
wti,2020-05-04,17.57
crudo_oriente,2020-05-04,8.17
wti,2020-05-05,17.65
crudo_oriente,2020-05-05,8.4
wti,2020-05-06,17.94
crudo_oriente,2020-05-06,7.53
wti,2020-05-07,18.13
crudo_oriente,2020-05-07,8.47
wti,2020-05-08,18.34
crudo_oriente,2020-05-08,8.64
wti,2020-05-11,19.35
crudo_oriente,2020-05-11,9.14
wti,2020-05-12,19.97
crudo_oriente,2020-05-12,10.75
wti,2020-05-13,20.43
crudo_oriente,2020-05-13,11.09
wti,2020-05-14,20.84
crudo_oriente,2020-05-14,11.52
wti,2020-05-15,20.95
crudo_oriente,2020-05-15,11.18
wti,2020-05-18,22.14
crudo_oriente,2020-05-18,13.39
wti,2020-05-19,22.62
crudo_oriente,2020-05-19,14.11
wti,2020-05-20,22.65
crudo_oriente,2020-05-20,13.44
wti,2020-05-21,22.91
crudo_oriente,2020-05-21,14.29
wti,2020-05-22,23.83
crudo_oriente,2020-05-22,14.56
wti,2020-05-25,25.21
crudo_oriente,2020-05-25,16.1
wti,2020-05-26,25.28
crudo_oriente,2020-05-26,16.24
wti,2020-05-27,25.38
crudo_oriente,2020-05-27,16.99
wti,2020-05-28,25.99
crudo_oriente,2020-05-28,17.48
wti,2020-05-29,26.51
crudo_oriente,2020-05-29,16.64
wti,2020-06-01,27.94
crudo_oriente,2020-06-01,19.08
wti,2020-06-02,27.53
crudo_oriente,2020-06-02,18.69
wti,2020-06-03,28.31
crudo_oriente,2020-06-03,20.11
wti,2020-06-04,28.37
crudo_oriente,2020-06-04,19.84
wti,2020-06-05,28.92
crudo_oriente,2020-06-05,20.04
wti,2020-06-08,30.01
crudo_oriente,2020-06-08,21.45
wti,2020-06-09,30.65
crudo_oriente,2020-06-09,22.15
wti,2020-06-10,30.9
crudo_oriente,2020-06-10,21.68
wti,2020-06-11,31.82
crudo_oriente,2020-06-11,23.6
wti,2020-06-12,31.97
crudo_oriente,2020-06-12,23.27
wti,2020-06-15,33.45
crudo_oriente,2020-06-15,24.15
wti,2020-06-16,34.02
crudo_oriente,2020-06-16,26.33
wti,2020-06-17,34.48
crudo_oriente,2020-06-17,25.61
wti,2020-06-18,35.67
crudo_oriente,2020-06-18,27.09
wti,2020-06-19,36.03
crudo_oriente,2020-06-19,27.3
wti,2020-06-22,37.17
crudo_oriente,2020-06-22,27.98
wti,2020-06-23,36.88
crudo_oriente,2020-06-23,27.82
wti,2020-06-24,37.61
crudo_oriente,2020-06-24,29.1
wti,2020-06-25,38.43
crudo_oriente,2020-06-25,29.2
wti,2020-06-26,38.42
crudo_oriente,2020-06-26,30.54
wti,2020-06-29,39.14
crudo_oriente,2020-06-29,30.04
wti,2020-06-30,39.13
crudo_oriente,2020-06-30,30.63
wti,2020-07-01,39.16
crudo_oriente,2020-07-01,31.31
wti,2020-07-02,39.82
crudo_oriente,2020-07-02,32.08
wti,2020-07-03,40.07
crudo_oriente,2020-07-03,31.57
wti,2020-07-06,39.89
crudo_oriente,2020-07-06,31.07
wti,2020-07-07,40.48
crudo_oriente,2020-07-07,32.73
wti,2020-07-08,40.46
crudo_oriente,2020-07-08,31.9
wti,2020-07-09,40.73
crudo_oriente,2020-07-09,32.71
wti,2020-07-10,40.72
crudo_oriente,2020-07-10,32.09
wti,2020-07-13,40.86
crudo_oriente,2020-07-13,32.52
wti,2020-07-14,41.14
crudo_oriente,2020-07-14,33.27
wti,2020-07-15,41.26
crudo_oriente,2020-07-15,33.01
wti,2020-07-16,41.9
crudo_oriente,2020-07-16,34.13
wti,2020-07-17,42.37
crudo_oriente,2020-07-17,34.63
wti,2020-07-20,42.59
crudo_oriente,2020-07-20,34.74
wti,2020-07-21,41.84
crudo_oriente,2020-07-21,33.17
wti,2020-07-22,41.25
crudo_oriente,2020-07-22,33.52
wti,2020-07-23,41.63
crudo_oriente,2020-07-23,33.75
wti,2020-07-24,41.57
crudo_oriente,2020-07-24,34.35
wti,2020-07-27,41.38
crudo_oriente,2020-07-27,32.83
wti,2020-07-28,40.58
crudo_oriente,2020-07-28,32.6
wti,2020-07-29,40.94
crudo_oriente,2020-07-29,33.39
wti,2020-07-30,40.83
crudo_oriente,2020-07-30,33.33
wti,2020-07-31,40.82
crudo_oriente,2020-07-31,32.75
wti,2020-08-03,40.76
crudo_oriente,2020-08-03,33.3
wti,2020-08-04,41.26
crudo_oriente,2020-08-04,33.1
wti,2020-08-05,40.78
crudo_oriente,2020-08-05,33.11
wti,2020-08-06,41.86
crudo_oriente,2020-08-06,33.72
wti,2020-08-07,41.19
crudo_oriente,2020-08-07,33.68
wti,2020-08-10,41.55
crudo_oriente,2020-08-10,33.7
wti,2020-08-11,41.54
crudo_oriente,2020-08-11,34.12
wti,2020-08-12,40.69
crudo_oriente,2020-08-12,33.1
wti,2020-08-13,41.07
crudo_oriente,2020-08-13,33.86
wti,2020-08-14,41.7
crudo_oriente,2020-08-14,34.12
wti,2020-08-17,41.09
crudo_oriente,2020-08-17,34.12
wti,2020-08-18,41.54
crudo_oriente,2020-08-18,33.83
wti,2020-08-19,42.09
crudo_oriente,2020-08-19,35.03
wti,2020-08-20,42.0
crudo_oriente,2020-08-20,33.66
wti,2020-08-21,41.77
crudo_oriente,2020-08-21,34.06
wti,2020-08-24,41.48
crudo_oriente,2020-08-24,34.09
wti,2020-08-25,41.03
crudo_oriente,2020-08-25,33.83
wti,2020-08-26,42.07
crudo_oriente,2020-08-26,34.29
wti,2020-08-27,42.61
crudo_oriente,2020-08-27,35.1
wti,2020-08-28,42.86
crudo_oriente,2020-08-28,35.52
wti,2020-08-31,43.56
crudo_oriente,2020-08-31,36.05
wti,2020-09-01,43.83
crudo_oriente,2020-09-01,36.32
wti,2020-09-02,43.82
crudo_oriente,2020-09-02,36.62
wti,2020-09-03,44.26
crudo_oriente,2020-09-03,36.48
wti,2020-09-04,43.41
crudo_oriente,2020-09-04,36.78
wti,2020-09-07,43.64
crudo_oriente,2020-09-07,37.18
wti,2020-09-08,43.04
crudo_oriente,2020-09-08,36.03
wti,2020-09-09,43.33
crudo_oriente,2020-09-09,36.93
wti,2020-09-10,43.27
crudo_oriente,2020-09-10,36.04
wti,2020-09-11,43.61
crudo_oriente,2020-09-11,36.53
wti,2020-09-14,43.27
crudo_oriente,2020-09-14,36.58
wti,2020-09-15,42.31
crudo_oriente,2020-09-15,34.95
wti,2020-09-16,43.08
crudo_oriente,2020-09-16,35.95
wti,2020-09-17,42.94
crudo_oriente,2020-09-17,36.16
wti,2020-09-18,43.55
crudo_oriente,2020-09-18,36.85
wti,2020-09-21,43.15
crudo_oriente,2020-09-21,36.07
wti,2020-09-22,43.72
crudo_oriente,2020-09-22,36.84
wti,2020-09-23,43.39
crudo_oriente,2020-09-23,36.91
wti,2020-09-24,44.0
crudo_oriente,2020-09-24,38.03
wti,2020-09-25,43.42
crudo_oriente,2020-09-25,36.37
wti,2020-09-28,43.2
crudo_oriente,2020-09-28,36.61
wti,2020-09-29,43.02
crudo_oriente,2020-09-29,36.74
wti,2020-09-30,41.78
crudo_oriente,2020-09-30,35.45
wti,2020-10-01,41.68
crudo_oriente,2020-10-01,34.9
wti,2020-10-02,42.19
crudo_oriente,2020-10-02,35.61
wti,2020-10-05,41.97
crudo_oriente,2020-10-05,35.94
wti,2020-10-06,42.48
crudo_oriente,2020-10-06,35.71
wti,2020-10-07,42.76
crudo_oriente,2020-10-07,35.77
wti,2020-10-08,42.3
crudo_oriente,2020-10-08,35.64
wti,2020-10-09,42.69
crudo_oriente,2020-10-09,36.2
wti,2020-10-12,42.56
crudo_oriente,2020-10-12,35.56
wti,2020-10-13,41.93
crudo_oriente,2020-10-13,36.09
wti,2020-10-14,42.38
crudo_oriente,2020-10-14,35.63
wti,2020-10-15,43.2
crudo_oriente,2020-10-15,36.99
wti,2020-10-16,43.14
crudo_oriente,2020-10-16,36.5
wti,2020-10-19,43.98
crudo_oriente,2020-10-19,37.76
wti,2020-10-20,44.92
crudo_oriente,2020-10-20,38.73
wti,2020-10-21,44.62
crudo_oriente,2020-10-21,38.08
wti,2020-10-22,44.29
crudo_oriente,2020-10-22,38.1
wti,2020-10-23,44.5
crudo_oriente,2020-10-23,38.46
wti,2020-10-26,44.9
crudo_oriente,2020-10-26,38.28
wti,2020-10-27,44.83
crudo_oriente,2020-10-27,38.27
wti,2020-10-28,45.13
crudo_oriente,2020-10-28,38.44
wti,2020-10-29,44.85
crudo_oriente,2020-10-29,38.35
wti,2020-10-30,44.58
crudo_oriente,2020-10-30,38.34
wti,2020-11-02,45.56
crudo_oriente,2020-11-02,39.37
wti,2020-11-03,44.81
crudo_oriente,2020-11-03,38.62
wti,2020-11-04,45.29
crudo_oriente,2020-11-04,39.45
wti,2020-11-05,45.46
crudo_oriente,2020-11-05,40.18
wti,2020-11-06,46.08
crudo_oriente,2020-11-06,40.1
wti,2020-11-09,46.81
crudo_oriente,2020-11-09,40.33
wti,2020-11-10,46.63
crudo_oriente,2020-11-10,40.35
wti,2020-11-11,46.67
crudo_oriente,2020-11-11,41.36
wti,2020-11-12,46.33
crudo_oriente,2020-11-12,41.04
wti,2020-11-13,45.76
crudo_oriente,2020-11-13,40.42
wti,2020-11-16,45.0
crudo_oriente,2020-11-16,38.84
wti,2020-11-17,45.66
crudo_oriente,2020-11-17,39.8
wti,2020-11-18,45.8
crudo_oriente,2020-11-18,40.0
wti,2020-11-19,45.96
crudo_oriente,2020-11-19,40.11
wti,2020-11-20,45.48
crudo_oriente,2020-11-20,39.61
wti,2020-11-23,45.74
crudo_oriente,2020-11-23,39.68
wti,2020-11-24,46.08
crudo_oriente,2020-11-24,41.06
wti,2020-11-25,45.26
crudo_oriente,2020-11-25,39.38
wti,2020-11-26,45.26
crudo_oriente,2020-11-26,39.61
wti,2020-11-27,45.46
crudo_oriente,2020-11-27,39.54
wti,2020-11-30,45.67
crudo_oriente,2020-11-30,40.09
wti,2020-12-01,45.76
crudo_oriente,2020-12-01,40.78
wti,2020-12-02,45.95
crudo_oriente,2020-12-02,39.84
wti,2020-12-03,45.23
crudo_oriente,2020-12-03,39.93
wti,2020-12-04,45.23
crudo_oriente,2020-12-04,39.49
wti,2020-12-07,44.8
crudo_oriente,2020-12-07,39.23
wti,2020-12-08,45.0
crudo_oriente,2020-12-08,39.3
wti,2020-12-09,45.05
crudo_oriente,2020-12-09,39.97
wti,2020-12-10,45.7
crudo_oriente,2020-12-10,40.51
wti,2020-12-11,45.78
crudo_oriente,2020-12-11,39.87
wti,2020-12-14,46.46
crudo_oriente,2020-12-14,41.71
wti,2020-12-15,47.28
crudo_oriente,2020-12-15,42.42
wti,2020-12-16,47.47
crudo_oriente,2020-12-16,42.33
wti,2020-12-17,47.5
crudo_oriente,2020-12-17,42.7
wti,2020-12-18,47.38
crudo_oriente,2020-12-18,42.95
wti,2020-12-21,47.96
crudo_oriente,2020-12-21,42.63
wti,2020-12-22,47.96
crudo_oriente,2020-12-22,42.16
wti,2020-12-23,47.56
crudo_oriente,2020-12-23,42.28
wti,2020-12-24,48.99
crudo_oriente,2020-12-24,43.54
wti,2020-12-25,49.44
crudo_oriente,2020-12-25,44.34
wti,2020-12-28,49.24
crudo_oriente,2020-12-28,44.41
wti,2020-12-29,48.02
crudo_oriente,2020-12-29,43.33
wti,2020-12-30,49.16
crudo_oriente,2020-12-30,44.23
wti,2020-12-31,49.05
crudo_oriente,2020-12-31,44.09
wti,2021-01-01,49.46
crudo_oriente,2021-01-01,44.28
wti,2021-01-04,49.83
crudo_oriente,2021-01-04,45.0
wti,2021-01-05,49.64
crudo_oriente,2021-01-05,44.75
wti,2021-01-06,49.87
crudo_oriente,2021-01-06,45.11
wti,2021-01-07,49.34
crudo_oriente,2021-01-07,44.09
wti,2021-01-08,49.2
crudo_oriente,2021-01-08,44.6
wti,2021-01-11,49.75
crudo_oriente,2021-01-11,44.03
wti,2021-01-12,49.13
crudo_oriente,2021-01-12,44.79
wti,2021-01-13,49.51
crudo_oriente,2021-01-13,43.92
wti,2021-01-14,49.15
crudo_oriente,2021-01-14,44.11
wti,2021-01-15,50.19
crudo_oriente,2021-01-15,45.71
wti,2021-01-18,50.38
crudo_oriente,2021-01-18,45.14
wti,2021-01-19,51.67
crudo_oriente,2021-01-19,46.16
wti,2021-01-20,52.66
crudo_oriente,2021-01-20,47.64
wti,2021-01-21,52.67
crudo_oriente,2021-01-21,48.01
wti,2021-01-22,52.93
crudo_oriente,2021-01-22,47.44
wti,2021-01-25,52.23
crudo_oriente,2021-01-25,47.05
wti,2021-01-26,52.6
crudo_oriente,2021-01-26,47.93
wti,2021-01-27,51.06
crudo_oriente,2021-01-27,46.38
wti,2021-01-28,51.64
crudo_oriente,2021-01-28,47.01
wti,2021-01-29,52.28
crudo_oriente,2021-01-29,47.15
wti,2021-02-01,52.94
crudo_oriente,2021-02-01,47.85
wti,2021-02-02,52.64
crudo_oriente,2021-02-02,47.35
wti,2021-02-03,52.85
crudo_oriente,2021-02-03,47.42
wti,2021-02-04,52.07
crudo_oriente,2021-02-04,46.26
wti,2021-02-05,52.59
crudo_oriente,2021-02-05,47.52
wti,2021-02-08,53.11
crudo_oriente,2021-02-08,47.37
wti,2021-02-09,53.81
crudo_oriente,2021-02-09,48.35
wti,2021-02-10,52.63
crudo_oriente,2021-02-10,47.92
wti,2021-02-11,51.96
crudo_oriente,2021-02-11,47.5
wti,2021-02-12,52.6
crudo_oriente,2021-02-12,47.1
wti,2021-02-15,51.7
crudo_oriente,2021-02-15,46.08
wti,2021-02-16,53.0
crudo_oriente,2021-02-16,48.16
wti,2021-02-17,53.44
crudo_oriente,2021-02-17,47.42
wti,2021-02-18,53.46
crudo_oriente,2021-02-18,47.98
wti,2021-02-19,54.01
crudo_oriente,2021-02-19,48.58
wti,2021-02-22,54.73
crudo_oriente,2021-02-22,48.7
wti,2021-02-23,54.51
crudo_oriente,2021-02-23,49.66
wti,2021-02-24,53.83
crudo_oriente,2021-02-24,48.76
wti,2021-02-25,55.61
crudo_oriente,2021-02-25,50.43
wti,2021-02-26,54.87
crudo_oriente,2021-02-26,49.91
wti,2021-03-01,54.19
crudo_oriente,2021-03-01,48.86
wti,2021-03-02,54.27
crudo_oriente,2021-03-02,49.28
wti,2021-03-03,55.37
crudo_oriente,2021-03-03,49.97
wti,2021-03-04,56.8
crudo_oriente,2021-03-04,51.7
wti,2021-03-05,56.61
crudo_oriente,2021-03-05,50.74
wti,2021-03-08,58.71
crudo_oriente,2021-03-08,53.04
wti,2021-03-09,58.98
crudo_oriente,2021-03-09,53.42
wti,2021-03-10,58.64
crudo_oriente,2021-03-10,52.49
wti,2021-03-11,58.57
crudo_oriente,2021-03-11,52.99
wti,2021-03-12,59.29
crudo_oriente,2021-03-12,53.55
wti,2021-03-15,58.49
crudo_oriente,2021-03-15,52.51
wti,2021-03-16,58.58
crudo_oriente,2021-03-16,53.1
wti,2021-03-17,59.19
crudo_oriente,2021-03-17,53.46
wti,2021-03-18,59.63
crudo_oriente,2021-03-18,54.1
wti,2021-03-19,60.86
crudo_oriente,2021-03-19,55.24
wti,2021-03-22,61.18
crudo_oriente,2021-03-22,55.78
wti,2021-03-23,61.99
crudo_oriente,2021-03-23,56.01
wti,2021-03-24,61.52
crudo_oriente,2021-03-24,55.78
wti,2021-03-25,59.95
crudo_oriente,2021-03-25,54.81
wti,2021-03-26,60.81
crudo_oriente,2021-03-26,55.17
wti,2021-03-29,63.57
crudo_oriente,2021-03-29,58.38
wti,2021-03-30,64.88
crudo_oriente,2021-03-30,59.8
wti,2021-03-31,65.23
crudo_oriente,2021-03-31,59.0
wti,2021-04-01,66.05
crudo_oriente,2021-04-01,60.52
wti,2021-04-02,64.73
crudo_oriente,2021-04-02,59.04
wti,2021-04-05,65.32
crudo_oriente,2021-04-05,59.97
wti,2021-04-06,65.17
crudo_oriente,2021-04-06,59.23
wti,2021-04-07,65.5
crudo_oriente,2021-04-07,59.46
wti,2021-04-08,65.16
crudo_oriente,2021-04-08,59.7
wti,2021-04-09,63.85
crudo_oriente,2021-04-09,58.24
wti,2021-04-12,62.61
crudo_oriente,2021-04-12,56.47
wti,2021-04-13,61.81
crudo_oriente,2021-04-13,55.98
wti,2021-04-14,62.51
crudo_oriente,2021-04-14,56.69
wti,2021-04-15,63.3
crudo_oriente,2021-04-15,57.53
wti,2021-04-16,63.21
crudo_oriente,2021-04-16,57.58
wti,2021-04-19,63.39
crudo_oriente,2021-04-19,57.61
wti,2021-04-20,64.27
crudo_oriente,2021-04-20,58.21
wti,2021-04-21,65.17
crudo_oriente,2021-04-21,58.9
wti,2021-04-22,64.96
crudo_oriente,2021-04-22,58.43
wti,2021-04-23,64.55
crudo_oriente,2021-04-23,59.3
wti,2021-04-26,65.15
crudo_oriente,2021-04-26,59.75
wti,2021-04-27,64.07
crudo_oriente,2021-04-27,57.78
wti,2021-04-28,64.57
crudo_oriente,2021-04-28,58.98
wti,2021-04-29,65.31
crudo_oriente,2021-04-29,58.75
wti,2021-04-30,65.75
crudo_oriente,2021-04-30,59.8
wti,2021-05-03,66.15
crudo_oriente,2021-05-03,60.39
wti,2021-05-04,65.96
crudo_oriente,2021-05-04,59.35
wti,2021-05-05,65.2
crudo_oriente,2021-05-05,58.68
wti,2021-05-06,64.35
crudo_oriente,2021-05-06,58.33
wti,2021-05-07,65.58
crudo_oriente,2021-05-07,59.33
wti,2021-05-10,65.41
crudo_oriente,2021-05-10,58.96
wti,2021-05-11,64.29
crudo_oriente,2021-05-11,58.31
wti,2021-05-12,64.24
crudo_oriente,2021-05-12,58.13
wti,2021-05-13,63.85
crudo_oriente,2021-05-13,58.01
wti,2021-05-14,63.33
crudo_oriente,2021-05-14,57.51
wti,2021-05-17,63.55
crudo_oriente,2021-05-17,57.8
wti,2021-05-18,63.35
crudo_oriente,2021-05-18,57.46
wti,2021-05-19,64.17
crudo_oriente,2021-05-19,58.07
wti,2021-05-20,65.85
crudo_oriente,2021-05-20,59.84
wti,2021-05-21,65.45
crudo_oriente,2021-05-21,59.63
wti,2021-05-24,65.42
crudo_oriente,2021-05-24,59.1
wti,2021-05-25,65.8
crudo_oriente,2021-05-25,59.76
wti,2021-05-26,67.49
crudo_oriente,2021-05-26,60.69
wti,2021-05-27,67.49
crudo_oriente,2021-05-27,61.79
wti,2021-05-28,67.58
crudo_oriente,2021-05-28,61.57
wti,2021-05-31,69.3
crudo_oriente,2021-05-31,62.66
wti,2021-06-01,69.43
crudo_oriente,2021-06-01,63.57
wti,2021-06-02,69.05
crudo_oriente,2021-06-02,62.2
wti,2021-06-03,68.4
crudo_oriente,2021-06-03,62.28
wti,2021-06-04,68.77
crudo_oriente,2021-06-04,63.29
wti,2021-06-07,70.33
crudo_oriente,2021-06-07,63.51
wti,2021-06-08,71.28
crudo_oriente,2021-06-08,65.4
wti,2021-06-09,72.65
crudo_oriente,2021-06-09,66.35
wti,2021-06-10,72.06
crudo_oriente,2021-06-10,65.88
wti,2021-06-11,73.33
crudo_oriente,2021-06-11,67.32
wti,2021-06-14,74.93
crudo_oriente,2021-06-14,68.96
wti,2021-06-15,74.14
crudo_oriente,2021-06-15,67.47
wti,2021-06-16,75.58
crudo_oriente,2021-06-16,68.7
wti,2021-06-17,74.95
crudo_oriente,2021-06-17,68.53
wti,2021-06-18,73.92
crudo_oriente,2021-06-18,67.4
wti,2021-06-21,74.09
crudo_oriente,2021-06-21,68.69
wti,2021-06-22,73.94
crudo_oriente,2021-06-22,67.41
wti,2021-06-23,73.98
crudo_oriente,2021-06-23,68.01
wti,2021-06-24,73.23
crudo_oriente,2021-06-24,66.72
wti,2021-06-25,71.78
crudo_oriente,2021-06-25,65.69
wti,2021-06-28,72.82
crudo_oriente,2021-06-28,67.02
wti,2021-06-29,71.93
crudo_oriente,2021-06-29,66.39
wti,2021-06-30,72.9
crudo_oriente,2021-06-30,66.4
wti,2021-07-01,72.59
crudo_oriente,2021-07-01,66.07
wti,2021-07-02,71.62
crudo_oriente,2021-07-02,65.51
wti,2021-07-05,71.28
crudo_oriente,2021-07-05,64.57
wti,2021-07-06,71.9
crudo_oriente,2021-07-06,65.5
wti,2021-07-07,71.54
crudo_oriente,2021-07-07,65.0
wti,2021-07-08,71.29
crudo_oriente,2021-07-08,65.35
wti,2021-07-09,72.32
crudo_oriente,2021-07-09,65.57
wti,2021-07-12,72.4
crudo_oriente,2021-07-12,66.44
wti,2021-07-13,72.24
crudo_oriente,2021-07-13,66.43
wti,2021-07-14,72.72
crudo_oriente,2021-07-14,66.47
wti,2021-07-15,71.02
crudo_oriente,2021-07-15,64.84
wti,2021-07-16,71.53
crudo_oriente,2021-07-16,65.23
wti,2021-07-19,72.13
crudo_oriente,2021-07-19,65.79
wti,2021-07-20,71.82
crudo_oriente,2021-07-20,65.62
wti,2021-07-21,72.02
crudo_oriente,2021-07-21,65.06
wti,2021-07-22,71.3
crudo_oriente,2021-07-22,64.79
wti,2021-07-23,71.78
crudo_oriente,2021-07-23,64.35
wti,2021-07-26,70.24
crudo_oriente,2021-07-26,64.05
wti,2021-07-27,70.54
crudo_oriente,2021-07-27,65.04
wti,2021-07-28,69.56
crudo_oriente,2021-07-28,62.86
wti,2021-07-29,69.45
crudo_oriente,2021-07-29,63.05
wti,2021-07-30,71.0
crudo_oriente,2021-07-30,65.0
wti,2021-08-02,70.42
crudo_oriente,2021-08-02,64.25
wti,2021-08-03,69.72
crudo_oriente,2021-08-03,63.18
wti,2021-08-04,70.23
crudo_oriente,2021-08-04,63.8
wti,2021-08-05,69.89
crudo_oriente,2021-08-05,63.74
wti,2021-08-06,70.19
crudo_oriente,2021-08-06,63.5
wti,2021-08-09,70.32
crudo_oriente,2021-08-09,63.2
wti,2021-08-10,71.23
crudo_oriente,2021-08-10,64.65
wti,2021-08-11,71.84
crudo_oriente,2021-08-11,65.84
wti,2021-08-12,71.29
crudo_oriente,2021-08-12,64.45
wti,2021-08-13,71.52
crudo_oriente,2021-08-13,65.11
wti,2021-08-16,71.59
crudo_oriente,2021-08-16,65.2
wti,2021-08-17,72.18
crudo_oriente,2021-08-17,64.73
wti,2021-08-18,71.75
crudo_oriente,2021-08-18,64.18
wti,2021-08-19,71.69
crudo_oriente,2021-08-19,64.75
wti,2021-08-20,72.39
crudo_oriente,2021-08-20,65.66
wti,2021-08-23,72.48
crudo_oriente,2021-08-23,66.16
wti,2021-08-24,73.11
crudo_oriente,2021-08-24,65.81
wti,2021-08-25,72.58
crudo_oriente,2021-08-25,65.88
wti,2021-08-26,74.16
crudo_oriente,2021-08-26,67.24
wti,2021-08-27,73.97
crudo_oriente,2021-08-27,67.22
wti,2021-08-30,74.65
crudo_oriente,2021-08-30,67.74
wti,2021-08-31,74.82
crudo_oriente,2021-08-31,67.78
wti,2021-09-01,74.23
crudo_oriente,2021-09-01,67.04
wti,2021-09-02,74.76
crudo_oriente,2021-09-02,67.66
wti,2021-09-03,75.15
crudo_oriente,2021-09-03,68.41
wti,2021-09-06,75.9
crudo_oriente,2021-09-06,67.93
wti,2021-09-07,74.84
crudo_oriente,2021-09-07,67.44
wti,2021-09-08,74.6
crudo_oriente,2021-09-08,67.97
wti,2021-09-09,76.77
crudo_oriente,2021-09-09,70.42
wti,2021-09-10,77.7
crudo_oriente,2021-09-10,70.9
wti,2021-09-13,76.99
crudo_oriente,2021-09-13,70.22
wti,2021-09-14,74.74
crudo_oriente,2021-09-14,68.12
wti,2021-09-15,74.67
crudo_oriente,2021-09-15,67.92
wti,2021-09-16,73.7
crudo_oriente,2021-09-16,66.28
wti,2021-09-17,73.17
crudo_oriente,2021-09-17,66.15
wti,2021-09-20,73.57
crudo_oriente,2021-09-20,66.41
wti,2021-09-21,73.92
crudo_oriente,2021-09-21,67.14
wti,2021-09-22,72.93
crudo_oriente,2021-09-22,65.84
wti,2021-09-23,71.72
crudo_oriente,2021-09-23,64.45
wti,2021-09-24,72.71
crudo_oriente,2021-09-24,65.37
wti,2021-09-27,74.48
crudo_oriente,2021-09-27,67.59
wti,2021-09-28,75.22
crudo_oriente,2021-09-28,68.16
wti,2021-09-29,75.87
crudo_oriente,2021-09-29,69.19
wti,2021-09-30,75.78
crudo_oriente,2021-09-30,68.47
wti,2021-10-01,75.13
crudo_oriente,2021-10-01,68.76
wti,2021-10-04,74.89
crudo_oriente,2021-10-04,67.57
wti,2021-10-05,74.2
crudo_oriente,2021-10-05,66.39
wti,2021-10-06,73.76
crudo_oriente,2021-10-06,66.73
wti,2021-10-07,73.38
crudo_oriente,2021-10-07,65.92
wti,2021-10-08,73.82
crudo_oriente,2021-10-08,66.82
wti,2021-10-11,73.5
crudo_oriente,2021-10-11,66.42
wti,2021-10-12,72.74
crudo_oriente,2021-10-12,65.87
wti,2021-10-13,72.05
crudo_oriente,2021-10-13,64.71
wti,2021-10-14,72.38
crudo_oriente,2021-10-14,65.0
wti,2021-10-15,71.6
crudo_oriente,2021-10-15,65.19
wti,2021-10-18,73.17
crudo_oriente,2021-10-18,65.25
wti,2021-10-19,73.39
crudo_oriente,2021-10-19,65.64
wti,2021-10-20,73.75
crudo_oriente,2021-10-20,65.98
wti,2021-10-21,74.31
crudo_oriente,2021-10-21,67.25
wti,2021-10-22,75.82
crudo_oriente,2021-10-22,69.01
wti,2021-10-25,75.29
crudo_oriente,2021-10-25,68.35
wti,2021-10-26,74.79
crudo_oriente,2021-10-26,67.44
wti,2021-10-27,74.32
crudo_oriente,2021-10-27,66.31
wti,2021-10-28,74.85
crudo_oriente,2021-10-28,66.74
wti,2021-10-29,74.6
crudo_oriente,2021-10-29,67.47
wti,2021-11-01,74.71
crudo_oriente,2021-11-01,66.74
wti,2021-11-02,74.11
crudo_oriente,2021-11-02,67.02
wti,2021-11-03,75.11
crudo_oriente,2021-11-03,68.36
wti,2021-11-04,73.47
crudo_oriente,2021-11-04,66.27
wti,2021-11-05,73.16
crudo_oriente,2021-11-05,66.07
wti,2021-11-08,71.87
crudo_oriente,2021-11-08,64.41
wti,2021-11-09,72.74
crudo_oriente,2021-11-09,65.07
wti,2021-11-10,72.61
crudo_oriente,2021-11-10,64.8
wti,2021-11-11,73.76
crudo_oriente,2021-11-11,65.81
wti,2021-11-12,73.05
crudo_oriente,2021-11-12,65.48
wti,2021-11-15,72.95
crudo_oriente,2021-11-15,66.31
wti,2021-11-16,73.35
crudo_oriente,2021-11-16,65.56
wti,2021-11-17,73.98
crudo_oriente,2021-11-17,66.63
wti,2021-11-18,74.29
crudo_oriente,2021-11-18,66.78
wti,2021-11-19,74.73
crudo_oriente,2021-11-19,66.78
wti,2021-11-22,73.7
crudo_oriente,2021-11-22,66.01
wti,2021-11-23,72.85
crudo_oriente,2021-11-23,65.59
wti,2021-11-24,74.71
crudo_oriente,2021-11-24,67.66
wti,2021-11-25,75.1
crudo_oriente,2021-11-25,67.69
wti,2021-11-26,74.46
crudo_oriente,2021-11-26,66.41
wti,2021-11-29,74.99
crudo_oriente,2021-11-29,66.84
wti,2021-11-30,75.23
crudo_oriente,2021-11-30,67.6
wti,2021-12-01,75.85
crudo_oriente,2021-12-01,68.28
wti,2021-12-02,75.84
crudo_oriente,2021-12-02,68.02
wti,2021-12-03,74.22
crudo_oriente,2021-12-03,66.48
wti,2021-12-06,74.91
crudo_oriente,2021-12-06,67.69
wti,2021-12-07,76.12
crudo_oriente,2021-12-07,68.1
wti,2021-12-08,75.16
crudo_oriente,2021-12-08,67.79
wti,2021-12-09,74.74
crudo_oriente,2021-12-09,68.09
wti,2021-12-10,75.03
crudo_oriente,2021-12-10,66.77
wti,2021-12-13,74.55
crudo_oriente,2021-12-13,67.48
wti,2021-12-14,73.0
crudo_oriente,2021-12-14,65.37
wti,2021-12-15,72.01
crudo_oriente,2021-12-15,64.94
wti,2021-12-16,71.92
crudo_oriente,2021-12-16,63.82
wti,2021-12-17,70.79
crudo_oriente,2021-12-17,62.8
wti,2021-12-20,69.11
crudo_oriente,2021-12-20,61.19
wti,2021-12-21,71.48
crudo_oriente,2021-12-21,63.78
wti,2021-12-22,71.6
crudo_oriente,2021-12-22,63.4
wti,2021-12-23,72.23
crudo_oriente,2021-12-23,64.28
wti,2021-12-24,71.78
crudo_oriente,2021-12-24,64.56
wti,2021-12-27,72.5
crudo_oriente,2021-12-27,64.36
wti,2021-12-28,74.02
crudo_oriente,2021-12-28,66.2
wti,2021-12-29,74.57
crudo_oriente,2021-12-29,66.82
wti,2021-12-30,75.66
crudo_oriente,2021-12-30,68.08
wti,2021-12-31,75.29
crudo_oriente,2021-12-31,67.75
wti,2022-01-03,76.93
crudo_oriente,2022-01-03,69.14
wti,2022-01-04,79.12
crudo_oriente,2022-01-04,70.85
wti,2022-01-05,78.7
crudo_oriente,2022-01-05,70.68
wti,2022-01-06,78.88
crudo_oriente,2022-01-06,71.51
wti,2022-01-07,78.09
crudo_oriente,2022-01-07,71.11
wti,2022-01-10,81.73
crudo_oriente,2022-01-10,73.66
wti,2022-01-11,82.58
crudo_oriente,2022-01-11,74.54
wti,2022-01-12,83.9
crudo_oriente,2022-01-12,76.24
wti,2022-01-13,85.24
crudo_oriente,2022-01-13,77.61
wti,2022-01-14,87.74
crudo_oriente,2022-01-14,79.74
wti,2022-01-17,90.22
crudo_oriente,2022-01-17,82.19
wti,2022-01-18,90.57
crudo_oriente,2022-01-18,82.7
wti,2022-01-19,90.86
crudo_oriente,2022-01-19,83.02
wti,2022-01-20,90.33
crudo_oriente,2022-01-20,82.29
wti,2022-01-21,90.18
crudo_oriente,2022-01-21,81.74
wti,2022-01-24,91.35
crudo_oriente,2022-01-24,83.15
wti,2022-01-25,91.84
crudo_oriente,2022-01-25,83.21
wti,2022-01-26,92.23
crudo_oriente,2022-01-26,83.76
wti,2022-01-27,92.03
crudo_oriente,2022-01-27,84.08
wti,2022-01-28,94.02
crudo_oriente,2022-01-28,86.1
wti,2022-01-31,95.47
crudo_oriente,2022-01-31,87.24
wti,2022-02-01,97.7
crudo_oriente,2022-02-01,89.0
wti,2022-02-02,99.58
crudo_oriente,2022-02-02,90.92
wti,2022-02-03,99.28
crudo_oriente,2022-02-03,91.21
wti,2022-02-04,99.56
crudo_oriente,2022-02-04,92.11
wti,2022-02-07,102.08
crudo_oriente,2022-02-07,93.94
wti,2022-02-08,103.76
crudo_oriente,2022-02-08,95.65
wti,2022-02-09,103.2
crudo_oriente,2022-02-09,95.51
wti,2022-02-10,105.59
crudo_oriente,2022-02-10,97.95
wti,2022-02-11,104.52
crudo_oriente,2022-02-11,97.12
wti,2022-02-14,105.91
crudo_oriente,2022-02-14,98.04
wti,2022-02-15,108.02
crudo_oriente,2022-02-15,100.77
wti,2022-02-16,106.45
crudo_oriente,2022-02-16,97.86
wti,2022-02-17,108.62
crudo_oriente,2022-02-17,100.62
wti,2022-02-18,108.76
crudo_oriente,2022-02-18,99.42
wti,2022-02-21,111.28
crudo_oriente,2022-02-21,102.99
wti,2022-02-22,108.45
crudo_oriente,2022-02-22,101.26
wti,2022-02-23,106.15
crudo_oriente,2022-02-23,97.7
wti,2022-02-24,107.29
crudo_oriente,2022-02-24,99.14
wti,2022-02-25,109.36
crudo_oriente,2022-02-25,101.0
wti,2022-02-28,110.47
crudo_oriente,2022-02-28,102.05
wti,2022-03-01,108.81
crudo_oriente,2022-03-01,100.09
wti,2022-03-02,112.66
crudo_oriente,2022-03-02,104.1
wti,2022-03-03,113.54
crudo_oriente,2022-03-03,105.98
wti,2022-03-04,115.93
crudo_oriente,2022-03-04,107.66
wti,2022-03-07,119.08
crudo_oriente,2022-03-07,110.64
wti,2022-03-08,118.51
crudo_oriente,2022-03-08,110.56
wti,2022-03-09,118.84
crudo_oriente,2022-03-09,111.12
wti,2022-03-10,118.59
crudo_oriente,2022-03-10,110.09
wti,2022-03-11,119.22
crudo_oriente,2022-03-11,110.78
wti,2022-03-14,118.86
crudo_oriente,2022-03-14,110.12
wti,2022-03-15,119.33
crudo_oriente,2022-03-15,111.06
wti,2022-03-16,121.99
crudo_oriente,2022-03-16,113.58
wti,2022-03-17,119.3
crudo_oriente,2022-03-17,111.07
wti,2022-03-18,122.63
crudo_oriente,2022-03-18,114.04
wti,2022-03-21,121.22
crudo_oriente,2022-03-21,112.71
wti,2022-03-22,117.09
crudo_oriente,2022-03-22,108.51
wti,2022-03-23,117.12
crudo_oriente,2022-03-23,108.07
wti,2022-03-24,118.2
crudo_oriente,2022-03-24,109.39
wti,2022-03-25,115.83
crudo_oriente,2022-03-25,107.08
wti,2022-03-28,117.11
crudo_oriente,2022-03-28,109.37
wti,2022-03-29,119.14
crudo_oriente,2022-03-29,110.71
wti,2022-03-30,118.51
crudo_oriente,2022-03-30,109.9
wti,2022-03-31,120.02
crudo_oriente,2022-03-31,111.3
wti,2022-04-01,120.61
crudo_oriente,2022-04-01,112.46
wti,2022-04-04,119.27
crudo_oriente,2022-04-04,110.49
wti,2022-04-05,119.97
crudo_oriente,2022-04-05,111.42
wti,2022-04-06,119.8
crudo_oriente,2022-04-06,111.03
wti,2022-04-07,119.73
crudo_oriente,2022-04-07,111.88
wti,2022-04-08,121.69
crudo_oriente,2022-04-08,112.48
wti,2022-04-11,121.59
crudo_oriente,2022-04-11,113.02
wti,2022-04-12,121.48
crudo_oriente,2022-04-12,112.33
wti,2022-04-13,121.14
crudo_oriente,2022-04-13,112.58
wti,2022-04-14,120.06
crudo_oriente,2022-04-14,111.56
wti,2022-04-15,116.66
crudo_oriente,2022-04-15,107.44
wti,2022-04-18,117.13
crudo_oriente,2022-04-18,108.62
wti,2022-04-19,117.19
crudo_oriente,2022-04-19,108.34
wti,2022-04-20,117.72
crudo_oriente,2022-04-20,109.47
wti,2022-04-21,119.2
crudo_oriente,2022-04-21,110.49
wti,2022-04-22,118.63
crudo_oriente,2022-04-22,110.36
wti,2022-04-25,119.52
crudo_oriente,2022-04-25,111.16
wti,2022-04-26,119.18
crudo_oriente,2022-04-26,110.13
wti,2022-04-27,119.53
crudo_oriente,2022-04-27,110.55
wti,2022-04-28,121.2
crudo_oriente,2022-04-28,112.8
wti,2022-04-29,118.01
crudo_oriente,2022-04-29,109.53
wti,2022-05-02,120.08
crudo_oriente,2022-05-02,111.72
wti,2022-05-03,119.41
crudo_oriente,2022-05-03,110.29
wti,2022-05-04,120.84
crudo_oriente,2022-05-04,112.45
wti,2022-05-05,120.84
crudo_oriente,2022-05-05,111.6
wti,2022-05-06,118.6
crudo_oriente,2022-05-06,109.91
wti,2022-05-09,117.59
crudo_oriente,2022-05-09,108.5
wti,2022-05-10,118.45
crudo_oriente,2022-05-10,110.03
wti,2022-05-11,115.75
crudo_oriente,2022-05-11,106.65
wti,2022-05-12,117.96
crudo_oriente,2022-05-12,109.1
wti,2022-05-13,117.69
crudo_oriente,2022-05-13,109.09
wti,2022-05-16,116.35
crudo_oriente,2022-05-16,106.99
wti,2022-05-17,116.74
crudo_oriente,2022-05-17,108.47
wti,2022-05-18,118.47
crudo_oriente,2022-05-18,109.57
wti,2022-05-19,120.04
crudo_oriente,2022-05-19,110.98
wti,2022-05-20,118.38
crudo_oriente,2022-05-20,108.82
wti,2022-05-23,118.92
crudo_oriente,2022-05-23,110.34
wti,2022-05-24,119.55
crudo_oriente,2022-05-24,110.6
wti,2022-05-25,119.03
crudo_oriente,2022-05-25,110.52
wti,2022-05-26,119.07
crudo_oriente,2022-05-26,109.55
wti,2022-05-27,121.1
crudo_oriente,2022-05-27,111.88
wti,2022-05-30,121.55
crudo_oriente,2022-05-30,112.56
wti,2022-05-31,122.91
crudo_oriente,2022-05-31,114.01
wti,2022-06-01,124.4
crudo_oriente,2022-06-01,115.48
wti,2022-06-02,123.28
crudo_oriente,2022-06-02,114.08
wti,2022-06-03,123.9
crudo_oriente,2022-06-03,114.56
wti,2022-06-06,124.86
crudo_oriente,2022-06-06,115.74
wti,2022-06-07,123.01
crudo_oriente,2022-06-07,113.64
wti,2022-06-08,122.5
crudo_oriente,2022-06-08,114.15
wti,2022-06-09,123.16
crudo_oriente,2022-06-09,114.13
wti,2022-06-10,121.32
crudo_oriente,2022-06-10,113.02
wti,2022-06-13,120.16
crudo_oriente,2022-06-13,111.1
wti,2022-06-14,119.25
crudo_oriente,2022-06-14,110.71
wti,2022-06-15,119.26
crudo_oriente,2022-06-15,110.01
wti,2022-06-16,119.27
crudo_oriente,2022-06-16,109.79
wti,2022-06-17,117.52
crudo_oriente,2022-06-17,108.37
wti,2022-06-20,113.11
crudo_oriente,2022-06-20,104.46
wti,2022-06-21,116.05
crudo_oriente,2022-06-21,106.51
wti,2022-06-22,115.81
crudo_oriente,2022-06-22,106.07
wti,2022-06-23,116.0
crudo_oriente,2022-06-23,106.96
wti,2022-06-24,116.93
crudo_oriente,2022-06-24,107.28
wti,2022-06-27,115.51
crudo_oriente,2022-06-27,106.12
wti,2022-06-28,115.06
crudo_oriente,2022-06-28,106.81
wti,2022-06-29,114.7
crudo_oriente,2022-06-29,105.53
wti,2022-06-30,113.95
crudo_oriente,2022-06-30,105.1
wti,2022-07-01,117.42
crudo_oriente,2022-07-01,108.71
wti,2022-07-04,118.76
crudo_oriente,2022-07-04,109.16
wti,2022-07-05,119.66
crudo_oriente,2022-07-05,110.48
wti,2022-07-06,120.72
crudo_oriente,2022-07-06,111.94
wti,2022-07-07,120.81
crudo_oriente,2022-07-07,110.96
wti,2022-07-08,120.13
crudo_oriente,2022-07-08,110.73
wti,2022-07-11,119.54
crudo_oriente,2022-07-11,110.33
wti,2022-07-12,120.2
crudo_oriente,2022-07-12,110.34
wti,2022-07-13,118.25
crudo_oriente,2022-07-13,108.99
wti,2022-07-14,117.98
crudo_oriente,2022-07-14,108.58
wti,2022-07-15,117.23
crudo_oriente,2022-07-15,108.01
wti,2022-07-18,117.61
crudo_oriente,2022-07-18,108.31
wti,2022-07-19,117.19
crudo_oriente,2022-07-19,107.21
wti,2022-07-20,112.92
crudo_oriente,2022-07-20,103.07
wti,2022-07-21,113.08
crudo_oriente,2022-07-21,102.9
wti,2022-07-22,113.28
crudo_oriente,2022-07-22,103.97
wti,2022-07-25,112.51
crudo_oriente,2022-07-25,102.92
wti,2022-07-26,111.58
crudo_oriente,2022-07-26,102.61
wti,2022-07-27,111.76
crudo_oriente,2022-07-27,102.45
wti,2022-07-28,110.79
crudo_oriente,2022-07-28,101.56
wti,2022-07-29,112.11
crudo_oriente,2022-07-29,102.78
wti,2022-08-01,110.82
crudo_oriente,2022-08-01,101.02
wti,2022-08-02,110.62
crudo_oriente,2022-08-02,100.92
wti,2022-08-03,108.43
crudo_oriente,2022-08-03,99.43
wti,2022-08-04,107.51
crudo_oriente,2022-08-04,97.36
wti,2022-08-05,106.54
crudo_oriente,2022-08-05,97.91
wti,2022-08-08,106.05
crudo_oriente,2022-08-08,96.15
wti,2022-08-09,104.69
crudo_oriente,2022-08-09,95.59
wti,2022-08-10,105.32
crudo_oriente,2022-08-10,96.02
wti,2022-08-11,105.12
crudo_oriente,2022-08-11,95.92
wti,2022-08-12,107.09
crudo_oriente,2022-08-12,97.89
wti,2022-08-15,106.33
crudo_oriente,2022-08-15,96.37
wti,2022-08-16,106.73
crudo_oriente,2022-08-16,97.93
wti,2022-08-17,107.33
crudo_oriente,2022-08-17,97.42
wti,2022-08-18,107.27
crudo_oriente,2022-08-18,98.36
wti,2022-08-19,106.16
crudo_oriente,2022-08-19,96.92
wti,2022-08-22,107.07
crudo_oriente,2022-08-22,98.27
wti,2022-08-23,104.72
crudo_oriente,2022-08-23,94.58
wti,2022-08-24,105.03
crudo_oriente,2022-08-24,95.85
wti,2022-08-25,104.39
crudo_oriente,2022-08-25,94.92
wti,2022-08-26,103.74
crudo_oriente,2022-08-26,94.74
wti,2022-08-29,100.58
crudo_oriente,2022-08-29,91.19
wti,2022-08-30,99.21
crudo_oriente,2022-08-30,89.45
wti,2022-08-31,97.69
crudo_oriente,2022-08-31,87.83
wti,2022-09-01,98.05
crudo_oriente,2022-09-01,88.56
wti,2022-09-02,100.49
crudo_oriente,2022-09-02,90.9
wti,2022-09-05,100.6
crudo_oriente,2022-09-05,91.21
wti,2022-09-06,100.92
crudo_oriente,2022-09-06,91.96
wti,2022-09-07,101.04
crudo_oriente,2022-09-07,91.56
wti,2022-09-08,100.83
crudo_oriente,2022-09-08,91.29
wti,2022-09-09,100.7
crudo_oriente,2022-09-09,91.54
wti,2022-09-12,100.25
crudo_oriente,2022-09-12,90.72
wti,2022-09-13,100.11
crudo_oriente,2022-09-13,90.83
wti,2022-09-14,99.45
crudo_oriente,2022-09-14,90.25
wti,2022-09-15,98.73
crudo_oriente,2022-09-15,89.42
wti,2022-09-16,101.0
crudo_oriente,2022-09-16,91.51
wti,2022-09-19,100.26
crudo_oriente,2022-09-19,90.19
wti,2022-09-20,100.9
crudo_oriente,2022-09-20,91.3
wti,2022-09-21,101.68
crudo_oriente,2022-09-21,91.8
wti,2022-09-22,101.88
crudo_oriente,2022-09-22,92.98
wti,2022-09-23,101.91
crudo_oriente,2022-09-23,92.15
wti,2022-09-26,99.48
crudo_oriente,2022-09-26,89.84
wti,2022-09-27,99.97
crudo_oriente,2022-09-27,90.55
wti,2022-09-28,98.3
crudo_oriente,2022-09-28,88.24
wti,2022-09-29,96.96
crudo_oriente,2022-09-29,86.9
wti,2022-09-30,96.55
crudo_oriente,2022-09-30,86.99
wti,2022-10-03,98.3
crudo_oriente,2022-10-03,88.7
wti,2022-10-04,99.69
crudo_oriente,2022-10-04,89.35
wti,2022-10-05,101.04
crudo_oriente,2022-10-05,91.67
wti,2022-10-06,100.93
crudo_oriente,2022-10-06,91.56
wti,2022-10-07,101.02
crudo_oriente,2022-10-07,92.07
wti,2022-10-10,100.9
crudo_oriente,2022-10-10,90.49
wti,2022-10-11,98.12
crudo_oriente,2022-10-11,89.03
wti,2022-10-12,97.57
crudo_oriente,2022-10-12,88.36
wti,2022-10-13,96.76
crudo_oriente,2022-10-13,86.77
wti,2022-10-14,96.02
crudo_oriente,2022-10-14,86.4
wti,2022-10-17,95.54
crudo_oriente,2022-10-17,85.54
wti,2022-10-18,95.84
crudo_oriente,2022-10-18,86.32
wti,2022-10-19,94.44
crudo_oriente,2022-10-19,84.24
wti,2022-10-20,92.05
crudo_oriente,2022-10-20,82.15
wti,2022-10-21,92.04
crudo_oriente,2022-10-21,81.99
wti,2022-10-24,90.98
crudo_oriente,2022-10-24,81.13
wti,2022-10-25,91.02
crudo_oriente,2022-10-25,81.45
wti,2022-10-26,91.92
crudo_oriente,2022-10-26,82.29
wti,2022-10-27,93.03
crudo_oriente,2022-10-27,82.83
wti,2022-10-28,93.45
crudo_oriente,2022-10-28,83.78
wti,2022-10-31,91.6
crudo_oriente,2022-10-31,81.5
wti,2022-11-01,91.9
crudo_oriente,2022-11-01,82.09
wti,2022-11-02,90.31
crudo_oriente,2022-11-02,80.24
wti,2022-11-03,91.86
crudo_oriente,2022-11-03,82.34
wti,2022-11-04,91.68
crudo_oriente,2022-11-04,82.36
wti,2022-11-07,90.04
crudo_oriente,2022-11-07,80.1
wti,2022-11-08,90.9
crudo_oriente,2022-11-08,80.89
wti,2022-11-09,89.44
crudo_oriente,2022-11-09,79.79
wti,2022-11-10,91.01
crudo_oriente,2022-11-10,80.12
wti,2022-11-11,90.85
crudo_oriente,2022-11-11,80.46
wti,2022-11-14,89.81
crudo_oriente,2022-11-14,79.34
wti,2022-11-15,92.33
crudo_oriente,2022-11-15,82.15
wti,2022-11-16,91.82
crudo_oriente,2022-11-16,81.62
wti,2022-11-17,90.22
crudo_oriente,2022-11-17,80.12
wti,2022-11-18,90.06
crudo_oriente,2022-11-18,80.82
wti,2022-11-21,89.58
crudo_oriente,2022-11-21,80.25
wti,2022-11-22,88.06
crudo_oriente,2022-11-22,78.14
wti,2022-11-23,87.35
crudo_oriente,2022-11-23,76.77
wti,2022-11-24,91.08
crudo_oriente,2022-11-24,81.02
wti,2022-11-25,90.72
crudo_oriente,2022-11-25,80.45
wti,2022-11-28,89.11
crudo_oriente,2022-11-28,78.71
wti,2022-11-29,89.7
crudo_oriente,2022-11-29,79.55
wti,2022-11-30,88.97
crudo_oriente,2022-11-30,79.05
wti,2022-12-01,87.18
crudo_oriente,2022-12-01,77.27
wti,2022-12-02,86.65
crudo_oriente,2022-12-02,76.82
wti,2022-12-05,85.55
crudo_oriente,2022-12-05,75.54
wti,2022-12-06,85.81
crudo_oriente,2022-12-06,76.16
wti,2022-12-07,84.8
crudo_oriente,2022-12-07,75.15
wti,2022-12-08,83.59
crudo_oriente,2022-12-08,73.48
wti,2022-12-09,83.6
crudo_oriente,2022-12-09,73.61
wti,2022-12-12,80.64
crudo_oriente,2022-12-12,70.19
wti,2022-12-13,80.56
crudo_oriente,2022-12-13,70.86
wti,2022-12-14,79.97
crudo_oriente,2022-12-14,70.49
wti,2022-12-15,78.4
crudo_oriente,2022-12-15,68.35
wti,2022-12-16,79.16
crudo_oriente,2022-12-16,69.08
wti,2022-12-19,79.19
crudo_oriente,2022-12-19,69.46
wti,2022-12-20,78.54
crudo_oriente,2022-12-20,68.67
wti,2022-12-21,79.69
crudo_oriente,2022-12-21,69.48
wti,2022-12-22,77.54
crudo_oriente,2022-12-22,66.95
wti,2022-12-23,76.96
crudo_oriente,2022-12-23,66.42
wti,2022-12-26,77.23
crudo_oriente,2022-12-26,66.77
wti,2022-12-27,79.7
crudo_oriente,2022-12-27,69.78
wti,2022-12-28,78.37
crudo_oriente,2022-12-28,68.11
wti,2022-12-29,79.82
crudo_oriente,2022-12-29,69.93
wti,2022-12-30,78.7
crudo_oriente,2022-12-30,68.95
wti,2023-01-02,78.23
crudo_oriente,2023-01-02,68.92
wti,2023-01-03,77.82
crudo_oriente,2023-01-03,67.87
wti,2023-01-04,78.48
crudo_oriente,2023-01-04,68.12
wti,2023-01-05,78.41
crudo_oriente,2023-01-05,68.67
wti,2023-01-06,78.95
crudo_oriente,2023-01-06,68.72
wti,2023-01-09,79.27
crudo_oriente,2023-01-09,69.74
wti,2023-01-10,80.11
crudo_oriente,2023-01-10,70.08
wti,2023-01-11,80.3
crudo_oriente,2023-01-11,69.45
wti,2023-01-12,80.27
crudo_oriente,2023-01-12,69.85
wti,2023-01-13,80.82
crudo_oriente,2023-01-13,70.34
wti,2023-01-16,80.92
crudo_oriente,2023-01-16,70.25
wti,2023-01-17,81.54
crudo_oriente,2023-01-17,70.99
wti,2023-01-18,81.2
crudo_oriente,2023-01-18,71.16
wti,2023-01-19,80.6
crudo_oriente,2023-01-19,70.34
wti,2023-01-20,81.39
crudo_oriente,2023-01-20,71.82
wti,2023-01-23,79.25
crudo_oriente,2023-01-23,68.6
wti,2023-01-24,79.77
crudo_oriente,2023-01-24,69.85
wti,2023-01-25,79.16
crudo_oriente,2023-01-25,68.89
wti,2023-01-26,78.86
crudo_oriente,2023-01-26,69.45
wti,2023-01-27,78.59
crudo_oriente,2023-01-27,67.8
wti,2023-01-30,76.98
crudo_oriente,2023-01-30,66.14
wti,2023-01-31,78.26
crudo_oriente,2023-01-31,67.76
wti,2023-02-01,80.03
crudo_oriente,2023-02-01,69.94
wti,2023-02-02,80.15
crudo_oriente,2023-02-02,70.06
wti,2023-02-03,80.64
crudo_oriente,2023-02-03,70.65
wti,2023-02-06,79.29
crudo_oriente,2023-02-06,68.7
wti,2023-02-07,78.58
crudo_oriente,2023-02-07,68.25
wti,2023-02-08,78.22
crudo_oriente,2023-02-08,67.35
wti,2023-02-09,77.48
crudo_oriente,2023-02-09,67.8
wti,2023-02-10,79.43
crudo_oriente,2023-02-10,68.7
wti,2023-02-13,79.44
crudo_oriente,2023-02-13,69.02
wti,2023-02-14,78.4
crudo_oriente,2023-02-14,68.27
wti,2023-02-15,78.19
crudo_oriente,2023-02-15,68.43
wti,2023-02-16,78.48
crudo_oriente,2023-02-16,67.93
wti,2023-02-17,75.89
crudo_oriente,2023-02-17,65.42
wti,2023-02-20,76.64
crudo_oriente,2023-02-20,65.91
wti,2023-02-21,77.44
crudo_oriente,2023-02-21,67.26
wti,2023-02-22,75.75
crudo_oriente,2023-02-22,65.21
wti,2023-02-23,76.11
crudo_oriente,2023-02-23,65.94
wti,2023-02-24,76.28
crudo_oriente,2023-02-24,65.81
wti,2023-02-27,75.87
crudo_oriente,2023-02-27,65.27
wti,2023-02-28,75.91
crudo_oriente,2023-02-28,65.0
wti,2023-03-01,76.51
crudo_oriente,2023-03-01,65.89
wti,2023-03-02,76.95
crudo_oriente,2023-03-02,66.24
wti,2023-03-03,77.23
crudo_oriente,2023-03-03,66.77
wti,2023-03-06,77.81
crudo_oriente,2023-03-06,67.47
wti,2023-03-07,78.47
crudo_oriente,2023-03-07,67.88
wti,2023-03-08,78.15
crudo_oriente,2023-03-08,67.51
wti,2023-03-09,76.75
crudo_oriente,2023-03-09,66.16
wti,2023-03-10,77.64
crudo_oriente,2023-03-10,67.4
wti,2023-03-13,76.54
crudo_oriente,2023-03-13,66.1
wti,2023-03-14,77.12
crudo_oriente,2023-03-14,66.01
wti,2023-03-15,77.26
crudo_oriente,2023-03-15,66.82
wti,2023-03-16,77.75
crudo_oriente,2023-03-16,67.28
wti,2023-03-17,75.92
crudo_oriente,2023-03-17,64.54
wti,2023-03-20,77.54
crudo_oriente,2023-03-20,66.79
wti,2023-03-21,78.47
crudo_oriente,2023-03-21,68.36
wti,2023-03-22,78.19
crudo_oriente,2023-03-22,67.13
wti,2023-03-23,79.14
crudo_oriente,2023-03-23,68.5
wti,2023-03-24,79.19
crudo_oriente,2023-03-24,68.75
wti,2023-03-27,79.52
crudo_oriente,2023-03-27,69.28
wti,2023-03-28,77.7
crudo_oriente,2023-03-28,66.5
wti,2023-03-29,77.52
crudo_oriente,2023-03-29,66.87
wti,2023-03-30,77.93
crudo_oriente,2023-03-30,67.22
wti,2023-03-31,77.42
crudo_oriente,2023-03-31,67.56
wti,2023-04-03,78.27
crudo_oriente,2023-04-03,68.05
wti,2023-04-04,78.82
crudo_oriente,2023-04-04,67.83
wti,2023-04-05,78.27
crudo_oriente,2023-04-05,67.56
wti,2023-04-06,76.85
crudo_oriente,2023-04-06,65.81
wti,2023-04-07,76.72
crudo_oriente,2023-04-07,65.54
wti,2023-04-10,76.83
crudo_oriente,2023-04-10,66.3
wti,2023-04-11,76.32
crudo_oriente,2023-04-11,65.46
wti,2023-04-12,76.61
crudo_oriente,2023-04-12,66.07
wti,2023-04-13,76.66
crudo_oriente,2023-04-13,65.44
wti,2023-04-14,74.9
crudo_oriente,2023-04-14,64.97
wti,2023-04-17,74.09
crudo_oriente,2023-04-17,63.2
wti,2023-04-18,72.45
crudo_oriente,2023-04-18,61.38
wti,2023-04-19,71.93
crudo_oriente,2023-04-19,61.48
wti,2023-04-20,69.85
crudo_oriente,2023-04-20,58.53
wti,2023-04-21,69.85
crudo_oriente,2023-04-21,58.88
wti,2023-04-24,69.44
crudo_oriente,2023-04-24,58.48
wti,2023-04-25,68.51
crudo_oriente,2023-04-25,57.82
wti,2023-04-26,69.94
crudo_oriente,2023-04-26,59.2
wti,2023-04-27,69.79
crudo_oriente,2023-04-27,59.48
wti,2023-04-28,70.51
crudo_oriente,2023-04-28,59.29
wti,2023-05-01,70.17
crudo_oriente,2023-05-01,59.09
wti,2023-05-02,70.38
crudo_oriente,2023-05-02,60.02
wti,2023-05-03,70.02
crudo_oriente,2023-05-03,59.12
wti,2023-05-04,70.37
crudo_oriente,2023-05-04,59.06
wti,2023-05-05,70.19
crudo_oriente,2023-05-05,59.58
wti,2023-05-08,71.27
crudo_oriente,2023-05-08,59.66
wti,2023-05-09,71.98
crudo_oriente,2023-05-09,60.99
wti,2023-05-10,73.12
crudo_oriente,2023-05-10,62.49
wti,2023-05-11,74.76
crudo_oriente,2023-05-11,64.0
wti,2023-05-12,74.15
crudo_oriente,2023-05-12,62.93
wti,2023-05-15,72.59
crudo_oriente,2023-05-15,61.9
wti,2023-05-16,72.98
crudo_oriente,2023-05-16,62.39
wti,2023-05-17,73.17
crudo_oriente,2023-05-17,61.67
wti,2023-05-18,72.69
crudo_oriente,2023-05-18,61.67
wti,2023-05-19,72.74
crudo_oriente,2023-05-19,62.11
wti,2023-05-22,73.76
crudo_oriente,2023-05-22,62.93
wti,2023-05-23,71.77
crudo_oriente,2023-05-23,60.41
wti,2023-05-24,69.95
crudo_oriente,2023-05-24,58.69
wti,2023-05-25,69.11
crudo_oriente,2023-05-25,58.25
wti,2023-05-26,69.16
crudo_oriente,2023-05-26,58.63
wti,2023-05-29,70.16
crudo_oriente,2023-05-29,59.0
wti,2023-05-30,71.06
crudo_oriente,2023-05-30,60.08
wti,2023-05-31,71.46
crudo_oriente,2023-05-31,60.99
wti,2023-06-01,70.45
crudo_oriente,2023-06-01,59.43
wti,2023-06-02,71.81
crudo_oriente,2023-06-02,60.52
wti,2023-06-05,71.8
crudo_oriente,2023-06-05,60.88
wti,2023-06-06,71.35
crudo_oriente,2023-06-06,59.87
wti,2023-06-07,70.72
crudo_oriente,2023-06-07,59.36
wti,2023-06-08,71.63
crudo_oriente,2023-06-08,60.76
wti,2023-06-09,72.13
crudo_oriente,2023-06-09,60.71
wti,2023-06-12,72.29
crudo_oriente,2023-06-12,61.41
wti,2023-06-13,73.01
crudo_oriente,2023-06-13,61.79
wti,2023-06-14,73.44
crudo_oriente,2023-06-14,63.05
wti,2023-06-15,74.71
crudo_oriente,2023-06-15,63.42
wti,2023-06-16,73.27
crudo_oriente,2023-06-16,61.78
wti,2023-06-19,73.68
crudo_oriente,2023-06-19,63.01
wti,2023-06-20,73.61
crudo_oriente,2023-06-20,62.37
wti,2023-06-21,74.34
crudo_oriente,2023-06-21,64.08
wti,2023-06-22,73.86
crudo_oriente,2023-06-22,62.92
wti,2023-06-23,74.49
crudo_oriente,2023-06-23,63.81
wti,2023-06-26,75.09
crudo_oriente,2023-06-26,64.07
wti,2023-06-27,74.83
crudo_oriente,2023-06-27,63.84
wti,2023-06-28,73.79
crudo_oriente,2023-06-28,62.82
wti,2023-06-29,73.11
crudo_oriente,2023-06-29,62.46
wti,2023-06-30,72.48
crudo_oriente,2023-06-30,61.67
wti,2023-07-03,72.33
crudo_oriente,2023-07-03,61.03
wti,2023-07-04,73.68
crudo_oriente,2023-07-04,62.47
wti,2023-07-05,75.28
crudo_oriente,2023-07-05,64.83
wti,2023-07-06,73.13
crudo_oriente,2023-07-06,62.07
wti,2023-07-07,72.87
crudo_oriente,2023-07-07,62.08
wti,2023-07-10,73.4
crudo_oriente,2023-07-10,62.37
wti,2023-07-11,74.68
crudo_oriente,2023-07-11,63.85
wti,2023-07-12,75.62
crudo_oriente,2023-07-12,64.57
wti,2023-07-13,75.01
crudo_oriente,2023-07-13,64.76
wti,2023-07-14,74.86
crudo_oriente,2023-07-14,63.66
wti,2023-07-17,75.37
crudo_oriente,2023-07-17,65.03
wti,2023-07-18,75.39
crudo_oriente,2023-07-18,64.36
wti,2023-07-19,76.15
crudo_oriente,2023-07-19,65.8
wti,2023-07-20,76.1
crudo_oriente,2023-07-20,65.24
wti,2023-07-21,75.94
crudo_oriente,2023-07-21,66.27
wti,2023-07-24,76.5
crudo_oriente,2023-07-24,66.47
wti,2023-07-25,76.6
crudo_oriente,2023-07-25,66.05
wti,2023-07-26,75.01
crudo_oriente,2023-07-26,64.38
wti,2023-07-27,75.48
crudo_oriente,2023-07-27,64.66
wti,2023-07-28,75.52
crudo_oriente,2023-07-28,64.29
wti,2023-07-31,75.11
crudo_oriente,2023-07-31,64.5
wti,2023-08-01,75.08
crudo_oriente,2023-08-01,64.37
wti,2023-08-02,75.48
crudo_oriente,2023-08-02,64.62
wti,2023-08-03,75.38
crudo_oriente,2023-08-03,65.45
wti,2023-08-04,74.97
crudo_oriente,2023-08-04,64.12
wti,2023-08-07,75.85
crudo_oriente,2023-08-07,64.76
wti,2023-08-08,75.62
crudo_oriente,2023-08-08,65.33
wti,2023-08-09,77.15
crudo_oriente,2023-08-09,66.58
wti,2023-08-10,80.75
crudo_oriente,2023-08-10,70.46
wti,2023-08-11,82.19
crudo_oriente,2023-08-11,71.26
wti,2023-08-14,83.92
crudo_oriente,2023-08-14,73.98
wti,2023-08-15,83.58
crudo_oriente,2023-08-15,73.69
wti,2023-08-16,82.88
crudo_oriente,2023-08-16,71.85
wti,2023-08-17,83.02
crudo_oriente,2023-08-17,72.13
wti,2023-08-18,83.85
crudo_oriente,2023-08-18,72.85
wti,2023-08-21,84.6
crudo_oriente,2023-08-21,73.28
wti,2023-08-22,84.72
crudo_oriente,2023-08-22,74.58
wti,2023-08-23,84.61
crudo_oriente,2023-08-23,74.19
wti,2023-08-24,85.91
crudo_oriente,2023-08-24,74.94
wti,2023-08-25,84.72
crudo_oriente,2023-08-25,74.22
wti,2023-08-28,85.76
crudo_oriente,2023-08-28,75.14
wti,2023-08-29,84.99
crudo_oriente,2023-08-29,74.95
wti,2023-08-30,84.13
crudo_oriente,2023-08-30,73.52
wti,2023-08-31,84.51
crudo_oriente,2023-08-31,74.29
wti,2023-09-01,84.47
crudo_oriente,2023-09-01,73.65
wti,2023-09-04,87.47
crudo_oriente,2023-09-04,76.66
wti,2023-09-05,88.53
crudo_oriente,2023-09-05,77.99
wti,2023-09-06,88.17
crudo_oriente,2023-09-06,77.68
wti,2023-09-07,88.11
crudo_oriente,2023-09-07,77.76
wti,2023-09-08,85.72
crudo_oriente,2023-09-08,75.25
wti,2023-09-11,86.79
crudo_oriente,2023-09-11,75.96
wti,2023-09-12,86.85
crudo_oriente,2023-09-12,77.33
wti,2023-09-13,89.26
crudo_oriente,2023-09-13,79.08
wti,2023-09-14,89.78
crudo_oriente,2023-09-14,79.24
wti,2023-09-15,91.52
crudo_oriente,2023-09-15,80.93
wti,2023-09-18,91.26
crudo_oriente,2023-09-18,81.13
wti,2023-09-19,90.42
crudo_oriente,2023-09-19,79.72
wti,2023-09-20,92.31
crudo_oriente,2023-09-20,81.29
wti,2023-09-21,92.39
crudo_oriente,2023-09-21,82.05
wti,2023-09-22,92.84
crudo_oriente,2023-09-22,81.89
wti,2023-09-25,93.26
crudo_oriente,2023-09-25,82.77
wti,2023-09-26,95.6
crudo_oriente,2023-09-26,85.63
wti,2023-09-27,94.73
crudo_oriente,2023-09-27,84.72
wti,2023-09-28,95.06
crudo_oriente,2023-09-28,84.67
wti,2023-09-29,94.34
crudo_oriente,2023-09-29,83.88
wti,2023-10-02,91.78
crudo_oriente,2023-10-02,81.2
wti,2023-10-03,92.59
crudo_oriente,2023-10-03,82.83
wti,2023-10-04,94.32
crudo_oriente,2023-10-04,83.85
wti,2023-10-05,94.48
crudo_oriente,2023-10-05,83.23
wti,2023-10-06,93.62
crudo_oriente,2023-10-06,82.82
wti,2023-10-09,93.57
crudo_oriente,2023-10-09,82.63
wti,2023-10-10,91.87
crudo_oriente,2023-10-10,81.15
wti,2023-10-11,91.89
crudo_oriente,2023-10-11,81.94
wti,2023-10-12,90.47
crudo_oriente,2023-10-12,80.9
wti,2023-10-13,90.33
crudo_oriente,2023-10-13,79.74
wti,2023-10-16,89.93
crudo_oriente,2023-10-16,79.67
wti,2023-10-17,90.47
crudo_oriente,2023-10-17,80.36
wti,2023-10-18,92.41
crudo_oriente,2023-10-18,82.62
wti,2023-10-19,91.06
crudo_oriente,2023-10-19,81.13
wti,2023-10-20,91.35
crudo_oriente,2023-10-20,80.73
wti,2023-10-23,89.49
crudo_oriente,2023-10-23,78.96
wti,2023-10-24,86.46
crudo_oriente,2023-10-24,76.5
wti,2023-10-25,86.06
crudo_oriente,2023-10-25,76.34
wti,2023-10-26,85.34
crudo_oriente,2023-10-26,75.17
wti,2023-10-27,85.97
crudo_oriente,2023-10-27,76.15
wti,2023-10-30,85.65
crudo_oriente,2023-10-30,75.07
wti,2023-10-31,87.67
crudo_oriente,2023-10-31,77.84
wti,2023-11-01,88.63
crudo_oriente,2023-11-01,79.09
wti,2023-11-02,89.51
crudo_oriente,2023-11-02,79.52
wti,2023-11-03,89.31
crudo_oriente,2023-11-03,79.4
wti,2023-11-06,86.57
crudo_oriente,2023-11-06,76.75
wti,2023-11-07,85.09
crudo_oriente,2023-11-07,75.12
wti,2023-11-08,83.72
crudo_oriente,2023-11-08,73.88
wti,2023-11-09,83.0
crudo_oriente,2023-11-09,73.85
wti,2023-11-10,83.0
crudo_oriente,2023-11-10,73.08
wti,2023-11-13,81.46
crudo_oriente,2023-11-13,71.25
wti,2023-11-14,81.28
crudo_oriente,2023-11-14,71.07
wti,2023-11-15,80.73
crudo_oriente,2023-11-15,70.3
wti,2023-11-16,81.36
crudo_oriente,2023-11-16,71.13
wti,2023-11-17,80.4
crudo_oriente,2023-11-17,70.47
wti,2023-11-20,79.08
crudo_oriente,2023-11-20,68.95
wti,2023-11-21,78.56
crudo_oriente,2023-11-21,68.14
wti,2023-11-22,78.34
crudo_oriente,2023-11-22,67.97
wti,2023-11-23,77.17
crudo_oriente,2023-11-23,67.26
wti,2023-11-24,76.98
crudo_oriente,2023-11-24,66.37
wti,2023-11-27,76.26
crudo_oriente,2023-11-27,66.31
wti,2023-11-28,76.73
crudo_oriente,2023-11-28,66.86
wti,2023-11-29,76.97
crudo_oriente,2023-11-29,67.19
wti,2023-11-30,76.48
crudo_oriente,2023-11-30,66.17
wti,2023-12-01,77.03
crudo_oriente,2023-12-01,66.87
wti,2023-12-04,76.51
crudo_oriente,2023-12-04,66.78
wti,2023-12-05,77.26
crudo_oriente,2023-12-05,67.76
wti,2023-12-06,76.43
crudo_oriente,2023-12-06,66.31
wti,2023-12-07,76.79
crudo_oriente,2023-12-07,66.27
wti,2023-12-08,75.46
crudo_oriente,2023-12-08,65.74
wti,2023-12-11,74.38
crudo_oriente,2023-12-11,64.08
wti,2023-12-12,75.05
crudo_oriente,2023-12-12,65.31
wti,2023-12-13,75.73
crudo_oriente,2023-12-13,65.66
wti,2023-12-14,75.24
crudo_oriente,2023-12-14,65.18
wti,2023-12-15,75.3
crudo_oriente,2023-12-15,64.58
wti,2023-12-18,74.0
crudo_oriente,2023-12-18,64.37
wti,2023-12-19,73.16
crudo_oriente,2023-12-19,63.23
wti,2023-12-20,73.16
crudo_oriente,2023-12-20,63.47
wti,2023-12-21,72.62
crudo_oriente,2023-12-21,62.29
wti,2023-12-22,74.69
crudo_oriente,2023-12-22,64.53
wti,2023-12-25,75.41
crudo_oriente,2023-12-25,64.86
wti,2023-12-26,75.03
crudo_oriente,2023-12-26,65.09
wti,2023-12-27,76.25
crudo_oriente,2023-12-27,67.19
wti,2023-12-28,76.51
crudo_oriente,2023-12-28,66.27
wti,2023-12-29,75.13
crudo_oriente,2023-12-29,64.99
wti,2024-01-01,74.84
crudo_oriente,2024-01-01,65.11
wti,2024-01-02,74.07
crudo_oriente,2024-01-02,64.15
wti,2024-01-03,75.38
crudo_oriente,2024-01-03,66.12
wti,2024-01-04,73.65
crudo_oriente,2024-01-04,63.46
wti,2024-01-05,73.41
crudo_oriente,2024-01-05,64.11
wti,2024-01-08,73.56
crudo_oriente,2024-01-08,64.51
wti,2024-01-09,74.04
crudo_oriente,2024-01-09,64.81
wti,2024-01-10,73.42
crudo_oriente,2024-01-10,63.51
wti,2024-01-11,74.51
crudo_oriente,2024-01-11,64.96
wti,2024-01-12,72.99
crudo_oriente,2024-01-12,63.12
wti,2024-01-15,73.72
crudo_oriente,2024-01-15,64.22
wti,2024-01-16,73.42
crudo_oriente,2024-01-16,64.35
wti,2024-01-17,73.84
crudo_oriente,2024-01-17,64.66
wti,2024-01-18,74.46
crudo_oriente,2024-01-18,64.76
wti,2024-01-19,74.4
crudo_oriente,2024-01-19,64.22
wti,2024-01-22,75.71
crudo_oriente,2024-01-22,66.29
wti,2024-01-23,76.71
crudo_oriente,2024-01-23,66.86
wti,2024-01-24,75.88
crudo_oriente,2024-01-24,66.03
wti,2024-01-25,75.77
crudo_oriente,2024-01-25,66.07
wti,2024-01-26,76.86
crudo_oriente,2024-01-26,66.81
wti,2024-01-29,76.83
crudo_oriente,2024-01-29,67.42
wti,2024-01-30,77.81
crudo_oriente,2024-01-30,68.99
wti,2024-01-31,78.36
crudo_oriente,2024-01-31,68.37
wti,2024-02-01,77.44
crudo_oriente,2024-02-01,67.48
wti,2024-02-02,77.65
crudo_oriente,2024-02-02,68.09
wti,2024-02-05,78.03
crudo_oriente,2024-02-05,68.15
wti,2024-02-06,78.0
crudo_oriente,2024-02-06,68.34
wti,2024-02-07,78.71
crudo_oriente,2024-02-07,69.11
wti,2024-02-08,78.07
crudo_oriente,2024-02-08,67.99
wti,2024-02-09,79.63
crudo_oriente,2024-02-09,69.98
wti,2024-02-12,79.82
crudo_oriente,2024-02-12,70.21
wti,2024-02-13,80.96
crudo_oriente,2024-02-13,71.24
wti,2024-02-14,81.1
crudo_oriente,2024-02-14,71.42
wti,2024-02-15,81.63
crudo_oriente,2024-02-15,71.65
wti,2024-02-16,81.76
crudo_oriente,2024-02-16,72.58
wti,2024-02-19,83.17
crudo_oriente,2024-02-19,73.85
wti,2024-02-20,83.3
crudo_oriente,2024-02-20,74.35
wti,2024-02-21,83.84
crudo_oriente,2024-02-21,74.83
wti,2024-02-22,82.47
crudo_oriente,2024-02-22,72.5
wti,2024-02-23,83.21
crudo_oriente,2024-02-23,73.57
wti,2024-02-26,83.01
crudo_oriente,2024-02-26,73.12
wti,2024-02-27,84.44
crudo_oriente,2024-02-27,74.46
wti,2024-02-28,84.38
crudo_oriente,2024-02-28,74.33
wti,2024-02-29,84.07
crudo_oriente,2024-02-29,75.44
wti,2024-03-01,86.42
crudo_oriente,2024-03-01,76.73
wti,2024-03-04,85.41
crudo_oriente,2024-03-04,76.55
wti,2024-03-05,84.39
crudo_oriente,2024-03-05,74.22
wti,2024-03-06,84.69
crudo_oriente,2024-03-06,74.8
wti,2024-03-07,83.19
crudo_oriente,2024-03-07,74.16
wti,2024-03-08,82.59
crudo_oriente,2024-03-08,72.71
wti,2024-03-11,83.24
crudo_oriente,2024-03-11,73.71
wti,2024-03-12,84.5
crudo_oriente,2024-03-12,75.1
wti,2024-03-13,86.15
crudo_oriente,2024-03-13,77.16
wti,2024-03-14,87.87
crudo_oriente,2024-03-14,78.88
wti,2024-03-15,87.69
crudo_oriente,2024-03-15,78.47
wti,2024-03-18,87.81
crudo_oriente,2024-03-18,77.79
wti,2024-03-19,86.41
crudo_oriente,2024-03-19,77.3
wti,2024-03-20,84.01
crudo_oriente,2024-03-20,74.29
wti,2024-03-21,82.97
crudo_oriente,2024-03-21,73.55
wti,2024-03-22,82.3
crudo_oriente,2024-03-22,73.01
wti,2024-03-25,82.82
crudo_oriente,2024-03-25,73.27
wti,2024-03-26,82.4
crudo_oriente,2024-03-26,72.18
wti,2024-03-27,82.94
crudo_oriente,2024-03-27,73.08
wti,2024-03-28,83.08
crudo_oriente,2024-03-28,73.87
wti,2024-03-29,84.54
crudo_oriente,2024-03-29,75.47
wti,2024-04-01,86.64
crudo_oriente,2024-04-01,76.76
wti,2024-04-02,87.48
crudo_oriente,2024-04-02,78.76
wti,2024-04-03,87.96
crudo_oriente,2024-04-03,78.21
wti,2024-04-04,88.42
crudo_oriente,2024-04-04,78.9
wti,2024-04-05,87.76
crudo_oriente,2024-04-05,78.86
wti,2024-04-08,87.12
crudo_oriente,2024-04-08,77.39
wti,2024-04-09,86.26
crudo_oriente,2024-04-09,77.73
wti,2024-04-10,85.31
crudo_oriente,2024-04-10,76.29
wti,2024-04-11,85.48
crudo_oriente,2024-04-11,76.65
wti,2024-04-12,85.15
crudo_oriente,2024-04-12,75.52
wti,2024-04-15,84.23
crudo_oriente,2024-04-15,74.58
wti,2024-04-16,86.86
crudo_oriente,2024-04-16,77.69
wti,2024-04-17,86.29
crudo_oriente,2024-04-17,77.53
wti,2024-04-18,86.75
crudo_oriente,2024-04-18,77.44
wti,2024-04-19,87.11
crudo_oriente,2024-04-19,77.98
wti,2024-04-22,87.67
crudo_oriente,2024-04-22,79.1
wti,2024-04-23,86.94
crudo_oriente,2024-04-23,77.71
wti,2024-04-24,86.4
crudo_oriente,2024-04-24,77.66
wti,2024-04-25,86.47
crudo_oriente,2024-04-25,77.57
wti,2024-04-26,87.05
crudo_oriente,2024-04-26,77.61
wti,2024-04-29,86.5
crudo_oriente,2024-04-29,77.85
wti,2024-04-30,87.04
crudo_oriente,2024-04-30,78.19
wti,2024-05-01,86.3
crudo_oriente,2024-05-01,76.99
wti,2024-05-02,85.04
crudo_oriente,2024-05-02,75.77
wti,2024-05-03,84.69
crudo_oriente,2024-05-03,74.98
wti,2024-05-06,85.32
crudo_oriente,2024-05-06,75.88
wti,2024-05-07,85.2
crudo_oriente,2024-05-07,76.3
wti,2024-05-08,84.28
crudo_oriente,2024-05-08,74.46
wti,2024-05-09,84.95
crudo_oriente,2024-05-09,75.99
wti,2024-05-10,84.33
crudo_oriente,2024-05-10,75.65
wti,2024-05-13,84.63
crudo_oriente,2024-05-13,75.15
wti,2024-05-14,84.15
crudo_oriente,2024-05-14,74.38
wti,2024-05-15,83.54
crudo_oriente,2024-05-15,74.99
wti,2024-05-16,82.42
crudo_oriente,2024-05-16,73.65
wti,2024-05-17,80.77
crudo_oriente,2024-05-17,71.58
wti,2024-05-20,81.35
crudo_oriente,2024-05-20,72.95
wti,2024-05-21,81.63
crudo_oriente,2024-05-21,72.87
wti,2024-05-22,83.1
crudo_oriente,2024-05-22,73.1
wti,2024-05-23,81.1
crudo_oriente,2024-05-23,72.79
wti,2024-05-24,83.31
crudo_oriente,2024-05-24,74.5
wti,2024-05-27,82.69
crudo_oriente,2024-05-27,73.77
wti,2024-05-28,82.33
crudo_oriente,2024-05-28,73.08
wti,2024-05-29,81.96
crudo_oriente,2024-05-29,72.89
wti,2024-05-30,82.26
crudo_oriente,2024-05-30,73.52
wti,2024-05-31,82.83
crudo_oriente,2024-05-31,74.05
wti,2024-06-03,81.17
crudo_oriente,2024-06-03,72.72
wti,2024-06-04,78.36
crudo_oriente,2024-06-04,69.41
wti,2024-06-05,78.61
crudo_oriente,2024-06-05,69.42
wti,2024-06-06,80.26
crudo_oriente,2024-06-06,70.86
wti,2024-06-07,78.91
crudo_oriente,2024-06-07,69.73
wti,2024-06-10,78.88
crudo_oriente,2024-06-10,70.21
wti,2024-06-11,78.8
crudo_oriente,2024-06-11,70.08
wti,2024-06-12,77.96
crudo_oriente,2024-06-12,68.76
wti,2024-06-13,77.97
crudo_oriente,2024-06-13,68.48
wti,2024-06-14,78.01
crudo_oriente,2024-06-14,68.89
wti,2024-06-17,78.21
crudo_oriente,2024-06-17,68.87
wti,2024-06-18,77.52
crudo_oriente,2024-06-18,68.35
wti,2024-06-19,77.04
crudo_oriente,2024-06-19,67.7
wti,2024-06-20,76.69
crudo_oriente,2024-06-20,67.22
wti,2024-06-21,77.07
crudo_oriente,2024-06-21,68.39
wti,2024-06-24,76.64
crudo_oriente,2024-06-24,67.63
wti,2024-06-25,75.71
crudo_oriente,2024-06-25,66.4
wti,2024-06-26,75.45
crudo_oriente,2024-06-26,66.17
wti,2024-06-27,74.37
crudo_oriente,2024-06-27,65.51
wti,2024-06-28,74.4
crudo_oriente,2024-06-28,65.31
wti,2024-07-01,73.46
crudo_oriente,2024-07-01,64.52
wti,2024-07-02,72.95
crudo_oriente,2024-07-02,63.87
wti,2024-07-03,73.23
crudo_oriente,2024-07-03,64.59
wti,2024-07-04,73.95
crudo_oriente,2024-07-04,64.81
wti,2024-07-05,74.99
crudo_oriente,2024-07-05,65.64
wti,2024-07-08,74.45
crudo_oriente,2024-07-08,66.06
wti,2024-07-09,76.42
crudo_oriente,2024-07-09,67.58
wti,2024-07-10,75.77
crudo_oriente,2024-07-10,66.74
wti,2024-07-11,74.44
crudo_oriente,2024-07-11,65.49
wti,2024-07-12,73.92
crudo_oriente,2024-07-12,64.74
wti,2024-07-15,74.58
crudo_oriente,2024-07-15,65.4
wti,2024-07-16,75.84
crudo_oriente,2024-07-16,67.28
wti,2024-07-17,76.04
crudo_oriente,2024-07-17,66.94
wti,2024-07-18,75.19
crudo_oriente,2024-07-18,65.55
wti,2024-07-19,75.1
crudo_oriente,2024-07-19,66.13
wti,2024-07-22,74.84
crudo_oriente,2024-07-22,65.72
wti,2024-07-23,74.92
crudo_oriente,2024-07-23,65.48
wti,2024-07-24,72.68
crudo_oriente,2024-07-24,64.01
wti,2024-07-25,73.44
crudo_oriente,2024-07-25,63.37
wti,2024-07-26,74.3
crudo_oriente,2024-07-26,65.32
wti,2024-07-29,73.54
crudo_oriente,2024-07-29,64.11
wti,2024-07-30,72.39
crudo_oriente,2024-07-30,63.83
wti,2024-07-31,71.58
crudo_oriente,2024-07-31,62.73
wti,2024-08-01,71.31
crudo_oriente,2024-08-01,63.25
wti,2024-08-02,71.94
crudo_oriente,2024-08-02,62.6
wti,2024-08-05,71.07
crudo_oriente,2024-08-05,61.81
wti,2024-08-06,69.79
crudo_oriente,2024-08-06,60.71
wti,2024-08-07,70.66
crudo_oriente,2024-08-07,61.86
wti,2024-08-08,71.07
crudo_oriente,2024-08-08,62.21
wti,2024-08-09,70.54
crudo_oriente,2024-08-09,61.76
wti,2024-08-12,70.06
crudo_oriente,2024-08-12,62.0
wti,2024-08-13,71.39
crudo_oriente,2024-08-13,62.74
wti,2024-08-14,71.6
crudo_oriente,2024-08-14,62.03
wti,2024-08-15,71.17
crudo_oriente,2024-08-15,63.3
wti,2024-08-16,70.22
crudo_oriente,2024-08-16,61.74
wti,2024-08-19,70.73
crudo_oriente,2024-08-19,61.8
wti,2024-08-20,70.24
crudo_oriente,2024-08-20,61.29
wti,2024-08-21,70.62
crudo_oriente,2024-08-21,61.85
wti,2024-08-22,71.54
crudo_oriente,2024-08-22,63.22
wti,2024-08-23,71.09
crudo_oriente,2024-08-23,63.33
wti,2024-08-26,70.17
crudo_oriente,2024-08-26,61.17
wti,2024-08-27,69.63
crudo_oriente,2024-08-27,60.53
wti,2024-08-28,68.99
crudo_oriente,2024-08-28,60.21
wti,2024-08-29,69.45
crudo_oriente,2024-08-29,60.09
wti,2024-08-30,68.03
crudo_oriente,2024-08-30,58.98
wti,2024-09-02,67.34
crudo_oriente,2024-09-02,58.77
wti,2024-09-03,66.58
crudo_oriente,2024-09-03,58.42
wti,2024-09-04,66.09
crudo_oriente,2024-09-04,57.27
wti,2024-09-05,66.08
crudo_oriente,2024-09-05,57.8
wti,2024-09-06,66.25
crudo_oriente,2024-09-06,57.52
wti,2024-09-09,65.48
crudo_oriente,2024-09-09,56.82
wti,2024-09-10,65.73
crudo_oriente,2024-09-10,56.87
wti,2024-09-11,65.8
crudo_oriente,2024-09-11,56.37
wti,2024-09-12,65.49
crudo_oriente,2024-09-12,57.23
wti,2024-09-13,66.7
crudo_oriente,2024-09-13,57.96
wti,2024-09-16,65.17
crudo_oriente,2024-09-16,57.17
wti,2024-09-17,65.22
crudo_oriente,2024-09-17,57.51
wti,2024-09-18,65.08
crudo_oriente,2024-09-18,56.77
wti,2024-09-19,64.81
crudo_oriente,2024-09-19,56.65
wti,2024-09-20,65.92
crudo_oriente,2024-09-20,56.81
wti,2024-09-23,67.15
crudo_oriente,2024-09-23,59.57
wti,2024-09-24,66.99
crudo_oriente,2024-09-24,57.84
wti,2024-09-25,67.25
crudo_oriente,2024-09-25,58.41
wti,2024-09-26,66.11
crudo_oriente,2024-09-26,57.03
wti,2024-09-27,66.44
crudo_oriente,2024-09-27,57.17
wti,2024-09-30,67.49
crudo_oriente,2024-09-30,59.0
wti,2024-10-01,67.37
crudo_oriente,2024-10-01,59.25
wti,2024-10-02,66.69
crudo_oriente,2024-10-02,58.3
wti,2024-10-03,65.77
crudo_oriente,2024-10-03,56.98
wti,2024-10-04,66.46
crudo_oriente,2024-10-04,57.6
wti,2024-10-07,66.62
crudo_oriente,2024-10-07,58.23
wti,2024-10-08,67.95
crudo_oriente,2024-10-08,59.81
wti,2024-10-09,68.33
crudo_oriente,2024-10-09,59.59
wti,2024-10-10,67.19
crudo_oriente,2024-10-10,59.21
wti,2024-10-11,68.76
crudo_oriente,2024-10-11,59.29
wti,2024-10-14,69.52
crudo_oriente,2024-10-14,60.88
wti,2024-10-15,69.98
crudo_oriente,2024-10-15,61.48
wti,2024-10-16,69.68
crudo_oriente,2024-10-16,61.05
wti,2024-10-17,69.53
crudo_oriente,2024-10-17,61.37
wti,2024-10-18,69.23
crudo_oriente,2024-10-18,60.4
wti,2024-10-21,69.81
crudo_oriente,2024-10-21,61.45
wti,2024-10-22,70.06
crudo_oriente,2024-10-22,61.56
wti,2024-10-23,71.14
crudo_oriente,2024-10-23,62.97
wti,2024-10-24,71.09
crudo_oriente,2024-10-24,62.41
wti,2024-10-25,71.42
crudo_oriente,2024-10-25,62.09
wti,2024-10-28,70.86
crudo_oriente,2024-10-28,61.99
wti,2024-10-29,70.83
crudo_oriente,2024-10-29,62.09
wti,2024-10-30,72.71
crudo_oriente,2024-10-30,64.41
wti,2024-10-31,72.7
crudo_oriente,2024-10-31,64.99
wti,2024-11-01,72.36
crudo_oriente,2024-11-01,63.65
wti,2024-11-04,73.2
crudo_oriente,2024-11-04,64.95
wti,2024-11-05,73.61
crudo_oriente,2024-11-05,65.51
wti,2024-11-06,72.9
crudo_oriente,2024-11-06,64.07
wti,2024-11-07,71.97
crudo_oriente,2024-11-07,63.44
wti,2024-11-08,72.58
crudo_oriente,2024-11-08,63.61
wti,2024-11-11,71.96
crudo_oriente,2024-11-11,62.88
wti,2024-11-12,73.43
crudo_oriente,2024-11-12,65.19
wti,2024-11-13,73.26
crudo_oriente,2024-11-13,64.24
wti,2024-11-14,72.07
crudo_oriente,2024-11-14,63.28
wti,2024-11-15,71.9
crudo_oriente,2024-11-15,62.87
wti,2024-11-18,71.65
crudo_oriente,2024-11-18,63.59
wti,2024-11-19,71.52
crudo_oriente,2024-11-19,63.03
wti,2024-11-20,69.7
crudo_oriente,2024-11-20,61.07
wti,2024-11-21,69.66
crudo_oriente,2024-11-21,60.86
wti,2024-11-22,68.63
crudo_oriente,2024-11-22,60.08
wti,2024-11-25,68.12
crudo_oriente,2024-11-25,59.39
wti,2024-11-26,67.12
crudo_oriente,2024-11-26,58.57
wti,2024-11-27,68.19
crudo_oriente,2024-11-27,59.35
wti,2024-11-28,68.7
crudo_oriente,2024-11-28,59.6
wti,2024-11-29,69.37
crudo_oriente,2024-11-29,61.08
wti,2024-12-02,69.32
crudo_oriente,2024-12-02,61.17
wti,2024-12-03,68.79
crudo_oriente,2024-12-03,60.32
wti,2024-12-04,70.38
crudo_oriente,2024-12-04,61.88
wti,2024-12-05,69.55
crudo_oriente,2024-12-05,61.51
wti,2024-12-06,70.15
crudo_oriente,2024-12-06,61.55
wti,2024-12-09,68.9
crudo_oriente,2024-12-09,59.7
wti,2024-12-10,67.95
crudo_oriente,2024-12-10,60.06
wti,2024-12-11,68.53
crudo_oriente,2024-12-11,59.73
wti,2024-12-12,69.75
crudo_oriente,2024-12-12,61.85
wti,2024-12-13,69.25
crudo_oriente,2024-12-13,60.97
wti,2024-12-16,68.28
crudo_oriente,2024-12-16,59.97
wti,2024-12-17,70.08
crudo_oriente,2024-12-17,61.08
wti,2024-12-18,70.3
crudo_oriente,2024-12-18,61.6
wti,2024-12-19,70.39
crudo_oriente,2024-12-19,61.97
wti,2024-12-20,70.77
crudo_oriente,2024-12-20,62.67
wti,2024-12-23,71.43
crudo_oriente,2024-12-23,63.4
wti,2024-12-24,72.34
crudo_oriente,2024-12-24,64.34
wti,2024-12-25,71.77
crudo_oriente,2024-12-25,63.5
wti,2024-12-26,71.52
crudo_oriente,2024-12-26,62.76
wti,2024-12-27,73.23
crudo_oriente,2024-12-27,64.92
wti,2024-12-30,73.3
crudo_oriente,2024-12-30,64.06
wti,2024-12-31,73.03
crudo_oriente,2024-12-31,64.91
wti,2025-01-01,72.62
crudo_oriente,2025-01-01,63.99
wti,2025-01-02,73.64
crudo_oriente,2025-01-02,65.11
wti,2025-01-03,73.03
crudo_oriente,2025-01-03,64.58
wti,2025-01-06,72.26
crudo_oriente,2025-01-06,64.27
wti,2025-01-07,72.48
crudo_oriente,2025-01-07,64.06
wti,2025-01-08,71.89
crudo_oriente,2025-01-08,63.41
wti,2025-01-09,73.06
crudo_oriente,2025-01-09,64.55
wti,2025-01-10,73.23
crudo_oriente,2025-01-10,64.23
wti,2025-01-13,72.8
crudo_oriente,2025-01-13,64.68
wti,2025-01-14,73.45
crudo_oriente,2025-01-14,65.2
wti,2025-01-15,73.45
crudo_oriente,2025-01-15,65.2
wti,2025-01-16,73.84
crudo_oriente,2025-01-16,66.26
wti,2025-01-17,73.44
crudo_oriente,2025-01-17,64.75
wti,2025-01-20,73.1
crudo_oriente,2025-01-20,64.7
wti,2025-01-21,73.09
crudo_oriente,2025-01-21,65.03
wti,2025-01-22,72.66
crudo_oriente,2025-01-22,64.13
wti,2025-01-23,72.38
crudo_oriente,2025-01-23,63.54
wti,2025-01-24,72.09
crudo_oriente,2025-01-24,63.39
wti,2025-01-27,71.66
crudo_oriente,2025-01-27,63.36
wti,2025-01-28,70.98
crudo_oriente,2025-01-28,62.17
wti,2025-01-29,70.58
crudo_oriente,2025-01-29,61.97
wti,2025-01-30,70.05
crudo_oriente,2025-01-30,61.98
wti,2025-01-31,70.44
crudo_oriente,2025-01-31,61.6
wti,2025-02-03,70.46
crudo_oriente,2025-02-03,62.67
wti,2025-02-04,70.89
crudo_oriente,2025-02-04,62.68
wti,2025-02-05,70.28
crudo_oriente,2025-02-05,62.64
wti,2025-02-06,69.53
crudo_oriente,2025-02-06,60.62
wti,2025-02-07,69.18
crudo_oriente,2025-02-07,60.98
wti,2025-02-10,67.67
crudo_oriente,2025-02-10,58.89
wti,2025-02-11,68.92
crudo_oriente,2025-02-11,60.67
wti,2025-02-12,69.1
crudo_oriente,2025-02-12,60.58
wti,2025-02-13,67.45
crudo_oriente,2025-02-13,59.08
wti,2025-02-14,68.17
crudo_oriente,2025-02-14,59.62
wti,2025-02-17,66.1
crudo_oriente,2025-02-17,57.75
wti,2025-02-18,65.66
crudo_oriente,2025-02-18,57.38
wti,2025-02-19,64.67
crudo_oriente,2025-02-19,56.27
wti,2025-02-20,64.16
crudo_oriente,2025-02-20,56.22
wti,2025-02-21,64.19
crudo_oriente,2025-02-21,56.26
wti,2025-02-24,63.77
crudo_oriente,2025-02-24,54.67
wti,2025-02-25,62.26
crudo_oriente,2025-02-25,54.21
wti,2025-02-26,62.93
crudo_oriente,2025-02-26,55.01
wti,2025-02-27,62.84
crudo_oriente,2025-02-27,53.88
wti,2025-02-28,62.44
crudo_oriente,2025-02-28,54.34
wti,2025-03-03,63.13
crudo_oriente,2025-03-03,54.75
wti,2025-03-04,62.59
crudo_oriente,2025-03-04,54.04
wti,2025-03-05,63.23
crudo_oriente,2025-03-05,55.33
wti,2025-03-06,61.75
crudo_oriente,2025-03-06,53.99
wti,2025-03-07,61.06
crudo_oriente,2025-03-07,52.25
wti,2025-03-10,59.7
crudo_oriente,2025-03-10,51.19
wti,2025-03-11,61.42
crudo_oriente,2025-03-11,54.19
wti,2025-03-12,60.48
crudo_oriente,2025-03-12,51.99
wti,2025-03-13,60.59
crudo_oriente,2025-03-13,52.53
wti,2025-03-14,60.24
crudo_oriente,2025-03-14,51.4
wti,2025-03-17,59.67
crudo_oriente,2025-03-17,51.2
wti,2025-03-18,58.47
crudo_oriente,2025-03-18,50.32
wti,2025-03-19,57.61
crudo_oriente,2025-03-19,48.73
wti,2025-03-20,58.82
crudo_oriente,2025-03-20,50.98
wti,2025-03-21,59.86
crudo_oriente,2025-03-21,51.71
wti,2025-03-24,59.23
crudo_oriente,2025-03-24,51.01
wti,2025-03-25,58.27
crudo_oriente,2025-03-25,50.37
wti,2025-03-26,58.49
crudo_oriente,2025-03-26,50.19
wti,2025-03-27,57.25
crudo_oriente,2025-03-27,49.03
wti,2025-03-28,58.44
crudo_oriente,2025-03-28,50.83
wti,2025-03-31,58.73
crudo_oriente,2025-03-31,50.42
wti,2025-04-01,58.73
crudo_oriente,2025-04-01,50.78
wti,2025-04-02,58.75
crudo_oriente,2025-04-02,51.0
wti,2025-04-03,58.18
crudo_oriente,2025-04-03,49.11
wti,2025-04-04,56.51
crudo_oriente,2025-04-04,47.99
wti,2025-04-07,55.42
crudo_oriente,2025-04-07,47.52
wti,2025-04-08,56.24
crudo_oriente,2025-04-08,48.1
wti,2025-04-09,56.99
crudo_oriente,2025-04-09,48.87
wti,2025-04-10,57.45
crudo_oriente,2025-04-10,49.12
wti,2025-04-11,57.5
crudo_oriente,2025-04-11,49.83
wti,2025-04-14,58.09
crudo_oriente,2025-04-14,49.94
wti,2025-04-15,59.24
crudo_oriente,2025-04-15,51.5
wti,2025-04-16,59.23
crudo_oriente,2025-04-16,51.21
wti,2025-04-17,58.82
crudo_oriente,2025-04-17,50.75
wti,2025-04-18,59.37
crudo_oriente,2025-04-18,51.25
wti,2025-04-21,60.23
crudo_oriente,2025-04-21,52.26
wti,2025-04-22,58.78
crudo_oriente,2025-04-22,50.35
wti,2025-04-23,59.28
crudo_oriente,2025-04-23,50.98
wti,2025-04-24,59.04
crudo_oriente,2025-04-24,50.84
wti,2025-04-25,60.61
crudo_oriente,2025-04-25,52.42
wti,2025-04-28,60.92
crudo_oriente,2025-04-28,52.64
wti,2025-04-29,60.45
crudo_oriente,2025-04-29,52.55
wti,2025-04-30,60.2
crudo_oriente,2025-04-30,52.47
wti,2025-05-01,61.31
crudo_oriente,2025-05-01,53.45
wti,2025-05-02,62.45
crudo_oriente,2025-05-02,54.33
wti,2025-05-05,61.92
crudo_oriente,2025-05-05,53.82
wti,2025-05-06,62.8
crudo_oriente,2025-05-06,54.13
wti,2025-05-07,62.28
crudo_oriente,2025-05-07,54.64
wti,2025-05-08,63.02
crudo_oriente,2025-05-08,55.48
wti,2025-05-09,63.88
crudo_oriente,2025-05-09,55.85
wti,2025-05-12,64.95
crudo_oriente,2025-05-12,57.23
wti,2025-05-13,65.21
crudo_oriente,2025-05-13,57.07
wti,2025-05-14,65.72
crudo_oriente,2025-05-14,57.55
wti,2025-05-15,67.82
crudo_oriente,2025-05-15,59.47
wti,2025-05-16,66.71
crudo_oriente,2025-05-16,58.16
wti,2025-05-19,68.15
crudo_oriente,2025-05-19,59.96
wti,2025-05-20,68.39
crudo_oriente,2025-05-20,60.28
wti,2025-05-21,68.73
crudo_oriente,2025-05-21,60.13
wti,2025-05-22,68.9
crudo_oriente,2025-05-22,60.64
wti,2025-05-23,69.87
crudo_oriente,2025-05-23,62.09
wti,2025-05-26,69.34
crudo_oriente,2025-05-26,60.94
wti,2025-05-27,69.95
crudo_oriente,2025-05-27,62.4
wti,2025-05-28,70.68
crudo_oriente,2025-05-28,62.61
wti,2025-05-29,71.65
crudo_oriente,2025-05-29,62.72
wti,2025-05-30,71.2
crudo_oriente,2025-05-30,62.81
wti,2025-06-02,70.85
crudo_oriente,2025-06-02,63.07
wti,2025-06-03,71.23
crudo_oriente,2025-06-03,63.35
wti,2025-06-04,71.26
crudo_oriente,2025-06-04,63.51
wti,2025-06-05,72.06
crudo_oriente,2025-06-05,63.85
wti,2025-06-06,72.94
crudo_oriente,2025-06-06,64.59
wti,2025-06-09,74.93
crudo_oriente,2025-06-09,66.44
wti,2025-06-10,74.58
crudo_oriente,2025-06-10,66.18
wti,2025-06-11,74.57
crudo_oriente,2025-06-11,67.11
wti,2025-06-12,73.91
crudo_oriente,2025-06-12,66.63
wti,2025-06-13,75.19
crudo_oriente,2025-06-13,67.37
wti,2025-06-16,75.09
crudo_oriente,2025-06-16,67.48
wti,2025-06-17,72.69
crudo_oriente,2025-06-17,64.42
wti,2025-06-18,73.8
crudo_oriente,2025-06-18,65.82
wti,2025-06-19,76.16
crudo_oriente,2025-06-19,67.94
wti,2025-06-20,75.0
crudo_oriente,2025-06-20,66.95
wti,2025-06-23,75.19
crudo_oriente,2025-06-23,67.9
wti,2025-06-24,73.47
crudo_oriente,2025-06-24,65.58
wti,2025-06-25,74.52
crudo_oriente,2025-06-25,66.3
wti,2025-06-26,73.98
crudo_oriente,2025-06-26,65.55
wti,2025-06-27,74.53
crudo_oriente,2025-06-27,66.91
wti,2025-06-30,74.73
crudo_oriente,2025-06-30,66.89
wti,2025-07-01,75.38
crudo_oriente,2025-07-01,67.4
wti,2025-07-02,75.73
crudo_oriente,2025-07-02,68.11
wti,2025-07-03,76.55
crudo_oriente,2025-07-03,68.82
wti,2025-07-04,76.2
crudo_oriente,2025-07-04,68.55
wti,2025-07-07,74.31
crudo_oriente,2025-07-07,65.7
wti,2025-07-08,75.5
crudo_oriente,2025-07-08,67.63
wti,2025-07-09,74.24
crudo_oriente,2025-07-09,66.09
wti,2025-07-10,73.89
crudo_oriente,2025-07-10,66.0
wti,2025-07-11,73.04
crudo_oriente,2025-07-11,65.51
wti,2025-07-14,71.35
crudo_oriente,2025-07-14,64.54
wti,2025-07-15,70.49
crudo_oriente,2025-07-15,63.23
wti,2025-07-16,71.15
crudo_oriente,2025-07-16,62.58
wti,2025-07-17,70.18
crudo_oriente,2025-07-17,62.3
wti,2025-07-18,70.53
crudo_oriente,2025-07-18,62.46
wti,2025-07-21,70.48
crudo_oriente,2025-07-21,62.65
wti,2025-07-22,69.61
crudo_oriente,2025-07-22,61.74
wti,2025-07-23,71.63
crudo_oriente,2025-07-23,63.48
wti,2025-07-24,70.73
crudo_oriente,2025-07-24,63.1
wti,2025-07-25,71.87
crudo_oriente,2025-07-25,64.39
wti,2025-07-28,71.1
crudo_oriente,2025-07-28,63.18
wti,2025-07-29,71.22
crudo_oriente,2025-07-29,63.26
wti,2025-07-30,71.49
crudo_oriente,2025-07-30,64.04
wti,2025-07-31,71.85
crudo_oriente,2025-07-31,63.97
wti,2025-08-01,71.54
crudo_oriente,2025-08-01,64.37
wti,2025-08-04,70.26
crudo_oriente,2025-08-04,63.17
wti,2025-08-05,70.85
crudo_oriente,2025-08-05,63.02
wti,2025-08-06,70.16
crudo_oriente,2025-08-06,63.02
wti,2025-08-07,71.15
crudo_oriente,2025-08-07,63.64
wti,2025-08-08,72.78
crudo_oriente,2025-08-08,64.21
wti,2025-08-11,72.42
crudo_oriente,2025-08-11,64.44
wti,2025-08-12,71.53
crudo_oriente,2025-08-12,63.7
wti,2025-08-13,71.78
crudo_oriente,2025-08-13,64.13
wti,2025-08-14,71.43
crudo_oriente,2025-08-14,63.06
wti,2025-08-15,71.7
crudo_oriente,2025-08-15,64.09
wti,2025-08-18,73.11
crudo_oriente,2025-08-18,65.64
wti,2025-08-19,72.72
crudo_oriente,2025-08-19,64.42
wti,2025-08-20,74.7
crudo_oriente,2025-08-20,66.59
wti,2025-08-21,74.28
crudo_oriente,2025-08-21,66.74
wti,2025-08-22,74.16
crudo_oriente,2025-08-22,66.85
wti,2025-08-25,72.57
crudo_oriente,2025-08-25,64.47
wti,2025-08-26,72.31
crudo_oriente,2025-08-26,64.0
wti,2025-08-27,71.41
crudo_oriente,2025-08-27,64.14
wti,2025-08-28,71.36
crudo_oriente,2025-08-28,63.5
wti,2025-08-29,70.59
crudo_oriente,2025-08-29,62.79
wti,2025-09-01,70.18
crudo_oriente,2025-09-01,61.95
wti,2025-09-02,70.63
crudo_oriente,2025-09-02,62.31
wti,2025-09-03,71.44
crudo_oriente,2025-09-03,63.5
wti,2025-09-04,69.19
crudo_oriente,2025-09-04,60.77
wti,2025-09-05,69.3
crudo_oriente,2025-09-05,61.15
wti,2025-09-08,70.5
crudo_oriente,2025-09-08,63.25
wti,2025-09-09,71.97
crudo_oriente,2025-09-09,64.53
wti,2025-09-10,72.67
crudo_oriente,2025-09-10,64.64
wti,2025-09-11,73.25
crudo_oriente,2025-09-11,65.29
wti,2025-09-12,72.6
crudo_oriente,2025-09-12,64.27
wti,2025-09-15,71.95
crudo_oriente,2025-09-15,64.33
wti,2025-09-16,71.4
crudo_oriente,2025-09-16,63.18
wti,2025-09-17,71.72
crudo_oriente,2025-09-17,64.3
wti,2025-09-18,71.15
crudo_oriente,2025-09-18,63.68
wti,2025-09-19,71.55
crudo_oriente,2025-09-19,63.38
wti,2025-09-22,70.88
crudo_oriente,2025-09-22,62.37
wti,2025-09-23,69.58
crudo_oriente,2025-09-23,61.98
wti,2025-09-24,68.55
crudo_oriente,2025-09-24,60.94
wti,2025-09-25,68.63
crudo_oriente,2025-09-25,60.05
wti,2025-09-26,68.01
crudo_oriente,2025-09-26,60.85
wti,2025-09-29,67.7
crudo_oriente,2025-09-29,60.0
wti,2025-09-30,66.98
crudo_oriente,2025-09-30,58.59
wti,2025-10-01,65.63
crudo_oriente,2025-10-01,59.02
wti,2025-10-02,65.52
crudo_oriente,2025-10-02,57.42
wti,2025-10-03,65.64
crudo_oriente,2025-10-03,57.12
wti,2025-10-06,66.61
crudo_oriente,2025-10-06,59.55
wti,2025-10-07,65.92
crudo_oriente,2025-10-07,58.31
wti,2025-10-08,65.17
crudo_oriente,2025-10-08,57.78
wti,2025-10-09,64.55
crudo_oriente,2025-10-09,56.76
wti,2025-10-10,65.65
crudo_oriente,2025-10-10,58.12
wti,2025-10-13,65.21
crudo_oriente,2025-10-13,56.88
wti,2025-10-14,63.97
crudo_oriente,2025-10-14,56.73
wti,2025-10-15,64.47
crudo_oriente,2025-10-15,56.77
wti,2025-10-16,65.49
crudo_oriente,2025-10-16,57.83
wti,2025-10-17,64.86
crudo_oriente,2025-10-17,57.1
wti,2025-10-20,64.64
crudo_oriente,2025-10-20,56.92
wti,2025-10-21,66.59
crudo_oriente,2025-10-21,59.11
wti,2025-10-22,66.59
crudo_oriente,2025-10-22,58.78
wti,2025-10-23,65.84
crudo_oriente,2025-10-23,57.73
wti,2025-10-24,64.23
crudo_oriente,2025-10-24,56.34
wti,2025-10-27,62.94
crudo_oriente,2025-10-27,54.5
wti,2025-10-28,62.34
crudo_oriente,2025-10-28,53.84
wti,2025-10-29,63.54
crudo_oriente,2025-10-29,56.34
wti,2025-10-30,62.85
crudo_oriente,2025-10-30,55.97
wti,2025-10-31,63.45
crudo_oriente,2025-10-31,54.75
wti,2025-11-03,63.35
crudo_oriente,2025-11-03,55.27
wti,2025-11-04,62.07
crudo_oriente,2025-11-04,54.28
wti,2025-11-05,63.07
crudo_oriente,2025-11-05,55.57
wti,2025-11-06,62.01
crudo_oriente,2025-11-06,54.07
wti,2025-11-07,61.58
crudo_oriente,2025-11-07,54.36
wti,2025-11-10,61.53
crudo_oriente,2025-11-10,53.47
wti,2025-11-11,61.01
crudo_oriente,2025-11-11,52.56
wti,2025-11-12,60.59
crudo_oriente,2025-11-12,53.28
wti,2025-11-13,59.44
crudo_oriente,2025-11-13,51.85
wti,2025-11-14,59.69
crudo_oriente,2025-11-14,52.35
wti,2025-11-17,59.03
crudo_oriente,2025-11-17,51.74
wti,2025-11-18,60.49
crudo_oriente,2025-11-18,53.75
wti,2025-11-19,59.51
crudo_oriente,2025-11-19,51.85
wti,2025-11-20,59.64
crudo_oriente,2025-11-20,52.04
wti,2025-11-21,59.2
crudo_oriente,2025-11-21,51.89
wti,2025-11-24,61.05
crudo_oriente,2025-11-24,54.01
wti,2025-11-25,60.45
crudo_oriente,2025-11-25,52.58
wti,2025-11-26,61.14
crudo_oriente,2025-11-26,53.55
wti,2025-11-27,60.65
crudo_oriente,2025-11-27,53.51
wti,2025-11-28,61.14
crudo_oriente,2025-11-28,53.92
wti,2025-12-01,60.93
crudo_oriente,2025-12-01,53.82
wti,2025-12-02,60.65
crudo_oriente,2025-12-02,52.58
wti,2025-12-03,60.72
crudo_oriente,2025-12-03,52.54
wti,2025-12-04,61.71
crudo_oriente,2025-12-04,54.38
wti,2025-12-05,60.43
crudo_oriente,2025-12-05,52.88
wti,2025-12-08,60.99
crudo_oriente,2025-12-08,53.23
wti,2025-12-09,61.3
crudo_oriente,2025-12-09,53.45
wti,2025-12-10,61.21
crudo_oriente,2025-12-10,53.56
wti,2025-12-11,61.53
crudo_oriente,2025-12-11,53.53
wti,2025-12-12,60.62
crudo_oriente,2025-12-12,53.15
wti,2025-12-15,60.12
crudo_oriente,2025-12-15,52.73
wti,2025-12-16,59.79
crudo_oriente,2025-12-16,51.67
wti,2025-12-17,60.39
crudo_oriente,2025-12-17,52.9
wti,2025-12-18,60.92
crudo_oriente,2025-12-18,53.19
wti,2025-12-19,60.59
crudo_oriente,2025-12-19,53.51
wti,2025-12-22,59.19
crudo_oriente,2025-12-22,52.3
wti,2025-12-23,59.64
crudo_oriente,2025-12-23,52.03
wti,2025-12-24,59.73
crudo_oriente,2025-12-24,52.39
wti,2025-12-25,59.18
crudo_oriente,2025-12-25,51.72
wti,2025-12-26,58.56
crudo_oriente,2025-12-26,50.25
wti,2025-12-29,58.68
crudo_oriente,2025-12-29,51.15
wti,2025-12-30,59.22
crudo_oriente,2025-12-30,51.87
wti,2025-12-31,59.74
crudo_oriente,2025-12-31,52.49
wti,2026-01-01,59.03
crudo_oriente,2026-01-01,51.95
wti,2026-01-02,61.09
crudo_oriente,2026-01-02,53.3
wti,2026-01-05,60.11
crudo_oriente,2026-01-05,52.83
wti,2026-01-06,60.8
crudo_oriente,2026-01-06,53.65
wti,2026-01-07,61.88
crudo_oriente,2026-01-07,53.78
wti,2026-01-08,62.01
crudo_oriente,2026-01-08,54.64
wti,2026-01-09,62.78
crudo_oriente,2026-01-09,54.87
wti,2026-01-12,62.58
crudo_oriente,2026-01-12,54.89
wti,2026-01-13,62.24
crudo_oriente,2026-01-13,54.64
wti,2026-01-14,61.94
crudo_oriente,2026-01-14,53.69
wti,2026-01-15,61.76
crudo_oriente,2026-01-15,54.25
wti,2026-01-16,61.34
crudo_oriente,2026-01-16,52.38
wti,2026-01-19,60.78
crudo_oriente,2026-01-19,52.98
wti,2026-01-20,60.12
crudo_oriente,2026-01-20,53.23
wti,2026-01-21,60.83
crudo_oriente,2026-01-21,53.23
wti,2026-01-22,61.25
crudo_oriente,2026-01-22,55.04
wti,2026-01-23,60.47
crudo_oriente,2026-01-23,53.14
wti,2026-01-26,60.07
crudo_oriente,2026-01-26,53.16
wti,2026-01-27,60.94
crudo_oriente,2026-01-27,53.38
wti,2026-01-28,61.36
crudo_oriente,2026-01-28,53.53
wti,2026-01-29,60.13
crudo_oriente,2026-01-29,52.96
wti,2026-01-30,61.38
crudo_oriente,2026-01-30,53.76
wti,2026-02-02,60.96
crudo_oriente,2026-02-02,52.74
wti,2026-02-03,62.54
crudo_oriente,2026-02-03,54.56
wti,2026-02-04,61.63
crudo_oriente,2026-02-04,54.06
wti,2026-02-05,62.45
crudo_oriente,2026-02-05,54.98
wti,2026-02-06,62.27
crudo_oriente,2026-02-06,54.79
wti,2026-02-09,62.79
crudo_oriente,2026-02-09,55.29
wti,2026-02-10,62.72
crudo_oriente,2026-02-10,55.2
wti,2026-02-11,61.7
crudo_oriente,2026-02-11,54.75
wti,2026-02-12,61.1
crudo_oriente,2026-02-12,53.09
wti,2026-02-13,60.76
crudo_oriente,2026-02-13,53.3
wti,2026-02-16,61.41
crudo_oriente,2026-02-16,53.35
wti,2026-02-17,60.44
crudo_oriente,2026-02-17,53.04
wti,2026-02-18,60.77
crudo_oriente,2026-02-18,52.86
wti,2026-02-19,59.97
crudo_oriente,2026-02-19,52.57
wti,2026-02-20,59.97
crudo_oriente,2026-02-20,51.85
wti,2026-02-23,59.47
crudo_oriente,2026-02-23,52.61
wti,2026-02-24,58.87
crudo_oriente,2026-02-24,51.84
wti,2026-02-25,58.01
crudo_oriente,2026-02-25,51.15
wti,2026-02-26,59.45
crudo_oriente,2026-02-26,51.75
wti,2026-02-27,59.13
crudo_oriente,2026-02-27,51.93
wti,2026-03-02,58.48
crudo_oriente,2026-03-02,51.26
wti,2026-03-03,59.61
crudo_oriente,2026-03-03,52.28
wti,2026-03-04,60.01
crudo_oriente,2026-03-04,52.5
wti,2026-03-05,60.86
crudo_oriente,2026-03-05,53.09
wti,2026-03-06,62.08
crudo_oriente,2026-03-06,54.63
wti,2026-03-09,61.79
crudo_oriente,2026-03-09,53.7
wti,2026-03-10,61.41
crudo_oriente,2026-03-10,54.08
wti,2026-03-11,62.33
crudo_oriente,2026-03-11,54.26
wti,2026-03-12,62.14
crudo_oriente,2026-03-12,54.44
wti,2026-03-13,61.17
crudo_oriente,2026-03-13,53.75
wti,2026-03-16,60.66
crudo_oriente,2026-03-16,53.6
wti,2026-03-17,58.79
crudo_oriente,2026-03-17,51.68
wti,2026-03-18,57.71
crudo_oriente,2026-03-18,49.52
wti,2026-03-19,58.44
crudo_oriente,2026-03-19,50.9
wti,2026-03-20,58.83
crudo_oriente,2026-03-20,51.03
wti,2026-03-23,58.38
crudo_oriente,2026-03-23,50.68
wti,2026-03-24,58.65
crudo_oriente,2026-03-24,50.91
wti,2026-03-25,58.63
crudo_oriente,2026-03-25,50.89
wti,2026-03-26,59.09
crudo_oriente,2026-03-26,51.24
wti,2026-03-27,57.86
crudo_oriente,2026-03-27,49.41
wti,2026-03-30,58.24
crudo_oriente,2026-03-30,50.89
wti,2026-03-31,59.26
crudo_oriente,2026-03-31,51.58
wti,2026-04-01,58.68
crudo_oriente,2026-04-01,50.7
wti,2026-04-02,59.52
crudo_oriente,2026-04-02,51.89
wti,2026-04-03,60.45
crudo_oriente,2026-04-03,53.04
wti,2026-04-06,60.4
crudo_oriente,2026-04-06,52.28
wti,2026-04-07,60.05
crudo_oriente,2026-04-07,52.99
wti,2026-04-08,59.78
crudo_oriente,2026-04-08,52.68
wti,2026-04-09,58.8
crudo_oriente,2026-04-09,51.84
wti,2026-04-10,61.11
crudo_oriente,2026-04-10,54.19
wti,2026-04-13,61.45
crudo_oriente,2026-04-13,53.6
wti,2026-04-14,61.1
crudo_oriente,2026-04-14,53.49
wti,2026-04-15,61.32
crudo_oriente,2026-04-15,53.16
wti,2026-04-16,60.74
crudo_oriente,2026-04-16,53.71
wti,2026-04-17,60.97
crudo_oriente,2026-04-17,53.92
wti,2026-04-20,61.73
crudo_oriente,2026-04-20,53.93
wti,2026-04-21,60.76
crudo_oriente,2026-04-21,53.61
wti,2026-04-22,60.91
crudo_oriente,2026-04-22,53.6
wti,2026-04-23,60.42
crudo_oriente,2026-04-23,53.5
wti,2026-04-24,60.95
crudo_oriente,2026-04-24,54.07
wti,2026-04-27,60.83
crudo_oriente,2026-04-27,53.78
wti,2026-04-28,60.91
crudo_oriente,2026-04-28,53.21
wti,2026-04-29,60.98
crudo_oriente,2026-04-29,52.99
wti,2026-04-30,60.96
crudo_oriente,2026-04-30,53.71
wti,2026-05-01,61.59
crudo_oriente,2026-05-01,53.85
wti,2026-05-04,60.7
crudo_oriente,2026-05-04,53.09
wti,2026-05-05,59.35
crudo_oriente,2026-05-05,51.78
wti,2026-05-06,61.55
crudo_oriente,2026-05-06,54.29
wti,2026-05-07,61.06
crudo_oriente,2026-05-07,53.47
wti,2026-05-08,62.49
crudo_oriente,2026-05-08,54.72
wti,2026-05-11,62.42
crudo_oriente,2026-05-11,55.09
wti,2026-05-12,61.86
crudo_oriente,2026-05-12,54.28
wti,2026-05-13,60.67
crudo_oriente,2026-05-13,53.04
wti,2026-05-14,61.8
crudo_oriente,2026-05-14,55.07
wti,2026-05-15,61.65
crudo_oriente,2026-05-15,54.64
wti,2026-05-18,62.1
crudo_oriente,2026-05-18,54.86
wti,2026-05-19,62.03
crudo_oriente,2026-05-19,55.24
wti,2026-05-20,62.5
crudo_oriente,2026-05-20,55.13
wti,2026-05-21,62.33
crudo_oriente,2026-05-21,55.42
wti,2026-05-22,61.9
crudo_oriente,2026-05-22,54.33
wti,2026-05-25,61.79
crudo_oriente,2026-05-25,54.32
wti,2026-05-26,62.82
crudo_oriente,2026-05-26,55.69
wti,2026-05-27,62.73
crudo_oriente,2026-05-27,55.25
wti,2026-05-28,63.79
crudo_oriente,2026-05-28,56.7
wti,2026-05-29,65.29
crudo_oriente,2026-05-29,58.39
wti,2026-06-01,64.89
crudo_oriente,2026-06-01,57.41
wti,2026-06-02,64.44
crudo_oriente,2026-06-02,57.26
wti,2026-06-03,64.88
crudo_oriente,2026-06-03,57.82
wti,2026-06-04,65.89
crudo_oriente,2026-06-04,58.03
wti,2026-06-05,65.59
crudo_oriente,2026-06-05,57.77
wti,2026-06-08,64.53
crudo_oriente,2026-06-08,57.05
wti,2026-06-09,63.86
crudo_oriente,2026-06-09,56.23
wti,2026-06-10,62.6
crudo_oriente,2026-06-10,55.81
wti,2026-06-11,62.38
crudo_oriente,2026-06-11,55.53
wti,2026-06-12,61.6
crudo_oriente,2026-06-12,53.43
wti,2026-06-15,61.32
crudo_oriente,2026-06-15,54.44
wti,2026-06-16,61.06
crudo_oriente,2026-06-16,54.0
wti,2026-06-17,60.46
crudo_oriente,2026-06-17,53.79
wti,2026-06-18,61.02
crudo_oriente,2026-06-18,54.22
wti,2026-06-19,61.01
crudo_oriente,2026-06-19,54.3
wti,2026-06-22,61.29
crudo_oriente,2026-06-22,53.88
wti,2026-06-23,60.99
crudo_oriente,2026-06-23,53.8
wti,2026-06-24,60.53
crudo_oriente,2026-06-24,52.84
wti,2026-06-25,60.87
crudo_oriente,2026-06-25,53.95
wti,2026-06-26,60.88
crudo_oriente,2026-06-26,54.0
wti,2026-06-29,62.3
crudo_oriente,2026-06-29,54.59
wti,2026-06-30,62.58
crudo_oriente,2026-06-30,54.99
wti,2026-07-01,62.12
crudo_oriente,2026-07-01,54.99
wti,2026-07-02,60.43
crudo_oriente,2026-07-02,53.48
wti,2026-07-03,61.28
crudo_oriente,2026-07-03,54.3
wti,2026-07-06,61.86
crudo_oriente,2026-07-06,55.4
wti,2026-07-07,61.67
crudo_oriente,2026-07-07,54.92
wti,2026-07-08,62.85
crudo_oriente,2026-07-08,55.87
wti,2026-07-09,61.5
crudo_oriente,2026-07-09,54.25
wti,2026-07-10,61.39
crudo_oriente,2026-07-10,53.56
wti,2026-07-13,61.42
crudo_oriente,2026-07-13,54.55
wti,2026-07-14,61.34
crudo_oriente,2026-07-14,54.1
wti,2026-07-15,62.55
crudo_oriente,2026-07-15,55.14
wti,2026-07-16,61.84
crudo_oriente,2026-07-16,54.69
wti,2026-07-17,62.74
crudo_oriente,2026-07-17,55.82
wti,2026-07-20,62.73
crudo_oriente,2026-07-20,55.37
wti,2026-07-21,63.63
crudo_oriente,2026-07-21,56.83
wti,2026-07-22,62.19
crudo_oriente,2026-07-22,55.17
wti,2026-07-23,60.43
crudo_oriente,2026-07-23,53.88
wti,2026-07-24,61.07
crudo_oriente,2026-07-24,53.66
wti,2026-07-27,60.21
crudo_oriente,2026-07-27,52.94
wti,2026-07-28,59.15
crudo_oriente,2026-07-28,52.23
wti,2026-07-29,59.08
crudo_oriente,2026-07-29,51.23
wti,2026-07-30,59.37
crudo_oriente,2026-07-30,52.71
wti,2026-07-31,58.74
crudo_oriente,2026-07-31,51.46
wti,2026-08-03,60.34
crudo_oriente,2026-08-03,53.28
wti,2026-08-04,60.11
crudo_oriente,2026-08-04,53.06
wti,2026-08-05,60.87
crudo_oriente,2026-08-05,53.34
wti,2026-08-06,60.92
crudo_oriente,2026-08-06,53.14
wti,2026-08-07,59.88
crudo_oriente,2026-08-07,52.14
wti,2026-08-10,60.66
crudo_oriente,2026-08-10,53.67
wti,2026-08-11,61.33
crudo_oriente,2026-08-11,54.7
wti,2026-08-12,61.42
crudo_oriente,2026-08-12,54.4
wti,2026-08-13,61.77
crudo_oriente,2026-08-13,54.85
wti,2026-08-14,61.0
crudo_oriente,2026-08-14,53.78
wti,2026-08-17,60.93
crudo_oriente,2026-08-17,53.85
wti,2026-08-18,60.47
crudo_oriente,2026-08-18,53.32
wti,2026-08-19,60.81
crudo_oriente,2026-08-19,53.79
wti,2026-08-20,61.34
crudo_oriente,2026-08-20,54.57
wti,2026-08-21,61.79
crudo_oriente,2026-08-21,55.09
wti,2026-08-24,62.37
crudo_oriente,2026-08-24,55.85
wti,2026-08-25,62.78
crudo_oriente,2026-08-25,55.44
wti,2026-08-26,64.44
crudo_oriente,2026-08-26,57.81
wti,2026-08-27,65.13
crudo_oriente,2026-08-27,58.34
wti,2026-08-28,64.8
crudo_oriente,2026-08-28,57.26
wti,2026-08-31,64.77
crudo_oriente,2026-08-31,57.55
wti,2026-09-01,64.13
crudo_oriente,2026-09-01,56.2
wti,2026-09-02,65.06
crudo_oriente,2026-09-02,57.52
wti,2026-09-03,63.85
crudo_oriente,2026-09-03,56.96
wti,2026-09-04,64.04
crudo_oriente,2026-09-04,56.66
wti,2026-09-07,63.73
crudo_oriente,2026-09-07,56.77
wti,2026-09-08,63.61
crudo_oriente,2026-09-08,56.76
wti,2026-09-09,63.97
crudo_oriente,2026-09-09,56.77
wti,2026-09-10,62.48
crudo_oriente,2026-09-10,56.29
wti,2026-09-11,62.07
crudo_oriente,2026-09-11,54.62
wti,2026-09-14,62.51
crudo_oriente,2026-09-14,55.7
wti,2026-09-15,61.92
crudo_oriente,2026-09-15,55.82
wti,2026-09-16,60.13
crudo_oriente,2026-09-16,53.6
wti,2026-09-17,60.21
crudo_oriente,2026-09-17,53.29
wti,2026-09-18,60.53
crudo_oriente,2026-09-18,53.4
wti,2026-09-21,60.79
crudo_oriente,2026-09-21,53.23
wti,2026-09-22,60.53
crudo_oriente,2026-09-22,54.24
wti,2026-09-23,58.73
crudo_oriente,2026-09-23,52.2
wti,2026-09-24,57.4
crudo_oriente,2026-09-24,50.03
wti,2026-09-25,58.36
crudo_oriente,2026-09-25,51.18
wti,2026-09-28,58.18
crudo_oriente,2026-09-28,50.56
wti,2026-09-29,58.36
crudo_oriente,2026-09-29,51.28
wti,2026-09-30,58.17
crudo_oriente,2026-09-30,50.53
wti,2026-10-01,58.55
crudo_oriente,2026-10-01,51.7
wti,2026-10-02,59.59
crudo_oriente,2026-10-02,52.79
wti,2026-10-05,60.78
crudo_oriente,2026-10-05,54.26
wti,2026-10-06,58.75
crudo_oriente,2026-10-06,52.42
cuenta_corriente_pib,2018-01-01,-1.2
cuenta_corriente_pib,2019-01-01,-0.1
cuenta_corriente_pib,2020-01-01,2.2
cuenta_corriente_pib,2021-01-01,2.9
cuenta_corriente_pib,2022-01-01,2.0
cuenta_corriente_pib,2023-01-01,1.9
cuenta_corriente_pib,2024-01-01,5.7
cuenta_corriente_pib,2025-01-01,5.2
remesas,2018-01-01,711.0
remesas,2018-04-01,727.0
remesas,2018-07-01,779.0
remesas,2018-10-01,818.0
remesas,2019-01-01,738.0
remesas,2019-04-01,774.0
remesas,2019-07-01,838.0
remesas,2019-10-01,849.0
remesas,2020-01-01,808.0
remesas,2020-04-01,822.0
remesas,2020-07-01,842.0
remesas,2020-10-01,861.0
remesas,2021-01-01,1037.0
remesas,2021-04-01,1031.0
remesas,2021-07-01,1083.0
remesas,2021-10-01,1125.0
remesas,2022-01-01,1152.0
remesas,2022-04-01,1201.0
remesas,2022-07-01,1203.0
remesas,2022-10-01,1246.0
remesas,2023-01-01,1299.0
remesas,2023-04-01,1369.0
remesas,2023-07-01,1367.0
remesas,2023-10-01,1508.0
remesas,2024-01-01,1530.0
remesas,2024-04-01,1639.0
remesas,2024-07-01,1589.0
remesas,2024-10-01,1731.0
remesas,2025-01-01,1719.0
remesas,2025-04-01,1890.0
remesas,2025-07-01,1884.0
remesas,2025-10-01,1916.0
remesas,2026-01-01,1954.0
remesas,2026-04-01,1933.0
