fecha,codigo,concepto,valor
2013-01-01,1,Total Ingresos,3416.97
2013-02-01,1,Total Ingresos,2415.484
2013-03-01,1,Total Ingresos,2982.665
2013-04-01,1,Total Ingresos,3850.519
2013-05-01,1,Total Ingresos,3212.227
2013-06-01,1,Total Ingresos,2592.114
2013-07-01,1,Total Ingresos,3427.859
2013-08-01,1,Total Ingresos,2986.96
2013-09-01,1,Total Ingresos,2901.21
2013-10-01,1,Total Ingresos,3314.774
2013-11-01,1,Total Ingresos,2976.244
2013-12-01,1,Total Ingresos,3222.629
2014-01-01,1,Total Ingresos,3563.987
2014-02-01,1,Total Ingresos,2694.415
2014-03-01,1,Total Ingresos,3200.645
2014-04-01,1,Total Ingresos,3858.254
2014-05-01,1,Total Ingresos,3192.446
2014-06-01,1,Total Ingresos,3433.448
2014-07-01,1,Total Ingresos,3141.398
2014-08-01,1,Total Ingresos,2983.841
2014-09-01,1,Total Ingresos,3138.612
2014-10-01,1,Total Ingresos,3298.241
2014-11-01,1,Total Ingresos,3284.254
2014-12-01,1,Total Ingresos,3110.504
2015-01-01,1,Total Ingresos,2986.089
2015-02-01,1,Total Ingresos,3003.413
2015-03-01,1,Total Ingresos,2993.895
2015-04-01,1,Total Ingresos,3652.169
2015-05-01,1,Total Ingresos,3121.4
2015-06-01,1,Total Ingresos,3252.805
2015-07-01,1,Total Ingresos,3883.297
2015-08-01,1,Total Ingresos,2659.621
2015-09-01,1,Total Ingresos,2740.509
2015-10-01,1,Total Ingresos,2665.008
2015-11-01,1,Total Ingresos,2582.504
2015-12-01,1,Total Ingresos,2651.512
2016-01-01,1,Total Ingresos,2756.031
2016-02-01,1,Total Ingresos,2331.053
2016-03-01,1,Total Ingresos,2624.148
2016-04-01,1,Total Ingresos,3085.967
2016-05-01,1,Total Ingresos,2448.093
2016-06-01,1,Total Ingresos,2721.853
2016-07-01,1,Total Ingresos,2679.348
2016-08-01,1,Total Ingresos,2912.245
2016-09-01,1,Total Ingresos,2725.711
2016-10-01,1,Total Ingresos,2722.708
2016-11-01,1,Total Ingresos,2472.714
2016-12-01,1,Total Ingresos,3590.062
2017-01-01,1,Total Ingresos,3084.26
2017-02-01,1,Total Ingresos,2488.254
2017-03-01,1,Total Ingresos,3167.426
2017-04-01,1,Total Ingresos,3436.569
2017-05-01,1,Total Ingresos,2976.623
2017-06-01,1,Total Ingresos,2790.64
2017-07-01,1,Total Ingresos,3065.577
2017-08-01,1,Total Ingresos,2668.076
2017-09-01,1,Total Ingresos,3266.784
2017-10-01,1,Total Ingresos,2772.406
2017-11-01,1,Total Ingresos,2941.215
2017-12-01,1,Total Ingresos,3632.139
2018-01-01,1,Total Ingresos,3167.5
2018-02-01,1,Total Ingresos,2777.968
2018-03-01,1,Total Ingresos,3506.805
2018-04-01,1,Total Ingresos,3767.703
2018-05-01,1,Total Ingresos,3477.109
2018-06-01,1,Total Ingresos,3285.002
2018-07-01,1,Total Ingresos,3299.272
2018-08-01,1,Total Ingresos,3477.027
2018-09-01,1,Total Ingresos,3390.409
2018-10-01,1,Total Ingresos,3317.131
2018-11-01,1,Total Ingresos,3500.844
2018-12-01,1,Total Ingresos,4034.376
2019-01-01,1,Total Ingresos,3368.74
2019-02-01,1,Total Ingresos,2925.833
2019-03-01,1,Total Ingresos,3192.694
2019-04-01,1,Total Ingresos,3948.605
2019-05-01,1,Total Ingresos,3681.706
2019-06-01,1,Total Ingresos,2979.408
2019-07-01,1,Total Ingresos,3117.239
2019-08-01,1,Total Ingresos,3325.368
2019-09-01,1,Total Ingresos,3407.854
2019-10-01,1,Total Ingresos,3204.19
2019-11-01,1,Total Ingresos,2555.069
2019-12-01,1,Total Ingresos,3350.81
2020-01-01,1,Total Ingresos,3381.083
2020-02-01,1,Total Ingresos,2908.45
2020-03-01,1,Total Ingresos,3452.543
2020-04-01,1,Total Ingresos,2489.669
2020-05-01,1,Total Ingresos,1855.774
2020-06-01,1,Total Ingresos,1879.529
2020-07-01,1,Total Ingresos,2216.561
2020-08-01,1,Total Ingresos,2522.985
2020-09-01,1,Total Ingresos,2913.965
2020-10-01,1,Total Ingresos,2500.826
2020-11-01,1,Total Ingresos,2674.807
2020-12-01,1,Total Ingresos,2734.467
2021-01-01,1,Total Ingresos,2783.854
2021-02-01,1,Total Ingresos,2460.075
2021-03-01,1,Total Ingresos,3537.281
2021-04-01,1,Total Ingresos,3399.599
2021-05-01,1,Total Ingresos,2930.263
2021-06-01,1,Total Ingresos,3270.524
2021-07-01,1,Total Ingresos,3103.419
2021-08-01,1,Total Ingresos,2942.43
2021-09-01,1,Total Ingresos,3899.277
2021-10-01,1,Total Ingresos,3361.383
2021-11-01,1,Total Ingresos,3502.248
2021-12-01,1,Total Ingresos,3272.05
2022-01-01,1,Total Ingresos,3437.774
2022-02-01,1,Total Ingresos,2914.761
2022-03-01,1,Total Ingresos,4163.562
2022-04-01,1,Total Ingresos,3973.703
2022-05-01,1,Total Ingresos,4016.44
2022-06-01,1,Total Ingresos,3709.06
2022-07-01,1,Total Ingresos,3724.625
2022-08-01,1,Total Ingresos,3854.995
2022-09-01,1,Total Ingresos,4126.546
2022-10-01,1,Total Ingresos,3648.761
2022-11-01,1,Total Ingresos,3641.837
2022-12-01,1,Total Ingresos,3987.252
2023-01-01,1,Total Ingresos,4122.971
2023-02-01,1,Total Ingresos,3017.886
2023-03-01,1,Total Ingresos,3778.05
2023-04-01,1,Total Ingresos,4471.493
2023-05-01,1,Total Ingresos,3738.897
2023-06-01,1,Total Ingresos,3261.548
2023-07-01,1,Total Ingresos,3339.377
2023-08-01,1,Total Ingresos,3507.87
2023-09-01,1,Total Ingresos,3494.074
2023-10-01,1,Total Ingresos,3645.559
2023-11-01,1,Total Ingresos,3597.745
2023-12-01,1,Total Ingresos,3634.334
2024-01-01,1,Total Ingresos,3673.503
2024-02-01,1,Total Ingresos,3840.046
2024-03-01,1,Total Ingresos,3894.323
2024-04-01,1,Total Ingresos,4472.375
2024-05-01,1,Total Ingresos,4216.321
2024-06-01,1,Total Ingresos,3729.857
2024-07-01,1,Total Ingresos,4157.214
2024-08-01,1,Total Ingresos,3847.815
2024-09-01,1,Total Ingresos,3462.642
2024-10-01,1,Total Ingresos,3630.118
2024-11-01,1,Total Ingresos,3615.396
2024-12-01,1,Total Ingresos,3637.418
2025-01-01,1,Total Ingresos,4114.605
2025-02-01,1,Total Ingresos,3429.742
2025-03-01,1,Total Ingresos,4185.29
2025-04-01,1,Total Ingresos,4251.97
2025-05-01,1,Total Ingresos,3810.135
2025-06-01,1,Total Ingresos,3738.27
2025-07-01,1,Total Ingresos,3734.393
2025-08-01,1,Total Ingresos,3699.115
2025-09-01,1,Total Ingresos,3761.444
2025-10-01,1,Total Ingresos,3985.705
2025-11-01,1,Total Ingresos,3661.566
2025-12-01,1,Total Ingresos,3991.531
2026-01-01,1,Total Ingresos,4290.533
2026-02-01,1,Total Ingresos,3609.573
2026-03-01,1,Total Ingresos,4608.495
2026-04-01,1,Total Ingresos,5404.541
2026-05-01,1,Total Ingresos,4494.027
2026-06-01,1,Total Ingresos,4365.631
2013-01-01,11,Ingresos Petroleros,1409.253
2013-02-01,11,Ingresos Petroleros,912.046
2013-03-01,11,Ingresos Petroleros,1121.216
2013-04-01,11,Ingresos Petroleros,1296.483
2013-05-01,11,Ingresos Petroleros,1243.672
2013-06-01,11,Ingresos Petroleros,816.863
2013-07-01,11,Ingresos Petroleros,1472.889
2013-08-01,11,Ingresos Petroleros,1192.858
2013-09-01,11,Ingresos Petroleros,1030.016
2013-10-01,11,Ingresos Petroleros,1396.606
2013-11-01,11,Ingresos Petroleros,1131.197
2013-12-01,11,Ingresos Petroleros,1363.042
2014-01-01,11,Ingresos Petroleros,1458.899
2014-02-01,11,Ingresos Petroleros,904.839
2014-03-01,11,Ingresos Petroleros,1265.308
2014-04-01,11,Ingresos Petroleros,1268.971
2014-05-01,11,Ingresos Petroleros,1153.347
2014-06-01,11,Ingresos Petroleros,1393.776
2014-07-01,11,Ingresos Petroleros,990.382
2014-08-01,11,Ingresos Petroleros,1005.462
2014-09-01,11,Ingresos Petroleros,1209.497
2014-10-01,11,Ingresos Petroleros,1137.109
2014-11-01,11,Ingresos Petroleros,1123.988
2014-12-01,11,Ingresos Petroleros,1064.926
2015-01-01,11,Ingresos Petroleros,640.07
2015-02-01,11,Ingresos Petroleros,674.584
2015-03-01,11,Ingresos Petroleros,799.349
2015-04-01,11,Ingresos Petroleros,762.589
2015-05-01,11,Ingresos Petroleros,837.785
2015-06-01,11,Ingresos Petroleros,890.932
2015-07-01,11,Ingresos Petroleros,893.948
2015-08-01,11,Ingresos Petroleros,688.125
2015-09-01,11,Ingresos Petroleros,616.477
2015-10-01,11,Ingresos Petroleros,660.674
2015-11-01,11,Ingresos Petroleros,609.874
2015-12-01,11,Ingresos Petroleros,553.524
2016-01-01,11,Ingresos Petroleros,505.711
2016-02-01,11,Ingresos Petroleros,472.967
2016-03-01,11,Ingresos Petroleros,474.902
2016-04-01,11,Ingresos Petroleros,523.317
2016-05-01,11,Ingresos Petroleros,573.802
2016-06-01,11,Ingresos Petroleros,651.615
2016-07-01,11,Ingresos Petroleros,556.521
2016-08-01,11,Ingresos Petroleros,718.503
2016-09-01,11,Ingresos Petroleros,698.049
2016-10-01,11,Ingresos Petroleros,610.347
2016-11-01,11,Ingresos Petroleros,634.777
2016-12-01,11,Ingresos Petroleros,916.213
2017-01-01,11,Ingresos Petroleros,776.978
2017-02-01,11,Ingresos Petroleros,588.948
2017-03-01,11,Ingresos Petroleros,942.184
2017-04-01,11,Ingresos Petroleros,631.986
2017-05-01,11,Ingresos Petroleros,810.535
2017-06-01,11,Ingresos Petroleros,776.903
2017-07-01,11,Ingresos Petroleros,825.396
2017-08-01,11,Ingresos Petroleros,739.991
2017-09-01,11,Ingresos Petroleros,725.918
2017-10-01,11,Ingresos Petroleros,626.137
2017-11-01,11,Ingresos Petroleros,841.07
2017-12-01,11,Ingresos Petroleros,1375.783
2018-01-01,11,Ingresos Petroleros,828.338
2018-02-01,11,Ingresos Petroleros,702.476
2018-03-01,11,Ingresos Petroleros,1303.676
2018-04-01,11,Ingresos Petroleros,921.042
2018-05-01,11,Ingresos Petroleros,1015.413
2018-06-01,11,Ingresos Petroleros,1137.644
2018-07-01,11,Ingresos Petroleros,1132.316
2018-08-01,11,Ingresos Petroleros,1241.732
2018-09-01,11,Ingresos Petroleros,1114.104
2018-10-01,11,Ingresos Petroleros,1129.916
2018-11-01,11,Ingresos Petroleros,1273.477
2018-12-01,11,Ingresos Petroleros,1024.889
2019-01-01,11,Ingresos Petroleros,790.011
2019-02-01,11,Ingresos Petroleros,915.566
2019-03-01,11,Ingresos Petroleros,1160.928
2019-04-01,11,Ingresos Petroleros,887.542
2019-05-01,11,Ingresos Petroleros,1334.466
2019-06-01,11,Ingresos Petroleros,942.816
2019-07-01,11,Ingresos Petroleros,1003.452
2019-08-01,11,Ingresos Petroleros,1229.82
2019-09-01,11,Ingresos Petroleros,1115.489
2019-10-01,11,Ingresos Petroleros,878.227
2019-11-01,11,Ingresos Petroleros,1081.872
2019-12-01,11,Ingresos Petroleros,911.366
2020-01-01,11,Ingresos Petroleros,919.542
2020-02-01,11,Ingresos Petroleros,973.518
2020-03-01,11,Ingresos Petroleros,856.044
2020-04-01,11,Ingresos Petroleros,392.238
2020-05-01,11,Ingresos Petroleros,306.807
2020-06-01,11,Ingresos Petroleros,291.297
2020-07-01,11,Ingresos Petroleros,461.632
2020-08-01,11,Ingresos Petroleros,526.633
2020-09-01,11,Ingresos Petroleros,836.025
2020-10-01,11,Ingresos Petroleros,814.335
2020-11-01,11,Ingresos Petroleros,790.217
2020-12-01,11,Ingresos Petroleros,753.241
2021-01-01,11,Ingresos Petroleros,634.852
2021-02-01,11,Ingresos Petroleros,638.38
2021-03-01,11,Ingresos Petroleros,1320.176
2021-04-01,11,Ingresos Petroleros,972.778
2021-05-01,11,Ingresos Petroleros,1127.91
2021-06-01,11,Ingresos Petroleros,1146.879
2021-07-01,11,Ingresos Petroleros,1009.565
2021-08-01,11,Ingresos Petroleros,1008.385
2021-09-01,11,Ingresos Petroleros,1789.172
2021-10-01,11,Ingresos Petroleros,1156.931
2021-11-01,11,Ingresos Petroleros,1335.569
2021-12-01,11,Ingresos Petroleros,965.79
2022-01-01,11,Ingresos Petroleros,1116.464
2022-02-01,11,Ingresos Petroleros,941.395
2022-03-01,11,Ingresos Petroleros,1471.726
2022-04-01,11,Ingresos Petroleros,1201.967
2022-05-01,11,Ingresos Petroleros,1687.783
2022-06-01,11,Ingresos Petroleros,1467.103
2022-07-01,11,Ingresos Petroleros,1624.444
2022-08-01,11,Ingresos Petroleros,1622.958
2022-09-01,11,Ingresos Petroleros,1487.424
2022-10-01,11,Ingresos Petroleros,1367.141
2022-11-01,11,Ingresos Petroleros,1452.802
2022-12-01,11,Ingresos Petroleros,1412.599
2023-01-01,11,Ingresos Petroleros,1356.234
2023-02-01,11,Ingresos Petroleros,935.039
2023-03-01,11,Ingresos Petroleros,1177.494
2023-04-01,11,Ingresos Petroleros,1113.268
2023-05-01,11,Ingresos Petroleros,1249.185
2023-06-01,11,Ingresos Petroleros,1021.715
2023-07-01,11,Ingresos Petroleros,1101.969
2023-08-01,11,Ingresos Petroleros,1282.925
2023-09-01,11,Ingresos Petroleros,1308.665
2023-10-01,11,Ingresos Petroleros,1390.308
2023-11-01,11,Ingresos Petroleros,1392.656
2023-12-01,11,Ingresos Petroleros,1180.532
2024-01-01,11,Ingresos Petroleros,1135.894
2024-02-01,11,Ingresos Petroleros,1159.866
2024-03-01,11,Ingresos Petroleros,1170.622
2024-04-01,11,Ingresos Petroleros,1350.236
2024-05-01,11,Ingresos Petroleros,1397.518
2024-06-01,11,Ingresos Petroleros,1181.957
2024-07-01,11,Ingresos Petroleros,1308.875
2024-08-01,11,Ingresos Petroleros,1356.411
2024-09-01,11,Ingresos Petroleros,1030.804
2024-10-01,11,Ingresos Petroleros,1267.114
2024-11-01,11,Ingresos Petroleros,1264.856
2024-12-01,11,Ingresos Petroleros,1223.117
2025-01-01,11,Ingresos Petroleros,1098.04
2025-02-01,11,Ingresos Petroleros,1203.74
2025-03-01,11,Ingresos Petroleros,1038.656
2025-04-01,11,Ingresos Petroleros,1184.713
2025-05-01,11,Ingresos Petroleros,1028.811
2025-06-01,11,Ingresos Petroleros,1096.533
2025-07-01,11,Ingresos Petroleros,1075.835
2025-08-01,11,Ingresos Petroleros,1064.622
2025-09-01,11,Ingresos Petroleros,1113.836
2025-10-01,11,Ingresos Petroleros,1344.715
2025-11-01,11,Ingresos Petroleros,957.556
2025-12-01,11,Ingresos Petroleros,1272.254
2026-01-01,11,Ingresos Petroleros,1050.693
2026-02-01,11,Ingresos Petroleros,1003.579
2026-03-01,11,Ingresos Petroleros,1217.499
2026-04-01,11,Ingresos Petroleros,1576.933
2026-05-01,11,Ingresos Petroleros,1503.3
2026-06-01,11,Ingresos Petroleros,1635.366
2013-01-01,111,Exportación,1170.253
2013-02-01,111,Exportación,731.826
2013-03-01,111,Exportación,892.706
2013-04-01,111,Exportación,1146.483
2013-05-01,111,Exportación,1034.672
2013-06-01,111,Exportación,611.863
2013-07-01,111,Exportación,1253.889
2013-08-01,111,Exportación,966.638
2013-09-01,111,Exportación,861.576
2013-10-01,111,Exportación,1220.356
2013-11-01,111,Exportación,977.569
2013-12-01,111,Exportación,993.012
2014-01-01,111,Exportación,1297.399
2014-02-01,111,Exportación,760.257
2014-03-01,111,Exportación,1133.404
2014-04-01,111,Exportación,1116.191
2014-05-01,111,Exportación,1001.647
2014-06-01,111,Exportación,1237.226
2014-07-01,111,Exportación,810.122
2014-08-01,111,Exportación,833.633
2014-09-01,111,Exportación,1000.85
2014-10-01,111,Exportación,892.99
2014-11-01,111,Exportación,985.708
2014-12-01,111,Exportación,878.446
2015-01-01,111,Exportación,451.677
2015-02-01,111,Exportación,529.881
2015-03-01,111,Exportación,614.306
2015-04-01,111,Exportación,558.093
2015-05-01,111,Exportación,685.226
2015-06-01,111,Exportación,701.758
2015-07-01,111,Exportación,689.944
2015-08-01,111,Exportación,521.305
2015-09-01,111,Exportación,470.488
2015-10-01,111,Exportación,524.217
2015-11-01,111,Exportación,484.575
2015-12-01,111,Exportación,385.428
2016-01-01,111,Exportación,392.645
2016-02-01,111,Exportación,389.868
2016-03-01,111,Exportación,364.853
2016-04-01,111,Exportación,407.279
2016-05-01,111,Exportación,471.562
2016-06-01,111,Exportación,525.057
2016-07-01,111,Exportación,474.434
2016-08-01,111,Exportación,596.875
2016-09-01,111,Exportación,572.971
2016-10-01,111,Exportación,529.093
2016-11-01,111,Exportación,535.753
2016-12-01,111,Exportación,760.013
2017-01-01,111,Exportación,682.478
2017-02-01,111,Exportación,517.89
2017-03-01,111,Exportación,831.214
2017-04-01,111,Exportación,561.196
2017-05-01,111,Exportación,722.935
2017-06-01,111,Exportación,655.403
2017-07-01,111,Exportación,731.638
2017-08-01,111,Exportación,632.161
2017-09-01,111,Exportación,603.118
2017-10-01,111,Exportación,493.743
2017-11-01,111,Exportación,573.669
2017-12-01,111,Exportación,1194.383
2018-01-01,111,Exportación,743.038
2018-02-01,111,Exportación,619.527
2018-03-01,111,Exportación,1202.644
2018-04-01,111,Exportación,828.331
2018-05-01,111,Exportación,892.013
2018-06-01,111,Exportación,1022.644
2018-07-01,111,Exportación,928.842
2018-08-01,111,Exportación,1052.231
2018-09-01,111,Exportación,957.804
2018-10-01,111,Exportación,847.904
2018-11-01,111,Exportación,1060.377
2018-12-01,111,Exportación,798.408
2019-01-01,111,Exportación,575.411
2019-02-01,111,Exportación,798.666
2019-03-01,111,Exportación,1016.228
2019-04-01,111,Exportación,737.742
2019-05-01,111,Exportación,1128.066
2019-06-01,111,Exportación,745.031
2019-07-01,111,Exportación,836.788
2019-08-01,111,Exportación,1070.61
2019-09-01,111,Exportación,911.467
2019-10-01,111,Exportación,623.725
2019-11-01,111,Exportación,836.888
2019-12-01,111,Exportación,701.55
2020-01-01,111,Exportación,627.864
2020-02-01,111,Exportación,761.515
2020-03-01,111,Exportación,683.988
2020-04-01,111,Exportación,346.193
2020-05-01,111,Exportación,194.58
2020-06-01,111,Exportación,160.725
2020-07-01,111,Exportación,267.336
2020-08-01,111,Exportación,412.485
2020-09-01,111,Exportación,617.059
2020-10-01,111,Exportación,589.208
2020-11-01,111,Exportación,555.149
2020-12-01,111,Exportación,523.024
2021-01-01,111,Exportación,430.156
2021-02-01,111,Exportación,386.774
2021-03-01,111,Exportación,944.062
2021-04-01,111,Exportación,673.258
2021-05-01,111,Exportación,728.674
2021-06-01,111,Exportación,761.744
2021-07-01,111,Exportación,580.814
2021-08-01,111,Exportación,569.279
2021-09-01,111,Exportación,1424.894
2021-10-01,111,Exportación,783.079
2021-11-01,111,Exportación,887.155
2021-12-01,111,Exportación,511.406
2022-01-01,111,Exportación,729.8
2022-02-01,111,Exportación,553.562
2022-03-01,111,Exportación,933.421
2022-04-01,111,Exportación,648.462
2022-05-01,111,Exportación,1164.911
2022-06-01,111,Exportación,986.604
2022-07-01,111,Exportación,1188.165
2022-08-01,111,Exportación,1148.703
2022-09-01,111,Exportación,928.585
2022-10-01,111,Exportación,967.938
2022-11-01,111,Exportación,1028.788
2022-12-01,111,Exportación,950.288
2023-01-01,111,Exportación,900.316
2023-02-01,111,Exportación,608.701
2023-03-01,111,Exportación,606.184
2023-04-01,111,Exportación,722.01
2023-05-01,111,Exportación,726.396
2023-06-01,111,Exportación,594.177
2023-07-01,111,Exportación,646.059
2023-08-01,111,Exportación,815.569
2023-09-01,111,Exportación,873.249
2023-10-01,111,Exportación,910.417
2023-11-01,111,Exportación,1018.758
2023-12-01,111,Exportación,660.408
2024-01-01,111,Exportación,698.379
2024-02-01,111,Exportación,757.926
2024-03-01,111,Exportación,768.737
2024-04-01,111,Exportación,866.974
2024-05-01,111,Exportación,925.084
2024-06-01,111,Exportación,767.402
2024-07-01,111,Exportación,789.014
2024-08-01,111,Exportación,919.583
2024-09-01,111,Exportación,609.225
2024-10-01,111,Exportación,767.438
2024-11-01,111,Exportación,790.24
2024-12-01,111,Exportación,724.019
2025-01-01,111,Exportación,651.149
2025-02-01,111,Exportación,779.434
2025-03-01,111,Exportación,624.085
2025-04-01,111,Exportación,746.028
2025-05-01,111,Exportación,614.382
2025-06-01,111,Exportación,629.943
2025-07-01,111,Exportación,584.688
2025-08-01,111,Exportación,614.535
2025-09-01,111,Exportación,555.571
2025-10-01,111,Exportación,740.501
2025-11-01,111,Exportación,494.699
2025-12-01,111,Exportación,659.426
2026-01-01,111,Exportación,567.071
2026-02-01,111,Exportación,528.169
2026-03-01,111,Exportación,650.309
2026-04-01,111,Exportación,848.973
2026-05-01,111,Exportación,846.985
2026-06-01,111,Exportación,913.843
2013-01-01,112,Venta Doméstica,239.0
2013-02-01,112,Venta Doméstica,180.22
2013-03-01,112,Venta Doméstica,228.51
2013-04-01,112,Venta Doméstica,150.0
2013-05-01,112,Venta Doméstica,209.0
2013-06-01,112,Venta Doméstica,205.0
2013-07-01,112,Venta Doméstica,219.0
2013-08-01,112,Venta Doméstica,226.22
2013-09-01,112,Venta Doméstica,168.44
2013-10-01,112,Venta Doméstica,176.25
2013-11-01,112,Venta Doméstica,153.628
2013-12-01,112,Venta Doméstica,370.03
2014-01-01,112,Venta Doméstica,161.5
2014-02-01,112,Venta Doméstica,144.582
2014-03-01,112,Venta Doméstica,131.904
2014-04-01,112,Venta Doméstica,152.78
2014-05-01,112,Venta Doméstica,151.7
2014-06-01,112,Venta Doméstica,156.55
2014-07-01,112,Venta Doméstica,180.26
2014-08-01,112,Venta Doméstica,171.828
2014-09-01,112,Venta Doméstica,208.647
2014-10-01,112,Venta Doméstica,244.119
2014-11-01,112,Venta Doméstica,138.28
2014-12-01,112,Venta Doméstica,186.48
2015-01-01,112,Venta Doméstica,188.393
2015-02-01,112,Venta Doméstica,144.703
2015-03-01,112,Venta Doméstica,185.044
2015-04-01,112,Venta Doméstica,204.496
2015-05-01,112,Venta Doméstica,152.559
2015-06-01,112,Venta Doméstica,189.174
2015-07-01,112,Venta Doméstica,204.004
2015-08-01,112,Venta Doméstica,166.82
2015-09-01,112,Venta Doméstica,145.988
2015-10-01,112,Venta Doméstica,136.458
2015-11-01,112,Venta Doméstica,125.299
2015-12-01,112,Venta Doméstica,168.096
2016-01-01,112,Venta Doméstica,113.066
2016-02-01,112,Venta Doméstica,83.099
2016-03-01,112,Venta Doméstica,110.049
2016-04-01,112,Venta Doméstica,116.039
2016-05-01,112,Venta Doméstica,102.24
2016-06-01,112,Venta Doméstica,126.558
2016-07-01,112,Venta Doméstica,82.087
2016-08-01,112,Venta Doméstica,121.627
2016-09-01,112,Venta Doméstica,125.078
2016-10-01,112,Venta Doméstica,81.254
2016-11-01,112,Venta Doméstica,99.024
2016-12-01,112,Venta Doméstica,156.2
2017-01-01,112,Venta Doméstica,94.5
2017-02-01,112,Venta Doméstica,71.058
2017-03-01,112,Venta Doméstica,110.97
2017-04-01,112,Venta Doméstica,70.79
2017-05-01,112,Venta Doméstica,87.6
2017-06-01,112,Venta Doméstica,121.5
2017-07-01,112,Venta Doméstica,93.759
2017-08-01,112,Venta Doméstica,107.83
2017-09-01,112,Venta Doméstica,122.8
2017-10-01,112,Venta Doméstica,132.394
2017-11-01,112,Venta Doméstica,267.401
2017-12-01,112,Venta Doméstica,181.4
2018-01-01,112,Venta Doméstica,85.3
2018-02-01,112,Venta Doméstica,82.95
2018-03-01,112,Venta Doméstica,101.032
2018-04-01,112,Venta Doméstica,92.71
2018-05-01,112,Venta Doméstica,123.4
2018-06-01,112,Venta Doméstica,115.0
2018-07-01,112,Venta Doméstica,203.474
2018-08-01,112,Venta Doméstica,189.501
2018-09-01,112,Venta Doméstica,156.3
2018-10-01,112,Venta Doméstica,282.012
2018-11-01,112,Venta Doméstica,213.1
2018-12-01,112,Venta Doméstica,226.48
2019-01-01,112,Venta Doméstica,214.6
2019-02-01,112,Venta Doméstica,116.9
2019-03-01,112,Venta Doméstica,144.7
2019-04-01,112,Venta Doméstica,149.8
2019-05-01,112,Venta Doméstica,206.4
2019-06-01,112,Venta Doméstica,197.786
2019-07-01,112,Venta Doméstica,166.663
2019-08-01,112,Venta Doméstica,159.21
2019-09-01,112,Venta Doméstica,204.022
2019-10-01,112,Venta Doméstica,254.502
2019-11-01,112,Venta Doméstica,244.984
2019-12-01,112,Venta Doméstica,209.816
2020-01-01,112,Venta Doméstica,291.678
2020-02-01,112,Venta Doméstica,212.003
2020-03-01,112,Venta Doméstica,172.055
2020-04-01,112,Venta Doméstica,46.045
2020-05-01,112,Venta Doméstica,112.228
2020-06-01,112,Venta Doméstica,130.572
2020-07-01,112,Venta Doméstica,194.297
2020-08-01,112,Venta Doméstica,114.149
2020-09-01,112,Venta Doméstica,218.966
2020-10-01,112,Venta Doméstica,225.127
2020-11-01,112,Venta Doméstica,235.068
2020-12-01,112,Venta Doméstica,230.218
2021-01-01,112,Venta Doméstica,204.696
2021-02-01,112,Venta Doméstica,251.606
2021-03-01,112,Venta Doméstica,376.114
2021-04-01,112,Venta Doméstica,299.52
2021-05-01,112,Venta Doméstica,399.236
2021-06-01,112,Venta Doméstica,385.135
2021-07-01,112,Venta Doméstica,428.75
2021-08-01,112,Venta Doméstica,439.106
2021-09-01,112,Venta Doméstica,364.278
2021-10-01,112,Venta Doméstica,373.852
2021-11-01,112,Venta Doméstica,448.413
2021-12-01,112,Venta Doméstica,454.384
2022-01-01,112,Venta Doméstica,386.664
2022-02-01,112,Venta Doméstica,387.833
2022-03-01,112,Venta Doméstica,538.305
2022-04-01,112,Venta Doméstica,553.504
2022-05-01,112,Venta Doméstica,522.872
2022-06-01,112,Venta Doméstica,480.5
2022-07-01,112,Venta Doméstica,436.28
2022-08-01,112,Venta Doméstica,474.255
2022-09-01,112,Venta Doméstica,558.84
2022-10-01,112,Venta Doméstica,399.203
2022-11-01,112,Venta Doméstica,424.014
2022-12-01,112,Venta Doméstica,462.311
2023-01-01,112,Venta Doméstica,455.918
2023-02-01,112,Venta Doméstica,326.338
2023-03-01,112,Venta Doméstica,571.309
2023-04-01,112,Venta Doméstica,391.259
2023-05-01,112,Venta Doméstica,522.789
2023-06-01,112,Venta Doméstica,427.537
2023-07-01,112,Venta Doméstica,455.91
2023-08-01,112,Venta Doméstica,467.356
2023-09-01,112,Venta Doméstica,435.416
2023-10-01,112,Venta Doméstica,479.89
2023-11-01,112,Venta Doméstica,373.898
2023-12-01,112,Venta Doméstica,520.124
2024-01-01,112,Venta Doméstica,437.515
2024-02-01,112,Venta Doméstica,401.94
2024-03-01,112,Venta Doméstica,401.885
2024-04-01,112,Venta Doméstica,483.262
2024-05-01,112,Venta Doméstica,472.435
2024-06-01,112,Venta Doméstica,414.554
2024-07-01,112,Venta Doméstica,519.861
2024-08-01,112,Venta Doméstica,436.828
2024-09-01,112,Venta Doméstica,421.579
2024-10-01,112,Venta Doméstica,499.677
2024-11-01,112,Venta Doméstica,474.616
2024-12-01,112,Venta Doméstica,499.098
2025-01-01,112,Venta Doméstica,446.89
2025-02-01,112,Venta Doméstica,424.306
2025-03-01,112,Venta Doméstica,414.571
2025-04-01,112,Venta Doméstica,438.686
2025-05-01,112,Venta Doméstica,414.429
2025-06-01,112,Venta Doméstica,466.59
2025-07-01,112,Venta Doméstica,491.147
2025-08-01,112,Venta Doméstica,450.087
2025-09-01,112,Venta Doméstica,558.265
2025-10-01,112,Venta Doméstica,604.214
2025-11-01,112,Venta Doméstica,462.856
2025-12-01,112,Venta Doméstica,612.829
2026-01-01,112,Venta Doméstica,483.622
2026-02-01,112,Venta Doméstica,475.41
2026-03-01,112,Venta Doméstica,567.19
2026-04-01,112,Venta Doméstica,727.96
2026-05-01,112,Venta Doméstica,656.315
2026-06-01,112,Venta Doméstica,721.523
2013-01-01,12,Ingresos no petroleros,2007.717
2013-02-01,12,Ingresos no petroleros,1503.438
2013-03-01,12,Ingresos no petroleros,1861.449
2013-04-01,12,Ingresos no petroleros,2554.036
2013-05-01,12,Ingresos no petroleros,1968.555
2013-06-01,12,Ingresos no petroleros,1775.251
2013-07-01,12,Ingresos no petroleros,1954.97
2013-08-01,12,Ingresos no petroleros,1794.102
2013-09-01,12,Ingresos no petroleros,1871.194
2013-10-01,12,Ingresos no petroleros,1918.168
2013-11-01,12,Ingresos no petroleros,1845.047
2013-12-01,12,Ingresos no petroleros,1859.587
2014-01-01,12,Ingresos no petroleros,2105.088
2014-02-01,12,Ingresos no petroleros,1789.576
2014-03-01,12,Ingresos no petroleros,1935.337
2014-04-01,12,Ingresos no petroleros,2589.283
2014-05-01,12,Ingresos no petroleros,2039.099
2014-06-01,12,Ingresos no petroleros,2039.672
2014-07-01,12,Ingresos no petroleros,2151.016
2014-08-01,12,Ingresos no petroleros,1978.379
2014-09-01,12,Ingresos no petroleros,1929.115
2014-10-01,12,Ingresos no petroleros,2161.132
2014-11-01,12,Ingresos no petroleros,2160.266
2014-12-01,12,Ingresos no petroleros,2045.578
2015-01-01,12,Ingresos no petroleros,2346.02
2015-02-01,12,Ingresos no petroleros,2328.829
2015-03-01,12,Ingresos no petroleros,2194.545
2015-04-01,12,Ingresos no petroleros,2889.58
2015-05-01,12,Ingresos no petroleros,2283.615
2015-06-01,12,Ingresos no petroleros,2361.872
2015-07-01,12,Ingresos no petroleros,2989.349
2015-08-01,12,Ingresos no petroleros,1971.496
2015-09-01,12,Ingresos no petroleros,2124.032
2015-10-01,12,Ingresos no petroleros,2004.333
2015-11-01,12,Ingresos no petroleros,1972.63
2015-12-01,12,Ingresos no petroleros,2097.988
2016-01-01,12,Ingresos no petroleros,2250.32
2016-02-01,12,Ingresos no petroleros,1858.086
2016-03-01,12,Ingresos no petroleros,2149.246
2016-04-01,12,Ingresos no petroleros,2562.649
2016-05-01,12,Ingresos no petroleros,1874.291
2016-06-01,12,Ingresos no petroleros,2070.238
2016-07-01,12,Ingresos no petroleros,2122.828
2016-08-01,12,Ingresos no petroleros,2193.742
2016-09-01,12,Ingresos no petroleros,2027.662
2016-10-01,12,Ingresos no petroleros,2112.361
2016-11-01,12,Ingresos no petroleros,1837.937
2016-12-01,12,Ingresos no petroleros,2673.849
2017-01-01,12,Ingresos no petroleros,2307.283
2017-02-01,12,Ingresos no petroleros,1899.306
2017-03-01,12,Ingresos no petroleros,2225.242
2017-04-01,12,Ingresos no petroleros,2804.584
2017-05-01,12,Ingresos no petroleros,2166.088
2017-06-01,12,Ingresos no petroleros,2013.737
2017-07-01,12,Ingresos no petroleros,2240.18
2017-08-01,12,Ingresos no petroleros,1928.085
2017-09-01,12,Ingresos no petroleros,2540.866
2017-10-01,12,Ingresos no petroleros,2146.269
2017-11-01,12,Ingresos no petroleros,2100.145
2017-12-01,12,Ingresos no petroleros,2256.356
2018-01-01,12,Ingresos no petroleros,2339.162
2018-02-01,12,Ingresos no petroleros,2075.492
2018-03-01,12,Ingresos no petroleros,2203.13
2018-04-01,12,Ingresos no petroleros,2846.661
2018-05-01,12,Ingresos no petroleros,2461.696
2018-06-01,12,Ingresos no petroleros,2147.358
2018-07-01,12,Ingresos no petroleros,2166.956
2018-08-01,12,Ingresos no petroleros,2235.295
2018-09-01,12,Ingresos no petroleros,2276.305
2018-10-01,12,Ingresos no petroleros,2187.214
2018-11-01,12,Ingresos no petroleros,2227.366
2018-12-01,12,Ingresos no petroleros,3009.488
2019-01-01,12,Ingresos no petroleros,2578.729
2019-02-01,12,Ingresos no petroleros,2010.267
2019-03-01,12,Ingresos no petroleros,2031.766
2019-04-01,12,Ingresos no petroleros,3061.064
2019-05-01,12,Ingresos no petroleros,2347.24
2019-06-01,12,Ingresos no petroleros,2036.591
2019-07-01,12,Ingresos no petroleros,2113.788
2019-08-01,12,Ingresos no petroleros,2095.548
2019-09-01,12,Ingresos no petroleros,2292.365
2019-10-01,12,Ingresos no petroleros,2325.963
2019-11-01,12,Ingresos no petroleros,1473.198
2019-12-01,12,Ingresos no petroleros,2439.445
2020-01-01,12,Ingresos no petroleros,2461.541
2020-02-01,12,Ingresos no petroleros,1934.932
2020-03-01,12,Ingresos no petroleros,2596.499
2020-04-01,12,Ingresos no petroleros,2097.431
2020-05-01,12,Ingresos no petroleros,1548.966
2020-06-01,12,Ingresos no petroleros,1588.232
2020-07-01,12,Ingresos no petroleros,1754.929
2020-08-01,12,Ingresos no petroleros,1996.352
2020-09-01,12,Ingresos no petroleros,2077.939
2020-10-01,12,Ingresos no petroleros,1686.491
2020-11-01,12,Ingresos no petroleros,1884.59
2020-12-01,12,Ingresos no petroleros,1981.226
2021-01-01,12,Ingresos no petroleros,2149.002
2021-02-01,12,Ingresos no petroleros,1821.695
2021-03-01,12,Ingresos no petroleros,2217.105
2021-04-01,12,Ingresos no petroleros,2426.821
2021-05-01,12,Ingresos no petroleros,1802.353
2021-06-01,12,Ingresos no petroleros,2123.645
2021-07-01,12,Ingresos no petroleros,2093.855
2021-08-01,12,Ingresos no petroleros,1934.045
2021-09-01,12,Ingresos no petroleros,2110.105
2021-10-01,12,Ingresos no petroleros,2204.452
2021-11-01,12,Ingresos no petroleros,2166.679
2021-12-01,12,Ingresos no petroleros,2306.26
2022-01-01,12,Ingresos no petroleros,2321.31
2022-02-01,12,Ingresos no petroleros,1973.366
2022-03-01,12,Ingresos no petroleros,2691.836
2022-04-01,12,Ingresos no petroleros,2771.736
2022-05-01,12,Ingresos no petroleros,2328.657
2022-06-01,12,Ingresos no petroleros,2241.957
2022-07-01,12,Ingresos no petroleros,2100.181
2022-08-01,12,Ingresos no petroleros,2232.037
2022-09-01,12,Ingresos no petroleros,2639.122
2022-10-01,12,Ingresos no petroleros,2281.621
2022-11-01,12,Ingresos no petroleros,2189.035
2022-12-01,12,Ingresos no petroleros,2574.652
2023-01-01,12,Ingresos no petroleros,2766.737
2023-02-01,12,Ingresos no petroleros,2082.847
2023-03-01,12,Ingresos no petroleros,2600.556
2023-04-01,12,Ingresos no petroleros,3358.224
2023-05-01,12,Ingresos no petroleros,2489.711
2023-06-01,12,Ingresos no petroleros,2239.833
2023-07-01,12,Ingresos no petroleros,2237.408
2023-08-01,12,Ingresos no petroleros,2224.944
2023-09-01,12,Ingresos no petroleros,2185.409
2023-10-01,12,Ingresos no petroleros,2255.251
2023-11-01,12,Ingresos no petroleros,2205.088
2023-12-01,12,Ingresos no petroleros,2453.802
2024-01-01,12,Ingresos no petroleros,2537.609
2024-02-01,12,Ingresos no petroleros,2680.18
2024-03-01,12,Ingresos no petroleros,2723.701
2024-04-01,12,Ingresos no petroleros,3122.14
2024-05-01,12,Ingresos no petroleros,2818.803
2024-06-01,12,Ingresos no petroleros,2547.9
2024-07-01,12,Ingresos no petroleros,2848.34
2024-08-01,12,Ingresos no petroleros,2491.404
2024-09-01,12,Ingresos no petroleros,2431.838
2024-10-01,12,Ingresos no petroleros,2363.004
2024-11-01,12,Ingresos no petroleros,2350.541
2024-12-01,12,Ingresos no petroleros,2414.301
2025-01-01,12,Ingresos no petroleros,3016.566
2025-02-01,12,Ingresos no petroleros,2226.001
2025-03-01,12,Ingresos no petroleros,3146.634
2025-04-01,12,Ingresos no petroleros,3067.257
2025-05-01,12,Ingresos no petroleros,2781.324
2025-06-01,12,Ingresos no petroleros,2641.737
2025-07-01,12,Ingresos no petroleros,2658.557
2025-08-01,12,Ingresos no petroleros,2634.493
2025-09-01,12,Ingresos no petroleros,2647.608
2025-10-01,12,Ingresos no petroleros,2640.99
2025-11-01,12,Ingresos no petroleros,2704.01
2025-12-01,12,Ingresos no petroleros,2719.277
2026-01-01,12,Ingresos no petroleros,3239.839
2026-02-01,12,Ingresos no petroleros,2605.995
2026-03-01,12,Ingresos no petroleros,3390.995
2026-04-01,12,Ingresos no petroleros,3827.608
2026-05-01,12,Ingresos no petroleros,2990.728
2026-06-01,12,Ingresos no petroleros,2730.265
2013-01-01,121,Ingresos tributarios,1274.72
2013-02-01,121,Ingresos tributarios,940.136
2013-03-01,121,Ingresos tributarios,1023.215
2013-04-01,121,Ingresos tributarios,1723.113
2013-05-01,121,Ingresos tributarios,1066.478
2013-06-01,121,Ingresos tributarios,998.851
2013-07-01,121,Ingresos tributarios,1214.041
2013-08-01,121,Ingresos tributarios,1059.136
2013-09-01,121,Ingresos tributarios,1147.781
2013-10-01,121,Ingresos tributarios,1080.23
2013-11-01,121,Ingresos tributarios,1057.92
2013-12-01,121,Ingresos tributarios,1081.932
2014-01-01,121,Ingresos tributarios,1304.489
2014-02-01,121,Ingresos tributarios,986.359
2014-03-01,121,Ingresos tributarios,1067.987
2014-04-01,121,Ingresos tributarios,1799.564
2014-05-01,121,Ingresos tributarios,1099.469
2014-06-01,121,Ingresos tributarios,1042.151
2014-07-01,121,Ingresos tributarios,1271.1
2014-08-01,121,Ingresos tributarios,1114.31
2014-09-01,121,Ingresos tributarios,1239.806
2014-10-01,121,Ingresos tributarios,1160.187
2014-11-01,121,Ingresos tributarios,1171.37
2014-12-01,121,Ingresos tributarios,1203.188
2015-01-01,121,Ingresos tributarios,1538.709
2015-02-01,121,Ingresos tributarios,1094.217
2015-03-01,121,Ingresos tributarios,1239.747
2015-04-01,121,Ingresos tributarios,1972.151
2015-05-01,121,Ingresos tributarios,1208.172
2015-06-01,121,Ingresos tributarios,1206.412
2015-07-01,121,Ingresos tributarios,2052.262
2015-08-01,121,Ingresos tributarios,1113.155
2015-09-01,121,Ingresos tributarios,1266.374
2015-10-01,121,Ingresos tributarios,1091.257
2015-11-01,121,Ingresos tributarios,1092.272
2015-12-01,121,Ingresos tributarios,1086.153
2016-01-01,121,Ingresos tributarios,1321.036
2016-02-01,121,Ingresos tributarios,900.573
2016-03-01,121,Ingresos tributarios,1086.617
2016-04-01,121,Ingresos tributarios,1608.916
2016-05-01,121,Ingresos tributarios,980.94
2016-06-01,121,Ingresos tributarios,1197.691
2016-07-01,121,Ingresos tributarios,1331.752
2016-08-01,121,Ingresos tributarios,1266.435
2016-09-01,121,Ingresos tributarios,1168.205
2016-10-01,121,Ingresos tributarios,1159.532
2016-11-01,121,Ingresos tributarios,1077.586
2016-12-01,121,Ingresos tributarios,1154.083
2017-01-01,121,Ingresos tributarios,1403.125
2017-02-01,121,Ingresos tributarios,973.104
2017-03-01,121,Ingresos tributarios,1107.177
2017-04-01,121,Ingresos tributarios,1787.066
2017-05-01,121,Ingresos tributarios,1061.544
2017-06-01,121,Ingresos tributarios,1100.947
2017-07-01,121,Ingresos tributarios,1209.608
2017-08-01,121,Ingresos tributarios,1099.393
2017-09-01,121,Ingresos tributarios,1197.644
2017-10-01,121,Ingresos tributarios,1101.823
2017-11-01,121,Ingresos tributarios,1161.298
2017-12-01,121,Ingresos tributarios,1151.108
2018-01-01,121,Ingresos tributarios,1397.707
2018-02-01,121,Ingresos tributarios,991.774
2018-03-01,121,Ingresos tributarios,1149.922
2018-04-01,121,Ingresos tributarios,1765.283
2018-05-01,121,Ingresos tributarios,1173.857
2018-06-01,121,Ingresos tributarios,1078.149
2018-07-01,121,Ingresos tributarios,1258.542
2018-08-01,121,Ingresos tributarios,1144.934
2018-09-01,121,Ingresos tributarios,1212.329
2018-10-01,121,Ingresos tributarios,1169.726
2018-11-01,121,Ingresos tributarios,1140.293
2018-12-01,121,Ingresos tributarios,1934.938
2019-01-01,121,Ingresos tributarios,1383.247
2019-02-01,121,Ingresos tributarios,1014.364
2019-03-01,121,Ingresos tributarios,1092.124
2019-04-01,121,Ingresos tributarios,2006.14
2019-05-01,121,Ingresos tributarios,1166.057
2019-06-01,121,Ingresos tributarios,1058.576
2019-07-01,121,Ingresos tributarios,1172.406
2019-08-01,121,Ingresos tributarios,1195.681
2019-09-01,121,Ingresos tributarios,1126.052
2019-10-01,121,Ingresos tributarios,1147.628
2019-11-01,121,Ingresos tributarios,1079.454
2019-12-01,121,Ingresos tributarios,1043.908
2020-01-01,121,Ingresos tributarios,1433.929
2020-02-01,121,Ingresos tributarios,919.426
2020-03-01,121,Ingresos tributarios,1163.936
2020-04-01,121,Ingresos tributarios,1289.567
2020-05-01,121,Ingresos tributarios,746.359
2020-06-01,121,Ingresos tributarios,795.872
2020-07-01,121,Ingresos tributarios,890.881
2020-08-01,121,Ingresos tributarios,915.823
2020-09-01,121,Ingresos tributarios,1257.18
2020-10-01,121,Ingresos tributarios,891.924
2020-11-01,121,Ingresos tributarios,988.477
2020-12-01,121,Ingresos tributarios,1072.625
2021-01-01,121,Ingresos tributarios,1297.182
2021-02-01,121,Ingresos tributarios,917.286
2021-03-01,121,Ingresos tributarios,1150.868
2021-04-01,121,Ingresos tributarios,1349.646
2021-05-01,121,Ingresos tributarios,1039.106
2021-06-01,121,Ingresos tributarios,1063.056
2021-07-01,121,Ingresos tributarios,1120.226
2021-08-01,121,Ingresos tributarios,1075.822
2021-09-01,121,Ingresos tributarios,1123.538
2021-10-01,121,Ingresos tributarios,1107.449
2021-11-01,121,Ingresos tributarios,1113.689
2021-12-01,121,Ingresos tributarios,1191.535
2022-01-01,121,Ingresos tributarios,1411.483
2022-02-01,121,Ingresos tributarios,1014.044
2022-03-01,121,Ingresos tributarios,1665.491
2022-04-01,121,Ingresos tributarios,1749.272
2022-05-01,121,Ingresos tributarios,1137.963
2022-06-01,121,Ingresos tributarios,1098.102
2022-07-01,121,Ingresos tributarios,1098.289
2022-08-01,121,Ingresos tributarios,1185.609
2022-09-01,121,Ingresos tributarios,1241.567
2022-10-01,121,Ingresos tributarios,1182.138
2022-11-01,121,Ingresos tributarios,1148.127
2022-12-01,121,Ingresos tributarios,1167.667
2023-01-01,121,Ingresos tributarios,1414.339
2023-02-01,121,Ingresos tributarios,976.072
2023-03-01,121,Ingresos tributarios,1401.878
2023-04-01,121,Ingresos tributarios,1784.807
2023-05-01,121,Ingresos tributarios,1162.902
2023-06-01,121,Ingresos tributarios,1129.416
2023-07-01,121,Ingresos tributarios,1075.288
2023-08-01,121,Ingresos tributarios,1082.034
2023-09-01,121,Ingresos tributarios,1072.558
2023-10-01,121,Ingresos tributarios,1077.832
2023-11-01,121,Ingresos tributarios,1025.676
2023-12-01,121,Ingresos tributarios,1148.083
2024-01-01,121,Ingresos tributarios,1343.7
2024-02-01,121,Ingresos tributarios,1028.254
2024-03-01,121,Ingresos tributarios,1356.482
2024-04-01,121,Ingresos tributarios,1934.7
2024-05-01,121,Ingresos tributarios,1478.376
2024-06-01,121,Ingresos tributarios,1309.604
2024-07-01,121,Ingresos tributarios,1748.71
2024-08-01,121,Ingresos tributarios,1339.114
2024-09-01,121,Ingresos tributarios,1267.199
2024-10-01,121,Ingresos tributarios,1218.954
2024-11-01,121,Ingresos tributarios,1229.779
2024-12-01,121,Ingresos tributarios,1246.377
2025-01-01,121,Ingresos tributarios,1524.932
2025-02-01,121,Ingresos tributarios,1111.295
2025-03-01,121,Ingresos tributarios,1593.709
2025-04-01,121,Ingresos tributarios,1803.515
2025-05-01,121,Ingresos tributarios,1394.585
2025-06-01,121,Ingresos tributarios,1339.61
2025-07-01,121,Ingresos tributarios,1492.9
2025-08-01,121,Ingresos tributarios,1498.127
2025-09-01,121,Ingresos tributarios,1361.045
2025-10-01,121,Ingresos tributarios,1422.391
2025-11-01,121,Ingresos tributarios,1396.257
2025-12-01,121,Ingresos tributarios,1403.761
2026-01-01,121,Ingresos tributarios,1730.355
2026-02-01,121,Ingresos tributarios,1282.438
2026-03-01,121,Ingresos tributarios,1478.856
2026-04-01,121,Ingresos tributarios,2180.373
2026-05-01,121,Ingresos tributarios,1530.457
2026-06-01,121,Ingresos tributarios,1552.463
2013-01-01,1211,Impuesto a la renta,330.713
2013-02-01,1211,Impuesto a la renta,171.977
2013-03-01,1211,Impuesto a la renta,256.168
2013-04-01,1211,Impuesto a la renta,914.527
2013-05-01,1211,Impuesto a la renta,224.008
2013-06-01,1211,Impuesto a la renta,197.563
2013-07-01,1211,Impuesto a la renta,382.887
2013-08-01,1211,Impuesto a la renta,210.134
2013-09-01,1211,Impuesto a la renta,335.517
2013-10-01,1211,Impuesto a la renta,220.473
2013-11-01,1211,Impuesto a la renta,214.023
2013-12-01,1211,Impuesto a la renta,264.985
2014-01-01,1211,Impuesto a la renta,337.37
2014-02-01,1211,Impuesto a la renta,192.449
2014-03-01,1211,Impuesto a la renta,288.965
2014-04-01,1211,Impuesto a la renta,970.864
2014-05-01,1211,Impuesto a la renta,259.851
2014-06-01,1211,Impuesto a la renta,213.641
2014-07-01,1211,Impuesto a la renta,394.259
2014-08-01,1211,Impuesto a la renta,245.5
2014-09-01,1211,Impuesto a la renta,364.766
2014-10-01,1211,Impuesto a la renta,249.698
2014-11-01,1211,Impuesto a la renta,231.027
2014-12-01,1211,Impuesto a la renta,282.85
2015-01-01,1211,Impuesto a la renta,409.291
2015-02-01,1211,Impuesto a la renta,183.271
2015-03-01,1211,Impuesto a la renta,309.566
2015-04-01,1211,Impuesto a la renta,1016.749
2015-05-01,1211,Impuesto a la renta,310.593
2015-06-01,1211,Impuesto a la renta,317.41
2015-07-01,1211,Impuesto a la renta,996.686
2015-08-01,1211,Impuesto a la renta,224.777
2015-09-01,1211,Impuesto a la renta,376.809
2015-10-01,1211,Impuesto a la renta,231.798
2015-11-01,1211,Impuesto a la renta,225.209
2015-12-01,1211,Impuesto a la renta,252.336
2016-01-01,1211,Impuesto a la renta,321.236
2016-02-01,1211,Impuesto a la renta,181.804
2016-03-01,1211,Impuesto a la renta,332.512
2016-04-01,1211,Impuesto a la renta,869.989
2016-05-01,1211,Impuesto a la renta,245.567
2016-06-01,1211,Impuesto a la renta,218.381
2016-07-01,1211,Impuesto a la renta,346.597
2016-08-01,1211,Impuesto a la renta,224.62
2016-09-01,1211,Impuesto a la renta,346.314
2016-10-01,1211,Impuesto a la renta,255.233
2016-11-01,1211,Impuesto a la renta,223.593
2016-12-01,1211,Impuesto a la renta,247.714
2017-01-01,1211,Impuesto a la renta,342.311
2017-02-01,1211,Impuesto a la renta,212.661
2017-03-01,1211,Impuesto a la renta,302.016
2017-04-01,1211,Impuesto a la renta,960.543
2017-05-01,1211,Impuesto a la renta,247.837
2017-06-01,1211,Impuesto a la renta,239.94
2017-07-01,1211,Impuesto a la renta,353.091
2017-08-01,1211,Impuesto a la renta,229.26
2017-09-01,1211,Impuesto a la renta,362.975
2017-10-01,1211,Impuesto a la renta,244.576
2017-11-01,1211,Impuesto a la renta,252.313
2017-12-01,1211,Impuesto a la renta,258.238
2018-01-01,1211,Impuesto a la renta,385.917
2018-02-01,1211,Impuesto a la renta,196.276
2018-03-01,1211,Impuesto a la renta,315.489
2018-04-01,1211,Impuesto a la renta,935.143
2018-05-01,1211,Impuesto a la renta,307.872
2018-06-01,1211,Impuesto a la renta,234.907
2018-07-01,1211,Impuesto a la renta,352.521
2018-08-01,1211,Impuesto a la renta,238.136
2018-09-01,1211,Impuesto a la renta,372.249
2018-10-01,1211,Impuesto a la renta,257.166
2018-11-01,1211,Impuesto a la renta,262.724
2018-12-01,1211,Impuesto a la renta,944.436
2019-01-01,1211,Impuesto a la renta,372.561
2019-02-01,1211,Impuesto a la renta,196.127
2019-03-01,1211,Impuesto a la renta,303.948
2019-04-01,1211,Impuesto a la renta,1180.045
2019-05-01,1211,Impuesto a la renta,275.688
2019-06-01,1211,Impuesto a la renta,238.944
2019-07-01,1211,Impuesto a la renta,294.847
2019-08-01,1211,Impuesto a la renta,320.773
2019-09-01,1211,Impuesto a la renta,298.12
2019-10-01,1211,Impuesto a la renta,286.104
2019-11-01,1211,Impuesto a la renta,290.825
2019-12-01,1211,Impuesto a la renta,252.679
2020-01-01,1211,Impuesto a la renta,395.404
2020-02-01,1211,Impuesto a la renta,204.023
2020-03-01,1211,Impuesto a la renta,306.241
2020-04-01,1211,Impuesto a la renta,798.298
2020-05-01,1211,Impuesto a la renta,284.713
2020-06-01,1211,Impuesto a la renta,245.569
2020-07-01,1211,Impuesto a la renta,275.034
2020-08-01,1211,Impuesto a la renta,275.467
2020-09-01,1211,Impuesto a la renta,528.191
2020-10-01,1211,Impuesto a la renta,214.546
2020-11-01,1211,Impuesto a la renta,239.51
2020-12-01,1211,Impuesto a la renta,267.173
2021-01-01,1211,Impuesto a la renta,409.632
2021-02-01,1211,Impuesto a la renta,233.601
2021-03-01,1211,Impuesto a la renta,317.993
2021-04-01,1211,Impuesto a la renta,605.612
2021-05-01,1211,Impuesto a la renta,299.445
2021-06-01,1211,Impuesto a la renta,287.138
2021-07-01,1211,Impuesto a la renta,281.288
2021-08-01,1211,Impuesto a la renta,278.365
2021-09-01,1211,Impuesto a la renta,282.393
2021-10-01,1211,Impuesto a la renta,283.939
2021-11-01,1211,Impuesto a la renta,270.673
2021-12-01,1211,Impuesto a la renta,304.053
2022-01-01,1211,Impuesto a la renta,424.882
2022-02-01,1211,Impuesto a la renta,250.951
2022-03-01,1211,Impuesto a la renta,379.966
2022-04-01,1211,Impuesto a la renta,930.14
2022-05-01,1211,Impuesto a la renta,314.793
2022-06-01,1211,Impuesto a la renta,282.776
2022-07-01,1211,Impuesto a la renta,289.67
2022-08-01,1211,Impuesto a la renta,285.577
2022-09-01,1211,Impuesto a la renta,296.843
2022-10-01,1211,Impuesto a la renta,316.089
2022-11-01,1211,Impuesto a la renta,298.432
2022-12-01,1211,Impuesto a la renta,379.929
2023-01-01,1211,Impuesto a la renta,471.914
2023-02-01,1211,Impuesto a la renta,245.178
2023-03-01,1211,Impuesto a la renta,416.647
2023-04-01,1211,Impuesto a la renta,1010.199
2023-05-01,1211,Impuesto a la renta,364.775
2023-06-01,1211,Impuesto a la renta,311.845
2023-07-01,1211,Impuesto a la renta,286.162
2023-08-01,1211,Impuesto a la renta,277.577
2023-09-01,1211,Impuesto a la renta,284.223
2023-10-01,1211,Impuesto a la renta,269.21
2023-11-01,1211,Impuesto a la renta,268.816
2023-12-01,1211,Impuesto a la renta,445.638
2024-01-01,1211,Impuesto a la renta,425.878
2024-02-01,1211,Impuesto a la renta,313.133
2024-03-01,1211,Impuesto a la renta,473.062
2024-04-01,1211,Impuesto a la renta,1007.343
2024-05-01,1211,Impuesto a la renta,447.822
2024-06-01,1211,Impuesto a la renta,417.512
2024-07-01,1211,Impuesto a la renta,535.729
2024-08-01,1211,Impuesto a la renta,383.986
2024-09-01,1211,Impuesto a la renta,390.657
2024-10-01,1211,Impuesto a la renta,334.248
2024-11-01,1211,Impuesto a la renta,360.556
2024-12-01,1211,Impuesto a la renta,345.987
2025-01-01,1211,Impuesto a la renta,483.274
2025-02-01,1211,Impuesto a la renta,302.831
2025-03-01,1211,Impuesto a la renta,483.398
2025-04-01,1211,Impuesto a la renta,881.087
2025-05-01,1211,Impuesto a la renta,454.487
2025-06-01,1211,Impuesto a la renta,377.376
2025-07-01,1211,Impuesto a la renta,495.901
2025-08-01,1211,Impuesto a la renta,464.758
2025-09-01,1211,Impuesto a la renta,452.9
2025-10-01,1211,Impuesto a la renta,384.042
2025-11-01,1211,Impuesto a la renta,443.668
2025-12-01,1211,Impuesto a la renta,488.334
2026-01-01,1211,Impuesto a la renta,571.373
2026-02-01,1211,Impuesto a la renta,293.352
2026-03-01,1211,Impuesto a la renta,532.941
2026-04-01,1211,Impuesto a la renta,1063.94
2026-05-01,1211,Impuesto a la renta,520.923
2026-06-01,1211,Impuesto a la renta,455.671
2013-01-01,1212,IVA,606.753
2013-02-01,1212,IVA,450.279
2013-03-01,1212,IVA,449.87
2013-04-01,1212,IVA,490.456
2013-05-01,1212,IVA,518.118
2013-06-01,1212,IVA,486.887
2013-07-01,1212,IVA,507.62
2013-08-01,1212,IVA,521.362
2013-09-01,1212,IVA,495.211
2013-10-01,1212,IVA,533.996
2013-11-01,1212,IVA,517.913
2013-12-01,1212,IVA,499.376
2014-01-01,1212,IVA,629.675
2014-02-01,1212,IVA,490.078
2014-03-01,1212,IVA,470.863
2014-04-01,1212,IVA,513.449
2014-05-01,1212,IVA,517.205
2014-06-01,1212,IVA,511.633
2014-07-01,1212,IVA,543.317
2014-08-01,1212,IVA,528.276
2014-09-01,1212,IVA,535.725
2014-10-01,1212,IVA,558.752
2014-11-01,1212,IVA,551.112
2014-12-01,1212,IVA,562.838
2015-01-01,1212,IVA,721.599
2015-02-01,1212,IVA,565.413
2015-03-01,1212,IVA,552.994
2015-04-01,1212,IVA,571.716
2015-05-01,1212,IVA,506.799
2015-06-01,1212,IVA,492.252
2015-07-01,1212,IVA,569.574
2015-08-01,1212,IVA,511.066
2015-09-01,1212,IVA,511.591
2015-10-01,1212,IVA,494.345
2015-11-01,1212,IVA,515.541
2015-12-01,1212,IVA,489.025
2016-01-01,1212,IVA,597.324
2016-02-01,1212,IVA,418.726
2016-03-01,1212,IVA,444.85
2016-04-01,1212,IVA,430.338
2016-05-01,1212,IVA,432.673
2016-06-01,1212,IVA,475.547
2016-07-01,1212,IVA,432.404
2016-08-01,1212,IVA,481.519
2016-09-01,1212,IVA,450.799
2016-10-01,1212,IVA,501.057
2016-11-01,1212,IVA,483.851
2016-12-01,1212,IVA,511.614
2017-01-01,1212,IVA,680.801
2017-02-01,1212,IVA,435.312
2017-03-01,1212,IVA,471.379
2017-04-01,1212,IVA,495.832
2017-05-01,1212,IVA,493.81
2017-06-01,1212,IVA,511.484
2017-07-01,1212,IVA,521.189
2017-08-01,1212,IVA,525.096
2017-09-01,1212,IVA,499.082
2017-10-01,1212,IVA,518.536
2017-11-01,1212,IVA,541.713
2017-12-01,1212,IVA,535.334
2018-01-01,1212,IVA,645.471
2018-02-01,1212,IVA,464.496
2018-03-01,1212,IVA,485.335
2018-04-01,1212,IVA,493.693
2018-05-01,1212,IVA,512.041
2018-06-01,1212,IVA,504.404
2018-07-01,1212,IVA,536.165
2018-08-01,1212,IVA,560.439
2018-09-01,1212,IVA,506.396
2018-10-01,1212,IVA,558.208
2018-11-01,1212,IVA,529.843
2018-12-01,1212,IVA,584.628
2019-01-01,1212,IVA,656.063
2019-02-01,1212,IVA,498.924
2019-03-01,1212,IVA,468.11
2019-04-01,1212,IVA,508.987
2019-05-01,1212,IVA,554.212
2019-06-01,1212,IVA,497.592
2019-07-01,1212,IVA,529.915
2019-08-01,1212,IVA,544.131
2019-09-01,1212,IVA,504.028
2019-10-01,1212,IVA,532.988
2019-11-01,1212,IVA,486.852
2019-12-01,1212,IVA,488.166
2020-01-01,1212,IVA,700.817
2020-02-01,1212,IVA,446.404
2020-03-01,1212,IVA,446.953
2020-04-01,1212,IVA,323.598
2020-05-01,1212,IVA,298.068
2020-06-01,1212,IVA,321.516
2020-07-01,1212,IVA,371.582
2020-08-01,1212,IVA,400.647
2020-09-01,1212,IVA,490.025
2020-10-01,1212,IVA,417.46
2020-11-01,1212,IVA,471.539
2020-12-01,1212,IVA,512.236
2021-01-01,1212,IVA,597.453
2021-02-01,1212,IVA,433.552
2021-03-01,1212,IVA,422.59
2021-04-01,1212,IVA,458.326
2021-05-01,1212,IVA,480.456
2021-06-01,1212,IVA,463.227
2021-07-01,1212,IVA,501.461
2021-08-01,1212,IVA,499.376
2021-09-01,1212,IVA,530.286
2021-10-01,1212,IVA,515.859
2021-11-01,1212,IVA,530.145
2021-12-01,1212,IVA,553.205
2022-01-01,1212,IVA,664.525
2022-02-01,1212,IVA,492.079
2022-03-01,1212,IVA,494.498
2022-04-01,1212,IVA,514.323
2022-05-01,1212,IVA,513.296
2022-06-01,1212,IVA,511.756
2022-07-01,1212,IVA,500.657
2022-08-01,1212,IVA,566.496
2022-09-01,1212,IVA,585.433
2022-10-01,1212,IVA,536.461
2022-11-01,1212,IVA,553.698
2022-12-01,1212,IVA,506.875
2023-01-01,1212,IVA,640.004
2023-02-01,1212,IVA,490.844
2023-03-01,1212,IVA,462.084
2023-04-01,1212,IVA,506.372
2023-05-01,1212,IVA,521.996
2023-06-01,1212,IVA,534.72
2023-07-01,1212,IVA,521.376
2023-08-01,1212,IVA,534.795
2023-09-01,1212,IVA,507.089
2023-10-01,1212,IVA,527.696
2023-11-01,1212,IVA,524.831
2023-12-01,1212,IVA,497.395
2024-01-01,1212,IVA,638.039
2024-02-01,1212,IVA,488.725
2024-03-01,1212,IVA,478.693
2024-04-01,1212,IVA,577.533
2024-05-01,1212,IVA,624.219
2024-06-01,1212,IVA,620.627
2024-07-01,1212,IVA,928.19
2024-08-01,1212,IVA,674.73
2024-09-01,1212,IVA,630.299
2024-10-01,1212,IVA,613.398
2024-11-01,1212,IVA,628.14
2024-12-01,1212,IVA,646.842
2025-01-01,1212,IVA,757.524
2025-02-01,1212,IVA,573.246
2025-03-01,1212,IVA,607.984
2025-04-01,1212,IVA,660.03
2025-05-01,1212,IVA,685.121
2025-06-01,1212,IVA,667.709
2025-07-01,1212,IVA,710.083
2025-08-01,1212,IVA,734.211
2025-09-01,1212,IVA,609.743
2025-10-01,1212,IVA,740.573
2025-11-01,1212,IVA,693.274
2025-12-01,1212,IVA,661.06
2026-01-01,1212,IVA,879.355
2026-02-01,1212,IVA,745.937
2026-03-01,1212,IVA,653.252
2026-04-01,1212,IVA,752.256
2026-05-01,1212,IVA,696.968
2026-06-01,1212,IVA,804.277
2013-01-01,1213,ICE,65.248
2013-02-01,1213,ICE,63.164
2013-03-01,1213,ICE,57.788
2013-04-01,1213,ICE,59.948
2013-05-01,1213,ICE,62.341
2013-06-01,1213,ICE,59.401
2013-07-01,1213,ICE,60.518
2013-08-01,1213,ICE,59.362
2013-09-01,1213,ICE,61.653
2013-10-01,1213,ICE,62.505
2013-11-01,1213,ICE,64.362
2013-12-01,1213,ICE,67.337
2014-01-01,1213,ICE,74.904
2014-02-01,1213,ICE,56.996
2014-03-01,1213,ICE,59.587
2014-04-01,1213,ICE,60.143
2014-05-01,1213,ICE,65.191
2014-06-01,1213,ICE,64.73
2014-07-01,1213,ICE,67.69
2014-08-01,1213,ICE,69.16
2014-09-01,1213,ICE,70.781
2014-10-01,1213,ICE,75.549
2014-11-01,1213,ICE,70.021
2014-12-01,1213,ICE,68.594
2015-01-01,1213,ICE,90.852
2015-02-01,1213,ICE,61.974
2015-03-01,1213,ICE,66.14
2015-04-01,1213,ICE,67.827
2015-05-01,1213,ICE,60.282
2015-06-01,1213,ICE,73.184
2015-07-01,1213,ICE,117.512
2015-08-01,1213,ICE,63.904
2015-09-01,1213,ICE,58.806
2015-10-01,1213,ICE,59.661
2015-11-01,1213,ICE,65.33
2015-12-01,1213,ICE,60.27
2016-01-01,1213,ICE,83.646
2016-02-01,1213,ICE,52.282
2016-03-01,1213,ICE,49.252
2016-04-01,1213,ICE,60.319
2016-05-01,1213,ICE,56.579
2016-06-01,1213,ICE,59.809
2016-07-01,1213,ICE,77.114
2016-08-01,1213,ICE,66.872
2016-09-01,1213,ICE,67.755
2016-10-01,1213,ICE,85.48
2016-11-01,1213,ICE,73.486
2016-12-01,1213,ICE,65.738
2017-01-01,1213,ICE,93.366
2017-02-01,1213,ICE,67.943
2017-03-01,1213,ICE,64.181
2017-04-01,1213,ICE,73.968
2017-05-01,1213,ICE,73.656
2017-06-01,1213,ICE,81.031
2017-07-01,1213,ICE,81.888
2017-08-01,1213,ICE,79.713
2017-09-01,1213,ICE,80.9
2017-10-01,1213,ICE,77.589
2017-11-01,1213,ICE,92.555
2017-12-01,1213,ICE,82.611
2018-01-01,1213,ICE,96.497
2018-02-01,1213,ICE,78.126
2018-03-01,1213,ICE,81.036
2018-04-01,1213,ICE,75.723
2018-05-01,1213,ICE,84.655
2018-06-01,1213,ICE,82.455
2018-07-01,1213,ICE,87.839
2018-08-01,1213,ICE,78.425
2018-09-01,1213,ICE,78.704
2018-10-01,1213,ICE,82.314
2018-11-01,1213,ICE,79.606
2018-12-01,1213,ICE,72.871
2019-01-01,1213,ICE,87.427
2019-02-01,1213,ICE,68.485
2019-03-01,1213,ICE,70.678
2019-04-01,1213,ICE,71.249
2019-05-01,1213,ICE,77.265
2019-06-01,1213,ICE,76.753
2019-07-01,1213,ICE,78.912
2019-08-01,1213,ICE,74.75
2019-09-01,1213,ICE,73.772
2019-10-01,1213,ICE,77.736
2019-11-01,1213,ICE,69.035
2019-12-01,1213,ICE,72.432
2020-01-01,1213,ICE,91.141
2020-02-01,1213,ICE,65.105
2020-03-01,1213,ICE,76.137
2020-04-01,1213,ICE,36.948
2020-05-01,1213,ICE,32.289
2020-06-01,1213,ICE,50.062
2020-07-01,1213,ICE,55.273
2020-08-01,1213,ICE,59.125
2020-09-01,1213,ICE,57.303
2020-10-01,1213,ICE,68.477
2020-11-01,1213,ICE,69.565
2020-12-01,1213,ICE,76.091
2021-01-01,1213,ICE,77.351
2021-02-01,1213,ICE,60.806
2021-03-01,1213,ICE,63.706
2021-04-01,1213,ICE,63.996
2021-05-01,1213,ICE,59.046
2021-06-01,1213,ICE,63.576
2021-07-01,1213,ICE,81.037
2021-08-01,1213,ICE,64.4
2021-09-01,1213,ICE,67.076
2021-10-01,1213,ICE,78.328
2021-11-01,1213,ICE,67.763
2021-12-01,1213,ICE,74.347
2022-01-01,1213,ICE,90.641
2022-02-01,1213,ICE,52.462
2022-03-01,1213,ICE,77.008
2022-04-01,1213,ICE,68.127
2022-05-01,1213,ICE,67.282
2022-06-01,1213,ICE,64.862
2022-07-01,1213,ICE,58.949
2022-08-01,1213,ICE,76.193
2022-09-01,1213,ICE,92.78
2022-10-01,1213,ICE,71.75
2022-11-01,1213,ICE,65.735
2022-12-01,1213,ICE,65.856
2023-01-01,1213,ICE,94.34
2023-02-01,1213,ICE,46.878
2023-03-01,1213,ICE,67.926
2023-04-01,1213,ICE,68.703
2023-05-01,1213,ICE,69.676
2023-06-01,1213,ICE,67.843
2023-07-01,1213,ICE,65.537
2023-08-01,1213,ICE,74.067
2023-09-01,1213,ICE,70.848
2023-10-01,1213,ICE,68.496
2023-11-01,1213,ICE,57.99
2023-12-01,1213,ICE,60.349
2024-01-01,1213,ICE,100.751
2024-02-01,1213,ICE,57.096
2024-03-01,1213,ICE,61.305
2024-04-01,1213,ICE,63.708
2024-05-01,1213,ICE,64.378
2024-06-01,1213,ICE,59.675
2024-07-01,1213,ICE,65.039
2024-08-01,1213,ICE,58.334
2024-09-01,1213,ICE,52.72
2024-10-01,1213,ICE,57.652
2024-11-01,1213,ICE,47.735
2024-12-01,1213,ICE,62.755
2025-01-01,1213,ICE,89.489
2025-02-01,1213,ICE,55.795
2025-03-01,1213,ICE,55.58
2025-04-01,1213,ICE,57.609
2025-05-01,1213,ICE,57.46
2025-06-01,1213,ICE,64.726
2025-07-01,1213,ICE,55.522
2025-08-01,1213,ICE,62.146
2025-09-01,1213,ICE,59.491
2025-10-01,1213,ICE,60.548
2025-11-01,1213,ICE,47.937
2025-12-01,1213,ICE,68.615
2026-01-01,1213,ICE,96.092
2026-02-01,1213,ICE,69.412
2026-03-01,1213,ICE,56.385
2026-04-01,1213,ICE,64.165
2026-05-01,1213,ICE,67.111
2026-06-01,1213,ICE,67.735
2013-01-01,1214,Arancelarios,115.5
2013-02-01,1214,Arancelarios,95.055
2013-03-01,1214,Arancelarios,101.098
2013-04-01,1214,Arancelarios,110.577
2013-05-01,1214,Arancelarios,113.664
2013-06-01,1214,Arancelarios,104.138
2013-07-01,1214,Arancelarios,112.3
2013-08-01,1214,Arancelarios,116.298
2013-09-01,1214,Arancelarios,105.334
2013-10-01,1214,Arancelarios,122.035
2013-11-01,1214,Arancelarios,118.85
2013-12-01,1214,Arancelarios,108.841
2014-01-01,1214,Arancelarios,100.244
2014-02-01,1214,Arancelarios,96.483
2014-03-01,1214,Arancelarios,93.902
2014-04-01,1214,Arancelarios,107.343
2014-05-01,1214,Arancelarios,120.904
2014-06-01,1214,Arancelarios,111.522
2014-07-01,1214,Arancelarios,113.81
2014-08-01,1214,Arancelarios,121.389
2014-09-01,1214,Arancelarios,124.158
2014-10-01,1214,Arancelarios,126.666
2014-11-01,1214,Arancelarios,128.373
2014-12-01,1214,Arancelarios,131.936
2015-01-01,1214,Arancelarios,141.491
2015-02-01,1214,Arancelarios,120.463
2015-03-01,1214,Arancelarios,147.739
2015-04-01,1214,Arancelarios,166.285
2015-05-01,1214,Arancelarios,191.776
2015-06-01,1214,Arancelarios,191.479
2015-07-01,1214,Arancelarios,194.288
2015-08-01,1214,Arancelarios,178.242
2015-09-01,1214,Arancelarios,187.961
2015-10-01,1214,Arancelarios,175.787
2015-11-01,1214,Arancelarios,166.977
2015-12-01,1214,Arancelarios,163.988
2016-01-01,1214,Arancelarios,136.516
2016-02-01,1214,Arancelarios,116.153
2016-03-01,1214,Arancelarios,124.67
2016-04-01,1214,Arancelarios,120.898
2016-05-01,1214,Arancelarios,130.67
2016-06-01,1214,Arancelarios,116.121
2016-07-01,1214,Arancelarios,131.59
2016-08-01,1214,Arancelarios,149.21
2016-09-01,1214,Arancelarios,134.347
2016-10-01,1214,Arancelarios,167.626
2016-11-01,1214,Arancelarios,155.659
2016-12-01,1214,Arancelarios,147.645
2017-01-01,1214,Arancelarios,143.182
2017-02-01,1214,Arancelarios,118.921
2017-03-01,1214,Arancelarios,131.39
2017-04-01,1214,Arancelarios,116.182
2017-05-01,1214,Arancelarios,109.526
2017-06-01,1214,Arancelarios,119.242
2017-07-01,1214,Arancelarios,115.909
2017-08-01,1214,Arancelarios,127.434
2017-09-01,1214,Arancelarios,111.407
2017-10-01,1214,Arancelarios,125.406
2017-11-01,1214,Arancelarios,141.339
2017-12-01,1214,Arancelarios,115.045
2018-01-01,1214,Arancelarios,128.612
2018-02-01,1214,Arancelarios,112.337
2018-03-01,1214,Arancelarios,117.471
2018-04-01,1214,Arancelarios,120.034
2018-05-01,1214,Arancelarios,129.697
2018-06-01,1214,Arancelarios,125.062
2018-07-01,1214,Arancelarios,140.118
2018-08-01,1214,Arancelarios,142.585
2018-09-01,1214,Arancelarios,122.5
2018-10-01,1214,Arancelarios,155.798
2018-11-01,1214,Arancelarios,144.757
2018-12-01,1214,Arancelarios,120.383
2019-01-01,1214,Arancelarios,131.285
2019-02-01,1214,Arancelarios,111.734
2019-03-01,1214,Arancelarios,110.268
2019-04-01,1214,Arancelarios,114.84
2019-05-01,1214,Arancelarios,128.094
2019-06-01,1214,Arancelarios,108.659
2019-07-01,1214,Arancelarios,133.7
2019-08-01,1214,Arancelarios,123.73
2019-09-01,1214,Arancelarios,113.182
2019-10-01,1214,Arancelarios,126.747
2019-11-01,1214,Arancelarios,112.917
2019-12-01,1214,Arancelarios,98.464
2020-01-01,1214,Arancelarios,116.487
2020-02-01,1214,Arancelarios,80.79
2020-03-01,1214,Arancelarios,76.886
2020-04-01,1214,Arancelarios,40.971
2020-05-01,1214,Arancelarios,51.998
2020-06-01,1214,Arancelarios,69.918
2020-07-01,1214,Arancelarios,66.684
2020-08-01,1214,Arancelarios,72.704
2020-09-01,1214,Arancelarios,77.884
2020-10-01,1214,Arancelarios,88.637
2020-11-01,1214,Arancelarios,95.44
2020-12-01,1214,Arancelarios,106.057
2021-01-01,1214,Arancelarios,94.214
2021-02-01,1214,Arancelarios,82.09
2021-03-01,1214,Arancelarios,96.48
2021-04-01,1214,Arancelarios,90.55
2021-05-01,1214,Arancelarios,93.585
2021-06-01,1214,Arancelarios,110.793
2021-07-01,1214,Arancelarios,114.046
2021-08-01,1214,Arancelarios,101.829
2021-09-01,1214,Arancelarios,103.844
2021-10-01,1214,Arancelarios,101.533
2021-11-01,1214,Arancelarios,105.123
2021-12-01,1214,Arancelarios,113.023
2022-01-01,1214,Arancelarios,94.958
2022-02-01,1214,Arancelarios,83.133
2022-03-01,1214,Arancelarios,100.325
2022-04-01,1214,Arancelarios,93.142
2022-05-01,1214,Arancelarios,98.636
2022-06-01,1214,Arancelarios,99.626
2022-07-01,1214,Arancelarios,101.408
2022-08-01,1214,Arancelarios,122.015
2022-09-01,1214,Arancelarios,129.764
2022-10-01,1214,Arancelarios,113.112
2022-11-01,1214,Arancelarios,116.18
2022-12-01,1214,Arancelarios,114.673
2023-01-01,1214,Arancelarios,96.201
2023-02-01,1214,Arancelarios,77.984
2023-03-01,1214,Arancelarios,102.267
2023-04-01,1214,Arancelarios,88.832
2023-05-01,1214,Arancelarios,105.709
2023-06-01,1214,Arancelarios,100.111
2023-07-01,1214,Arancelarios,99.944
2023-08-01,1214,Arancelarios,108.821
2023-09-01,1214,Arancelarios,110.691
2023-10-01,1214,Arancelarios,109.999
2023-11-01,1214,Arancelarios,100.25
2023-12-01,1214,Arancelarios,79.56
2024-01-01,1214,Arancelarios,99.007
2024-02-01,1214,Arancelarios,84.048
2024-03-01,1214,Arancelarios,86.08
2024-04-01,1214,Arancelarios,87.128
2024-05-01,1214,Arancelarios,99.974
2024-06-01,1214,Arancelarios,76.384
2024-07-01,1214,Arancelarios,93.763
2024-08-01,1214,Arancelarios,98.844
2024-09-01,1214,Arancelarios,86.112
2024-10-01,1214,Arancelarios,105.125
2024-11-01,1214,Arancelarios,96.342
2024-12-01,1214,Arancelarios,104.466
2025-01-01,1214,Arancelarios,88.351
2025-02-01,1214,Arancelarios,76.61
2025-03-01,1214,Arancelarios,81.529
2025-04-01,1214,Arancelarios,80.597
2025-05-01,1214,Arancelarios,90.311
2025-06-01,1214,Arancelarios,93.385
2025-07-01,1214,Arancelarios,112.335
2025-08-01,1214,Arancelarios,108.401
2025-09-01,1214,Arancelarios,117.838
2025-10-01,1214,Arancelarios,128.403
2025-11-01,1214,Arancelarios,127.681
2025-12-01,1214,Arancelarios,125.946
2026-01-01,1214,Arancelarios,103.561
2026-02-01,1214,Arancelarios,117.966
2026-03-01,1214,Arancelarios,139.563
2026-04-01,1214,Arancelarios,185.268
2026-05-01,1214,Arancelarios,143.428
2026-06-01,1214,Arancelarios,114.905
2013-01-01,1215,Otros Impuestos,156.506
2013-02-01,1215,Otros Impuestos,159.661
2013-03-01,1215,Otros Impuestos,158.292
2013-04-01,1215,Otros Impuestos,147.606
2013-05-01,1215,Otros Impuestos,148.346
2013-06-01,1215,Otros Impuestos,150.862
2013-07-01,1215,Otros Impuestos,150.715
2013-08-01,1215,Otros Impuestos,151.98
2013-09-01,1215,Otros Impuestos,150.066
2013-10-01,1215,Otros Impuestos,141.222
2013-11-01,1215,Otros Impuestos,142.771
2013-12-01,1215,Otros Impuestos,141.392
2014-01-01,1215,Otros Impuestos,162.296
2014-02-01,1215,Otros Impuestos,150.354
2014-03-01,1215,Otros Impuestos,154.67
2014-04-01,1215,Otros Impuestos,147.765
2014-05-01,1215,Otros Impuestos,136.318
2014-06-01,1215,Otros Impuestos,140.624
2014-07-01,1215,Otros Impuestos,152.025
2014-08-01,1215,Otros Impuestos,149.985
2014-09-01,1215,Otros Impuestos,144.376
2014-10-01,1215,Otros Impuestos,149.521
2014-11-01,1215,Otros Impuestos,190.838
2014-12-01,1215,Otros Impuestos,156.969
2015-01-01,1215,Otros Impuestos,175.475
2015-02-01,1215,Otros Impuestos,163.096
2015-03-01,1215,Otros Impuestos,163.309
2015-04-01,1215,Otros Impuestos,149.575
2015-05-01,1215,Otros Impuestos,138.723
2015-06-01,1215,Otros Impuestos,132.087
2015-07-01,1215,Otros Impuestos,174.202
2015-08-01,1215,Otros Impuestos,135.167
2015-09-01,1215,Otros Impuestos,131.206
2015-10-01,1215,Otros Impuestos,129.664
2015-11-01,1215,Otros Impuestos,119.214
2015-12-01,1215,Otros Impuestos,120.534
2016-01-01,1215,Otros Impuestos,182.314
2016-02-01,1215,Otros Impuestos,131.609
2016-03-01,1215,Otros Impuestos,135.334
2016-04-01,1215,Otros Impuestos,127.372
2016-05-01,1215,Otros Impuestos,115.451
2016-06-01,1215,Otros Impuestos,127.09
2016-07-01,1215,Otros Impuestos,124.025
2016-08-01,1215,Otros Impuestos,116.627
2016-09-01,1215,Otros Impuestos,126.414
2016-10-01,1215,Otros Impuestos,126.015
2016-11-01,1215,Otros Impuestos,116.142
2016-12-01,1215,Otros Impuestos,162.971
2017-01-01,1215,Otros Impuestos,135.316
2017-02-01,1215,Otros Impuestos,131.831
2017-03-01,1215,Otros Impuestos,134.665
2017-04-01,1215,Otros Impuestos,137.155
2017-05-01,1215,Otros Impuestos,131.662
2017-06-01,1215,Otros Impuestos,146.221
2017-07-01,1215,Otros Impuestos,135.523
2017-08-01,1215,Otros Impuestos,136.349
2017-09-01,1215,Otros Impuestos,138.695
2017-10-01,1215,Otros Impuestos,133.768
2017-11-01,1215,Otros Impuestos,132.112
2017-12-01,1215,Otros Impuestos,158.439
2018-01-01,1215,Otros Impuestos,140.108
2018-02-01,1215,Otros Impuestos,139.79
2018-03-01,1215,Otros Impuestos,149.956
2018-04-01,1215,Otros Impuestos,140.419
2018-05-01,1215,Otros Impuestos,139.34
2018-06-01,1215,Otros Impuestos,131.157
2018-07-01,1215,Otros Impuestos,141.726
2018-08-01,1215,Otros Impuestos,125.046
2018-09-01,1215,Otros Impuestos,132.139
2018-10-01,1215,Otros Impuestos,115.945
2018-11-01,1215,Otros Impuestos,122.336
2018-12-01,1215,Otros Impuestos,206.843
2019-01-01,1215,Otros Impuestos,135.912
2019-02-01,1215,Otros Impuestos,139.095
2019-03-01,1215,Otros Impuestos,139.12
2019-04-01,1215,Otros Impuestos,131.018
2019-05-01,1215,Otros Impuestos,130.798
2019-06-01,1215,Otros Impuestos,136.627
2019-07-01,1215,Otros Impuestos,135.033
2019-08-01,1215,Otros Impuestos,132.297
2019-09-01,1215,Otros Impuestos,136.949
2019-10-01,1215,Otros Impuestos,124.053
2019-11-01,1215,Otros Impuestos,119.825
2019-12-01,1215,Otros Impuestos,132.166
2020-01-01,1215,Otros Impuestos,130.081
2020-02-01,1215,Otros Impuestos,120.981
2020-03-01,1215,Otros Impuestos,119.815
2020-04-01,1215,Otros Impuestos,86.783
2020-05-01,1215,Otros Impuestos,68.644
2020-06-01,1215,Otros Impuestos,98.241
2020-07-01,1215,Otros Impuestos,112.031
2020-08-01,1215,Otros Impuestos,106.857
2020-09-01,1215,Otros Impuestos,103.255
2020-10-01,1215,Otros Impuestos,102.58
2020-11-01,1215,Otros Impuestos,112.156
2020-12-01,1215,Otros Impuestos,110.919
2021-01-01,1215,Otros Impuestos,116.452
2021-02-01,1215,Otros Impuestos,104.053
2021-03-01,1215,Otros Impuestos,119.655
2021-04-01,1215,Otros Impuestos,122.397
2021-05-01,1215,Otros Impuestos,100.155
2021-06-01,1215,Otros Impuestos,132.321
2021-07-01,1215,Otros Impuestos,136.472
2021-08-01,1215,Otros Impuestos,131.2
2021-09-01,1215,Otros Impuestos,139.624
2021-10-01,1215,Otros Impuestos,127.42
2021-11-01,1215,Otros Impuestos,139.739
2021-12-01,1215,Otros Impuestos,146.454
2022-01-01,1215,Otros Impuestos,133.773
2022-02-01,1215,Otros Impuestos,132.911
2022-03-01,1215,Otros Impuestos,127.784
2022-04-01,1215,Otros Impuestos,118.954
2022-05-01,1215,Otros Impuestos,116.546
2022-06-01,1215,Otros Impuestos,110.435
2022-07-01,1215,Otros Impuestos,123.013
2022-08-01,1215,Otros Impuestos,116.876
2022-09-01,1215,Otros Impuestos,118.801
2022-10-01,1215,Otros Impuestos,127.809
2022-11-01,1215,Otros Impuestos,109.926
2022-12-01,1215,Otros Impuestos,89.58
2023-01-01,1215,Otros Impuestos,106.832
2023-02-01,1215,Otros Impuestos,111.956
2023-03-01,1215,Otros Impuestos,104.241
2023-04-01,1215,Otros Impuestos,106.321
2023-05-01,1215,Otros Impuestos,91.68
2023-06-01,1215,Otros Impuestos,105.668
2023-07-01,1215,Otros Impuestos,93.225
2023-08-01,1215,Otros Impuestos,78.273
2023-09-01,1215,Otros Impuestos,91.559
2023-10-01,1215,Otros Impuestos,94.249
2023-11-01,1215,Otros Impuestos,72.846
2023-12-01,1215,Otros Impuestos,64.317
2024-01-01,1215,Otros Impuestos,77.797
2024-02-01,1215,Otros Impuestos,84.386
2024-03-01,1215,Otros Impuestos,85.773
2024-04-01,1215,Otros Impuestos,96.494
2024-05-01,1215,Otros Impuestos,92.15
2024-06-01,1215,Otros Impuestos,131.366
2024-07-01,1215,Otros Impuestos,117.777
2024-08-01,1215,Otros Impuestos,122.842
2024-09-01,1215,Otros Impuestos,107.021
2024-10-01,1215,Otros Impuestos,107.78
2024-11-01,1215,Otros Impuestos,96.743
2024-12-01,1215,Otros Impuestos,85.913
2025-01-01,1215,Otros Impuestos,105.146
2025-02-01,1215,Otros Impuestos,99.174
2025-03-01,1215,Otros Impuestos,88.046
2025-04-01,1215,Otros Impuestos,110.769
2025-05-01,1215,Otros Impuestos,105.612
2025-06-01,1215,Otros Impuestos,134.898
2025-07-01,1215,Otros Impuestos,117.543
2025-08-01,1215,Otros Impuestos,127.946
2025-09-01,1215,Otros Impuestos,118.925
2025-10-01,1215,Otros Impuestos,107.827
2025-11-01,1215,Otros Impuestos,82.956
2025-12-01,1215,Otros Impuestos,59.111
2026-01-01,1215,Otros Impuestos,79.974
2026-02-01,1215,Otros Impuestos,55.77
2026-03-01,1215,Otros Impuestos,96.679
2026-04-01,1215,Otros Impuestos,114.715
2026-05-01,1215,Otros Impuestos,102.003
2026-06-01,1215,Otros Impuestos,109.85
2013-01-01,1216,Impuestos emergencia,0.0
2013-02-01,1216,Impuestos emergencia,0.0
2013-03-01,1216,Impuestos emergencia,0.0
2013-04-01,1216,Impuestos emergencia,0.0
2013-05-01,1216,Impuestos emergencia,0.0
2013-06-01,1216,Impuestos emergencia,0.0
2013-07-01,1216,Impuestos emergencia,0.0
2013-08-01,1216,Impuestos emergencia,0.0
2013-09-01,1216,Impuestos emergencia,0.0
2013-10-01,1216,Impuestos emergencia,0.0
2013-11-01,1216,Impuestos emergencia,0.0
2013-12-01,1216,Impuestos emergencia,0.0
2014-01-01,1216,Impuestos emergencia,0.0
2014-02-01,1216,Impuestos emergencia,0.0
2014-03-01,1216,Impuestos emergencia,0.0
2014-04-01,1216,Impuestos emergencia,0.0
2014-05-01,1216,Impuestos emergencia,0.0
2014-06-01,1216,Impuestos emergencia,0.0
2014-07-01,1216,Impuestos emergencia,0.0
2014-08-01,1216,Impuestos emergencia,0.0
2014-09-01,1216,Impuestos emergencia,0.0
2014-10-01,1216,Impuestos emergencia,0.0
2014-11-01,1216,Impuestos emergencia,0.0
2014-12-01,1216,Impuestos emergencia,0.0
2015-01-01,1216,Impuestos emergencia,0.0
2015-02-01,1216,Impuestos emergencia,0.0
2015-03-01,1216,Impuestos emergencia,0.0
2015-04-01,1216,Impuestos emergencia,0.0
2015-05-01,1216,Impuestos emergencia,0.0
2015-06-01,1216,Impuestos emergencia,0.0
2015-07-01,1216,Impuestos emergencia,0.0
2015-08-01,1216,Impuestos emergencia,0.0
2015-09-01,1216,Impuestos emergencia,0.0
2015-10-01,1216,Impuestos emergencia,0.0
2015-11-01,1216,Impuestos emergencia,0.0
2015-12-01,1216,Impuestos emergencia,0.0
2016-01-01,1216,Impuestos emergencia,0.0
2016-02-01,1216,Impuestos emergencia,0.0
2016-03-01,1216,Impuestos emergencia,0.0
2016-04-01,1216,Impuestos emergencia,0.0
2016-05-01,1216,Impuestos emergencia,0.0
2016-06-01,1216,Impuestos emergencia,200.742
2016-07-01,1216,Impuestos emergencia,220.022
2016-08-01,1216,Impuestos emergencia,227.586
2016-09-01,1216,Impuestos emergencia,42.576
2016-10-01,1216,Impuestos emergencia,24.121
2016-11-01,1216,Impuestos emergencia,24.855
2016-12-01,1216,Impuestos emergencia,18.402
2017-01-01,1216,Impuestos emergencia,8.148
2017-02-01,1216,Impuestos emergencia,6.435
2017-03-01,1216,Impuestos emergencia,3.546
2017-04-01,1216,Impuestos emergencia,3.387
2017-05-01,1216,Impuestos emergencia,5.052
2017-06-01,1216,Impuestos emergencia,3.028
2017-07-01,1216,Impuestos emergencia,2.007
2017-08-01,1216,Impuestos emergencia,1.541
2017-09-01,1216,Impuestos emergencia,4.586
2017-10-01,1216,Impuestos emergencia,1.948
2017-11-01,1216,Impuestos emergencia,1.265
2017-12-01,1216,Impuestos emergencia,1.441
2018-01-01,1216,Impuestos emergencia,1.103
2018-02-01,1216,Impuestos emergencia,0.749
2018-03-01,1216,Impuestos emergencia,0.634
2018-04-01,1216,Impuestos emergencia,0.271
2018-05-01,1216,Impuestos emergencia,0.252
2018-06-01,1216,Impuestos emergencia,0.164
2018-07-01,1216,Impuestos emergencia,0.173
2018-08-01,1216,Impuestos emergencia,0.304
2018-09-01,1216,Impuestos emergencia,0.341
2018-10-01,1216,Impuestos emergencia,0.296
2018-11-01,1216,Impuestos emergencia,1.027
2018-12-01,1216,Impuestos emergencia,5.776
2019-01-01,1216,Impuestos emergencia,0.0
2019-02-01,1216,Impuestos emergencia,0.0
2019-03-01,1216,Impuestos emergencia,0.0
2019-04-01,1216,Impuestos emergencia,0.0
2019-05-01,1216,Impuestos emergencia,0.0
2019-06-01,1216,Impuestos emergencia,0.0
2019-07-01,1216,Impuestos emergencia,0.0
2019-08-01,1216,Impuestos emergencia,0.0
2019-09-01,1216,Impuestos emergencia,0.0
2019-10-01,1216,Impuestos emergencia,0.0
2019-11-01,1216,Impuestos emergencia,0.0
2019-12-01,1216,Impuestos emergencia,0.0
2020-01-01,1216,Impuestos emergencia,0.0
2020-02-01,1216,Impuestos emergencia,2.122
2020-03-01,1216,Impuestos emergencia,137.904
2020-04-01,1216,Impuestos emergencia,2.969
2020-05-01,1216,Impuestos emergencia,10.647
2020-06-01,1216,Impuestos emergencia,10.566
2020-07-01,1216,Impuestos emergencia,10.278
2020-08-01,1216,Impuestos emergencia,1.023
2020-09-01,1216,Impuestos emergencia,0.522
2020-10-01,1216,Impuestos emergencia,0.225
2020-11-01,1216,Impuestos emergencia,0.267
2020-12-01,1216,Impuestos emergencia,0.148
2021-01-01,1216,Impuestos emergencia,2.08
2021-02-01,1216,Impuestos emergencia,3.184
2021-03-01,1216,Impuestos emergencia,130.444
2021-04-01,1216,Impuestos emergencia,8.765
2021-05-01,1216,Impuestos emergencia,6.419
2021-06-01,1216,Impuestos emergencia,6.002
2021-07-01,1216,Impuestos emergencia,5.922
2021-08-01,1216,Impuestos emergencia,0.652
2021-09-01,1216,Impuestos emergencia,0.314
2021-10-01,1216,Impuestos emergencia,0.369
2021-11-01,1216,Impuestos emergencia,0.246
2021-12-01,1216,Impuestos emergencia,0.453
2022-01-01,1216,Impuestos emergencia,2.706
2022-02-01,1216,Impuestos emergencia,2.507
2022-03-01,1216,Impuestos emergencia,485.909
2022-04-01,1216,Impuestos emergencia,24.586
2022-05-01,1216,Impuestos emergencia,27.41
2022-06-01,1216,Impuestos emergencia,28.647
2022-07-01,1216,Impuestos emergencia,24.592
2022-08-01,1216,Impuestos emergencia,18.453
2022-09-01,1216,Impuestos emergencia,17.946
2022-10-01,1216,Impuestos emergencia,16.916
2022-11-01,1216,Impuestos emergencia,4.155
2022-12-01,1216,Impuestos emergencia,10.755
2023-01-01,1216,Impuestos emergencia,5.049
2023-02-01,1216,Impuestos emergencia,3.233
2023-03-01,1216,Impuestos emergencia,248.713
2023-04-01,1216,Impuestos emergencia,4.381
2023-05-01,1216,Impuestos emergencia,9.067
2023-06-01,1216,Impuestos emergencia,9.229
2023-07-01,1216,Impuestos emergencia,9.043
2023-08-01,1216,Impuestos emergencia,8.501
2023-09-01,1216,Impuestos emergencia,8.148
2023-10-01,1216,Impuestos emergencia,8.182
2023-11-01,1216,Impuestos emergencia,0.942
2023-12-01,1216,Impuestos emergencia,0.825
2024-01-01,1216,Impuestos emergencia,2.228
2024-02-01,1216,Impuestos emergencia,0.867
2024-03-01,1216,Impuestos emergencia,171.569
2024-04-01,1216,Impuestos emergencia,102.496
2024-05-01,1216,Impuestos emergencia,149.833
2024-06-01,1216,Impuestos emergencia,4.041
2024-07-01,1216,Impuestos emergencia,8.212
2024-08-01,1216,Impuestos emergencia,0.378
2024-09-01,1216,Impuestos emergencia,0.391
2024-10-01,1216,Impuestos emergencia,0.752
2024-11-01,1216,Impuestos emergencia,0.262
2024-12-01,1216,Impuestos emergencia,0.415
2025-01-01,1216,Impuestos emergencia,1.148
2025-02-01,1216,Impuestos emergencia,3.639
2025-03-01,1216,Impuestos emergencia,277.171
2025-04-01,1216,Impuestos emergencia,13.423
2025-05-01,1216,Impuestos emergencia,1.594
2025-06-01,1216,Impuestos emergencia,1.516
2025-07-01,1216,Impuestos emergencia,1.515
2025-08-01,1216,Impuestos emergencia,0.665
2025-09-01,1216,Impuestos emergencia,2.148
2025-10-01,1216,Impuestos emergencia,0.998
2025-11-01,1216,Impuestos emergencia,0.74
2025-12-01,1216,Impuestos emergencia,0.696
2026-01-01,1216,Impuestos emergencia,0.0
2026-02-01,1216,Impuestos emergencia,0.0
2026-03-01,1216,Impuestos emergencia,0.035
2026-04-01,1216,Impuestos emergencia,0.029
2026-05-01,1216,Impuestos emergencia,0.025
2026-06-01,1216,Impuestos emergencia,0.025
2013-01-01,122,Contribuciones a la Seguridad social,318.542
2013-02-01,122,Contribuciones a la Seguridad social,215.643
2013-03-01,122,Contribuciones a la Seguridad social,479.767
2013-04-01,122,Contribuciones a la Seguridad social,412.32
2013-05-01,122,Contribuciones a la Seguridad social,343.993
2013-06-01,122,Contribuciones a la Seguridad social,339.015
2013-07-01,122,Contribuciones a la Seguridad social,305.398
2013-08-01,122,Contribuciones a la Seguridad social,319.487
2013-09-01,122,Contribuciones a la Seguridad social,365.472
2013-10-01,122,Contribuciones a la Seguridad social,362.763
2013-11-01,122,Contribuciones a la Seguridad social,360.522
2013-12-01,122,Contribuciones a la Seguridad social,244.381
2014-01-01,122,Contribuciones a la Seguridad social,369.117
2014-02-01,122,Contribuciones a la Seguridad social,335.812
2014-03-01,122,Contribuciones a la Seguridad social,439.501
2014-04-01,122,Contribuciones a la Seguridad social,354.934
2014-05-01,122,Contribuciones a la Seguridad social,396.558
2014-06-01,122,Contribuciones a la Seguridad social,512.433
2014-07-01,122,Contribuciones a la Seguridad social,362.864
2014-08-01,122,Contribuciones a la Seguridad social,396.048
2014-09-01,122,Contribuciones a la Seguridad social,244.602
2014-10-01,122,Contribuciones a la Seguridad social,499.592
2014-11-01,122,Contribuciones a la Seguridad social,483.513
2014-12-01,122,Contribuciones a la Seguridad social,248.321
2015-01-01,122,Contribuciones a la Seguridad social,405.893
2015-02-01,122,Contribuciones a la Seguridad social,386.182
2015-03-01,122,Contribuciones a la Seguridad social,378.508
2015-04-01,122,Contribuciones a la Seguridad social,419.48
2015-05-01,122,Contribuciones a la Seguridad social,408.784
2015-06-01,122,Contribuciones a la Seguridad social,634.542
2015-07-01,122,Contribuciones a la Seguridad social,408.049
2015-08-01,122,Contribuciones a la Seguridad social,403.651
2015-09-01,122,Contribuciones a la Seguridad social,405.722
2015-10-01,122,Contribuciones a la Seguridad social,423.277
2015-11-01,122,Contribuciones a la Seguridad social,412.259
2015-12-01,122,Contribuciones a la Seguridad social,444.753
2016-01-01,122,Contribuciones a la Seguridad social,399.729
2016-02-01,122,Contribuciones a la Seguridad social,400.211
2016-03-01,122,Contribuciones a la Seguridad social,497.73
2016-04-01,122,Contribuciones a la Seguridad social,405.138
2016-05-01,122,Contribuciones a la Seguridad social,289.82
2016-06-01,122,Contribuciones a la Seguridad social,319.123
2016-07-01,122,Contribuciones a la Seguridad social,375.326
2016-08-01,122,Contribuciones a la Seguridad social,406.22
2016-09-01,122,Contribuciones a la Seguridad social,402.626
2016-10-01,122,Contribuciones a la Seguridad social,369.473
2016-11-01,122,Contribuciones a la Seguridad social,354.521
2016-12-01,122,Contribuciones a la Seguridad social,494.144
2017-01-01,122,Contribuciones a la Seguridad social,500.905
2017-02-01,122,Contribuciones a la Seguridad social,444.019
2017-03-01,122,Contribuciones a la Seguridad social,528.779
2017-04-01,122,Contribuciones a la Seguridad social,477.254
2017-05-01,122,Contribuciones a la Seguridad social,438.401
2017-06-01,122,Contribuciones a la Seguridad social,394.984
2017-07-01,122,Contribuciones a la Seguridad social,295.932
2017-08-01,122,Contribuciones a la Seguridad social,341.833
2017-09-01,122,Contribuciones a la Seguridad social,890.781
2017-10-01,122,Contribuciones a la Seguridad social,543.397
2017-11-01,122,Contribuciones a la Seguridad social,475.904
2017-12-01,122,Contribuciones a la Seguridad social,366.318
2018-01-01,122,Contribuciones a la Seguridad social,476.265
2018-02-01,122,Contribuciones a la Seguridad social,598.608
2018-03-01,122,Contribuciones a la Seguridad social,560.137
2018-04-01,122,Contribuciones a la Seguridad social,506.357
2018-05-01,122,Contribuciones a la Seguridad social,378.526
2018-06-01,122,Contribuciones a la Seguridad social,523.596
2018-07-01,122,Contribuciones a la Seguridad social,431.612
2018-08-01,122,Contribuciones a la Seguridad social,503.251
2018-09-01,122,Contribuciones a la Seguridad social,493.933
2018-10-01,122,Contribuciones a la Seguridad social,498.759
2018-11-01,122,Contribuciones a la Seguridad social,486.143
2018-12-01,122,Contribuciones a la Seguridad social,451.72
2019-01-01,122,Contribuciones a la Seguridad social,578.891
2019-02-01,122,Contribuciones a la Seguridad social,488.117
2019-03-01,122,Contribuciones a la Seguridad social,459.262
2019-04-01,122,Contribuciones a la Seguridad social,558.26
2019-05-01,122,Contribuciones a la Seguridad social,464.567
2019-06-01,122,Contribuciones a la Seguridad social,487.092
2019-07-01,122,Contribuciones a la Seguridad social,494.583
2019-08-01,122,Contribuciones a la Seguridad social,528.41
2019-09-01,122,Contribuciones a la Seguridad social,483.936
2019-10-01,122,Contribuciones a la Seguridad social,368.086
2019-11-01,122,Contribuciones a la Seguridad social,-34.429
2019-12-01,122,Contribuciones a la Seguridad social,826.73
2020-01-01,122,Contribuciones a la Seguridad social,461.843
2020-02-01,122,Contribuciones a la Seguridad social,394.507
2020-03-01,122,Contribuciones a la Seguridad social,517.314
2020-04-01,122,Contribuciones a la Seguridad social,407.242
2020-05-01,122,Contribuciones a la Seguridad social,409.718
2020-06-01,122,Contribuciones a la Seguridad social,389.394
2020-07-01,122,Contribuciones a la Seguridad social,423.27
2020-08-01,122,Contribuciones a la Seguridad social,403.641
2020-09-01,122,Contribuciones a la Seguridad social,411.345
2020-10-01,122,Contribuciones a la Seguridad social,392.426
2020-11-01,122,Contribuciones a la Seguridad social,418.377
2020-12-01,122,Contribuciones a la Seguridad social,449.655
2021-01-01,122,Contribuciones a la Seguridad social,382.464
2021-02-01,122,Contribuciones a la Seguridad social,497.452
2021-03-01,122,Contribuciones a la Seguridad social,399.173
2021-04-01,122,Contribuciones a la Seguridad social,469.839
2021-05-01,122,Contribuciones a la Seguridad social,313.98
2021-06-01,122,Contribuciones a la Seguridad social,487.985
2021-07-01,122,Contribuciones a la Seguridad social,452.482
2021-08-01,122,Contribuciones a la Seguridad social,385.703
2021-09-01,122,Contribuciones a la Seguridad social,454.174
2021-10-01,122,Contribuciones a la Seguridad social,558.681
2021-11-01,122,Contribuciones a la Seguridad social,453.371
2021-12-01,122,Contribuciones a la Seguridad social,450.1
2022-01-01,122,Contribuciones a la Seguridad social,454.804
2022-02-01,122,Contribuciones a la Seguridad social,450.606
2022-03-01,122,Contribuciones a la Seguridad social,474.671
2022-04-01,122,Contribuciones a la Seguridad social,427.194
2022-05-01,122,Contribuciones a la Seguridad social,526.149
2022-06-01,122,Contribuciones a la Seguridad social,463.381
2022-07-01,122,Contribuciones a la Seguridad social,435.907
2022-08-01,122,Contribuciones a la Seguridad social,474.132
2022-09-01,122,Contribuciones a la Seguridad social,678.051
2022-10-01,122,Contribuciones a la Seguridad social,477.184
2022-11-01,122,Contribuciones a la Seguridad social,481.194
2022-12-01,122,Contribuciones a la Seguridad social,430.085
2023-01-01,122,Contribuciones a la Seguridad social,470.836
2023-02-01,122,Contribuciones a la Seguridad social,508.976
2023-03-01,122,Contribuciones a la Seguridad social,482.791
2023-04-01,122,Contribuciones a la Seguridad social,614.452
2023-05-01,122,Contribuciones a la Seguridad social,522.958
2023-06-01,122,Contribuciones a la Seguridad social,416.896
2023-07-01,122,Contribuciones a la Seguridad social,523.944
2023-08-01,122,Contribuciones a la Seguridad social,511.731
2023-09-01,122,Contribuciones a la Seguridad social,475.156
2023-10-01,122,Contribuciones a la Seguridad social,538.907
2023-11-01,122,Contribuciones a la Seguridad social,520.759
2023-12-01,122,Contribuciones a la Seguridad social,463.694
2024-01-01,122,Contribuciones a la Seguridad social,555.145
2024-02-01,122,Contribuciones a la Seguridad social,549.516
2024-03-01,122,Contribuciones a la Seguridad social,496.386
2024-04-01,122,Contribuciones a la Seguridad social,441.516
2024-05-01,122,Contribuciones a la Seguridad social,554.138
2024-06-01,122,Contribuciones a la Seguridad social,491.371
2024-07-01,122,Contribuciones a la Seguridad social,405.081
2024-08-01,122,Contribuciones a la Seguridad social,516.223
2024-09-01,122,Contribuciones a la Seguridad social,502.86
2024-10-01,122,Contribuciones a la Seguridad social,515.65
2024-11-01,122,Contribuciones a la Seguridad social,538.553
2024-12-01,122,Contribuciones a la Seguridad social,495.27
2025-01-01,122,Contribuciones a la Seguridad social,523.539
2025-02-01,122,Contribuciones a la Seguridad social,516.901
2025-03-01,122,Contribuciones a la Seguridad social,446.285
2025-04-01,122,Contribuciones a la Seguridad social,541.393
2025-05-01,122,Contribuciones a la Seguridad social,554.855
2025-06-01,122,Contribuciones a la Seguridad social,530.143
2025-07-01,122,Contribuciones a la Seguridad social,484.12
2025-08-01,122,Contribuciones a la Seguridad social,516.201
2025-09-01,122,Contribuciones a la Seguridad social,566.529
2025-10-01,122,Contribuciones a la Seguridad social,557.468
2025-11-01,122,Contribuciones a la Seguridad social,580.686
2025-12-01,122,Contribuciones a la Seguridad social,405.767
2026-01-01,122,Contribuciones a la Seguridad social,544.688
2026-02-01,122,Contribuciones a la Seguridad social,581.151
2026-03-01,122,Contribuciones a la Seguridad social,563.787
2026-04-01,122,Contribuciones a la Seguridad social,535.752
2026-05-01,122,Contribuciones a la Seguridad social,608.612
2026-06-01,122,Contribuciones a la Seguridad social,381.045
2013-01-01,1221,IESS,263.29
2013-02-01,1221,IESS,162.768
2013-03-01,1221,IESS,379.065
2013-04-01,1221,IESS,358.274
2013-05-01,1221,IESS,309.32
2013-06-01,1221,IESS,269.06
2013-07-01,1221,IESS,250.469
2013-08-01,1221,IESS,269.893
2013-09-01,1221,IESS,295.833
2013-10-01,1221,IESS,307.318
2013-11-01,1221,IESS,305.008
2013-12-01,1221,IESS,188.822
2014-01-01,1221,IESS,324.692
2014-02-01,1221,IESS,267.571
2014-03-01,1221,IESS,384.53
2014-04-01,1221,IESS,299.368
2014-05-01,1221,IESS,341.309
2014-06-01,1221,IESS,406.536
2014-07-01,1221,IESS,307.867
2014-08-01,1221,IESS,339.665
2014-09-01,1221,IESS,187.407
2014-10-01,1221,IESS,443.678
2014-11-01,1221,IESS,427.423
2014-12-01,1221,IESS,191.229
2015-01-01,1221,IESS,349.527
2015-02-01,1221,IESS,329.268
2015-03-01,1221,IESS,322.578
2015-04-01,1221,IESS,363.917
2015-05-01,1221,IESS,353.354
2015-06-01,1221,IESS,529.222
2015-07-01,1221,IESS,352.442
2015-08-01,1221,IESS,346.905
2015-09-01,1221,IESS,349.755
2015-10-01,1221,IESS,367.563
2015-11-01,1221,IESS,356.024
2015-12-01,1221,IESS,385.143
2016-01-01,1221,IESS,343.106
2016-02-01,1221,IESS,343.839
2016-03-01,1221,IESS,441.592
2016-04-01,1221,IESS,348.638
2016-05-01,1221,IESS,233.736
2016-06-01,1221,IESS,263.357
2016-07-01,1221,IESS,319.355
2016-08-01,1221,IESS,349.358
2016-09-01,1221,IESS,345.817
2016-10-01,1221,IESS,313.137
2016-11-01,1221,IESS,301.295
2016-12-01,1221,IESS,440.641
2017-01-01,1221,IESS,447.752
2017-02-01,1221,IESS,391.041
2017-03-01,1221,IESS,476.091
2017-04-01,1221,IESS,424.674
2017-05-01,1221,IESS,385.719
2017-06-01,1221,IESS,345.404
2017-07-01,1221,IESS,191.408
2017-08-01,1221,IESS,293.625
2017-09-01,1221,IESS,843.014
2017-10-01,1221,IESS,495.885
2017-11-01,1221,IESS,428.37
2017-12-01,1221,IESS,318.161
2018-01-01,1221,IESS,428.491
2018-02-01,1221,IESS,546.914
2018-03-01,1221,IESS,508.595
2018-04-01,1221,IESS,454.615
2018-05-01,1221,IESS,272.19
2018-06-01,1221,IESS,471.905
2018-07-01,1221,IESS,380.048
2018-08-01,1221,IESS,450.898
2018-09-01,1221,IESS,442.096
2018-10-01,1221,IESS,447.102
2018-11-01,1221,IESS,432.78
2018-12-01,1221,IESS,399.557
2019-01-01,1221,IESS,526.975
2019-02-01,1221,IESS,440.309
2019-03-01,1221,IESS,402.782
2019-04-01,1221,IESS,505.779
2019-05-01,1221,IESS,412.27
2019-06-01,1221,IESS,435.209
2019-07-01,1221,IESS,442.289
2019-08-01,1221,IESS,475.683
2019-09-01,1221,IESS,435.907
2019-10-01,1221,IESS,311.326
2019-11-01,1221,IESS,-86.141
2019-12-01,1221,IESS,774.45
2020-01-01,1221,IESS,410.355
2020-02-01,1221,IESS,343.172
2020-03-01,1221,IESS,470.432
2020-04-01,1221,IESS,358.665
2020-05-01,1221,IESS,361.449
2020-06-01,1221,IESS,342.014
2020-07-01,1221,IESS,375.469
2020-08-01,1221,IESS,356.208
2020-09-01,1221,IESS,364.055
2020-10-01,1221,IESS,345.353
2020-11-01,1221,IESS,375.163
2020-12-01,1221,IESS,359.741
2021-01-01,1221,IESS,335.412
2021-02-01,1221,IESS,442.325
2021-03-01,1221,IESS,352.438
2021-04-01,1221,IESS,423.018
2021-05-01,1221,IESS,263.678
2021-06-01,1221,IESS,414.592
2021-07-01,1221,IESS,388.736
2021-08-01,1221,IESS,328.178
2021-09-01,1221,IESS,394.97
2021-10-01,1221,IESS,499.467
2021-11-01,1221,IESS,393.374
2021-12-01,1221,IESS,390.286
2022-01-01,1221,IESS,395.634
2022-02-01,1221,IESS,392.455
2022-03-01,1221,IESS,416.774
2022-04-01,1221,IESS,369.089
2022-05-01,1221,IESS,468.337
2022-06-01,1221,IESS,402.921
2022-07-01,1221,IESS,381.162
2022-08-01,1221,IESS,416.123
2022-09-01,1221,IESS,620.198
2022-10-01,1221,IESS,419.579
2022-11-01,1221,IESS,422.742
2022-12-01,1221,IESS,369.0
2023-01-01,1221,IESS,415.396
2023-02-01,1221,IESS,450.973
2023-03-01,1221,IESS,427.767
2023-04-01,1221,IESS,553.821
2023-05-01,1221,IESS,465.816
2023-06-01,1221,IESS,356.125
2023-07-01,1221,IESS,466.172
2023-08-01,1221,IESS,447.705
2023-09-01,1221,IESS,413.772
2023-10-01,1221,IESS,480.815
2023-11-01,1221,IESS,462.335
2023-12-01,1221,IESS,404.615
2024-01-01,1221,IESS,491.295
2024-02-01,1221,IESS,488.572
2024-03-01,1221,IESS,438.767
2024-04-01,1221,IESS,374.542
2024-05-01,1221,IESS,495.26
2024-06-01,1221,IESS,432.604
2024-07-01,1221,IESS,343.561
2024-08-01,1221,IESS,446.348
2024-09-01,1221,IESS,443.124
2024-10-01,1221,IESS,456.498
2024-11-01,1221,IESS,476.637
2024-12-01,1221,IESS,436.322
2025-01-01,1221,IESS,460.907
2025-02-01,1221,IESS,454.911
2025-03-01,1221,IESS,379.356
2025-04-01,1221,IESS,476.416
2025-05-01,1221,IESS,495.268
2025-06-01,1221,IESS,464.944
2025-07-01,1221,IESS,424.358
2025-08-01,1221,IESS,453.349
2025-09-01,1221,IESS,503.056
2025-10-01,1221,IESS,496.898
2025-11-01,1221,IESS,515.062
2025-12-01,1221,IESS,340.392
2026-01-01,1221,IESS,481.092
2026-02-01,1221,IESS,519.975
2026-03-01,1221,IESS,498.058
2026-04-01,1221,IESS,472.201
2026-05-01,1221,IESS,545.795
2026-06-01,1221,IESS,318.174
2013-01-01,1222,ISSPOL,18.762
2013-02-01,1222,ISSPOL,20.209
2013-03-01,1222,ISSPOL,66.385
2013-04-01,1222,ISSPOL,19.729
2013-05-01,1222,ISSPOL,1.058
2013-06-01,1222,ISSPOL,36.502
2013-07-01,1222,ISSPOL,18.682
2013-08-01,1222,ISSPOL,18.734
2013-09-01,1222,ISSPOL,19.01
2013-10-01,1222,ISSPOL,19.1
2013-11-01,1222,ISSPOL,18.995
2013-12-01,1222,ISSPOL,19.105
2014-01-01,1222,ISSPOL,19.103
2014-02-01,1222,ISSPOL,19.565
2014-03-01,1222,ISSPOL,19.545
2014-04-01,1222,ISSPOL,19.699
2014-05-01,1222,ISSPOL,19.64
2014-06-01,1222,ISSPOL,70.346
2014-07-01,1222,ISSPOL,19.505
2014-08-01,1222,ISSPOL,19.706
2014-09-01,1222,ISSPOL,20.534
2014-10-01,1222,ISSPOL,19.436
2014-11-01,1222,ISSPOL,19.404
2014-12-01,1222,ISSPOL,20.481
2015-01-01,1222,ISSPOL,19.381
2015-02-01,1222,ISSPOL,20.03
2015-03-01,1222,ISSPOL,19.647
2015-04-01,1222,ISSPOL,19.523
2015-05-01,1222,ISSPOL,19.57
2015-06-01,1222,ISSPOL,69.534
2015-07-01,1222,ISSPOL,19.748
2015-08-01,1222,ISSPOL,20.092
2015-09-01,1222,ISSPOL,19.289
2015-10-01,1222,ISSPOL,19.228
2015-11-01,1222,ISSPOL,19.54
2015-12-01,1222,ISSPOL,23.23
2016-01-01,1222,ISSPOL,20.011
2016-02-01,1222,ISSPOL,19.942
2016-03-01,1222,ISSPOL,19.928
2016-04-01,1222,ISSPOL,20.559
2016-05-01,1222,ISSPOL,20.277
2016-06-01,1222,ISSPOL,20.269
2016-07-01,1222,ISSPOL,21.25
2016-08-01,1222,ISSPOL,20.5
2016-09-01,1222,ISSPOL,20.52
2016-10-01,1222,ISSPOL,20.108
2016-11-01,1222,ISSPOL,20.108
2016-12-01,1222,ISSPOL,20.628
2017-01-01,1222,ISSPOL,19.97
2017-02-01,1222,ISSPOL,19.901
2017-03-01,1222,ISSPOL,19.85
2017-04-01,1222,ISSPOL,19.843
2017-05-01,1222,ISSPOL,20.003
2017-06-01,1222,ISSPOL,19.117
2017-07-01,1222,ISSPOL,74.086
2017-08-01,1222,ISSPOL,19.931
2017-09-01,1222,ISSPOL,19.537
2017-10-01,1222,ISSPOL,19.541
2017-11-01,1222,ISSPOL,19.45
2017-12-01,1222,ISSPOL,20.473
2018-01-01,1222,ISSPOL,19.734
2018-02-01,1222,ISSPOL,23.773
2018-03-01,1222,ISSPOL,23.73
2018-04-01,1222,ISSPOL,23.907
2018-05-01,1222,ISSPOL,78.825
2018-06-01,1222,ISSPOL,24.242
2018-07-01,1222,ISSPOL,24.178
2018-08-01,1222,ISSPOL,24.411
2018-09-01,1222,ISSPOL,24.066
2018-10-01,1222,ISSPOL,23.998
2018-11-01,1222,ISSPOL,25.555
2018-12-01,1222,ISSPOL,24.4
2019-01-01,1222,ISSPOL,24.06
2019-02-01,1222,ISSPOL,20.028
2019-03-01,1222,ISSPOL,28.867
2019-04-01,1222,ISSPOL,24.636
2019-05-01,1222,ISSPOL,24.67
2019-06-01,1222,ISSPOL,24.435
2019-07-01,1222,ISSPOL,24.962
2019-08-01,1222,ISSPOL,24.945
2019-09-01,1222,ISSPOL,20.411
2019-10-01,1222,ISSPOL,29.37
2019-11-01,1222,ISSPOL,24.45
2019-12-01,1222,ISSPOL,25.08
2020-01-01,1222,ISSPOL,24.074
2020-02-01,1222,ISSPOL,24.048
2020-03-01,1222,ISSPOL,19.838
2020-04-01,1222,ISSPOL,21.587
2020-05-01,1222,ISSPOL,21.234
2020-06-01,1222,ISSPOL,20.647
2020-07-01,1222,ISSPOL,21.142
2020-08-01,1222,ISSPOL,20.557
2020-09-01,1222,ISSPOL,20.57
2020-10-01,1222,ISSPOL,20.469
2020-11-01,1222,ISSPOL,20.988
2020-12-01,1222,ISSPOL,59.198
2021-01-01,1222,ISSPOL,20.485
2021-02-01,1222,ISSPOL,28.661
2021-03-01,1222,ISSPOL,20.468
2021-04-01,1222,ISSPOL,20.705
2021-05-01,1222,ISSPOL,20.736
2021-06-01,1222,ISSPOL,43.485
2021-07-01,1222,ISSPOL,33.957
2021-08-01,1222,ISSPOL,27.269
2021-09-01,1222,ISSPOL,28.897
2021-10-01,1222,ISSPOL,29.026
2021-11-01,1222,ISSPOL,29.542
2021-12-01,1222,ISSPOL,29.385
2022-01-01,1222,ISSPOL,28.67
2022-02-01,1222,ISSPOL,27.828
2022-03-01,1222,ISSPOL,27.861
2022-04-01,1222,ISSPOL,28.002
2022-05-01,1222,ISSPOL,27.941
2022-06-01,1222,ISSPOL,30.998
2022-07-01,1222,ISSPOL,25.438
2022-08-01,1222,ISSPOL,28.322
2022-09-01,1222,ISSPOL,28.1
2022-10-01,1222,ISSPOL,28.018
2022-11-01,1222,ISSPOL,28.733
2022-12-01,1222,ISSPOL,31.598
2023-01-01,1222,ISSPOL,25.838
2023-02-01,1222,ISSPOL,28.565
2023-03-01,1222,ISSPOL,25.825
2023-04-01,1222,ISSPOL,31.553
2023-05-01,1222,ISSPOL,28.228
2023-06-01,1222,ISSPOL,31.878
2023-07-01,1222,ISSPOL,28.99
2023-08-01,1222,ISSPOL,34.738
2023-09-01,1222,ISSPOL,31.829
2023-10-01,1222,ISSPOL,28.662
2023-11-01,1222,ISSPOL,28.767
2023-12-01,1222,ISSPOL,29.685
2024-01-01,1222,ISSPOL,34.263
2024-02-01,1222,ISSPOL,31.342
2024-03-01,1222,ISSPOL,28.413
2024-04-01,1222,ISSPOL,37.734
2024-05-01,1222,ISSPOL,29.627
2024-06-01,1222,ISSPOL,29.378
2024-07-01,1222,ISSPOL,32.231
2024-08-01,1222,ISSPOL,40.312
2024-09-01,1222,ISSPOL,29.851
2024-10-01,1222,ISSPOL,29.281
2024-11-01,1222,ISSPOL,32.062
2024-12-01,1222,ISSPOL,29.081
2025-01-01,1222,ISSPOL,32.358
2025-02-01,1222,ISSPOL,32.205
2025-03-01,1222,ISSPOL,37.071
2025-04-01,1222,ISSPOL,35.201
2025-05-01,1222,ISSPOL,30.091
2025-06-01,1222,ISSPOL,35.53
2025-07-01,1222,ISSPOL,30.174
2025-08-01,1222,ISSPOL,32.621
2025-09-01,1222,ISSPOL,32.765
2025-10-01,1222,ISSPOL,30.181
2025-11-01,1222,ISSPOL,34.963
2025-12-01,1222,ISSPOL,34.965
2026-01-01,1222,ISSPOL,33.161
2026-02-01,1222,ISSPOL,30.957
2026-03-01,1222,ISSPOL,35.754
2026-04-01,1222,ISSPOL,33.933
2026-05-01,1222,ISSPOL,32.799
2026-06-01,1222,ISSPOL,32.728
2013-01-01,1223,ISSFA,36.489
2013-02-01,1223,ISSFA,32.667
2013-03-01,1223,ISSFA,34.318
2013-04-01,1223,ISSFA,34.317
2013-05-01,1223,ISSFA,33.615
2013-06-01,1223,ISSFA,33.453
2013-07-01,1223,ISSFA,36.247
2013-08-01,1223,ISSFA,30.86
2013-09-01,1223,ISSFA,50.629
2013-10-01,1223,ISSFA,36.345
2013-11-01,1223,ISSFA,36.52
2013-12-01,1223,ISSFA,36.454
2014-01-01,1223,ISSFA,25.322
2014-02-01,1223,ISSFA,48.675
2014-03-01,1223,ISSFA,35.427
2014-04-01,1223,ISSFA,35.867
2014-05-01,1223,ISSFA,35.609
2014-06-01,1223,ISSFA,35.551
2014-07-01,1223,ISSFA,35.491
2014-08-01,1223,ISSFA,36.677
2014-09-01,1223,ISSFA,36.661
2014-10-01,1223,ISSFA,36.478
2014-11-01,1223,ISSFA,36.686
2014-12-01,1223,ISSFA,36.611
2015-01-01,1223,ISSFA,36.985
2015-02-01,1223,ISSFA,36.884
2015-03-01,1223,ISSFA,36.283
2015-04-01,1223,ISSFA,36.039
2015-05-01,1223,ISSFA,35.859
2015-06-01,1223,ISSFA,35.786
2015-07-01,1223,ISSFA,35.859
2015-08-01,1223,ISSFA,36.654
2015-09-01,1223,ISSFA,36.678
2015-10-01,1223,ISSFA,36.486
2015-11-01,1223,ISSFA,36.695
2015-12-01,1223,ISSFA,36.38
2016-01-01,1223,ISSFA,36.612
2016-02-01,1223,ISSFA,36.429
2016-03-01,1223,ISSFA,36.211
2016-04-01,1223,ISSFA,35.941
2016-05-01,1223,ISSFA,35.807
2016-06-01,1223,ISSFA,35.496
2016-07-01,1223,ISSFA,34.721
2016-08-01,1223,ISSFA,36.362
2016-09-01,1223,ISSFA,36.289
2016-10-01,1223,ISSFA,36.228
2016-11-01,1223,ISSFA,33.118
2016-12-01,1223,ISSFA,32.874
2017-01-01,1223,ISSFA,33.183
2017-02-01,1223,ISSFA,33.077
2017-03-01,1223,ISSFA,32.838
2017-04-01,1223,ISSFA,32.737
2017-05-01,1223,ISSFA,32.679
2017-06-01,1223,ISSFA,30.463
2017-07-01,1223,ISSFA,30.438
2017-08-01,1223,ISSFA,28.277
2017-09-01,1223,ISSFA,28.229
2017-10-01,1223,ISSFA,27.971
2017-11-01,1223,ISSFA,28.084
2017-12-01,1223,ISSFA,27.684
2018-01-01,1223,ISSFA,28.04
2018-02-01,1223,ISSFA,27.92
2018-03-01,1223,ISSFA,27.812
2018-04-01,1223,ISSFA,27.835
2018-05-01,1223,ISSFA,27.511
2018-06-01,1223,ISSFA,27.449
2018-07-01,1223,ISSFA,27.386
2018-08-01,1223,ISSFA,27.943
2018-09-01,1223,ISSFA,27.771
2018-10-01,1223,ISSFA,27.66
2018-11-01,1223,ISSFA,27.808
2018-12-01,1223,ISSFA,27.763
2019-01-01,1223,ISSFA,27.856
2019-02-01,1223,ISSFA,27.78
2019-03-01,1223,ISSFA,27.613
2019-04-01,1223,ISSFA,27.846
2019-05-01,1223,ISSFA,27.627
2019-06-01,1223,ISSFA,27.448
2019-07-01,1223,ISSFA,27.332
2019-08-01,1223,ISSFA,27.782
2019-09-01,1223,ISSFA,27.617
2019-10-01,1223,ISSFA,27.39
2019-11-01,1223,ISSFA,27.262
2019-12-01,1223,ISSFA,27.2
2020-01-01,1223,ISSFA,27.414
2020-02-01,1223,ISSFA,27.287
2020-03-01,1223,ISSFA,27.045
2020-04-01,1223,ISSFA,26.989
2020-05-01,1223,ISSFA,27.034
2020-06-01,1223,ISSFA,26.733
2020-07-01,1223,ISSFA,26.659
2020-08-01,1223,ISSFA,26.876
2020-09-01,1223,ISSFA,26.72
2020-10-01,1223,ISSFA,26.605
2020-11-01,1223,ISSFA,22.226
2020-12-01,1223,ISSFA,30.716
2021-01-01,1223,ISSFA,26.566
2021-02-01,1223,ISSFA,26.467
2021-03-01,1223,ISSFA,26.267
2021-04-01,1223,ISSFA,26.116
2021-05-01,1223,ISSFA,29.566
2021-06-01,1223,ISSFA,29.908
2021-07-01,1223,ISSFA,29.789
2021-08-01,1223,ISSFA,30.256
2021-09-01,1223,ISSFA,30.306
2021-10-01,1223,ISSFA,30.188
2021-11-01,1223,ISSFA,30.455
2021-12-01,1223,ISSFA,30.429
2022-01-01,1223,ISSFA,30.5
2022-02-01,1223,ISSFA,30.324
2022-03-01,1223,ISSFA,30.036
2022-04-01,1223,ISSFA,30.103
2022-05-01,1223,ISSFA,29.871
2022-06-01,1223,ISSFA,29.462
2022-07-01,1223,ISSFA,29.306
2022-08-01,1223,ISSFA,29.687
2022-09-01,1223,ISSFA,29.753
2022-10-01,1223,ISSFA,29.587
2022-11-01,1223,ISSFA,29.718
2022-12-01,1223,ISSFA,29.487
2023-01-01,1223,ISSFA,29.602
2023-02-01,1223,ISSFA,29.438
2023-03-01,1223,ISSFA,29.199
2023-04-01,1223,ISSFA,29.078
2023-05-01,1223,ISSFA,28.915
2023-06-01,1223,ISSFA,28.893
2023-07-01,1223,ISSFA,28.781
2023-08-01,1223,ISSFA,29.287
2023-09-01,1223,ISSFA,29.554
2023-10-01,1223,ISSFA,29.431
2023-11-01,1223,ISSFA,29.656
2023-12-01,1223,ISSFA,29.395
2024-01-01,1223,ISSFA,29.588
2024-02-01,1223,ISSFA,29.602
2024-03-01,1223,ISSFA,29.206
2024-04-01,1223,ISSFA,29.239
2024-05-01,1223,ISSFA,29.251
2024-06-01,1223,ISSFA,29.389
2024-07-01,1223,ISSFA,29.289
2024-08-01,1223,ISSFA,29.562
2024-09-01,1223,ISSFA,29.885
2024-10-01,1223,ISSFA,29.871
2024-11-01,1223,ISSFA,29.854
2024-12-01,1223,ISSFA,29.867
2025-01-01,1223,ISSFA,30.274
2025-02-01,1223,ISSFA,29.785
2025-03-01,1223,ISSFA,29.858
2025-04-01,1223,ISSFA,29.776
2025-05-01,1223,ISSFA,29.495
2025-06-01,1223,ISSFA,29.67
2025-07-01,1223,ISSFA,29.587
2025-08-01,1223,ISSFA,30.231
2025-09-01,1223,ISSFA,30.707
2025-10-01,1223,ISSFA,30.389
2025-11-01,1223,ISSFA,30.661
2025-12-01,1223,ISSFA,30.41
2026-01-01,1223,ISSFA,30.434
2026-02-01,1223,ISSFA,30.219
2026-03-01,1223,ISSFA,29.975
2026-04-01,1223,ISSFA,29.618
2026-05-01,1223,ISSFA,30.018
2026-06-01,1223,ISSFA,30.143
2013-01-01,123,Transferencias,14.281
2013-02-01,123,Transferencias,24.474
2013-03-01,123,Transferencias,31.854
2013-04-01,123,Transferencias,8.482
2013-05-01,123,Transferencias,62.51
2013-06-01,123,Transferencias,21.024
2013-07-01,123,Transferencias,8.476
2013-08-01,123,Transferencias,43.376
2013-09-01,123,Transferencias,8.493
2013-10-01,123,Transferencias,18.437
2013-11-01,123,Transferencias,8.28
2013-12-01,123,Transferencias,19.916
2014-01-01,123,Transferencias,33.218
2014-02-01,123,Transferencias,68.334
2014-03-01,123,Transferencias,11.293
2014-04-01,123,Transferencias,19.678
2014-05-01,123,Transferencias,8.259
2014-06-01,123,Transferencias,8.339
2014-07-01,123,Transferencias,20.045
2014-08-01,123,Transferencias,8.932
2014-09-01,123,Transferencias,308.949
2014-10-01,123,Transferencias,29.707
2014-11-01,123,Transferencias,8.304
2014-12-01,123,Transferencias,25.5
2015-01-01,123,Transferencias,20.114
2015-02-01,123,Transferencias,261.949
2015-03-01,123,Transferencias,190.612
2015-04-01,123,Transferencias,114.854
2015-05-01,123,Transferencias,80.206
2015-06-01,123,Transferencias,102.393
2015-07-01,123,Transferencias,189.522
2015-08-01,123,Transferencias,40.553
2015-09-01,123,Transferencias,102.317
2015-10-01,123,Transferencias,8.842
2015-11-01,123,Transferencias,24.021
2015-12-01,123,Transferencias,94.836
2016-01-01,123,Transferencias,47.599
2016-02-01,123,Transferencias,57.232
2016-03-01,123,Transferencias,45.235
2016-04-01,123,Transferencias,140.34
2016-05-01,123,Transferencias,93.237
2016-06-01,123,Transferencias,95.799
2016-07-01,123,Transferencias,23.826
2016-08-01,123,Transferencias,39.398
2016-09-01,123,Transferencias,56.034
2016-10-01,123,Transferencias,38.19
2016-11-01,123,Transferencias,97.008
2016-12-01,123,Transferencias,148.289
2017-01-01,123,Transferencias,33.671
2017-02-01,123,Transferencias,70.558
2017-03-01,123,Transferencias,22.324
2017-04-01,123,Transferencias,75.172
2017-05-01,123,Transferencias,47.41
2017-06-01,123,Transferencias,67.755
2017-07-01,123,Transferencias,111.356
2017-08-01,123,Transferencias,27.022
2017-09-01,123,Transferencias,142.944
2017-10-01,123,Transferencias,79.182
2017-11-01,123,Transferencias,49.178
2017-12-01,123,Transferencias,66.363
2018-01-01,123,Transferencias,11.914
2018-02-01,123,Transferencias,26.805
2018-03-01,123,Transferencias,39.696
2018-04-01,123,Transferencias,70.859
2018-05-01,123,Transferencias,119.093
2018-06-01,123,Transferencias,43.48
2018-07-01,123,Transferencias,61.518
2018-08-01,123,Transferencias,68.736
2018-09-01,123,Transferencias,39.423
2018-10-01,123,Transferencias,10.708
2018-11-01,123,Transferencias,111.381
2018-12-01,123,Transferencias,105.529
2019-01-01,123,Transferencias,44.137
2019-02-01,123,Transferencias,78.548
2019-03-01,123,Transferencias,17.672
2019-04-01,123,Transferencias,20.386
2019-05-01,123,Transferencias,91.264
2019-06-01,123,Transferencias,62.466
2019-07-01,123,Transferencias,14.644
2019-08-01,123,Transferencias,18.309
2019-09-01,123,Transferencias,14.417
2019-10-01,123,Transferencias,17.044
2019-11-01,123,Transferencias,19.339
2019-12-01,123,Transferencias,71.425
2020-01-01,123,Transferencias,2.99
2020-02-01,123,Transferencias,20.189
2020-03-01,123,Transferencias,328.397
2020-04-01,123,Transferencias,90.907
2020-05-01,123,Transferencias,16.885
2020-06-01,123,Transferencias,19.615
2020-07-01,123,Transferencias,17.43
2020-08-01,123,Transferencias,13.999
2020-09-01,123,Transferencias,33.175
2020-10-01,123,Transferencias,10.277
2020-11-01,123,Transferencias,6.159
2020-12-01,123,Transferencias,11.719
2021-01-01,123,Transferencias,3.969
2021-02-01,123,Transferencias,12.296
2021-03-01,123,Transferencias,172.255
2021-04-01,123,Transferencias,167.081
2021-05-01,123,Transferencias,11.91
2021-06-01,123,Transferencias,12.511
2021-07-01,123,Transferencias,9.284
2021-08-01,123,Transferencias,1.052
2021-09-01,123,Transferencias,11.326
2021-10-01,123,Transferencias,9.054
2021-11-01,123,Transferencias,10.66
2021-12-01,123,Transferencias,122.153
2022-01-01,123,Transferencias,14.222
2022-02-01,123,Transferencias,82.694
2022-03-01,123,Transferencias,22.773
2022-04-01,123,Transferencias,17.221
2022-05-01,123,Transferencias,18.496
2022-06-01,123,Transferencias,136.596
2022-07-01,123,Transferencias,45.924
2022-08-01,123,Transferencias,13.76
2022-09-01,123,Transferencias,28.262
2022-10-01,123,Transferencias,33.399
2022-11-01,123,Transferencias,23.682
2022-12-01,123,Transferencias,28.338
2023-01-01,123,Transferencias,303.73
2023-02-01,123,Transferencias,22.895
2023-03-01,123,Transferencias,16.118
2023-04-01,123,Transferencias,223.858
2023-05-01,123,Transferencias,46.316
2023-06-01,123,Transferencias,26.674
2023-07-01,123,Transferencias,10.806
2023-08-01,123,Transferencias,20.694
2023-09-01,123,Transferencias,31.383
2023-10-01,123,Transferencias,77.769
2023-11-01,123,Transferencias,77.813
2023-12-01,123,Transferencias,153.388
2024-01-01,123,Transferencias,20.042
2024-02-01,123,Transferencias,570.379
2024-03-01,123,Transferencias,322.778
2024-04-01,123,Transferencias,64.333
2024-05-01,123,Transferencias,43.249
2024-06-01,123,Transferencias,32.391
2024-07-01,123,Transferencias,19.387
2024-08-01,123,Transferencias,38.064
2024-09-01,123,Transferencias,30.712
2024-10-01,123,Transferencias,30.731
2024-11-01,123,Transferencias,33.085
2024-12-01,123,Transferencias,37.623
2025-01-01,123,Transferencias,29.623
2025-02-01,123,Transferencias,54.778
2025-03-01,123,Transferencias,368.497
2025-04-01,123,Transferencias,29.442
2025-05-01,123,Transferencias,65.334
2025-06-01,123,Transferencias,33.006
2025-07-01,123,Transferencias,87.339
2025-08-01,123,Transferencias,45.38
2025-09-01,123,Transferencias,20.309
2025-10-01,123,Transferencias,60.364
2025-11-01,123,Transferencias,18.475
2025-12-01,123,Transferencias,46.047
2026-01-01,123,Transferencias,165.997
2026-02-01,123,Transferencias,78.157
2026-03-01,123,Transferencias,567.668
2026-04-01,123,Transferencias,117.373
2026-05-01,123,Transferencias,73.802
2026-06-01,123,Transferencias,56.002
2013-01-01,124,Intereses ganados,37.659
2013-02-01,124,Intereses ganados,41.305
2013-03-01,124,Intereses ganados,43.948
2013-04-01,124,Intereses ganados,46.583
2013-05-01,124,Intereses ganados,46.4
2013-06-01,124,Intereses ganados,74.204
2013-07-01,124,Intereses ganados,50.067
2013-08-01,124,Intereses ganados,51.755
2013-09-01,124,Intereses ganados,35.349
2013-10-01,124,Intereses ganados,65.098
2013-11-01,124,Intereses ganados,50.982
2013-12-01,124,Intereses ganados,73.663
2014-01-01,124,Intereses ganados,53.037
2014-02-01,124,Intereses ganados,56.691
2014-03-01,124,Intereses ganados,49.517
2014-04-01,124,Intereses ganados,54.795
2014-05-01,124,Intereses ganados,60.226
2014-06-01,124,Intereses ganados,71.332
2014-07-01,124,Intereses ganados,64.004
2014-08-01,124,Intereses ganados,64.144
2014-09-01,124,Intereses ganados,58.903
2014-10-01,124,Intereses ganados,65.899
2014-11-01,124,Intereses ganados,61.43
2014-12-01,124,Intereses ganados,76.514
2015-01-01,124,Intereses ganados,61.925
2015-02-01,124,Intereses ganados,64.617
2015-03-01,124,Intereses ganados,64.042
2015-04-01,124,Intereses ganados,66.394
2015-05-01,124,Intereses ganados,71.293
2015-06-01,124,Intereses ganados,71.783
2015-07-01,124,Intereses ganados,88.237
2015-08-01,124,Intereses ganados,68.48
2015-09-01,124,Intereses ganados,70.772
2015-10-01,124,Intereses ganados,71.753
2015-11-01,124,Intereses ganados,73.567
2015-12-01,124,Intereses ganados,80.176
2016-01-01,124,Intereses ganados,70.064
2016-02-01,124,Intereses ganados,69.163
2016-03-01,124,Intereses ganados,81.298
2016-04-01,124,Intereses ganados,73.673
2016-05-01,124,Intereses ganados,64.797
2016-06-01,124,Intereses ganados,82.436
2016-07-01,124,Intereses ganados,69.031
2016-08-01,124,Intereses ganados,84.625
2016-09-01,124,Intereses ganados,80.496
2016-10-01,124,Intereses ganados,76.648
2016-11-01,124,Intereses ganados,77.028
2016-12-01,124,Intereses ganados,81.71
2017-01-01,124,Intereses ganados,79.267
2017-02-01,124,Intereses ganados,76.194
2017-03-01,124,Intereses ganados,80.929
2017-04-01,124,Intereses ganados,84.727
2017-05-01,124,Intereses ganados,81.978
2017-06-01,124,Intereses ganados,84.877
2017-07-01,124,Intereses ganados,85.317
2017-08-01,124,Intereses ganados,79.252
2017-09-01,124,Intereses ganados,80.193
2017-10-01,124,Intereses ganados,88.366
2017-11-01,124,Intereses ganados,86.041
2017-12-01,124,Intereses ganados,88.51
2018-01-01,124,Intereses ganados,96.115
2018-02-01,124,Intereses ganados,87.825
2018-03-01,124,Intereses ganados,84.026
2018-04-01,124,Intereses ganados,90.511
2018-05-01,124,Intereses ganados,116.581
2018-06-01,124,Intereses ganados,99.03
2018-07-01,124,Intereses ganados,96.393
2018-08-01,124,Intereses ganados,94.515
2018-09-01,124,Intereses ganados,86.708
2018-10-01,124,Intereses ganados,95.337
2018-11-01,124,Intereses ganados,95.98
2018-12-01,124,Intereses ganados,95.362
2019-01-01,124,Intereses ganados,99.984
2019-02-01,124,Intereses ganados,98.33
2019-03-01,124,Intereses ganados,91.35
2019-04-01,124,Intereses ganados,99.078
2019-05-01,124,Intereses ganados,121.082
2019-06-01,124,Intereses ganados,81.806
2019-07-01,124,Intereses ganados,102.655
2019-08-01,124,Intereses ganados,103.15
2019-09-01,124,Intereses ganados,97.074
2019-10-01,124,Intereses ganados,117.917
2019-11-01,124,Intereses ganados,119.796
2019-12-01,124,Intereses ganados,116.925
2020-01-01,124,Intereses ganados,108.678
2020-02-01,124,Intereses ganados,110.158
2020-03-01,124,Intereses ganados,104.481
2020-04-01,124,Intereses ganados,87.429
2020-05-01,124,Intereses ganados,102.45
2020-06-01,124,Intereses ganados,101.756
2020-07-01,124,Intereses ganados,99.709
2020-08-01,124,Intereses ganados,96.752
2020-09-01,124,Intereses ganados,99.149
2020-10-01,124,Intereses ganados,101.299
2020-11-01,124,Intereses ganados,101.29
2020-12-01,124,Intereses ganados,103.452
2021-01-01,124,Intereses ganados,92.381
2021-02-01,124,Intereses ganados,95.074
2021-03-01,124,Intereses ganados,95.808
2021-04-01,124,Intereses ganados,94.179
2021-05-01,124,Intereses ganados,104.177
2021-06-01,124,Intereses ganados,97.716
2021-07-01,124,Intereses ganados,94.291
2021-08-01,124,Intereses ganados,98.264
2021-09-01,124,Intereses ganados,98.075
2021-10-01,124,Intereses ganados,96.044
2021-11-01,124,Intereses ganados,95.47
2021-12-01,124,Intereses ganados,98.161
2022-01-01,124,Intereses ganados,94.876
2022-02-01,124,Intereses ganados,98.28
2022-03-01,124,Intereses ganados,104.025
2022-04-01,124,Intereses ganados,98.37
2022-05-01,124,Intereses ganados,109.8
2022-06-01,124,Intereses ganados,110.577
2022-07-01,124,Intereses ganados,104.815
2022-08-01,124,Intereses ganados,108.93
2022-09-01,124,Intereses ganados,123.295
2022-10-01,124,Intereses ganados,102.095
2022-11-01,124,Intereses ganados,116.353
2022-12-01,124,Intereses ganados,111.41
2023-01-01,124,Intereses ganados,141.127
2023-02-01,124,Intereses ganados,119.304
2023-03-01,124,Intereses ganados,121.964
2023-04-01,124,Intereses ganados,126.861
2023-05-01,124,Intereses ganados,131.58
2023-06-01,124,Intereses ganados,139.361
2023-07-01,124,Intereses ganados,124.129
2023-08-01,124,Intereses ganados,125.906
2023-09-01,124,Intereses ganados,117.554
2023-10-01,124,Intereses ganados,117.125
2023-11-01,124,Intereses ganados,154.688
2023-12-01,124,Intereses ganados,128.735
2024-01-01,124,Intereses ganados,125.325
2024-02-01,124,Intereses ganados,118.347
2024-03-01,124,Intereses ganados,119.31
2024-04-01,124,Intereses ganados,134.236
2024-05-01,124,Intereses ganados,129.55
2024-06-01,124,Intereses ganados,122.687
2024-07-01,124,Intereses ganados,126.639
2024-08-01,124,Intereses ganados,127.207
2024-09-01,124,Intereses ganados,122.182
2024-10-01,124,Intereses ganados,123.207
2024-11-01,124,Intereses ganados,129.693
2024-12-01,124,Intereses ganados,111.471
2025-01-01,124,Intereses ganados,125.337
2025-02-01,124,Intereses ganados,130.959
2025-03-01,124,Intereses ganados,129.357
2025-04-01,124,Intereses ganados,128.457
2025-05-01,124,Intereses ganados,133.331
2025-06-01,124,Intereses ganados,127.903
2025-07-01,124,Intereses ganados,133.104
2025-08-01,124,Intereses ganados,125.781
2025-09-01,124,Intereses ganados,123.191
2025-10-01,124,Intereses ganados,123.07
2025-11-01,124,Intereses ganados,128.691
2025-12-01,124,Intereses ganados,223.461
2026-01-01,124,Intereses ganados,128.689
2026-02-01,124,Intereses ganados,134.513
2026-03-01,124,Intereses ganados,125.413
2026-04-01,124,Intereses ganados,128.068
2026-05-01,124,Intereses ganados,140.221
2026-06-01,124,Intereses ganados,148.496
2013-01-01,125,Otros Ingresos,362.514
2013-02-01,125,Otros Ingresos,281.88
2013-03-01,125,Otros Ingresos,282.664
2013-04-01,125,Otros Ingresos,363.539
2013-05-01,125,Otros Ingresos,449.174
2013-06-01,125,Otros Ingresos,342.159
2013-07-01,125,Otros Ingresos,376.988
2013-08-01,125,Otros Ingresos,320.349
2013-09-01,125,Otros Ingresos,314.099
2013-10-01,125,Otros Ingresos,391.639
2013-11-01,125,Otros Ingresos,367.342
2013-12-01,125,Otros Ingresos,439.695
2014-01-01,125,Otros Ingresos,345.228
2014-02-01,125,Otros Ingresos,342.381
2014-03-01,125,Otros Ingresos,367.038
2014-04-01,125,Otros Ingresos,360.312
2014-05-01,125,Otros Ingresos,474.587
2014-06-01,125,Otros Ingresos,405.416
2014-07-01,125,Otros Ingresos,433.003
2014-08-01,125,Otros Ingresos,394.945
2014-09-01,125,Otros Ingresos,76.855
2014-10-01,125,Otros Ingresos,405.748
2014-11-01,125,Otros Ingresos,435.648
2014-12-01,125,Otros Ingresos,492.055
2015-01-01,125,Otros Ingresos,319.379
2015-02-01,125,Otros Ingresos,521.864
2015-03-01,125,Otros Ingresos,321.636
2015-04-01,125,Otros Ingresos,316.701
2015-05-01,125,Otros Ingresos,515.16
2015-06-01,125,Otros Ingresos,346.742
2015-07-01,125,Otros Ingresos,251.278
2015-08-01,125,Otros Ingresos,345.657
2015-09-01,125,Otros Ingresos,278.849
2015-10-01,125,Otros Ingresos,409.204
2015-11-01,125,Otros Ingresos,370.511
2015-12-01,125,Otros Ingresos,392.07
2016-01-01,125,Otros Ingresos,411.893
2016-02-01,125,Otros Ingresos,430.906
2016-03-01,125,Otros Ingresos,438.366
2016-04-01,125,Otros Ingresos,334.582
2016-05-01,125,Otros Ingresos,445.496
2016-06-01,125,Otros Ingresos,375.189
2016-07-01,125,Otros Ingresos,322.893
2016-08-01,125,Otros Ingresos,397.064
2016-09-01,125,Otros Ingresos,320.302
2016-10-01,125,Otros Ingresos,468.518
2016-11-01,125,Otros Ingresos,231.794
2016-12-01,125,Otros Ingresos,795.623
2017-01-01,125,Otros Ingresos,290.315
2017-02-01,125,Otros Ingresos,335.43
2017-03-01,125,Otros Ingresos,486.035
2017-04-01,125,Otros Ingresos,380.365
2017-05-01,125,Otros Ingresos,536.754
2017-06-01,125,Otros Ingresos,365.174
2017-07-01,125,Otros Ingresos,537.968
2017-08-01,125,Otros Ingresos,380.586
2017-09-01,125,Otros Ingresos,229.305
2017-10-01,125,Otros Ingresos,333.502
2017-11-01,125,Otros Ingresos,327.724
2017-12-01,125,Otros Ingresos,584.057
2018-01-01,125,Otros Ingresos,357.162
2018-02-01,125,Otros Ingresos,370.48
2018-03-01,125,Otros Ingresos,369.349
2018-04-01,125,Otros Ingresos,413.652
2018-05-01,125,Otros Ingresos,673.64
2018-06-01,125,Otros Ingresos,403.103
2018-07-01,125,Otros Ingresos,318.892
2018-08-01,125,Otros Ingresos,423.859
2018-09-01,125,Otros Ingresos,443.912
2018-10-01,125,Otros Ingresos,412.684
2018-11-01,125,Otros Ingresos,393.568
2018-12-01,125,Otros Ingresos,421.939
2019-01-01,125,Otros Ingresos,472.47
2019-02-01,125,Otros Ingresos,330.908
2019-03-01,125,Otros Ingresos,371.357
2019-04-01,125,Otros Ingresos,377.2
2019-05-01,125,Otros Ingresos,504.27
2019-06-01,125,Otros Ingresos,346.65
2019-07-01,125,Otros Ingresos,329.499
2019-08-01,125,Otros Ingresos,249.998
2019-09-01,125,Otros Ingresos,570.887
2019-10-01,125,Otros Ingresos,675.288
2019-11-01,125,Otros Ingresos,289.038
2019-12-01,125,Otros Ingresos,380.457
2020-01-01,125,Otros Ingresos,454.101
2020-02-01,125,Otros Ingresos,490.652
2020-03-01,125,Otros Ingresos,482.372
2020-04-01,125,Otros Ingresos,222.286
2020-05-01,125,Otros Ingresos,273.555
2020-06-01,125,Otros Ingresos,281.596
2020-07-01,125,Otros Ingresos,323.64
2020-08-01,125,Otros Ingresos,566.136
2020-09-01,125,Otros Ingresos,277.09
2020-10-01,125,Otros Ingresos,290.564
2020-11-01,125,Otros Ingresos,370.287
2020-12-01,125,Otros Ingresos,343.776
2021-01-01,125,Otros Ingresos,373.006
2021-02-01,125,Otros Ingresos,299.587
2021-03-01,125,Otros Ingresos,399.001
2021-04-01,125,Otros Ingresos,346.076
2021-05-01,125,Otros Ingresos,333.18
2021-06-01,125,Otros Ingresos,462.376
2021-07-01,125,Otros Ingresos,417.572
2021-08-01,125,Otros Ingresos,373.203
2021-09-01,125,Otros Ingresos,422.993
2021-10-01,125,Otros Ingresos,433.224
2021-11-01,125,Otros Ingresos,493.49
2021-12-01,125,Otros Ingresos,444.31
2022-01-01,125,Otros Ingresos,345.923
2022-02-01,125,Otros Ingresos,327.741
2022-03-01,125,Otros Ingresos,424.875
2022-04-01,125,Otros Ingresos,479.68
2022-05-01,125,Otros Ingresos,536.25
2022-06-01,125,Otros Ingresos,433.301
2022-07-01,125,Otros Ingresos,415.246
2022-08-01,125,Otros Ingresos,449.607
2022-09-01,125,Otros Ingresos,567.947
2022-10-01,125,Otros Ingresos,486.804
2022-11-01,125,Otros Ingresos,419.679
2022-12-01,125,Otros Ingresos,837.151
2023-01-01,125,Otros Ingresos,436.704
2023-02-01,125,Otros Ingresos,455.6
2023-03-01,125,Otros Ingresos,577.806
2023-04-01,125,Otros Ingresos,608.246
2023-05-01,125,Otros Ingresos,625.955
2023-06-01,125,Otros Ingresos,527.486
2023-07-01,125,Otros Ingresos,503.241
2023-08-01,125,Otros Ingresos,484.579
2023-09-01,125,Otros Ingresos,488.757
2023-10-01,125,Otros Ingresos,443.618
2023-11-01,125,Otros Ingresos,426.153
2023-12-01,125,Otros Ingresos,559.902
2024-01-01,125,Otros Ingresos,493.396
2024-02-01,125,Otros Ingresos,413.684
2024-03-01,125,Otros Ingresos,428.746
2024-04-01,125,Otros Ingresos,547.354
2024-05-01,125,Otros Ingresos,613.49
2024-06-01,125,Otros Ingresos,591.846
2024-07-01,125,Otros Ingresos,548.522
2024-08-01,125,Otros Ingresos,470.796
2024-09-01,125,Otros Ingresos,508.885
2024-10-01,125,Otros Ingresos,474.462
2024-11-01,125,Otros Ingresos,419.431
2024-12-01,125,Otros Ingresos,523.559
2025-01-01,125,Otros Ingresos,813.134
2025-02-01,125,Otros Ingresos,412.069
2025-03-01,125,Otros Ingresos,608.786
2025-04-01,125,Otros Ingresos,564.45
2025-05-01,125,Otros Ingresos,633.22
2025-06-01,125,Otros Ingresos,611.076
2025-07-01,125,Otros Ingresos,461.093
2025-08-01,125,Otros Ingresos,449.004
2025-09-01,125,Otros Ingresos,576.534
2025-10-01,125,Otros Ingresos,477.696
2025-11-01,125,Otros Ingresos,579.9
2025-12-01,125,Otros Ingresos,640.241
2026-01-01,125,Otros Ingresos,670.11
2026-02-01,125,Otros Ingresos,529.736
2026-03-01,125,Otros Ingresos,655.272
2026-04-01,125,Otros Ingresos,866.042
2026-05-01,125,Otros Ingresos,637.635
2026-06-01,125,Otros Ingresos,592.259
2013-01-01,2,Total Erogaciones,2551.748
2013-02-01,2,Total Erogaciones,3236.619
2013-03-01,2,Total Erogaciones,3553.218
2013-04-01,2,Total Erogaciones,3542.849
2013-05-01,2,Total Erogaciones,3296.965
2013-06-01,2,Total Erogaciones,3473.891
2013-07-01,2,Total Erogaciones,3524.614
2013-08-01,2,Total Erogaciones,3822.635
2013-09-01,2,Total Erogaciones,3624.365
2013-10-01,2,Total Erogaciones,4083.74
2013-11-01,2,Total Erogaciones,4185.099
2013-12-01,2,Total Erogaciones,6311.911
2014-01-01,2,Total Erogaciones,2860.06
2014-02-01,2,Total Erogaciones,3491.28
2014-03-01,2,Total Erogaciones,3569.612
2014-04-01,2,Total Erogaciones,3991.477
2014-05-01,2,Total Erogaciones,3396.806
2014-06-01,2,Total Erogaciones,3729.306
2014-07-01,2,Total Erogaciones,3856.159
2014-08-01,2,Total Erogaciones,3826.746
2014-09-01,2,Total Erogaciones,3782.123
2014-10-01,2,Total Erogaciones,4272.342
2014-11-01,2,Total Erogaciones,4020.456
2014-12-01,2,Total Erogaciones,6478.701
2015-01-01,2,Total Erogaciones,2346.855
2015-02-01,2,Total Erogaciones,3246.544
2015-03-01,2,Total Erogaciones,3697.877
2015-04-01,2,Total Erogaciones,3185.393
2015-05-01,2,Total Erogaciones,3691.454
2015-06-01,2,Total Erogaciones,3771.24
2015-07-01,2,Total Erogaciones,3478.08
2015-08-01,2,Total Erogaciones,3367.214
2015-09-01,2,Total Erogaciones,3375.257
2015-10-01,2,Total Erogaciones,3497.09
2015-11-01,2,Total Erogaciones,3316.17
2015-12-01,2,Total Erogaciones,5947.731
2016-01-01,2,Total Erogaciones,2460.689
2016-02-01,2,Total Erogaciones,3269.754
2016-03-01,2,Total Erogaciones,3722.527
2016-04-01,2,Total Erogaciones,3137.177
2016-05-01,2,Total Erogaciones,3011.552
2016-06-01,2,Total Erogaciones,3523.136
2016-07-01,2,Total Erogaciones,3066.909
2016-08-01,2,Total Erogaciones,3578.113
2016-09-01,2,Total Erogaciones,3673.196
2016-10-01,2,Total Erogaciones,3432.043
2016-11-01,2,Total Erogaciones,3727.644
2016-12-01,2,Total Erogaciones,6576.46
2017-01-01,2,Total Erogaciones,2384.17
2017-02-01,2,Total Erogaciones,3051.439
2017-03-01,2,Total Erogaciones,4110.445
2017-04-01,2,Total Erogaciones,3409.834
2017-05-01,2,Total Erogaciones,3169.874
2017-06-01,2,Total Erogaciones,3354.599
2017-07-01,2,Total Erogaciones,2962.621
2017-08-01,2,Total Erogaciones,3326.232
2017-09-01,2,Total Erogaciones,3312.666
2017-10-01,2,Total Erogaciones,3167.432
2017-11-01,2,Total Erogaciones,3619.189
2017-12-01,2,Total Erogaciones,6515.893
2018-01-01,2,Total Erogaciones,2470.576
2018-02-01,2,Total Erogaciones,2956.526
2018-03-01,2,Total Erogaciones,3949.529
2018-04-01,2,Total Erogaciones,3520.637
2018-05-01,2,Total Erogaciones,3340.055
2018-06-01,2,Total Erogaciones,3594.833
2018-07-01,2,Total Erogaciones,3464.213
2018-08-01,2,Total Erogaciones,3508.01
2018-09-01,2,Total Erogaciones,3870.018
2018-10-01,2,Total Erogaciones,3523.382
2018-11-01,2,Total Erogaciones,3443.662
2018-12-01,2,Total Erogaciones,6421.834
2019-01-01,2,Total Erogaciones,2903.217
2019-02-01,2,Total Erogaciones,3066.325
2019-03-01,2,Total Erogaciones,3578.075
2019-04-01,2,Total Erogaciones,3604.179
2019-05-01,2,Total Erogaciones,3639.597
2019-06-01,2,Total Erogaciones,3325.899
2019-07-01,2,Total Erogaciones,3651.483
2019-08-01,2,Total Erogaciones,3392.699
2019-09-01,2,Total Erogaciones,3498.722
2019-10-01,2,Total Erogaciones,3359.481
2019-11-01,2,Total Erogaciones,3408.821
2019-12-01,2,Total Erogaciones,5413.908
2020-01-01,2,Total Erogaciones,3006.29
2020-02-01,2,Total Erogaciones,3022.984
2020-03-01,2,Total Erogaciones,3399.099
2020-04-01,2,Total Erogaciones,2888.328
2020-05-01,2,Total Erogaciones,2706.489
2020-06-01,2,Total Erogaciones,2972.859
2020-07-01,2,Total Erogaciones,3033.004
2020-08-01,2,Total Erogaciones,3283.225
2020-09-01,2,Total Erogaciones,2709.606
2020-10-01,2,Total Erogaciones,3163.353
2020-11-01,2,Total Erogaciones,3124.227
2020-12-01,2,Total Erogaciones,5313.451
2021-01-01,2,Total Erogaciones,2461.782
2021-02-01,2,Total Erogaciones,2548.546
2021-03-01,2,Total Erogaciones,3660.144
2021-04-01,2,Total Erogaciones,2986.422
2021-05-01,2,Total Erogaciones,3322.998
2021-06-01,2,Total Erogaciones,3241.772
2021-07-01,2,Total Erogaciones,3296.045
2021-08-01,2,Total Erogaciones,3429.915
2021-09-01,2,Total Erogaciones,3056.495
2021-10-01,2,Total Erogaciones,3098.767
2021-11-01,2,Total Erogaciones,3341.116
2021-12-01,2,Total Erogaciones,5800.715
2022-01-01,2,Total Erogaciones,2764.876
2022-02-01,2,Total Erogaciones,3218.033
2022-03-01,2,Total Erogaciones,3675.633
2022-04-01,2,Total Erogaciones,3594.362
2022-05-01,2,Total Erogaciones,3369.463
2022-06-01,2,Total Erogaciones,3769.26
2022-07-01,2,Total Erogaciones,3604.302
2022-08-01,2,Total Erogaciones,3817.932
2022-09-01,2,Total Erogaciones,3661.336
2022-10-01,2,Total Erogaciones,3724.481
2022-11-01,2,Total Erogaciones,4019.95
2022-12-01,2,Total Erogaciones,6003.638
2023-01-01,2,Total Erogaciones,3325.318
2023-02-01,2,Total Erogaciones,3559.598
2023-03-01,2,Total Erogaciones,3880.61
2023-04-01,2,Total Erogaciones,3561.455
2023-05-01,2,Total Erogaciones,4050.94
2023-06-01,2,Total Erogaciones,3656.978
2023-07-01,2,Total Erogaciones,3764.72
2023-08-01,2,Total Erogaciones,4162.101
2023-09-01,2,Total Erogaciones,3897.609
2023-10-01,2,Total Erogaciones,3966.37
2023-11-01,2,Total Erogaciones,4451.503
2023-12-01,2,Total Erogaciones,5606.265
2024-01-01,2,Total Erogaciones,3299.615
2024-02-01,2,Total Erogaciones,3259.559
2024-03-01,2,Total Erogaciones,3702.281
2024-04-01,2,Total Erogaciones,3817.058
2024-05-01,2,Total Erogaciones,3850.823
2024-06-01,2,Total Erogaciones,3511.381
2024-07-01,2,Total Erogaciones,4665.575
2024-08-01,2,Total Erogaciones,3994.637
2024-09-01,2,Total Erogaciones,3684.235
2024-10-01,2,Total Erogaciones,3942.777
2024-11-01,2,Total Erogaciones,4313.083
2024-12-01,2,Total Erogaciones,5728.376
2025-01-01,2,Total Erogaciones,3600.36
2025-02-01,2,Total Erogaciones,3999.786
2025-03-01,2,Total Erogaciones,3872.099
2025-04-01,2,Total Erogaciones,3884.388
2025-05-01,2,Total Erogaciones,4193.515
2025-06-01,2,Total Erogaciones,3598.575
2025-07-01,2,Total Erogaciones,4100.154
2025-08-01,2,Total Erogaciones,4129.643
2025-09-01,2,Total Erogaciones,4045.403
2025-10-01,2,Total Erogaciones,4173.059
2025-11-01,2,Total Erogaciones,4817.919
2025-12-01,2,Total Erogaciones,5638.119
2026-01-01,2,Total Erogaciones,3666.993
2026-02-01,2,Total Erogaciones,3975.722
2026-03-01,2,Total Erogaciones,4431.315
2026-04-01,2,Total Erogaciones,4048.167
2026-05-01,2,Total Erogaciones,4238.427
2026-06-01,2,Total Erogaciones,4344.139
2013-01-01,21,Erogación Permanente,1771.328
2013-02-01,21,Erogación Permanente,2183.751
2013-03-01,21,Erogación Permanente,2431.563
2013-04-01,21,Erogación Permanente,2272.63
2013-05-01,21,Erogación Permanente,2230.62
2013-06-01,21,Erogación Permanente,2394.312
2013-07-01,21,Erogación Permanente,2269.904
2013-08-01,21,Erogación Permanente,2551.985
2013-09-01,21,Erogación Permanente,2355.412
2013-10-01,21,Erogación Permanente,2416.84
2013-11-01,21,Erogación Permanente,2414.534
2013-12-01,21,Erogación Permanente,3900.695
2014-01-01,21,Erogación Permanente,2104.788
2014-02-01,21,Erogación Permanente,2203.41
2014-03-01,21,Erogación Permanente,2385.504
2014-04-01,21,Erogación Permanente,2706.526
2014-05-01,21,Erogación Permanente,2306.586
2014-06-01,21,Erogación Permanente,2506.164
2014-07-01,21,Erogación Permanente,2495.669
2014-08-01,21,Erogación Permanente,2590.688
2014-09-01,21,Erogación Permanente,2486.122
2014-10-01,21,Erogación Permanente,2565.386
2014-11-01,21,Erogación Permanente,2464.791
2014-12-01,21,Erogación Permanente,4261.28
2015-01-01,21,Erogación Permanente,1703.734
2015-02-01,21,Erogación Permanente,2216.104
2015-03-01,21,Erogación Permanente,2632.224
2015-04-01,21,Erogación Permanente,2286.792
2015-05-01,21,Erogación Permanente,2336.712
2015-06-01,21,Erogación Permanente,2606.254
2015-07-01,21,Erogación Permanente,2477.602
2015-08-01,21,Erogación Permanente,2457.306
2015-09-01,21,Erogación Permanente,2499.2
2015-10-01,21,Erogación Permanente,2298.128
2015-11-01,21,Erogación Permanente,2392.752
2015-12-01,21,Erogación Permanente,3712.948
2016-01-01,21,Erogación Permanente,1811.678
2016-02-01,21,Erogación Permanente,2390.069
2016-03-01,21,Erogación Permanente,2540.948
2016-04-01,21,Erogación Permanente,2211.902
2016-05-01,21,Erogación Permanente,2202.018
2016-06-01,21,Erogación Permanente,2441.623
2016-07-01,21,Erogación Permanente,2043.205
2016-08-01,21,Erogación Permanente,2472.015
2016-09-01,21,Erogación Permanente,2420.303
2016-10-01,21,Erogación Permanente,2267.524
2016-11-01,21,Erogación Permanente,2277.121
2016-12-01,21,Erogación Permanente,3894.763
2017-01-01,21,Erogación Permanente,1890.097
2017-02-01,21,Erogación Permanente,2130.111
2017-03-01,21,Erogación Permanente,2912.804
2017-04-01,21,Erogación Permanente,2386.925
2017-05-01,21,Erogación Permanente,2372.992
2017-06-01,21,Erogación Permanente,2614.669
2017-07-01,21,Erogación Permanente,2290.747
2017-08-01,21,Erogación Permanente,2589.599
2017-09-01,21,Erogación Permanente,2624.269
2017-10-01,21,Erogación Permanente,2357.17
2017-11-01,21,Erogación Permanente,2436.814
2017-12-01,21,Erogación Permanente,4006.054
2018-01-01,21,Erogación Permanente,2091.216
2018-02-01,21,Erogación Permanente,2346.861
2018-03-01,21,Erogación Permanente,2926.609
2018-04-01,21,Erogación Permanente,2616.022
2018-05-01,21,Erogación Permanente,2647.225
2018-06-01,21,Erogación Permanente,2793.037
2018-07-01,21,Erogación Permanente,2737.916
2018-08-01,21,Erogación Permanente,2888.314
2018-09-01,21,Erogación Permanente,2812.705
2018-10-01,21,Erogación Permanente,2798.607
2018-11-01,21,Erogación Permanente,2719.164
2018-12-01,21,Erogación Permanente,4192.29
2019-01-01,21,Erogación Permanente,2436.632
2019-02-01,21,Erogación Permanente,2535.103
2019-03-01,21,Erogación Permanente,3029.603
2019-04-01,21,Erogación Permanente,2878.227
2019-05-01,21,Erogación Permanente,2891.189
2019-06-01,21,Erogación Permanente,2708.686
2019-07-01,21,Erogación Permanente,2983.567
2019-08-01,21,Erogación Permanente,2765.876
2019-09-01,21,Erogación Permanente,2784.762
2019-10-01,21,Erogación Permanente,2707.19
2019-11-01,21,Erogación Permanente,2810.543
2019-12-01,21,Erogación Permanente,4097.343
2020-01-01,21,Erogación Permanente,2592.57
2020-02-01,21,Erogación Permanente,2515.428
2020-03-01,21,Erogación Permanente,2947.006
2020-04-01,21,Erogación Permanente,2599.503
2020-05-01,21,Erogación Permanente,2270.747
2020-06-01,21,Erogación Permanente,2537.083
2020-07-01,21,Erogación Permanente,2459.884
2020-08-01,21,Erogación Permanente,2790.219
2020-09-01,21,Erogación Permanente,2108.562
2020-10-01,21,Erogación Permanente,2461.498
2020-11-01,21,Erogación Permanente,2322.791
2020-12-01,21,Erogación Permanente,3801.424
2021-01-01,21,Erogación Permanente,2231.205
2021-02-01,21,Erogación Permanente,2189.349
2021-03-01,21,Erogación Permanente,2767.101
2021-04-01,21,Erogación Permanente,2422.15
2021-05-01,21,Erogación Permanente,2549.064
2021-06-01,21,Erogación Permanente,2516.301
2021-07-01,21,Erogación Permanente,2582.145
2021-08-01,21,Erogación Permanente,2679.793
2021-09-01,21,Erogación Permanente,2369.357
2021-10-01,21,Erogación Permanente,2368.157
2021-11-01,21,Erogación Permanente,2520.72
2021-12-01,21,Erogación Permanente,3697.196
2022-01-01,21,Erogación Permanente,2473.006
2022-02-01,21,Erogación Permanente,2763.51
2022-03-01,21,Erogación Permanente,3124.075
2022-04-01,21,Erogación Permanente,3047.753
2022-05-01,21,Erogación Permanente,2811.182
2022-06-01,21,Erogación Permanente,3165.762
2022-07-01,21,Erogación Permanente,2945.727
2022-08-01,21,Erogación Permanente,3156.018
2022-09-01,21,Erogación Permanente,3011.209
2022-10-01,21,Erogación Permanente,3013.563
2022-11-01,21,Erogación Permanente,3268.882
2022-12-01,21,Erogación Permanente,4510.376
2023-01-01,21,Erogación Permanente,2906.727
2023-02-01,21,Erogación Permanente,3038.415
2023-03-01,21,Erogación Permanente,3224.317
2023-04-01,21,Erogación Permanente,2814.569
2023-05-01,21,Erogación Permanente,3349.913
2023-06-01,21,Erogación Permanente,3093.307
2023-07-01,21,Erogación Permanente,3204.432
2023-08-01,21,Erogación Permanente,3523.397
2023-09-01,21,Erogación Permanente,3246.817
2023-10-01,21,Erogación Permanente,3273.805
2023-11-01,21,Erogación Permanente,3701.998
2023-12-01,21,Erogación Permanente,4519.102
2024-01-01,21,Erogación Permanente,2966.556
2024-02-01,21,Erogación Permanente,2814.46
2024-03-01,21,Erogación Permanente,3183.915
2024-04-01,21,Erogación Permanente,3299.608
2024-05-01,21,Erogación Permanente,3293.272
2024-06-01,21,Erogación Permanente,2925.902
2024-07-01,21,Erogación Permanente,3988.911
2024-08-01,21,Erogación Permanente,3377.323
2024-09-01,21,Erogación Permanente,2978.804
2024-10-01,21,Erogación Permanente,3335.941
2024-11-01,21,Erogación Permanente,3584.193
2024-12-01,21,Erogación Permanente,4499.83
2025-01-01,21,Erogación Permanente,3246.29
2025-02-01,21,Erogación Permanente,3494.682
2025-03-01,21,Erogación Permanente,3346.428
2025-04-01,21,Erogación Permanente,3254.626
2025-05-01,21,Erogación Permanente,3556.74
2025-06-01,21,Erogación Permanente,2967.152
2025-07-01,21,Erogación Permanente,3569.962
2025-08-01,21,Erogación Permanente,3501.727
2025-09-01,21,Erogación Permanente,3292.429
2025-10-01,21,Erogación Permanente,3489.105
2025-11-01,21,Erogación Permanente,3894.131
2025-12-01,21,Erogación Permanente,4363.892
2026-01-01,21,Erogación Permanente,3335.55
2026-02-01,21,Erogación Permanente,3157.227
2026-03-01,21,Erogación Permanente,3762.833
2026-04-01,21,Erogación Permanente,3433.75
2026-05-01,21,Erogación Permanente,3552.589
2026-06-01,21,Erogación Permanente,3574.334
2013-01-01,211,Sueldos y salarios,627.289
2013-02-01,211,Sueldos y salarios,714.73
2013-03-01,211,Sueldos y salarios,818.282
2013-04-01,211,Sueldos y salarios,726.856
2013-05-01,211,Sueldos y salarios,719.639
2013-06-01,211,Sueldos y salarios,704.703
2013-07-01,211,Sueldos y salarios,746.455
2013-08-01,211,Sueldos y salarios,837.553
2013-09-01,211,Sueldos y salarios,719.857
2013-10-01,211,Sueldos y salarios,751.519
2013-11-01,211,Sueldos y salarios,766.595
2013-12-01,211,Sueldos y salarios,1340.455
2014-01-01,211,Sueldos y salarios,586.719
2014-02-01,211,Sueldos y salarios,816.639
2014-03-01,211,Sueldos y salarios,803.159
2014-04-01,211,Sueldos y salarios,801.503
2014-05-01,211,Sueldos y salarios,761.899
2014-06-01,211,Sueldos y salarios,683.442
2014-07-01,211,Sueldos y salarios,866.071
2014-08-01,211,Sueldos y salarios,896.377
2014-09-01,211,Sueldos y salarios,733.076
2014-10-01,211,Sueldos y salarios,859.504
2014-11-01,211,Sueldos y salarios,811.049
2014-12-01,211,Sueldos y salarios,1435.826
2015-01-01,211,Sueldos y salarios,605.851
2015-02-01,211,Sueldos y salarios,888.504
2015-03-01,211,Sueldos y salarios,900.617
2015-04-01,211,Sueldos y salarios,861.266
2015-05-01,211,Sueldos y salarios,800.721
2015-06-01,211,Sueldos y salarios,825.696
2015-07-01,211,Sueldos y salarios,840.585
2015-08-01,211,Sueldos y salarios,948.545
2015-09-01,211,Sueldos y salarios,828.871
2015-10-01,211,Sueldos y salarios,851.493
2015-11-01,211,Sueldos y salarios,834.075
2015-12-01,211,Sueldos y salarios,1454.977
2016-01-01,211,Sueldos y salarios,709.857
2016-02-01,211,Sueldos y salarios,904.945
2016-03-01,211,Sueldos y salarios,923.119
2016-04-01,211,Sueldos y salarios,852.881
2016-05-01,211,Sueldos y salarios,829.48
2016-06-01,211,Sueldos y salarios,835.746
2016-07-01,211,Sueldos y salarios,821.846
2016-08-01,211,Sueldos y salarios,962.642
2016-09-01,211,Sueldos y salarios,823.401
2016-10-01,211,Sueldos y salarios,873.258
2016-11-01,211,Sueldos y salarios,841.077
2016-12-01,211,Sueldos y salarios,1397.041
2017-01-01,211,Sueldos y salarios,777.876
2017-02-01,211,Sueldos y salarios,878.67
2017-03-01,211,Sueldos y salarios,922.332
2017-04-01,211,Sueldos y salarios,913.058
2017-05-01,211,Sueldos y salarios,861.18
2017-06-01,211,Sueldos y salarios,867.282
2017-07-01,211,Sueldos y salarios,871.73
2017-08-01,211,Sueldos y salarios,1007.757
2017-09-01,211,Sueldos y salarios,868.527
2017-10-01,211,Sueldos y salarios,892.227
2017-11-01,211,Sueldos y salarios,883.133
2017-12-01,211,Sueldos y salarios,1486.226
2018-01-01,211,Sueldos y salarios,814.05
2018-02-01,211,Sueldos y salarios,912.862
2018-03-01,211,Sueldos y salarios,960.752
2018-04-01,211,Sueldos y salarios,903.439
2018-05-01,211,Sueldos y salarios,952.936
2018-06-01,211,Sueldos y salarios,905.421
2018-07-01,211,Sueldos y salarios,913.152
2018-08-01,211,Sueldos y salarios,1027.047
2018-09-01,211,Sueldos y salarios,895.336
2018-10-01,211,Sueldos y salarios,929.383
2018-11-01,211,Sueldos y salarios,918.312
2018-12-01,211,Sueldos y salarios,1523.36
2019-01-01,211,Sueldos y salarios,779.402
2019-02-01,211,Sueldos y salarios,969.95
2019-03-01,211,Sueldos y salarios,954.693
2019-04-01,211,Sueldos y salarios,926.935
2019-05-01,211,Sueldos y salarios,891.446
2019-06-01,211,Sueldos y salarios,899.758
2019-07-01,211,Sueldos y salarios,906.753
2019-08-01,211,Sueldos y salarios,1027.067
2019-09-01,211,Sueldos y salarios,902.597
2019-10-01,211,Sueldos y salarios,918.414
2019-11-01,211,Sueldos y salarios,918.728
2019-12-01,211,Sueldos y salarios,1484.562
2020-01-01,211,Sueldos y salarios,811.965
2020-02-01,211,Sueldos y salarios,930.426
2020-03-01,211,Sueldos y salarios,970.487
2020-04-01,211,Sueldos y salarios,880.303
2020-05-01,211,Sueldos y salarios,828.549
2020-06-01,211,Sueldos y salarios,851.256
2020-07-01,211,Sueldos y salarios,869.012
2020-08-01,211,Sueldos y salarios,1003.364
2020-09-01,211,Sueldos y salarios,772.219
2020-10-01,211,Sueldos y salarios,860.801
2020-11-01,211,Sueldos y salarios,777.743
2020-12-01,211,Sueldos y salarios,1344.515
2021-01-01,211,Sueldos y salarios,733.624
2021-02-01,211,Sueldos y salarios,765.85
2021-03-01,211,Sueldos y salarios,933.777
2021-04-01,211,Sueldos y salarios,822.46
2021-05-01,211,Sueldos y salarios,860.008
2021-06-01,211,Sueldos y salarios,813.127
2021-07-01,211,Sueldos y salarios,837.342
2021-08-01,211,Sueldos y salarios,932.369
2021-09-01,211,Sueldos y salarios,829.415
2021-10-01,211,Sueldos y salarios,831.45
2021-11-01,211,Sueldos y salarios,821.311
2021-12-01,211,Sueldos y salarios,1375.729
2022-01-01,211,Sueldos y salarios,759.053
2022-02-01,211,Sueldos y salarios,951.809
2022-03-01,211,Sueldos y salarios,962.656
2022-04-01,211,Sueldos y salarios,881.963
2022-05-01,211,Sueldos y salarios,899.588
2022-06-01,211,Sueldos y salarios,887.371
2022-07-01,211,Sueldos y salarios,881.688
2022-08-01,211,Sueldos y salarios,1020.451
2022-09-01,211,Sueldos y salarios,892.466
2022-10-01,211,Sueldos y salarios,912.772
2022-11-01,211,Sueldos y salarios,927.708
2022-12-01,211,Sueldos y salarios,1514.261
2023-01-01,211,Sueldos y salarios,843.099
2023-02-01,211,Sueldos y salarios,950.142
2023-03-01,211,Sueldos y salarios,1028.943
2023-04-01,211,Sueldos y salarios,935.61
2023-05-01,211,Sueldos y salarios,949.501
2023-06-01,211,Sueldos y salarios,960.853
2023-07-01,211,Sueldos y salarios,949.049
2023-08-01,211,Sueldos y salarios,1079.67
2023-09-01,211,Sueldos y salarios,966.189
2023-10-01,211,Sueldos y salarios,952.596
2023-11-01,211,Sueldos y salarios,954.359
2023-12-01,211,Sueldos y salarios,1564.461
2024-01-01,211,Sueldos y salarios,858.775
2024-02-01,211,Sueldos y salarios,955.313
2024-03-01,211,Sueldos y salarios,1039.54
2024-04-01,211,Sueldos y salarios,990.895
2024-05-01,211,Sueldos y salarios,959.409
2024-06-01,211,Sueldos y salarios,960.318
2024-07-01,211,Sueldos y salarios,964.358
2024-08-01,211,Sueldos y salarios,1092.263
2024-09-01,211,Sueldos y salarios,958.577
2024-10-01,211,Sueldos y salarios,979.899
2024-11-01,211,Sueldos y salarios,979.875
2024-12-01,211,Sueldos y salarios,1544.338
2025-01-01,211,Sueldos y salarios,877.383
2025-02-01,211,Sueldos y salarios,974.823
2025-03-01,211,Sueldos y salarios,1094.834
2025-04-01,211,Sueldos y salarios,978.839
2025-05-01,211,Sueldos y salarios,990.673
2025-06-01,211,Sueldos y salarios,967.433
2025-07-01,211,Sueldos y salarios,1003.308
2025-08-01,211,Sueldos y salarios,1096.828
2025-09-01,211,Sueldos y salarios,983.132
2025-10-01,211,Sueldos y salarios,1061.466
2025-11-01,211,Sueldos y salarios,1390.728
2025-12-01,211,Sueldos y salarios,1147.994
2026-01-01,211,Sueldos y salarios,871.988
2026-02-01,211,Sueldos y salarios,974.776
2026-03-01,211,Sueldos y salarios,1050.886
2026-04-01,211,Sueldos y salarios,976.318
2026-05-01,211,Sueldos y salarios,963.392
2026-06-01,211,Sueldos y salarios,950.235
2013-01-01,212,Compra de bienes y servicios,774.76
2013-02-01,212,Compra de bienes y servicios,1022.218
2013-03-01,212,Compra de bienes y servicios,1070.484
2013-04-01,212,Compra de bienes y servicios,995.408
2013-05-01,212,Compra de bienes y servicios,1027.211
2013-06-01,212,Compra de bienes y servicios,1092.822
2013-07-01,212,Compra de bienes y servicios,1008.748
2013-08-01,212,Compra de bienes y servicios,1132.731
2013-09-01,212,Compra de bienes y servicios,1060.507
2013-10-01,212,Compra de bienes y servicios,1157.647
2013-11-01,212,Compra de bienes y servicios,1134.557
2013-12-01,212,Compra de bienes y servicios,1444.818
2014-01-01,212,Compra de bienes y servicios,1034.125
2014-02-01,212,Compra de bienes y servicios,942.979
2014-03-01,212,Compra de bienes y servicios,934.43
2014-04-01,212,Compra de bienes y servicios,1379.622
2014-05-01,212,Compra de bienes y servicios,1084.034
2014-06-01,212,Compra de bienes y servicios,1172.353
2014-07-01,212,Compra de bienes y servicios,1165.839
2014-08-01,212,Compra de bienes y servicios,1122.054
2014-09-01,212,Compra de bienes y servicios,1172.861
2014-10-01,212,Compra de bienes y servicios,1216.333
2014-11-01,212,Compra de bienes y servicios,1197.533
2014-12-01,212,Compra de bienes y servicios,1665.553
2015-01-01,212,Compra de bienes y servicios,736.45
2015-02-01,212,Compra de bienes y servicios,865.673
2015-03-01,212,Compra de bienes y servicios,936.19
2015-04-01,212,Compra de bienes y servicios,871.988
2015-05-01,212,Compra de bienes y servicios,997.018
2015-06-01,212,Compra de bienes y servicios,976.647
2015-07-01,212,Compra de bienes y servicios,1078.615
2015-08-01,212,Compra de bienes y servicios,892.616
2015-09-01,212,Compra de bienes y servicios,968.44
2015-10-01,212,Compra de bienes y servicios,899.852
2015-11-01,212,Compra de bienes y servicios,1005.522
2015-12-01,212,Compra de bienes y servicios,1185.619
2016-01-01,212,Compra de bienes y servicios,609.666
2016-02-01,212,Compra de bienes y servicios,874.272
2016-03-01,212,Compra de bienes y servicios,771.355
2016-04-01,212,Compra de bienes y servicios,766.87
2016-05-01,212,Compra de bienes y servicios,777.665
2016-06-01,212,Compra de bienes y servicios,744.544
2016-07-01,212,Compra de bienes y servicios,663.08
2016-08-01,212,Compra de bienes y servicios,757.826
2016-09-01,212,Compra de bienes y servicios,805.438
2016-10-01,212,Compra de bienes y servicios,762.751
2016-11-01,212,Compra de bienes y servicios,860.097
2016-12-01,212,Compra de bienes y servicios,1022.457
2017-01-01,212,Compra de bienes y servicios,542.075
2017-02-01,212,Compra de bienes y servicios,624.359
2017-03-01,212,Compra de bienes y servicios,882.174
2017-04-01,212,Compra de bienes y servicios,838.686
2017-05-01,212,Compra de bienes y servicios,835.484
2017-06-01,212,Compra de bienes y servicios,804.04
2017-07-01,212,Compra de bienes y servicios,754.655
2017-08-01,212,Compra de bienes y servicios,794.392
2017-09-01,212,Compra de bienes y servicios,743.793
2017-10-01,212,Compra de bienes y servicios,789.866
2017-11-01,212,Compra de bienes y servicios,848.34
2017-12-01,212,Compra de bienes y servicios,1140.13
2018-01-01,212,Compra de bienes y servicios,657.874
2018-02-01,212,Compra de bienes y servicios,745.345
2018-03-01,212,Compra de bienes y servicios,867.877
2018-04-01,212,Compra de bienes y servicios,911.467
2018-05-01,212,Compra de bienes y servicios,923.96
2018-06-01,212,Compra de bienes y servicios,841.234
2018-07-01,212,Compra de bienes y servicios,950.434
2018-08-01,212,Compra de bienes y servicios,1087.637
2018-09-01,212,Compra de bienes y servicios,895.029
2018-10-01,212,Compra de bienes y servicios,996.712
2018-11-01,212,Compra de bienes y servicios,939.214
2018-12-01,212,Compra de bienes y servicios,1304.014
2019-01-01,212,Compra de bienes y servicios,862.088
2019-02-01,212,Compra de bienes y servicios,818.998
2019-03-01,212,Compra de bienes y servicios,858.496
2019-04-01,212,Compra de bienes y servicios,920.443
2019-05-01,212,Compra de bienes y servicios,992.537
2019-06-01,212,Compra de bienes y servicios,857.436
2019-07-01,212,Compra de bienes y servicios,1012.474
2019-08-01,212,Compra de bienes y servicios,853.672
2019-09-01,212,Compra de bienes y servicios,890.251
2019-10-01,212,Compra de bienes y servicios,891.226
2019-11-01,212,Compra de bienes y servicios,954.94
2019-12-01,212,Compra de bienes y servicios,1125.015
2020-01-01,212,Compra de bienes y servicios,836.812
2020-02-01,212,Compra de bienes y servicios,792.124
2020-03-01,212,Compra de bienes y servicios,763.021
2020-04-01,212,Compra de bienes y servicios,752.996
2020-05-01,212,Compra de bienes y servicios,648.957
2020-06-01,212,Compra de bienes y servicios,643.479
2020-07-01,212,Compra de bienes y servicios,568.822
2020-08-01,212,Compra de bienes y servicios,485.364
2020-09-01,212,Compra de bienes y servicios,520.01
2020-10-01,212,Compra de bienes y servicios,735.963
2020-11-01,212,Compra de bienes y servicios,717.975
2020-12-01,212,Compra de bienes y servicios,1058.268
2021-01-01,212,Compra de bienes y servicios,625.166
2021-02-01,212,Compra de bienes y servicios,638.481
2021-03-01,212,Compra de bienes y servicios,852.081
2021-04-01,212,Compra de bienes y servicios,822.955
2021-05-01,212,Compra de bienes y servicios,724.016
2021-06-01,212,Compra de bienes y servicios,780.942
2021-07-01,212,Compra de bienes y servicios,965.926
2021-08-01,212,Compra de bienes y servicios,896.185
2021-09-01,212,Compra de bienes y servicios,758.937
2021-10-01,212,Compra de bienes y servicios,767.551
2021-11-01,212,Compra de bienes y servicios,846.394
2021-12-01,212,Compra de bienes y servicios,1116.172
2022-01-01,212,Compra de bienes y servicios,717.77
2022-02-01,212,Compra de bienes y servicios,952.236
2022-03-01,212,Compra de bienes y servicios,1130.998
2022-04-01,212,Compra de bienes y servicios,1175.798
2022-05-01,212,Compra de bienes y servicios,940.371
2022-06-01,212,Compra de bienes y servicios,1391.245
2022-07-01,212,Compra de bienes y servicios,1016.214
2022-08-01,212,Compra de bienes y servicios,1075.054
2022-09-01,212,Compra de bienes y servicios,1172.266
2022-10-01,212,Compra de bienes y servicios,1184.96
2022-11-01,212,Compra de bienes y servicios,1250.155
2022-12-01,212,Compra de bienes y servicios,1573.958
2023-01-01,212,Compra de bienes y servicios,937.56
2023-02-01,212,Compra de bienes y servicios,1053.389
2023-03-01,212,Compra de bienes y servicios,1014.951
2023-04-01,212,Compra de bienes y servicios,956.529
2023-05-01,212,Compra de bienes y servicios,1102.051
2023-06-01,212,Compra de bienes y servicios,1133.113
2023-07-01,212,Compra de bienes y servicios,1013.508
2023-08-01,212,Compra de bienes y servicios,1124.98
2023-09-01,212,Compra de bienes y servicios,1274.506
2023-10-01,212,Compra de bienes y servicios,1247.799
2023-11-01,212,Compra de bienes y servicios,1318.551
2023-12-01,212,Compra de bienes y servicios,1414.563
2024-01-01,212,Compra de bienes y servicios,878.833
2024-02-01,212,Compra de bienes y servicios,881.17
2024-03-01,212,Compra de bienes y servicios,937.279
2024-04-01,212,Compra de bienes y servicios,1240.632
2024-05-01,212,Compra de bienes y servicios,1056.02
2024-06-01,212,Compra de bienes y servicios,919.471
2024-07-01,212,Compra de bienes y servicios,1539.562
2024-08-01,212,Compra de bienes y servicios,978.808
2024-09-01,212,Compra de bienes y servicios,891.196
2024-10-01,212,Compra de bienes y servicios,1251.366
2024-11-01,212,Compra de bienes y servicios,1218.102
2024-12-01,212,Compra de bienes y servicios,1279.422
2025-01-01,212,Compra de bienes y servicios,944.568
2025-02-01,212,Compra de bienes y servicios,1281.085
2025-03-01,212,Compra de bienes y servicios,933.208
2025-04-01,212,Compra de bienes y servicios,982.904
2025-05-01,212,Compra de bienes y servicios,1011.514
2025-06-01,212,Compra de bienes y servicios,893.003
2025-07-01,212,Compra de bienes y servicios,1070.407
2025-08-01,212,Compra de bienes y servicios,996.485
2025-09-01,212,Compra de bienes y servicios,1056.822
2025-10-01,212,Compra de bienes y servicios,1218.064
2025-11-01,212,Compra de bienes y servicios,1122.425
2025-12-01,212,Compra de bienes y servicios,1319.2
2026-01-01,212,Compra de bienes y servicios,876.753
2026-02-01,212,Compra de bienes y servicios,868.888
2026-03-01,212,Compra de bienes y servicios,1206.0
2026-04-01,212,Compra de bienes y servicios,1083.301
2026-05-01,212,Compra de bienes y servicios,1061.228
2026-06-01,212,Compra de bienes y servicios,1355.168
2013-01-01,213,Intereses,30.282
2013-02-01,213,Intereses,36.181
2013-03-01,213,Intereses,109.142
2013-04-01,213,Intereses,35.875
2013-05-01,213,Intereses,37.976
2013-06-01,213,Intereses,187.638
2013-07-01,213,Intereses,18.257
2013-08-01,213,Intereses,50.923
2013-09-01,213,Intereses,131.589
2013-10-01,213,Intereses,41.254
2013-11-01,213,Intereses,33.032
2013-12-01,213,Intereses,194.009
2014-01-01,213,Intereses,44.146
2014-02-01,213,Intereses,59.279
2014-03-01,213,Intereses,158.644
2014-04-01,213,Intereses,47.953
2014-05-01,213,Intereses,39.547
2014-06-01,213,Intereses,142.434
2014-07-01,213,Intereses,32.12
2014-08-01,213,Intereses,44.923
2014-09-01,213,Intereses,150.615
2014-10-01,213,Intereses,44.818
2014-11-01,213,Intereses,46.197
2014-12-01,213,Intereses,239.932
2015-01-01,213,Intereses,37.437
2015-02-01,213,Intereses,48.569
2015-03-01,213,Intereses,240.525
2015-04-01,213,Intereses,40.437
2015-05-01,213,Intereses,49.494
2015-06-01,213,Intereses,254.977
2015-07-01,213,Intereses,36.884
2015-08-01,213,Intereses,57.283
2015-09-01,213,Intereses,269.145
2015-10-01,213,Intereses,45.891
2015-11-01,213,Intereses,50.256
2015-12-01,213,Intereses,252.42
2016-01-01,213,Intereses,55.079
2016-02-01,213,Intereses,52.287
2016-03-01,213,Intereses,266.196
2016-04-01,213,Intereses,41.889
2016-05-01,213,Intereses,76.007
2016-06-01,213,Intereses,254.337
2016-07-01,213,Intereses,63.942
2016-08-01,213,Intereses,68.02
2016-09-01,213,Intereses,270.655
2016-10-01,213,Intereses,75.622
2016-11-01,213,Intereses,69.552
2016-12-01,213,Intereses,302.181
2017-01-01,213,Intereses,89.437
2017-02-01,213,Intereses,80.425
2017-03-01,213,Intereses,421.942
2017-04-01,213,Intereses,78.526
2017-05-01,213,Intereses,93.158
2017-06-01,213,Intereses,299.191
2017-07-01,213,Intereses,90.907
2017-08-01,213,Intereses,96.165
2017-09-01,213,Intereses,414.189
2017-10-01,213,Intereses,83.766
2017-11-01,213,Intereses,88.307
2017-12-01,213,Intereses,383.813
2018-01-01,213,Intereses,115.213
2018-02-01,213,Intereses,99.63
2018-03-01,213,Intereses,386.479
2018-04-01,213,Intereses,202.483
2018-05-01,213,Intereses,188.54
2018-06-01,213,Intereses,283.115
2018-07-01,213,Intereses,228.036
2018-08-01,213,Intereses,116.544
2018-09-01,213,Intereses,376.3
2018-10-01,213,Intereses,218.468
2018-11-01,213,Intereses,207.096
2018-12-01,213,Intereses,306.318
2019-01-01,213,Intereses,252.477
2019-02-01,213,Intereses,109.483
2019-03-01,213,Intereses,372.081
2019-04-01,213,Intereses,216.692
2019-05-01,213,Intereses,222.552
2019-06-01,213,Intereses,309.822
2019-07-01,213,Intereses,354.877
2019-08-01,213,Intereses,105.766
2019-09-01,213,Intereses,301.903
2019-10-01,213,Intereses,224.606
2019-11-01,213,Intereses,212.364
2019-12-01,213,Intereses,303.664
2020-01-01,213,Intereses,349.1
2020-02-01,213,Intereses,101.475
2020-03-01,213,Intereses,371.936
2020-04-01,213,Intereses,264.189
2020-05-01,213,Intereses,101.542
2020-06-01,213,Intereses,352.966
2020-07-01,213,Intereses,344.727
2020-08-01,213,Intereses,494.891
2020-09-01,213,Intereses,144.149
2020-10-01,213,Intereses,97.719
2020-11-01,213,Intereses,100.245
2020-12-01,213,Intereses,118.813
2021-01-01,213,Intereses,158.091
2021-02-01,213,Intereses,107.966
2021-03-01,213,Intereses,142.301
2021-04-01,213,Intereses,81.247
2021-05-01,213,Intereses,133.793
2021-06-01,213,Intereses,96.084
2021-07-01,213,Intereses,144.66
2021-08-01,213,Intereses,117.427
2021-09-01,213,Intereses,139.143
2021-10-01,213,Intereses,113.231
2021-11-01,213,Intereses,133.035
2021-12-01,213,Intereses,98.843
2022-01-01,213,Intereses,253.488
2022-02-01,213,Intereses,122.118
2022-03-01,213,Intereses,139.833
2022-04-01,213,Intereses,104.527
2022-05-01,213,Intereses,153.437
2022-06-01,213,Intereses,129.204
2022-07-01,213,Intereses,211.821
2022-08-01,213,Intereses,151.468
2022-09-01,213,Intereses,139.623
2022-10-01,213,Intereses,110.178
2022-11-01,213,Intereses,257.285
2022-12-01,213,Intereses,108.725
2023-01-01,213,Intereses,339.379
2023-02-01,213,Intereses,191.645
2023-03-01,213,Intereses,167.696
2023-04-01,213,Intereses,116.032
2023-05-01,213,Intereses,351.39
2023-06-01,213,Intereses,165.266
2023-07-01,213,Intereses,321.77
2023-08-01,213,Intereses,241.332
2023-09-01,213,Intereses,183.969
2023-10-01,213,Intereses,118.246
2023-11-01,213,Intereses,366.44
2023-12-01,213,Intereses,141.808
2024-01-01,213,Intereses,439.238
2024-02-01,213,Intereses,219.92
2024-03-01,213,Intereses,170.778
2024-04-01,213,Intereses,112.619
2024-05-01,213,Intereses,364.747
2024-06-01,213,Intereses,125.804
2024-07-01,213,Intereses,445.007
2024-08-01,213,Intereses,232.242
2024-09-01,213,Intereses,185.331
2024-10-01,213,Intereses,117.675
2024-11-01,213,Intereses,375.536
2024-12-01,213,Intereses,192.845
2025-01-01,213,Intereses,547.054
2025-02-01,213,Intereses,222.678
2025-03-01,213,Intereses,218.423
2025-04-01,213,Intereses,147.165
2025-05-01,213,Intereses,335.433
2025-06-01,213,Intereses,144.018
2025-07-01,213,Intereses,539.337
2025-08-01,213,Intereses,207.93
2025-09-01,213,Intereses,229.922
2025-10-01,213,Intereses,140.745
2025-11-01,213,Intereses,296.9
2025-12-01,213,Intereses,202.218
2026-01-01,213,Intereses,605.794
2026-02-01,213,Intereses,216.821
2026-03-01,213,Intereses,247.881
2026-04-01,213,Intereses,170.349
2026-05-01,213,Intereses,317.991
2026-06-01,213,Intereses,187.974
2013-01-01,2131,Externos,19.683
2013-02-01,2131,Externos,26.898
2013-03-01,2131,Externos,92.142
2013-04-01,2131,Externos,19.844
2013-05-01,2131,Externos,23.58
2013-06-01,2131,Externos,172.096
2013-07-01,2131,Externos,10.781
2013-08-01,2131,Externos,39.46
2013-09-01,2131,Externos,115.188
2013-10-01,2131,Externos,27.391
2013-11-01,2131,Externos,21.576
2013-12-01,2131,Externos,166.352
2014-01-01,2131,Externos,29.068
2014-02-01,2131,Externos,49.077
2014-03-01,2131,Externos,138.305
2014-04-01,2131,Externos,26.636
2014-05-01,2131,Externos,22.083
2014-06-01,2131,Externos,123.275
2014-07-01,2131,Externos,21.278
2014-08-01,2131,Externos,31.335
2014-09-01,2131,Externos,130.214
2014-10-01,2131,Externos,23.804
2014-11-01,2131,Externos,27.763
2014-12-01,2131,Externos,212.699
2015-01-01,2131,Externos,20.19
2015-02-01,2131,Externos,32.931
2015-03-01,2131,Externos,217.803
2015-04-01,2131,Externos,19.293
2015-05-01,2131,Externos,30.095
2015-06-01,2131,Externos,230.111
2015-07-01,2131,Externos,26.401
2015-08-01,2131,Externos,40.1
2015-09-01,2131,Externos,242.44
2015-10-01,2131,Externos,22.783
2015-11-01,2131,Externos,30.221
2015-12-01,2131,Externos,224.407
2016-01-01,2131,Externos,36.836
2016-02-01,2131,Externos,34.786
2016-03-01,2131,Externos,241.778
2016-04-01,2131,Externos,19.984
2016-05-01,2131,Externos,59.607
2016-06-01,2131,Externos,226.106
2016-07-01,2131,Externos,47.711
2016-08-01,2131,Externos,48.496
2016-09-01,2131,Externos,243.356
2016-10-01,2131,Externos,48.987
2016-11-01,2131,Externos,49.487
2016-12-01,2131,Externos,271.828
2017-01-01,2131,Externos,65.161
2017-02-01,2131,Externos,55.68
2017-03-01,2131,Externos,390.487
2017-04-01,2131,Externos,56.847
2017-05-01,2131,Externos,65.541
2017-06-01,2131,Externos,273.053
2017-07-01,2131,Externos,71.749
2017-08-01,2131,Externos,49.444
2017-09-01,2131,Externos,352.845
2017-10-01,2131,Externos,57.825
2017-11-01,2131,Externos,53.852
2017-12-01,2131,Externos,353.194
2018-01-01,2131,Externos,82.212
2018-02-01,2131,Externos,52.73
2018-03-01,2131,Externos,338.192
2018-04-01,2131,Externos,177.147
2018-05-01,2131,Externos,154.343
2018-06-01,2131,Externos,256.034
2018-07-01,2131,Externos,205.889
2018-08-01,2131,Externos,65.933
2018-09-01,2131,Externos,336.68
2018-10-01,2131,Externos,190.003
2018-11-01,2131,Externos,172.05
2018-12-01,2131,Externos,271.649
2019-01-01,2131,Externos,221.511
2019-02-01,2131,Externos,63.879
2019-03-01,2131,Externos,329.37
2019-04-01,2131,Externos,191.254
2019-05-01,2131,Externos,184.476
2019-06-01,2131,Externos,283.179
2019-07-01,2131,Externos,330.198
2019-08-01,2131,Externos,64.205
2019-09-01,2131,Externos,260.628
2019-10-01,2131,Externos,194.977
2019-11-01,2131,Externos,172.483
2019-12-01,2131,Externos,266.016
2020-01-01,2131,Externos,314.727
2020-02-01,2131,Externos,53.427
2020-03-01,2131,Externos,333.829
2020-04-01,2131,Externos,244.565
2020-05-01,2131,Externos,68.669
2020-06-01,2131,Externos,331.579
2020-07-01,2131,Externos,307.405
2020-08-01,2131,Externos,445.957
2020-09-01,2131,Externos,103.624
2020-10-01,2131,Externos,69.852
2020-11-01,2131,Externos,60.649
2020-12-01,2131,Externos,70.426
2021-01-01,2131,Externos,115.49
2021-02-01,2131,Externos,59.056
2021-03-01,2131,Externos,93.965
2021-04-01,2131,Externos,48.921
2021-05-01,2131,Externos,96.283
2021-06-01,2131,Externos,57.174
2021-07-01,2131,Externos,107.495
2021-08-01,2131,Externos,67.113
2021-09-01,2131,Externos,96.205
2021-10-01,2131,Externos,62.081
2021-11-01,2131,Externos,95.17
2021-12-01,2131,Externos,53.765
2022-01-01,2131,Externos,213.533
2022-02-01,2131,Externos,74.479
2022-03-01,2131,Externos,93.069
2022-04-01,2131,Externos,52.716
2022-05-01,2131,Externos,110.708
2022-06-01,2131,Externos,51.524
2022-07-01,2131,Externos,191.134
2022-08-01,2131,Externos,99.825
2022-09-01,2131,Externos,96.593
2022-10-01,2131,Externos,60.425
2022-11-01,2131,Externos,200.839
2022-12-01,2131,Externos,65.976
2023-01-01,2131,Externos,296.5
2023-02-01,2131,Externos,147.301
2023-03-01,2131,Externos,121.156
2023-04-01,2131,Externos,61.937
2023-05-01,2131,Externos,305.641
2023-06-01,2131,Externos,88.032
2023-07-01,2131,Externos,292.754
2023-08-01,2131,Externos,196.365
2023-09-01,2131,Externos,130.189
2023-10-01,2131,Externos,62.412
2023-11-01,2131,Externos,317.184
2023-12-01,2131,Externos,98.927
2024-01-01,2131,Externos,370.283
2024-02-01,2131,Externos,196.094
2024-03-01,2131,Externos,127.483
2024-04-01,2131,Externos,62.341
2024-05-01,2131,Externos,333.281
2024-06-01,2131,Externos,97.201
2024-07-01,2131,Externos,369.989
2024-08-01,2131,Externos,212.975
2024-09-01,2131,Externos,116.122
2024-10-01,2131,Externos,74.673
2024-11-01,2131,Externos,331.66
2024-12-01,2131,Externos,158.044
2025-01-01,2131,Externos,460.987
2025-02-01,2131,Externos,197.459
2025-03-01,2131,Externos,132.227
2025-04-01,2131,Externos,105.069
2025-05-01,2131,Externos,286.669
2025-06-01,2131,Externos,108.523
2025-07-01,2131,Externos,457.182
2025-08-01,2131,Externos,185.457
2025-09-01,2131,Externos,140.55
2025-10-01,2131,Externos,85.225
2025-11-01,2131,Externos,251.832
2025-12-01,2131,Externos,158.561
2026-01-01,2131,Externos,507.294
2026-02-01,2131,Externos,193.485
2026-03-01,2131,Externos,149.644
2026-04-01,2131,Externos,92.844
2026-05-01,2131,Externos,256.368
2026-06-01,2131,Externos,150.912
2013-01-01,2132,Internos,10.599
2013-02-01,2132,Internos,9.282
2013-03-01,2132,Internos,17.0
2013-04-01,2132,Internos,16.031
2013-05-01,2132,Internos,14.396
2013-06-01,2132,Internos,15.542
2013-07-01,2132,Internos,7.476
2013-08-01,2132,Internos,11.463
2013-09-01,2132,Internos,16.401
2013-10-01,2132,Internos,13.863
2013-11-01,2132,Internos,11.456
2013-12-01,2132,Internos,27.658
2014-01-01,2132,Internos,15.079
2014-02-01,2132,Internos,10.202
2014-03-01,2132,Internos,20.339
2014-04-01,2132,Internos,21.316
2014-05-01,2132,Internos,17.464
2014-06-01,2132,Internos,19.158
2014-07-01,2132,Internos,10.843
2014-08-01,2132,Internos,13.589
2014-09-01,2132,Internos,20.4
2014-10-01,2132,Internos,21.015
2014-11-01,2132,Internos,18.434
2014-12-01,2132,Internos,27.233
2015-01-01,2132,Internos,17.247
2015-02-01,2132,Internos,15.638
2015-03-01,2132,Internos,22.722
2015-04-01,2132,Internos,21.144
2015-05-01,2132,Internos,19.4
2015-06-01,2132,Internos,24.866
2015-07-01,2132,Internos,10.483
2015-08-01,2132,Internos,17.183
2015-09-01,2132,Internos,26.705
2015-10-01,2132,Internos,23.108
2015-11-01,2132,Internos,20.036
2015-12-01,2132,Internos,28.013
2016-01-01,2132,Internos,18.243
2016-02-01,2132,Internos,17.501
2016-03-01,2132,Internos,24.419
2016-04-01,2132,Internos,21.905
2016-05-01,2132,Internos,16.4
2016-06-01,2132,Internos,28.231
2016-07-01,2132,Internos,16.23
2016-08-01,2132,Internos,19.524
2016-09-01,2132,Internos,27.299
2016-10-01,2132,Internos,26.636
2016-11-01,2132,Internos,20.065
2016-12-01,2132,Internos,30.354
2017-01-01,2132,Internos,24.277
2017-02-01,2132,Internos,24.745
2017-03-01,2132,Internos,31.455
2017-04-01,2132,Internos,21.68
2017-05-01,2132,Internos,27.616
2017-06-01,2132,Internos,26.138
2017-07-01,2132,Internos,19.157
2017-08-01,2132,Internos,46.72
2017-09-01,2132,Internos,61.344
2017-10-01,2132,Internos,25.941
2017-11-01,2132,Internos,34.455
2017-12-01,2132,Internos,30.619
2018-01-01,2132,Internos,33.002
2018-02-01,2132,Internos,46.9
2018-03-01,2132,Internos,48.287
2018-04-01,2132,Internos,25.336
2018-05-01,2132,Internos,34.197
2018-06-01,2132,Internos,27.081
2018-07-01,2132,Internos,22.147
2018-08-01,2132,Internos,50.611
2018-09-01,2132,Internos,39.62
2018-10-01,2132,Internos,28.465
2018-11-01,2132,Internos,35.047
2018-12-01,2132,Internos,34.669
2019-01-01,2132,Internos,30.966
2019-02-01,2132,Internos,45.605
2019-03-01,2132,Internos,42.71
2019-04-01,2132,Internos,25.438
2019-05-01,2132,Internos,38.076
2019-06-01,2132,Internos,26.642
2019-07-01,2132,Internos,24.679
2019-08-01,2132,Internos,41.561
2019-09-01,2132,Internos,41.275
2019-10-01,2132,Internos,29.629
2019-11-01,2132,Internos,39.881
2019-12-01,2132,Internos,37.648
2020-01-01,2132,Internos,34.373
2020-02-01,2132,Internos,48.048
2020-03-01,2132,Internos,38.107
2020-04-01,2132,Internos,19.624
2020-05-01,2132,Internos,32.873
2020-06-01,2132,Internos,21.387
2020-07-01,2132,Internos,37.323
2020-08-01,2132,Internos,48.933
2020-09-01,2132,Internos,40.525
2020-10-01,2132,Internos,27.866
2020-11-01,2132,Internos,39.596
2020-12-01,2132,Internos,48.387
2021-01-01,2132,Internos,42.601
2021-02-01,2132,Internos,48.911
2021-03-01,2132,Internos,48.336
2021-04-01,2132,Internos,32.326
2021-05-01,2132,Internos,37.51
2021-06-01,2132,Internos,38.909
2021-07-01,2132,Internos,37.165
2021-08-01,2132,Internos,50.314
2021-09-01,2132,Internos,42.938
2021-10-01,2132,Internos,51.15
2021-11-01,2132,Internos,37.865
2021-12-01,2132,Internos,45.078
2022-01-01,2132,Internos,39.955
2022-02-01,2132,Internos,47.64
2022-03-01,2132,Internos,46.764
2022-04-01,2132,Internos,51.81
2022-05-01,2132,Internos,42.729
2022-06-01,2132,Internos,77.68
2022-07-01,2132,Internos,20.687
2022-08-01,2132,Internos,51.643
2022-09-01,2132,Internos,43.03
2022-10-01,2132,Internos,49.753
2022-11-01,2132,Internos,56.446
2022-12-01,2132,Internos,42.749
2023-01-01,2132,Internos,42.879
2023-02-01,2132,Internos,44.344
2023-03-01,2132,Internos,46.54
2023-04-01,2132,Internos,54.095
2023-05-01,2132,Internos,45.749
2023-06-01,2132,Internos,77.234
2023-07-01,2132,Internos,29.016
2023-08-01,2132,Internos,44.967
2023-09-01,2132,Internos,53.779
2023-10-01,2132,Internos,55.833
2023-11-01,2132,Internos,49.256
2023-12-01,2132,Internos,42.881
2024-01-01,2132,Internos,68.955
2024-02-01,2132,Internos,23.826
2024-03-01,2132,Internos,43.295
2024-04-01,2132,Internos,50.278
2024-05-01,2132,Internos,31.465
2024-06-01,2132,Internos,28.603
2024-07-01,2132,Internos,75.018
2024-08-01,2132,Internos,19.267
2024-09-01,2132,Internos,69.21
2024-10-01,2132,Internos,43.002
2024-11-01,2132,Internos,43.877
2024-12-01,2132,Internos,34.801
2025-01-01,2132,Internos,86.067
2025-02-01,2132,Internos,25.218
2025-03-01,2132,Internos,86.196
2025-04-01,2132,Internos,42.096
2025-05-01,2132,Internos,48.764
2025-06-01,2132,Internos,35.495
2025-07-01,2132,Internos,82.156
2025-08-01,2132,Internos,22.473
2025-09-01,2132,Internos,89.373
2025-10-01,2132,Internos,55.52
2025-11-01,2132,Internos,45.068
2025-12-01,2132,Internos,43.658
2026-01-01,2132,Internos,98.501
2026-02-01,2132,Internos,23.335
2026-03-01,2132,Internos,98.236
2026-04-01,2132,Internos,77.506
2026-05-01,2132,Internos,61.623
2026-06-01,2132,Internos,37.062
2013-01-01,214,Transferencias,138.053
2013-02-01,214,Transferencias,146.276
2013-03-01,214,Transferencias,135.741
2013-04-01,214,Transferencias,172.378
2013-05-01,214,Transferencias,140.813
2013-06-01,214,Transferencias,121.37
2013-07-01,214,Transferencias,147.847
2013-08-01,214,Transferencias,158.68
2013-09-01,214,Transferencias,148.062
2013-10-01,214,Transferencias,179.255
2013-11-01,214,Transferencias,154.234
2013-12-01,214,Transferencias,157.13
2014-01-01,214,Transferencias,157.602
2014-02-01,214,Transferencias,87.433
2014-03-01,214,Transferencias,97.767
2014-04-01,214,Transferencias,96.487
2014-05-01,214,Transferencias,69.953
2014-06-01,214,Transferencias,88.772
2014-07-01,214,Transferencias,74.216
2014-08-01,214,Transferencias,55.723
2014-09-01,214,Transferencias,53.849
2014-10-01,214,Transferencias,91.89
2014-11-01,214,Transferencias,75.343
2014-12-01,214,Transferencias,69.561
2015-01-01,214,Transferencias,22.982
2015-02-01,214,Transferencias,55.824
2015-03-01,214,Transferencias,77.338
2015-04-01,214,Transferencias,52.674
2015-05-01,214,Transferencias,59.572
2015-06-01,214,Transferencias,61.214
2015-07-01,214,Transferencias,72.653
2015-08-01,214,Transferencias,54.428
2015-09-01,214,Transferencias,57.398
2015-10-01,214,Transferencias,58.09
2015-11-01,214,Transferencias,44.763
2015-12-01,214,Transferencias,60.543
2016-01-01,214,Transferencias,65.516
2016-02-01,214,Transferencias,104.527
2016-03-01,214,Transferencias,97.263
2016-04-01,214,Transferencias,93.726
2016-05-01,214,Transferencias,78.307
2016-06-01,214,Transferencias,81.787
2016-07-01,214,Transferencias,74.928
2016-08-01,214,Transferencias,92.378
2016-09-01,214,Transferencias,80.444
2016-10-01,214,Transferencias,87.02
2016-11-01,214,Transferencias,86.136
2016-12-01,214,Transferencias,123.77
2017-01-01,214,Transferencias,70.401
2017-02-01,214,Transferencias,84.528
2017-03-01,214,Transferencias,116.971
2017-04-01,214,Transferencias,95.586
2017-05-01,214,Transferencias,109.561
2017-06-01,214,Transferencias,84.027
2017-07-01,214,Transferencias,86.355
2017-08-01,214,Transferencias,89.969
2017-09-01,214,Transferencias,81.965
2017-10-01,214,Transferencias,96.459
2017-11-01,214,Transferencias,105.794
2017-12-01,214,Transferencias,135.011
2018-01-01,214,Transferencias,84.045
2018-02-01,214,Transferencias,88.962
2018-03-01,214,Transferencias,127.811
2018-04-01,214,Transferencias,97.315
2018-05-01,214,Transferencias,97.615
2018-06-01,214,Transferencias,74.545
2018-07-01,214,Transferencias,73.608
2018-08-01,214,Transferencias,111.975
2018-09-01,214,Transferencias,95.521
2018-10-01,214,Transferencias,110.219
2018-11-01,214,Transferencias,95.428
2018-12-01,214,Transferencias,122.861
2019-01-01,214,Transferencias,83.905
2019-02-01,214,Transferencias,91.552
2019-03-01,214,Transferencias,109.389
2019-04-01,214,Transferencias,155.5
2019-05-01,214,Transferencias,116.229
2019-06-01,214,Transferencias,89.873
2019-07-01,214,Transferencias,107.901
2019-08-01,214,Transferencias,140.968
2019-09-01,214,Transferencias,102.514
2019-10-01,214,Transferencias,120.22
2019-11-01,214,Transferencias,123.171
2019-12-01,214,Transferencias,286.27
2020-01-01,214,Transferencias,89.033
2020-02-01,214,Transferencias,100.95
2020-03-01,214,Transferencias,129.462
2020-04-01,214,Transferencias,129.89
2020-05-01,214,Transferencias,115.639
2020-06-01,214,Transferencias,111.633
2020-07-01,214,Transferencias,108.772
2020-08-01,214,Transferencias,116.785
2020-09-01,214,Transferencias,92.213
2020-10-01,214,Transferencias,99.442
2020-11-01,214,Transferencias,105.14
2020-12-01,214,Transferencias,49.312
2021-01-01,214,Transferencias,96.686
2021-02-01,214,Transferencias,120.981
2021-03-01,214,Transferencias,124.418
2021-04-01,214,Transferencias,115.78
2021-05-01,214,Transferencias,81.421
2021-06-01,214,Transferencias,171.07
2021-07-01,214,Transferencias,14.221
2021-08-01,214,Transferencias,53.782
2021-09-01,214,Transferencias,28.48
2021-10-01,214,Transferencias,25.734
2021-11-01,214,Transferencias,46.624
2021-12-01,214,Transferencias,73.513
2022-01-01,214,Transferencias,116.523
2022-02-01,214,Transferencias,119.284
2022-03-01,214,Transferencias,152.193
2022-04-01,214,Transferencias,180.586
2022-05-01,214,Transferencias,136.729
2022-06-01,214,Transferencias,128.727
2022-07-01,214,Transferencias,154.646
2022-08-01,214,Transferencias,148.586
2022-09-01,214,Transferencias,147.154
2022-10-01,214,Transferencias,139.809
2022-11-01,214,Transferencias,136.265
2022-12-01,214,Transferencias,174.491
2023-01-01,214,Transferencias,128.27
2023-02-01,214,Transferencias,136.649
2023-03-01,214,Transferencias,167.122
2023-04-01,214,Transferencias,166.189
2023-05-01,214,Transferencias,147.044
2023-06-01,214,Transferencias,135.973
2023-07-01,214,Transferencias,147.407
2023-08-01,214,Transferencias,171.61
2023-09-01,214,Transferencias,157.63
2023-10-01,214,Transferencias,148.305
2023-11-01,214,Transferencias,150.652
2023-12-01,214,Transferencias,168.989
2024-01-01,214,Transferencias,118.603
2024-02-01,214,Transferencias,127.337
2024-03-01,214,Transferencias,149.486
2024-04-01,214,Transferencias,180.834
2024-05-01,214,Transferencias,145.311
2024-06-01,214,Transferencias,158.327
2024-07-01,214,Transferencias,246.776
2024-08-01,214,Transferencias,105.358
2024-09-01,214,Transferencias,152.451
2024-10-01,214,Transferencias,188.524
2024-11-01,214,Transferencias,155.074
2024-12-01,214,Transferencias,214.835
2025-01-01,214,Transferencias,133.827
2025-02-01,214,Transferencias,171.798
2025-03-01,214,Transferencias,199.808
2025-04-01,214,Transferencias,265.746
2025-05-01,214,Transferencias,199.93
2025-06-01,214,Transferencias,158.672
2025-07-01,214,Transferencias,176.546
2025-08-01,214,Transferencias,210.344
2025-09-01,214,Transferencias,247.904
2025-10-01,214,Transferencias,226.693
2025-11-01,214,Transferencias,230.903
2025-12-01,214,Transferencias,226.177
2026-01-01,214,Transferencias,158.098
2026-02-01,214,Transferencias,195.952
2026-03-01,214,Transferencias,193.18
2026-04-01,214,Transferencias,313.507
2026-05-01,214,Transferencias,199.836
2026-06-01,214,Transferencias,188.313
2013-01-01,215,Prestaciones de seguridad social social,197.088
2013-02-01,215,Prestaciones de seguridad social social,245.995
2013-03-01,215,Prestaciones de seguridad social social,270.369
2013-04-01,215,Prestaciones de seguridad social social,336.737
2013-05-01,215,Prestaciones de seguridad social social,269.77
2013-06-01,215,Prestaciones de seguridad social social,270.965
2013-07-01,215,Prestaciones de seguridad social social,279.755
2013-08-01,215,Prestaciones de seguridad social social,347.178
2013-09-01,215,Prestaciones de seguridad social social,269.065
2013-10-01,215,Prestaciones de seguridad social social,265.15
2013-11-01,215,Prestaciones de seguridad social social,297.361
2013-12-01,215,Prestaciones de seguridad social social,702.276
2014-01-01,215,Prestaciones de seguridad social social,249.848
2014-02-01,215,Prestaciones de seguridad social social,267.573
2014-03-01,215,Prestaciones de seguridad social social,354.465
2014-04-01,215,Prestaciones de seguridad social social,316.911
2014-05-01,215,Prestaciones de seguridad social social,311.928
2014-06-01,215,Prestaciones de seguridad social social,344.503
2014-07-01,215,Prestaciones de seguridad social social,323.21
2014-08-01,215,Prestaciones de seguridad social social,442.674
2014-09-01,215,Prestaciones de seguridad social social,324.446
2014-10-01,215,Prestaciones de seguridad social social,331.249
2014-11-01,215,Prestaciones de seguridad social social,330.071
2014-12-01,215,Prestaciones de seguridad social social,762.437
2015-01-01,215,Prestaciones de seguridad social social,295.452
2015-02-01,215,Prestaciones de seguridad social social,333.728
2015-03-01,215,Prestaciones de seguridad social social,394.277
2015-04-01,215,Prestaciones de seguridad social social,376.832
2015-05-01,215,Prestaciones de seguridad social social,367.54
2015-06-01,215,Prestaciones de seguridad social social,408.019
2015-07-01,215,Prestaciones de seguridad social social,406.79
2015-08-01,215,Prestaciones de seguridad social social,470.313
2015-09-01,215,Prestaciones de seguridad social social,364.603
2015-10-01,215,Prestaciones de seguridad social social,386.125
2015-11-01,215,Prestaciones de seguridad social social,394.698
2015-12-01,215,Prestaciones de seguridad social social,691.224
2016-01-01,215,Prestaciones de seguridad social social,364.422
2016-02-01,215,Prestaciones de seguridad social social,388.786
2016-03-01,215,Prestaciones de seguridad social social,469.989
2016-04-01,215,Prestaciones de seguridad social social,399.014
2016-05-01,215,Prestaciones de seguridad social social,401.464
2016-06-01,215,Prestaciones de seguridad social social,410.019
2016-07-01,215,Prestaciones de seguridad social social,401.331
2016-08-01,215,Prestaciones de seguridad social social,536.333
2016-09-01,215,Prestaciones de seguridad social social,425.028
2016-10-01,215,Prestaciones de seguridad social social,419.21
2016-11-01,215,Prestaciones de seguridad social social,413.348
2016-12-01,215,Prestaciones de seguridad social social,836.107
2017-01-01,215,Prestaciones de seguridad social social,380.39
2017-02-01,215,Prestaciones de seguridad social social,396.909
2017-03-01,215,Prestaciones de seguridad social social,453.771
2017-04-01,215,Prestaciones de seguridad social social,423.59
2017-05-01,215,Prestaciones de seguridad social social,421.35
2017-06-01,215,Prestaciones de seguridad social social,444.63
2017-07-01,215,Prestaciones de seguridad social social,417.378
2017-08-01,215,Prestaciones de seguridad social social,540.902
2017-09-01,215,Prestaciones de seguridad social social,437.769
2017-10-01,215,Prestaciones de seguridad social social,441.649
2017-11-01,215,Prestaciones de seguridad social social,431.933
2017-12-01,215,Prestaciones de seguridad social social,750.353
2018-01-01,215,Prestaciones de seguridad social social,406.95
2018-02-01,215,Prestaciones de seguridad social social,406.098
2018-03-01,215,Prestaciones de seguridad social social,473.712
2018-04-01,215,Prestaciones de seguridad social social,427.05
2018-05-01,215,Prestaciones de seguridad social social,444.24
2018-06-01,215,Prestaciones de seguridad social social,558.023
2018-07-01,215,Prestaciones de seguridad social social,476.148
2018-08-01,215,Prestaciones de seguridad social social,537.741
2018-09-01,215,Prestaciones de seguridad social social,469.999
2018-10-01,215,Prestaciones de seguridad social social,474.819
2018-11-01,215,Prestaciones de seguridad social social,465.214
2018-12-01,215,Prestaciones de seguridad social social,739.048
2019-01-01,215,Prestaciones de seguridad social social,446.834
2019-02-01,215,Prestaciones de seguridad social social,462.241
2019-03-01,215,Prestaciones de seguridad social social,639.692
2019-04-01,215,Prestaciones de seguridad social social,479.022
2019-05-01,215,Prestaciones de seguridad social social,494.901
2019-06-01,215,Prestaciones de seguridad social social,494.412
2019-07-01,215,Prestaciones de seguridad social social,493.069
2019-08-01,215,Prestaciones de seguridad social social,588.568
2019-09-01,215,Prestaciones de seguridad social social,501.382
2019-10-01,215,Prestaciones de seguridad social social,514.311
2019-11-01,215,Prestaciones de seguridad social social,515.921
2019-12-01,215,Prestaciones de seguridad social social,820.454
2020-01-01,215,Prestaciones de seguridad social social,492.761
2020-02-01,215,Prestaciones de seguridad social social,521.087
2020-03-01,215,Prestaciones de seguridad social social,564.61
2020-04-01,215,Prestaciones de seguridad social social,506.662
2020-05-01,215,Prestaciones de seguridad social social,499.134
2020-06-01,215,Prestaciones de seguridad social social,484.553
2020-07-01,215,Prestaciones de seguridad social social,517.49
2020-08-01,215,Prestaciones de seguridad social social,637.999
2020-09-01,215,Prestaciones de seguridad social social,568.924
2020-10-01,215,Prestaciones de seguridad social social,553.039
2020-11-01,215,Prestaciones de seguridad social social,547.593
2020-12-01,215,Prestaciones de seguridad social social,934.757
2021-01-01,215,Prestaciones de seguridad social social,506.347
2021-02-01,215,Prestaciones de seguridad social social,519.516
2021-03-01,215,Prestaciones de seguridad social social,631.285
2021-04-01,215,Prestaciones de seguridad social social,534.886
2021-05-01,215,Prestaciones de seguridad social social,623.132
2021-06-01,215,Prestaciones de seguridad social social,585.966
2021-07-01,215,Prestaciones de seguridad social social,547.774
2021-08-01,215,Prestaciones de seguridad social social,622.606
2021-09-01,215,Prestaciones de seguridad social social,551.934
2021-10-01,215,Prestaciones de seguridad social social,557.583
2021-11-01,215,Prestaciones de seguridad social social,557.303
2021-12-01,215,Prestaciones de seguridad social social,940.139
2022-01-01,215,Prestaciones de seguridad social social,525.506
2022-02-01,215,Prestaciones de seguridad social social,558.301
2022-03-01,215,Prestaciones de seguridad social social,657.674
2022-04-01,215,Prestaciones de seguridad social social,638.68
2022-05-01,215,Prestaciones de seguridad social social,560.145
2022-06-01,215,Prestaciones de seguridad social social,550.691
2022-07-01,215,Prestaciones de seguridad social social,596.407
2022-08-01,215,Prestaciones de seguridad social social,704.476
2022-09-01,215,Prestaciones de seguridad social social,581.481
2022-10-01,215,Prestaciones de seguridad social social,599.006
2022-11-01,215,Prestaciones de seguridad social social,647.018
2022-12-01,215,Prestaciones de seguridad social social,1000.823
2023-01-01,215,Prestaciones de seguridad social social,581.936
2023-02-01,215,Prestaciones de seguridad social social,646.553
2023-03-01,215,Prestaciones de seguridad social social,779.829
2023-04-01,215,Prestaciones de seguridad social social,596.291
2023-05-01,215,Prestaciones de seguridad social social,667.942
2023-06-01,215,Prestaciones de seguridad social social,586.319
2023-07-01,215,Prestaciones de seguridad social social,684.691
2023-08-01,215,Prestaciones de seguridad social social,861.385
2023-09-01,215,Prestaciones de seguridad social social,601.702
2023-10-01,215,Prestaciones de seguridad social social,719.194
2023-11-01,215,Prestaciones de seguridad social social,772.376
2023-12-01,215,Prestaciones de seguridad social social,1077.998
2024-01-01,215,Prestaciones de seguridad social social,607.791
2024-02-01,215,Prestaciones de seguridad social social,623.547
2024-03-01,215,Prestaciones de seguridad social social,737.9
2024-04-01,215,Prestaciones de seguridad social social,651.924
2024-05-01,215,Prestaciones de seguridad social social,669.887
2024-06-01,215,Prestaciones de seguridad social social,678.116
2024-07-01,215,Prestaciones de seguridad social social,732.498
2024-08-01,215,Prestaciones de seguridad social social,866.634
2024-09-01,215,Prestaciones de seguridad social social,706.456
2024-10-01,215,Prestaciones de seguridad social social,689.605
2024-11-01,215,Prestaciones de seguridad social social,706.375
2024-12-01,215,Prestaciones de seguridad social social,1110.895
2025-01-01,215,Prestaciones de seguridad social social,696.42
2025-02-01,215,Prestaciones de seguridad social social,745.564
2025-03-01,215,Prestaciones de seguridad social social,823.277
2025-04-01,215,Prestaciones de seguridad social social,735.473
2025-05-01,215,Prestaciones de seguridad social social,729.978
2025-06-01,215,Prestaciones de seguridad social social,703.979
2025-07-01,215,Prestaciones de seguridad social social,705.837
2025-08-01,215,Prestaciones de seguridad social social,883.438
2025-09-01,215,Prestaciones de seguridad social social,703.685
2025-10-01,215,Prestaciones de seguridad social social,707.763
2025-11-01,215,Prestaciones de seguridad social social,702.605
2025-12-01,215,Prestaciones de seguridad social social,1278.624
2026-01-01,215,Prestaciones de seguridad social social,776.386
2026-02-01,215,Prestaciones de seguridad social social,739.854
2026-03-01,215,Prestaciones de seguridad social social,919.642
2026-04-01,215,Prestaciones de seguridad social social,728.645
2026-05-01,215,Prestaciones de seguridad social social,817.371
2026-06-01,215,Prestaciones de seguridad social social,774.851
2013-01-01,2151,IESS,140.907
2013-02-01,2151,IESS,149.813
2013-03-01,2151,IESS,200.187
2013-04-01,2151,IESS,187.155
2013-05-01,2151,IESS,198.048
2013-06-01,2151,IESS,204.692
2013-07-01,2151,IESS,210.313
2013-08-01,2151,IESS,268.006
2013-09-01,2151,IESS,204.891
2013-10-01,2151,IESS,192.354
2013-11-01,2151,IESS,230.882
2013-12-01,2151,IESS,566.357
2014-01-01,2151,IESS,182.778
2014-02-01,2151,IESS,202.266
2014-03-01,2151,IESS,261.173
2014-04-01,2151,IESS,244.992
2014-05-01,2151,IESS,243.454
2014-06-01,2151,IESS,268.827
2014-07-01,2151,IESS,250.235
2014-08-01,2151,IESS,332.352
2014-09-01,2151,IESS,247.376
2014-10-01,2151,IESS,256.038
2014-11-01,2151,IESS,257.468
2014-12-01,2151,IESS,635.187
2015-01-01,2151,IESS,230.526
2015-02-01,2151,IESS,256.334
2015-03-01,2151,IESS,301.302
2015-04-01,2151,IESS,281.259
2015-05-01,2151,IESS,284.176
2015-06-01,2151,IESS,287.908
2015-07-01,2151,IESS,323.215
2015-08-01,2151,IESS,377.17
2015-09-01,2151,IESS,285.219
2015-10-01,2151,IESS,299.289
2015-11-01,2151,IESS,309.955
2015-12-01,2151,IESS,558.949
2016-01-01,2151,IESS,285.731
2016-02-01,2151,IESS,300.372
2016-03-01,2151,IESS,381.455
2016-04-01,2151,IESS,314.569
2016-05-01,2151,IESS,318.619
2016-06-01,2151,IESS,324.808
2016-07-01,2151,IESS,325.131
2016-08-01,2151,IESS,404.266
2016-09-01,2151,IESS,332.782
2016-10-01,2151,IESS,330.222
2016-11-01,2151,IESS,333.472
2016-12-01,2151,IESS,688.44
2017-01-01,2151,IESS,299.481
2017-02-01,2151,IESS,316.539
2017-03-01,2151,IESS,366.322
2017-04-01,2151,IESS,343.47
2017-05-01,2151,IESS,336.608
2017-06-01,2151,IESS,337.25
2017-07-01,2151,IESS,332.988
2017-08-01,2151,IESS,443.116
2017-09-01,2151,IESS,342.576
2017-10-01,2151,IESS,347.134
2017-11-01,2151,IESS,340.928
2017-12-01,2151,IESS,613.815
2018-01-01,2151,IESS,327.04
2018-02-01,2151,IESS,327.443
2018-03-01,2151,IESS,384.489
2018-04-01,2151,IESS,349.367
2018-05-01,2151,IESS,359.753
2018-06-01,2151,IESS,368.918
2018-07-01,2151,IESS,393.51
2018-08-01,2151,IESS,439.395
2018-09-01,2151,IESS,380.475
2018-10-01,2151,IESS,389.486
2018-11-01,2151,IESS,378.178
2018-12-01,2151,IESS,601.569
2019-01-01,2151,IESS,365.696
2019-02-01,2151,IESS,380.266
2019-03-01,2151,IESS,449.031
2019-04-01,2151,IESS,384.002
2019-05-01,2151,IESS,399.227
2019-06-01,2151,IESS,395.746
2019-07-01,2151,IESS,407.797
2019-08-01,2151,IESS,486.355
2019-09-01,2151,IESS,405.968
2019-10-01,2151,IESS,429.074
2019-11-01,2151,IESS,425.059
2019-12-01,2151,IESS,670.864
2020-01-01,2151,IESS,408.061
2020-02-01,2151,IESS,414.476
2020-03-01,2151,IESS,469.804
2020-04-01,2151,IESS,420.725
2020-05-01,2151,IESS,409.227
2020-06-01,2151,IESS,396.727
2020-07-01,2151,IESS,424.257
2020-08-01,2151,IESS,526.485
2020-09-01,2151,IESS,461.305
2020-10-01,2151,IESS,450.68
2020-11-01,2151,IESS,454.585
2020-12-01,2151,IESS,780.37
2021-01-01,2151,IESS,413.336
2021-02-01,2151,IESS,422.651
2021-03-01,2151,IESS,529.561
2021-04-01,2151,IESS,432.64
2021-05-01,2151,IESS,487.441
2021-06-01,2151,IESS,474.762
2021-07-01,2151,IESS,459.967
2021-08-01,2151,IESS,512.378
2021-09-01,2151,IESS,447.739
2021-10-01,2151,IESS,459.178
2021-11-01,2151,IESS,462.783
2021-12-01,2151,IESS,785.78
2022-01-01,2151,IESS,432.453
2022-02-01,2151,IESS,464.909
2022-03-01,2151,IESS,541.557
2022-04-01,2151,IESS,477.742
2022-05-01,2151,IESS,448.318
2022-06-01,2151,IESS,443.391
2022-07-01,2151,IESS,486.532
2022-08-01,2151,IESS,568.041
2022-09-01,2151,IESS,466.307
2022-10-01,2151,IESS,493.136
2022-11-01,2151,IESS,542.144
2022-12-01,2151,IESS,838.19
2023-01-01,2151,IESS,482.481
2023-02-01,2151,IESS,542.421
2023-03-01,2151,IESS,666.978
2023-04-01,2151,IESS,486.881
2023-05-01,2151,IESS,556.981
2023-06-01,2151,IESS,483.23
2023-07-01,2151,IESS,581.612
2023-08-01,2151,IESS,733.022
2023-09-01,2151,IESS,496.078
2023-10-01,2151,IESS,615.948
2023-11-01,2151,IESS,665.159
2023-12-01,2151,IESS,911.192
2024-01-01,2151,IESS,501.475
2024-02-01,2151,IESS,512.752
2024-03-01,2151,IESS,624.124
2024-04-01,2151,IESS,545.278
2024-05-01,2151,IESS,558.542
2024-06-01,2151,IESS,564.491
2024-07-01,2151,IESS,578.794
2024-08-01,2151,IESS,734.911
2024-09-01,2151,IESS,599.351
2024-10-01,2151,IESS,584.874
2024-11-01,2151,IESS,600.982
2024-12-01,2151,IESS,937.752
2025-01-01,2151,IESS,591.11
2025-02-01,2151,IESS,619.929
2025-03-01,2151,IESS,706.334
2025-04-01,2151,IESS,604.845
2025-05-01,2151,IESS,606.708
2025-06-01,2151,IESS,591.932
2025-07-01,2151,IESS,590.41
2025-08-01,2151,IESS,743.314
2025-09-01,2151,IESS,587.209
2025-10-01,2151,IESS,589.377
2025-11-01,2151,IESS,587.494
2025-12-01,2151,IESS,1096.691
2026-01-01,2151,IESS,665.49
2026-02-01,2151,IESS,627.733
2026-03-01,2151,IESS,781.7
2026-04-01,2151,IESS,608.895
2026-05-01,2151,IESS,697.169
2026-06-01,2151,IESS,660.339
2013-01-01,2152,ISSPOL,16.35
2013-02-01,2152,ISSPOL,49.108
2013-03-01,2152,ISSPOL,16.46
2013-04-01,2152,ISSPOL,90.081
2013-05-01,2152,ISSPOL,20.297
2013-06-01,2152,ISSPOL,17.062
2013-07-01,2152,ISSPOL,17.201
2013-08-01,2152,ISSPOL,22.399
2013-09-01,2152,ISSPOL,17.426
2013-10-01,2152,ISSPOL,17.411
2013-11-01,2152,ISSPOL,17.681
2013-12-01,2152,ISSPOL,34.643
2014-01-01,2152,ISSPOL,17.674
2014-02-01,2152,ISSPOL,17.274
2014-03-01,2152,ISSPOL,17.598
2014-04-01,2152,ISSPOL,18.661
2014-05-01,2152,ISSPOL,18.164
2014-06-01,2152,ISSPOL,29.319
2014-07-01,2152,ISSPOL,19.273
2014-08-01,2152,ISSPOL,32.901
2014-09-01,2152,ISSPOL,19.968
2014-10-01,2152,ISSPOL,19.074
2014-11-01,2152,ISSPOL,19.467
2014-12-01,2152,ISSPOL,38.145
2015-01-01,2152,ISSPOL,18.988
2015-02-01,2152,ISSPOL,19.01
2015-03-01,2152,ISSPOL,19.622
2015-04-01,2152,ISSPOL,19.967
2015-05-01,2152,ISSPOL,20.125
2015-06-01,2152,ISSPOL,60.205
2015-07-01,2152,ISSPOL,30.493
2015-08-01,2152,ISSPOL,25.323
2015-09-01,2152,ISSPOL,21.973
2015-10-01,2152,ISSPOL,22.712
2015-11-01,2152,ISSPOL,23.803
2015-12-01,2152,ISSPOL,40.545
2016-01-01,2152,ISSPOL,24.302
2016-02-01,2152,ISSPOL,24.897
2016-03-01,2152,ISSPOL,25.126
2016-04-01,2152,ISSPOL,22.85
2016-05-01,2152,ISSPOL,24.158
2016-06-01,2152,ISSPOL,22.611
2016-07-01,2152,ISSPOL,24.45
2016-08-01,2152,ISSPOL,63.07
2016-09-01,2152,ISSPOL,29.43
2016-10-01,2152,ISSPOL,24.821
2016-11-01,2152,ISSPOL,22.802
2016-12-01,2152,ISSPOL,38.64
2017-01-01,2152,ISSPOL,25.074
2017-02-01,2152,ISSPOL,22.626
2017-03-01,2152,ISSPOL,23.451
2017-04-01,2152,ISSPOL,24.132
2017-05-01,2152,ISSPOL,23.55
2017-06-01,2152,ISSPOL,48.911
2017-07-01,2152,ISSPOL,27.345
2017-08-01,2152,ISSPOL,30.206
2017-09-01,2152,ISSPOL,25.436
2017-10-01,2152,ISSPOL,28.95
2017-11-01,2152,ISSPOL,25.516
2017-12-01,2152,ISSPOL,42.786
2018-01-01,2152,ISSPOL,25.863
2018-02-01,2152,ISSPOL,24.675
2018-03-01,2152,ISSPOL,24.961
2018-04-01,2152,ISSPOL,25.856
2018-05-01,2152,ISSPOL,24.567
2018-06-01,2152,ISSPOL,133.347
2018-07-01,2152,ISSPOL,29.218
2018-08-01,2152,ISSPOL,33.212
2018-09-01,2152,ISSPOL,27.202
2018-10-01,2152,ISSPOL,25.904
2018-11-01,2152,ISSPOL,29.201
2018-12-01,2152,ISSPOL,44.601
2019-01-01,2152,ISSPOL,26.479
2019-02-01,2152,ISSPOL,25.477
2019-03-01,2152,ISSPOL,124.532
2019-04-01,2152,ISSPOL,37.206
2019-05-01,2152,ISSPOL,37.68
2019-06-01,2152,ISSPOL,41.886
2019-07-01,2152,ISSPOL,28.489
2019-08-01,2152,ISSPOL,34.59
2019-09-01,2152,ISSPOL,26.432
2019-10-01,2152,ISSPOL,25.963
2019-11-01,2152,ISSPOL,31.734
2019-12-01,2152,ISSPOL,49.89
2020-01-01,2152,ISSPOL,26.078
2020-02-01,2152,ISSPOL,48.302
2020-03-01,2152,ISSPOL,28.539
2020-04-01,2152,ISSPOL,30.371
2020-05-01,2152,ISSPOL,28.233
2020-06-01,2152,ISSPOL,28.529
2020-07-01,2152,ISSPOL,28.435
2020-08-01,2152,ISSPOL,37.437
2020-09-01,2152,ISSPOL,29.621
2020-10-01,2152,ISSPOL,29.823
2020-11-01,2152,ISSPOL,30.479
2020-12-01,2152,ISSPOL,49.405
2021-01-01,2152,ISSPOL,30.306
2021-02-01,2152,ISSPOL,28.355
2021-03-01,2152,ISSPOL,28.892
2021-04-01,2152,ISSPOL,29.554
2021-05-01,2152,ISSPOL,66.264
2021-06-01,2152,ISSPOL,50.311
2021-07-01,2152,ISSPOL,27.966
2021-08-01,2152,ISSPOL,37.34
2021-09-01,2152,ISSPOL,34.576
2021-10-01,2152,ISSPOL,32.32
2021-11-01,2152,ISSPOL,31.564
2021-12-01,2152,ISSPOL,50.488
2022-01-01,2152,ISSPOL,31.985
2022-02-01,2152,ISSPOL,29.859
2022-03-01,2152,ISSPOL,34.484
2022-04-01,2152,ISSPOL,83.269
2022-05-01,2152,ISSPOL,34.727
2022-06-01,2152,ISSPOL,35.616
2022-07-01,2152,ISSPOL,38.309
2022-08-01,2152,ISSPOL,53.218
2022-09-01,2152,ISSPOL,37.895
2022-10-01,2152,ISSPOL,35.008
2022-11-01,2152,ISSPOL,33.63
2022-12-01,2152,ISSPOL,56.009
2023-01-01,2152,ISSPOL,33.291
2023-02-01,2152,ISSPOL,39.026
2023-03-01,2152,ISSPOL,36.129
2023-04-01,2152,ISSPOL,39.728
2023-05-01,2152,ISSPOL,41.602
2023-06-01,2152,ISSPOL,37.507
2023-07-01,2152,ISSPOL,37.316
2023-08-01,2152,ISSPOL,46.624
2023-09-01,2152,ISSPOL,35.95
2023-10-01,2152,ISSPOL,36.788
2023-11-01,2152,ISSPOL,38.262
2023-12-01,2152,ISSPOL,59.264
2024-01-01,2152,ISSPOL,37.257
2024-02-01,2152,ISSPOL,38.496
2024-03-01,2152,ISSPOL,37.075
2024-04-01,2152,ISSPOL,37.34
2024-05-01,2152,ISSPOL,37.359
2024-06-01,2152,ISSPOL,41.321
2024-07-01,2152,ISSPOL,73.908
2024-08-01,2152,ISSPOL,50.597
2024-09-01,2152,ISSPOL,39.856
2024-10-01,2152,ISSPOL,37.597
2024-11-01,2152,ISSPOL,38.793
2024-12-01,2152,ISSPOL,65.9
2025-01-01,2152,ISSPOL,38.83
2025-02-01,2152,ISSPOL,41.593
2025-03-01,2152,ISSPOL,39.674
2025-04-01,2152,ISSPOL,62.08
2025-05-01,2152,ISSPOL,49.097
2025-06-01,2152,ISSPOL,45.519
2025-07-01,2152,ISSPOL,51.926
2025-08-01,2152,ISSPOL,54.668
2025-09-01,2152,ISSPOL,42.982
2025-10-01,2152,ISSPOL,44.283
2025-11-01,2152,ISSPOL,41.283
2025-12-01,2152,ISSPOL,71.089
2026-01-01,2152,ISSPOL,41.03
2026-02-01,2152,ISSPOL,45.734
2026-03-01,2152,ISSPOL,46.263
2026-04-01,2152,ISSPOL,44.853
2026-05-01,2152,ISSPOL,47.777
2026-06-01,2152,ISSPOL,46.197
2013-01-01,2153,ISSFA,39.832
2013-02-01,2153,ISSFA,47.073
2013-03-01,2153,ISSFA,53.722
2013-04-01,2153,ISSFA,59.501
2013-05-01,2153,ISSFA,51.425
2013-06-01,2153,ISSFA,49.211
2013-07-01,2153,ISSFA,52.241
2013-08-01,2153,ISSFA,56.773
2013-09-01,2153,ISSFA,46.748
2013-10-01,2153,ISSFA,55.385
2013-11-01,2153,ISSFA,48.798
2013-12-01,2153,ISSFA,101.276
2014-01-01,2153,ISSFA,49.396
2014-02-01,2153,ISSFA,48.032
2014-03-01,2153,ISSFA,75.694
2014-04-01,2153,ISSFA,53.258
2014-05-01,2153,ISSFA,50.31
2014-06-01,2153,ISSFA,46.357
2014-07-01,2153,ISSFA,53.702
2014-08-01,2153,ISSFA,77.42
2014-09-01,2153,ISSFA,57.101
2014-10-01,2153,ISSFA,56.138
2014-11-01,2153,ISSFA,53.136
2014-12-01,2153,ISSFA,89.105
2015-01-01,2153,ISSFA,45.938
2015-02-01,2153,ISSFA,58.384
2015-03-01,2153,ISSFA,73.353
2015-04-01,2153,ISSFA,75.606
2015-05-01,2153,ISSFA,63.239
2015-06-01,2153,ISSFA,59.906
2015-07-01,2153,ISSFA,53.083
2015-08-01,2153,ISSFA,67.821
2015-09-01,2153,ISSFA,57.411
2015-10-01,2153,ISSFA,64.125
2015-11-01,2153,ISSFA,60.94
2015-12-01,2153,ISSFA,91.73
2016-01-01,2153,ISSFA,54.389
2016-02-01,2153,ISSFA,63.516
2016-03-01,2153,ISSFA,63.408
2016-04-01,2153,ISSFA,61.595
2016-05-01,2153,ISSFA,58.687
2016-06-01,2153,ISSFA,62.6
2016-07-01,2153,ISSFA,51.75
2016-08-01,2153,ISSFA,68.998
2016-09-01,2153,ISSFA,62.816
2016-10-01,2153,ISSFA,64.166
2016-11-01,2153,ISSFA,57.074
2016-12-01,2153,ISSFA,109.027
2017-01-01,2153,ISSFA,55.834
2017-02-01,2153,ISSFA,57.744
2017-03-01,2153,ISSFA,63.999
2017-04-01,2153,ISSFA,55.988
2017-05-01,2153,ISSFA,61.192
2017-06-01,2153,ISSFA,58.468
2017-07-01,2153,ISSFA,57.045
2017-08-01,2153,ISSFA,67.58
2017-09-01,2153,ISSFA,69.758
2017-10-01,2153,ISSFA,65.565
2017-11-01,2153,ISSFA,65.489
2017-12-01,2153,ISSFA,93.752
2018-01-01,2153,ISSFA,54.047
2018-02-01,2153,ISSFA,53.979
2018-03-01,2153,ISSFA,64.262
2018-04-01,2153,ISSFA,51.828
2018-05-01,2153,ISSFA,59.919
2018-06-01,2153,ISSFA,55.758
2018-07-01,2153,ISSFA,53.42
2018-08-01,2153,ISSFA,65.134
2018-09-01,2153,ISSFA,62.323
2018-10-01,2153,ISSFA,59.429
2018-11-01,2153,ISSFA,57.835
2018-12-01,2153,ISSFA,92.878
2019-01-01,2153,ISSFA,54.658
2019-02-01,2153,ISSFA,56.499
2019-03-01,2153,ISSFA,66.13
2019-04-01,2153,ISSFA,57.814
2019-05-01,2153,ISSFA,57.994
2019-06-01,2153,ISSFA,56.779
2019-07-01,2153,ISSFA,56.783
2019-08-01,2153,ISSFA,67.623
2019-09-01,2153,ISSFA,68.981
2019-10-01,2153,ISSFA,59.274
2019-11-01,2153,ISSFA,59.128
2019-12-01,2153,ISSFA,99.7
2020-01-01,2153,ISSFA,58.623
2020-02-01,2153,ISSFA,58.308
2020-03-01,2153,ISSFA,66.267
2020-04-01,2153,ISSFA,55.565
2020-05-01,2153,ISSFA,61.674
2020-06-01,2153,ISSFA,59.297
2020-07-01,2153,ISSFA,64.798
2020-08-01,2153,ISSFA,74.077
2020-09-01,2153,ISSFA,77.998
2020-10-01,2153,ISSFA,72.536
2020-11-01,2153,ISSFA,62.529
2020-12-01,2153,ISSFA,104.982
2021-01-01,2153,ISSFA,62.705
2021-02-01,2153,ISSFA,68.509
2021-03-01,2153,ISSFA,72.833
2021-04-01,2153,ISSFA,72.692
2021-05-01,2153,ISSFA,69.426
2021-06-01,2153,ISSFA,60.893
2021-07-01,2153,ISSFA,59.842
2021-08-01,2153,ISSFA,72.889
2021-09-01,2153,ISSFA,69.619
2021-10-01,2153,ISSFA,66.085
2021-11-01,2153,ISSFA,62.956
2021-12-01,2153,ISSFA,103.87
2022-01-01,2153,ISSFA,61.069
2022-02-01,2153,ISSFA,63.532
2022-03-01,2153,ISSFA,81.634
2022-04-01,2153,ISSFA,77.669
2022-05-01,2153,ISSFA,77.1
2022-06-01,2153,ISSFA,71.684
2022-07-01,2153,ISSFA,71.566
2022-08-01,2153,ISSFA,83.216
2022-09-01,2153,ISSFA,77.279
2022-10-01,2153,ISSFA,70.863
2022-11-01,2153,ISSFA,71.245
2022-12-01,2153,ISSFA,106.624
2023-01-01,2153,ISSFA,66.164
2023-02-01,2153,ISSFA,65.106
2023-03-01,2153,ISSFA,76.722
2023-04-01,2153,ISSFA,69.683
2023-05-01,2153,ISSFA,69.36
2023-06-01,2153,ISSFA,65.582
2023-07-01,2153,ISSFA,65.762
2023-08-01,2153,ISSFA,81.74
2023-09-01,2153,ISSFA,69.674
2023-10-01,2153,ISSFA,66.458
2023-11-01,2153,ISSFA,68.954
2023-12-01,2153,ISSFA,107.543
2024-01-01,2153,ISSFA,69.059
2024-02-01,2153,ISSFA,72.299
2024-03-01,2153,ISSFA,76.7
2024-04-01,2153,ISSFA,69.306
2024-05-01,2153,ISSFA,73.986
2024-06-01,2153,ISSFA,72.303
2024-07-01,2153,ISSFA,79.796
2024-08-01,2153,ISSFA,81.126
2024-09-01,2153,ISSFA,67.249
2024-10-01,2153,ISSFA,67.134
2024-11-01,2153,ISSFA,66.601
2024-12-01,2153,ISSFA,107.242
2025-01-01,2153,ISSFA,66.48
2025-02-01,2153,ISSFA,84.042
2025-03-01,2153,ISSFA,77.269
2025-04-01,2153,ISSFA,68.549
2025-05-01,2153,ISSFA,74.173
2025-06-01,2153,ISSFA,66.529
2025-07-01,2153,ISSFA,63.501
2025-08-01,2153,ISSFA,85.457
2025-09-01,2153,ISSFA,73.494
2025-10-01,2153,ISSFA,74.103
2025-11-01,2153,ISSFA,73.828
2025-12-01,2153,ISSFA,110.844
2026-01-01,2153,ISSFA,69.866
2026-02-01,2153,ISSFA,66.387
2026-03-01,2153,ISSFA,91.679
2026-04-01,2153,ISSFA,74.898
2026-05-01,2153,ISSFA,72.425
2026-06-01,2153,ISSFA,68.315
2013-01-01,216,Otros Gastos Permanentes,3.856
2013-02-01,216,Otros Gastos Permanentes,18.351
2013-03-01,216,Otros Gastos Permanentes,27.544
2013-04-01,216,Otros Gastos Permanentes,5.377
2013-05-01,216,Otros Gastos Permanentes,35.21
2013-06-01,216,Otros Gastos Permanentes,16.814
2013-07-01,216,Otros Gastos Permanentes,68.842
2013-08-01,216,Otros Gastos Permanentes,24.92
2013-09-01,216,Otros Gastos Permanentes,26.332
2013-10-01,216,Otros Gastos Permanentes,22.015
2013-11-01,216,Otros Gastos Permanentes,28.754
2013-12-01,216,Otros Gastos Permanentes,62.006
2014-01-01,216,Otros Gastos Permanentes,32.346
2014-02-01,216,Otros Gastos Permanentes,29.506
2014-03-01,216,Otros Gastos Permanentes,37.039
2014-04-01,216,Otros Gastos Permanentes,64.051
2014-05-01,216,Otros Gastos Permanentes,39.224
2014-06-01,216,Otros Gastos Permanentes,74.661
2014-07-01,216,Otros Gastos Permanentes,34.214
2014-08-01,216,Otros Gastos Permanentes,28.936
2014-09-01,216,Otros Gastos Permanentes,51.277
2014-10-01,216,Otros Gastos Permanentes,21.591
2014-11-01,216,Otros Gastos Permanentes,4.599
2014-12-01,216,Otros Gastos Permanentes,87.971
2015-01-01,216,Otros Gastos Permanentes,5.562
2015-02-01,216,Otros Gastos Permanentes,23.807
2015-03-01,216,Otros Gastos Permanentes,83.277
2015-04-01,216,Otros Gastos Permanentes,83.595
2015-05-01,216,Otros Gastos Permanentes,62.366
2015-06-01,216,Otros Gastos Permanentes,79.701
2015-07-01,216,Otros Gastos Permanentes,42.076
2015-08-01,216,Otros Gastos Permanentes,34.121
2015-09-01,216,Otros Gastos Permanentes,10.743
2015-10-01,216,Otros Gastos Permanentes,56.677
2015-11-01,216,Otros Gastos Permanentes,63.438
2015-12-01,216,Otros Gastos Permanentes,68.165
2016-01-01,216,Otros Gastos Permanentes,7.139
2016-02-01,216,Otros Gastos Permanentes,65.253
2016-03-01,216,Otros Gastos Permanentes,13.026
2016-04-01,216,Otros Gastos Permanentes,57.522
2016-05-01,216,Otros Gastos Permanentes,39.095
2016-06-01,216,Otros Gastos Permanentes,115.191
2016-07-01,216,Otros Gastos Permanentes,18.078
2016-08-01,216,Otros Gastos Permanentes,54.817
2016-09-01,216,Otros Gastos Permanentes,15.338
2016-10-01,216,Otros Gastos Permanentes,49.663
2016-11-01,216,Otros Gastos Permanentes,6.911
2016-12-01,216,Otros Gastos Permanentes,213.207
2017-01-01,216,Otros Gastos Permanentes,29.919
2017-02-01,216,Otros Gastos Permanentes,65.219
2017-03-01,216,Otros Gastos Permanentes,115.613
2017-04-01,216,Otros Gastos Permanentes,37.479
2017-05-01,216,Otros Gastos Permanentes,52.26
2017-06-01,216,Otros Gastos Permanentes,115.499
2017-07-01,216,Otros Gastos Permanentes,69.722
2017-08-01,216,Otros Gastos Permanentes,60.415
2017-09-01,216,Otros Gastos Permanentes,78.026
2017-10-01,216,Otros Gastos Permanentes,53.204
2017-11-01,216,Otros Gastos Permanentes,79.307
2017-12-01,216,Otros Gastos Permanentes,110.522
2018-01-01,216,Otros Gastos Permanentes,13.084
2018-02-01,216,Otros Gastos Permanentes,93.964
2018-03-01,216,Otros Gastos Permanentes,109.978
2018-04-01,216,Otros Gastos Permanentes,74.268
2018-05-01,216,Otros Gastos Permanentes,39.934
2018-06-01,216,Otros Gastos Permanentes,130.7
2018-07-01,216,Otros Gastos Permanentes,96.538
2018-08-01,216,Otros Gastos Permanentes,7.37
2018-09-01,216,Otros Gastos Permanentes,80.52
2018-10-01,216,Otros Gastos Permanentes,69.006
2018-11-01,216,Otros Gastos Permanentes,93.899
2018-12-01,216,Otros Gastos Permanentes,196.69
2019-01-01,216,Otros Gastos Permanentes,11.925
2019-02-01,216,Otros Gastos Permanentes,82.878
2019-03-01,216,Otros Gastos Permanentes,95.254
2019-04-01,216,Otros Gastos Permanentes,179.636
2019-05-01,216,Otros Gastos Permanentes,173.524
2019-06-01,216,Otros Gastos Permanentes,57.386
2019-07-01,216,Otros Gastos Permanentes,108.494
2019-08-01,216,Otros Gastos Permanentes,49.836
2019-09-01,216,Otros Gastos Permanentes,86.116
2019-10-01,216,Otros Gastos Permanentes,38.413
2019-11-01,216,Otros Gastos Permanentes,85.419
2019-12-01,216,Otros Gastos Permanentes,77.378
2020-01-01,216,Otros Gastos Permanentes,12.899
2020-02-01,216,Otros Gastos Permanentes,69.365
2020-03-01,216,Otros Gastos Permanentes,147.491
2020-04-01,216,Otros Gastos Permanentes,65.462
2020-05-01,216,Otros Gastos Permanentes,76.925
2020-06-01,216,Otros Gastos Permanentes,93.196
2020-07-01,216,Otros Gastos Permanentes,51.06
2020-08-01,216,Otros Gastos Permanentes,51.817
2020-09-01,216,Otros Gastos Permanentes,11.047
2020-10-01,216,Otros Gastos Permanentes,114.534
2020-11-01,216,Otros Gastos Permanentes,74.094
2020-12-01,216,Otros Gastos Permanentes,295.759
2021-01-01,216,Otros Gastos Permanentes,111.29
2021-02-01,216,Otros Gastos Permanentes,36.556
2021-03-01,216,Otros Gastos Permanentes,83.237
2021-04-01,216,Otros Gastos Permanentes,44.821
2021-05-01,216,Otros Gastos Permanentes,126.694
2021-06-01,216,Otros Gastos Permanentes,69.111
2021-07-01,216,Otros Gastos Permanentes,72.222
2021-08-01,216,Otros Gastos Permanentes,57.424
2021-09-01,216,Otros Gastos Permanentes,61.448
2021-10-01,216,Otros Gastos Permanentes,72.607
2021-11-01,216,Otros Gastos Permanentes,116.053
2021-12-01,216,Otros Gastos Permanentes,92.8
2022-01-01,216,Otros Gastos Permanentes,100.666
2022-02-01,216,Otros Gastos Permanentes,59.761
2022-03-01,216,Otros Gastos Permanentes,80.72
2022-04-01,216,Otros Gastos Permanentes,66.199
2022-05-01,216,Otros Gastos Permanentes,120.912
2022-06-01,216,Otros Gastos Permanentes,78.524
2022-07-01,216,Otros Gastos Permanentes,84.952
2022-08-01,216,Otros Gastos Permanentes,55.982
2022-09-01,216,Otros Gastos Permanentes,78.219
2022-10-01,216,Otros Gastos Permanentes,66.839
2022-11-01,216,Otros Gastos Permanentes,50.45
2022-12-01,216,Otros Gastos Permanentes,138.119
2023-01-01,216,Otros Gastos Permanentes,76.483
2023-02-01,216,Otros Gastos Permanentes,60.038
2023-03-01,216,Otros Gastos Permanentes,65.777
2023-04-01,216,Otros Gastos Permanentes,43.918
2023-05-01,216,Otros Gastos Permanentes,131.984
2023-06-01,216,Otros Gastos Permanentes,111.783
2023-07-01,216,Otros Gastos Permanentes,88.008
2023-08-01,216,Otros Gastos Permanentes,44.42
2023-09-01,216,Otros Gastos Permanentes,62.821
2023-10-01,216,Otros Gastos Permanentes,87.665
2023-11-01,216,Otros Gastos Permanentes,139.619
2023-12-01,216,Otros Gastos Permanentes,151.282
2024-01-01,216,Otros Gastos Permanentes,63.316
2024-02-01,216,Otros Gastos Permanentes,7.173
2024-03-01,216,Otros Gastos Permanentes,148.932
2024-04-01,216,Otros Gastos Permanentes,122.705
2024-05-01,216,Otros Gastos Permanentes,97.899
2024-06-01,216,Otros Gastos Permanentes,83.867
2024-07-01,216,Otros Gastos Permanentes,60.71
2024-08-01,216,Otros Gastos Permanentes,102.018
2024-09-01,216,Otros Gastos Permanentes,84.792
2024-10-01,216,Otros Gastos Permanentes,108.871
2024-11-01,216,Otros Gastos Permanentes,149.231
2024-12-01,216,Otros Gastos Permanentes,157.495
2025-01-01,216,Otros Gastos Permanentes,47.038
2025-02-01,216,Otros Gastos Permanentes,98.734
2025-03-01,216,Otros Gastos Permanentes,76.877
2025-04-01,216,Otros Gastos Permanentes,144.498
2025-05-01,216,Otros Gastos Permanentes,289.212
2025-06-01,216,Otros Gastos Permanentes,100.048
2025-07-01,216,Otros Gastos Permanentes,74.527
2025-08-01,216,Otros Gastos Permanentes,106.702
2025-09-01,216,Otros Gastos Permanentes,70.965
2025-10-01,216,Otros Gastos Permanentes,134.372
2025-11-01,216,Otros Gastos Permanentes,150.569
2025-12-01,216,Otros Gastos Permanentes,189.68
2026-01-01,216,Otros Gastos Permanentes,46.531
2026-02-01,216,Otros Gastos Permanentes,160.937
2026-03-01,216,Otros Gastos Permanentes,145.244
2026-04-01,216,Otros Gastos Permanentes,161.628
2026-05-01,216,Otros Gastos Permanentes,192.77
2026-06-01,216,Otros Gastos Permanentes,117.793
2013-01-01,22,Erogación No Permanente,780.42
2013-02-01,22,Erogación No Permanente,1052.868
2013-03-01,22,Erogación No Permanente,1121.655
2013-04-01,22,Erogación No Permanente,1270.218
2013-05-01,22,Erogación No Permanente,1066.346
2013-06-01,22,Erogación No Permanente,1079.579
2013-07-01,22,Erogación No Permanente,1254.709
2013-08-01,22,Erogación No Permanente,1270.65
2013-09-01,22,Erogación No Permanente,1268.953
2013-10-01,22,Erogación No Permanente,1666.899
2013-11-01,22,Erogación No Permanente,1770.565
2013-12-01,22,Erogación No Permanente,2411.216
2014-01-01,22,Erogación No Permanente,755.272
2014-02-01,22,Erogación No Permanente,1287.87
2014-03-01,22,Erogación No Permanente,1184.107
2014-04-01,22,Erogación No Permanente,1284.951
2014-05-01,22,Erogación No Permanente,1090.22
2014-06-01,22,Erogación No Permanente,1223.141
2014-07-01,22,Erogación No Permanente,1360.49
2014-08-01,22,Erogación No Permanente,1236.058
2014-09-01,22,Erogación No Permanente,1296.001
2014-10-01,22,Erogación No Permanente,1706.957
2014-11-01,22,Erogación No Permanente,1555.665
2014-12-01,22,Erogación No Permanente,2217.421
2015-01-01,22,Erogación No Permanente,643.121
2015-02-01,22,Erogación No Permanente,1030.439
2015-03-01,22,Erogación No Permanente,1065.653
2015-04-01,22,Erogación No Permanente,898.601
2015-05-01,22,Erogación No Permanente,1354.743
2015-06-01,22,Erogación No Permanente,1164.986
2015-07-01,22,Erogación No Permanente,1000.478
2015-08-01,22,Erogación No Permanente,909.908
2015-09-01,22,Erogación No Permanente,876.057
2015-10-01,22,Erogación No Permanente,1198.963
2015-11-01,22,Erogación No Permanente,923.418
2015-12-01,22,Erogación No Permanente,2234.784
2016-01-01,22,Erogación No Permanente,649.011
2016-02-01,22,Erogación No Permanente,879.684
2016-03-01,22,Erogación No Permanente,1181.579
2016-04-01,22,Erogación No Permanente,925.275
2016-05-01,22,Erogación No Permanente,809.534
2016-06-01,22,Erogación No Permanente,1081.512
2016-07-01,22,Erogación No Permanente,1023.704
2016-08-01,22,Erogación No Permanente,1106.098
2016-09-01,22,Erogación No Permanente,1252.892
2016-10-01,22,Erogación No Permanente,1164.519
2016-11-01,22,Erogación No Permanente,1450.523
2016-12-01,22,Erogación No Permanente,2681.698
2017-01-01,22,Erogación No Permanente,494.073
2017-02-01,22,Erogación No Permanente,921.328
2017-03-01,22,Erogación No Permanente,1197.641
2017-04-01,22,Erogación No Permanente,1022.908
2017-05-01,22,Erogación No Permanente,796.882
2017-06-01,22,Erogación No Permanente,739.929
2017-07-01,22,Erogación No Permanente,671.874
2017-08-01,22,Erogación No Permanente,736.633
2017-09-01,22,Erogación No Permanente,688.397
2017-10-01,22,Erogación No Permanente,810.263
2017-11-01,22,Erogación No Permanente,1182.375
2017-12-01,22,Erogación No Permanente,2509.839
2018-01-01,22,Erogación No Permanente,379.361
2018-02-01,22,Erogación No Permanente,609.665
2018-03-01,22,Erogación No Permanente,1022.921
2018-04-01,22,Erogación No Permanente,904.615
2018-05-01,22,Erogación No Permanente,692.83
2018-06-01,22,Erogación No Permanente,801.796
2018-07-01,22,Erogación No Permanente,726.296
2018-08-01,22,Erogación No Permanente,619.695
2018-09-01,22,Erogación No Permanente,1057.313
2018-10-01,22,Erogación No Permanente,724.775
2018-11-01,22,Erogación No Permanente,724.498
2018-12-01,22,Erogación No Permanente,2229.544
2019-01-01,22,Erogación No Permanente,466.585
2019-02-01,22,Erogación No Permanente,531.222
2019-03-01,22,Erogación No Permanente,548.471
2019-04-01,22,Erogación No Permanente,725.952
2019-05-01,22,Erogación No Permanente,748.408
2019-06-01,22,Erogación No Permanente,617.213
2019-07-01,22,Erogación No Permanente,667.915
2019-08-01,22,Erogación No Permanente,626.823
2019-09-01,22,Erogación No Permanente,713.96
2019-10-01,22,Erogación No Permanente,652.29
2019-11-01,22,Erogación No Permanente,598.278
2019-12-01,22,Erogación No Permanente,1316.565
2020-01-01,22,Erogación No Permanente,413.72
2020-02-01,22,Erogación No Permanente,507.556
2020-03-01,22,Erogación No Permanente,452.093
2020-04-01,22,Erogación No Permanente,288.825
2020-05-01,22,Erogación No Permanente,435.742
2020-06-01,22,Erogación No Permanente,435.776
2020-07-01,22,Erogación No Permanente,573.12
2020-08-01,22,Erogación No Permanente,493.007
2020-09-01,22,Erogación No Permanente,601.045
2020-10-01,22,Erogación No Permanente,701.855
2020-11-01,22,Erogación No Permanente,801.436
2020-12-01,22,Erogación No Permanente,1512.027
2021-01-01,22,Erogación No Permanente,230.577
2021-02-01,22,Erogación No Permanente,359.197
2021-03-01,22,Erogación No Permanente,893.043
2021-04-01,22,Erogación No Permanente,564.272
2021-05-01,22,Erogación No Permanente,773.935
2021-06-01,22,Erogación No Permanente,725.471
2021-07-01,22,Erogación No Permanente,713.9
2021-08-01,22,Erogación No Permanente,750.122
2021-09-01,22,Erogación No Permanente,687.138
2021-10-01,22,Erogación No Permanente,730.61
2021-11-01,22,Erogación No Permanente,820.396
2021-12-01,22,Erogación No Permanente,2103.52
2022-01-01,22,Erogación No Permanente,291.869
2022-02-01,22,Erogación No Permanente,454.523
2022-03-01,22,Erogación No Permanente,551.559
2022-04-01,22,Erogación No Permanente,546.609
2022-05-01,22,Erogación No Permanente,558.281
2022-06-01,22,Erogación No Permanente,603.498
2022-07-01,22,Erogación No Permanente,658.575
2022-08-01,22,Erogación No Permanente,661.914
2022-09-01,22,Erogación No Permanente,650.127
2022-10-01,22,Erogación No Permanente,710.918
2022-11-01,22,Erogación No Permanente,751.068
2022-12-01,22,Erogación No Permanente,1493.262
2023-01-01,22,Erogación No Permanente,418.591
2023-02-01,22,Erogación No Permanente,521.183
2023-03-01,22,Erogación No Permanente,656.293
2023-04-01,22,Erogación No Permanente,746.886
2023-05-01,22,Erogación No Permanente,701.027
2023-06-01,22,Erogación No Permanente,563.671
2023-07-01,22,Erogación No Permanente,560.288
2023-08-01,22,Erogación No Permanente,638.703
2023-09-01,22,Erogación No Permanente,650.792
2023-10-01,22,Erogación No Permanente,692.565
2023-11-01,22,Erogación No Permanente,749.506
2023-12-01,22,Erogación No Permanente,1087.163
2024-01-01,22,Erogación No Permanente,333.06
2024-02-01,22,Erogación No Permanente,445.099
2024-03-01,22,Erogación No Permanente,518.366
2024-04-01,22,Erogación No Permanente,517.45
2024-05-01,22,Erogación No Permanente,557.551
2024-06-01,22,Erogación No Permanente,585.479
2024-07-01,22,Erogación No Permanente,676.664
2024-08-01,22,Erogación No Permanente,617.314
2024-09-01,22,Erogación No Permanente,705.431
2024-10-01,22,Erogación No Permanente,606.836
2024-11-01,22,Erogación No Permanente,728.89
2024-12-01,22,Erogación No Permanente,1228.546
2025-01-01,22,Erogación No Permanente,354.071
2025-02-01,22,Erogación No Permanente,505.104
2025-03-01,22,Erogación No Permanente,525.672
2025-04-01,22,Erogación No Permanente,629.762
2025-05-01,22,Erogación No Permanente,636.775
2025-06-01,22,Erogación No Permanente,631.422
2025-07-01,22,Erogación No Permanente,530.192
2025-08-01,22,Erogación No Permanente,627.915
2025-09-01,22,Erogación No Permanente,752.974
2025-10-01,22,Erogación No Permanente,683.954
2025-11-01,22,Erogación No Permanente,923.789
2025-12-01,22,Erogación No Permanente,1274.227
2026-01-01,22,Erogación No Permanente,331.444
2026-02-01,22,Erogación No Permanente,818.496
2026-03-01,22,Erogación No Permanente,668.481
2026-04-01,22,Erogación No Permanente,614.417
2026-05-01,22,Erogación No Permanente,685.838
2026-06-01,22,Erogación No Permanente,769.806
2013-01-01,221,Inversión en activos no financieros,282.858
2013-02-01,221,Inversión en activos no financieros,372.56
2013-03-01,221,Inversión en activos no financieros,434.877
2013-04-01,221,Inversión en activos no financieros,537.041
2013-05-01,221,Inversión en activos no financieros,469.054
2013-06-01,221,Inversión en activos no financieros,421.061
2013-07-01,221,Inversión en activos no financieros,508.993
2013-08-01,221,Inversión en activos no financieros,520.544
2013-09-01,221,Inversión en activos no financieros,536.504
2013-10-01,221,Inversión en activos no financieros,602.067
2013-11-01,221,Inversión en activos no financieros,739.759
2013-12-01,221,Inversión en activos no financieros,859.423
2014-01-01,221,Inversión en activos no financieros,246.731
2014-02-01,221,Inversión en activos no financieros,537.722
2014-03-01,221,Inversión en activos no financieros,453.672
2014-04-01,221,Inversión en activos no financieros,479.188
2014-05-01,221,Inversión en activos no financieros,471.145
2014-06-01,221,Inversión en activos no financieros,435.605
2014-07-01,221,Inversión en activos no financieros,465.952
2014-08-01,221,Inversión en activos no financieros,423.616
2014-09-01,221,Inversión en activos no financieros,524.116
2014-10-01,221,Inversión en activos no financieros,586.824
2014-11-01,221,Inversión en activos no financieros,604.734
2014-12-01,221,Inversión en activos no financieros,848.018
2015-01-01,221,Inversión en activos no financieros,145.719
2015-02-01,221,Inversión en activos no financieros,278.17
2015-03-01,221,Inversión en activos no financieros,432.356
2015-04-01,221,Inversión en activos no financieros,258.878
2015-05-01,221,Inversión en activos no financieros,376.799
2015-06-01,221,Inversión en activos no financieros,435.26
2015-07-01,221,Inversión en activos no financieros,339.09
2015-08-01,221,Inversión en activos no financieros,356.376
2015-09-01,221,Inversión en activos no financieros,350.944
2015-10-01,221,Inversión en activos no financieros,371.194
2015-11-01,221,Inversión en activos no financieros,358.871
2015-12-01,221,Inversión en activos no financieros,594.611
2016-01-01,221,Inversión en activos no financieros,90.765
2016-02-01,221,Inversión en activos no financieros,185.404
2016-03-01,221,Inversión en activos no financieros,301.181
2016-04-01,221,Inversión en activos no financieros,251.138
2016-05-01,221,Inversión en activos no financieros,273.409
2016-06-01,221,Inversión en activos no financieros,214.864
2016-07-01,221,Inversión en activos no financieros,337.097
2016-08-01,221,Inversión en activos no financieros,547.288
2016-09-01,221,Inversión en activos no financieros,467.394
2016-10-01,221,Inversión en activos no financieros,427.214
2016-11-01,221,Inversión en activos no financieros,673.513
2016-12-01,221,Inversión en activos no financieros,1208.989
2017-01-01,221,Inversión en activos no financieros,152.131
2017-02-01,221,Inversión en activos no financieros,390.451
2017-03-01,221,Inversión en activos no financieros,531.879
2017-04-01,221,Inversión en activos no financieros,489.009
2017-05-01,221,Inversión en activos no financieros,412.254
2017-06-01,221,Inversión en activos no financieros,317.379
2017-07-01,221,Inversión en activos no financieros,232.163
2017-08-01,221,Inversión en activos no financieros,327.742
2017-09-01,221,Inversión en activos no financieros,307.53
2017-10-01,221,Inversión en activos no financieros,371.48
2017-11-01,221,Inversión en activos no financieros,496.365
2017-12-01,221,Inversión en activos no financieros,1086.131
2018-01-01,221,Inversión en activos no financieros,123.79
2018-02-01,221,Inversión en activos no financieros,246.471
2018-03-01,221,Inversión en activos no financieros,212.777
2018-04-01,221,Inversión en activos no financieros,254.456
2018-05-01,221,Inversión en activos no financieros,203.866
2018-06-01,221,Inversión en activos no financieros,278.571
2018-07-01,221,Inversión en activos no financieros,287.683
2018-08-01,221,Inversión en activos no financieros,267.72
2018-09-01,221,Inversión en activos no financieros,476.415
2018-10-01,221,Inversión en activos no financieros,285.762
2018-11-01,221,Inversión en activos no financieros,267.524
2018-12-01,221,Inversión en activos no financieros,769.505
2019-01-01,221,Inversión en activos no financieros,149.581
2019-02-01,221,Inversión en activos no financieros,148.649
2019-03-01,221,Inversión en activos no financieros,203.02
2019-04-01,221,Inversión en activos no financieros,289.496
2019-05-01,221,Inversión en activos no financieros,330.907
2019-06-01,221,Inversión en activos no financieros,207.507
2019-07-01,221,Inversión en activos no financieros,198.837
2019-08-01,221,Inversión en activos no financieros,177.455
2019-09-01,221,Inversión en activos no financieros,194.906
2019-10-01,221,Inversión en activos no financieros,227.7
2019-11-01,221,Inversión en activos no financieros,228.588
2019-12-01,221,Inversión en activos no financieros,510.972
2020-01-01,221,Inversión en activos no financieros,89.533
2020-02-01,221,Inversión en activos no financieros,131.855
2020-03-01,221,Inversión en activos no financieros,98.228
2020-04-01,221,Inversión en activos no financieros,62.919
2020-05-01,221,Inversión en activos no financieros,94.758
2020-06-01,221,Inversión en activos no financieros,101.491
2020-07-01,221,Inversión en activos no financieros,122.58
2020-08-01,221,Inversión en activos no financieros,157.664
2020-09-01,221,Inversión en activos no financieros,153.757
2020-10-01,221,Inversión en activos no financieros,161.028
2020-11-01,221,Inversión en activos no financieros,226.587
2020-12-01,221,Inversión en activos no financieros,456.715
2021-01-01,221,Inversión en activos no financieros,51.616
2021-02-01,221,Inversión en activos no financieros,89.584
2021-03-01,221,Inversión en activos no financieros,179.305
2021-04-01,221,Inversión en activos no financieros,152.049
2021-05-01,221,Inversión en activos no financieros,214.755
2021-06-01,221,Inversión en activos no financieros,145.278
2021-07-01,221,Inversión en activos no financieros,175.644
2021-08-01,221,Inversión en activos no financieros,146.904
2021-09-01,221,Inversión en activos no financieros,166.665
2021-10-01,221,Inversión en activos no financieros,172.886
2021-11-01,221,Inversión en activos no financieros,182.609
2021-12-01,221,Inversión en activos no financieros,597.559
2022-01-01,221,Inversión en activos no financieros,44.639
2022-02-01,221,Inversión en activos no financieros,101.954
2022-03-01,221,Inversión en activos no financieros,155.043
2022-04-01,221,Inversión en activos no financieros,138.645
2022-05-01,221,Inversión en activos no financieros,173.156
2022-06-01,221,Inversión en activos no financieros,155.086
2022-07-01,221,Inversión en activos no financieros,170.935
2022-08-01,221,Inversión en activos no financieros,192.657
2022-09-01,221,Inversión en activos no financieros,204.707
2022-10-01,221,Inversión en activos no financieros,210.256
2022-11-01,221,Inversión en activos no financieros,219.743
2022-12-01,221,Inversión en activos no financieros,551.452
2023-01-01,221,Inversión en activos no financieros,95.4
2023-02-01,221,Inversión en activos no financieros,132.265
2023-03-01,221,Inversión en activos no financieros,181.882
2023-04-01,221,Inversión en activos no financieros,226.597
2023-05-01,221,Inversión en activos no financieros,177.149
2023-06-01,221,Inversión en activos no financieros,133.697
2023-07-01,221,Inversión en activos no financieros,137.3
2023-08-01,221,Inversión en activos no financieros,175.631
2023-09-01,221,Inversión en activos no financieros,153.947
2023-10-01,221,Inversión en activos no financieros,146.152
2023-11-01,221,Inversión en activos no financieros,175.99
2023-12-01,221,Inversión en activos no financieros,344.37
2024-01-01,221,Inversión en activos no financieros,39.278
2024-02-01,221,Inversión en activos no financieros,80.094
2024-03-01,221,Inversión en activos no financieros,132.606
2024-04-01,221,Inversión en activos no financieros,101.597
2024-05-01,221,Inversión en activos no financieros,130.808
2024-06-01,221,Inversión en activos no financieros,133.753
2024-07-01,221,Inversión en activos no financieros,164.57
2024-08-01,221,Inversión en activos no financieros,164.919
2024-09-01,221,Inversión en activos no financieros,182.221
2024-10-01,221,Inversión en activos no financieros,181.41
2024-11-01,221,Inversión en activos no financieros,206.034
2024-12-01,221,Inversión en activos no financieros,361.707
2025-01-01,221,Inversión en activos no financieros,49.11
2025-02-01,221,Inversión en activos no financieros,117.661
2025-03-01,221,Inversión en activos no financieros,145.864
2025-04-01,221,Inversión en activos no financieros,178.273
2025-05-01,221,Inversión en activos no financieros,130.257
2025-06-01,221,Inversión en activos no financieros,147.279
2025-07-01,221,Inversión en activos no financieros,170.524
2025-08-01,221,Inversión en activos no financieros,156.68
2025-09-01,221,Inversión en activos no financieros,255.617
2025-10-01,221,Inversión en activos no financieros,204.555
2025-11-01,221,Inversión en activos no financieros,231.85
2025-12-01,221,Inversión en activos no financieros,483.719
2026-01-01,221,Inversión en activos no financieros,44.813
2026-02-01,221,Inversión en activos no financieros,121.844
2026-03-01,221,Inversión en activos no financieros,177.136
2026-04-01,221,Inversión en activos no financieros,193.293
2026-05-01,221,Inversión en activos no financieros,205.683
2026-06-01,221,Inversión en activos no financieros,210.936
2013-01-01,2211,Gobierno Central,190.794
2013-02-01,2211,Gobierno Central,248.919
2013-03-01,2211,Gobierno Central,284.147
2013-04-01,2211,Gobierno Central,386.058
2013-05-01,2211,Gobierno Central,333.461
2013-06-01,2211,Gobierno Central,295.161
2013-07-01,2211,Gobierno Central,360.106
2013-08-01,2211,Gobierno Central,358.169
2013-09-01,2211,Gobierno Central,380.367
2013-10-01,2211,Gobierno Central,423.526
2013-11-01,2211,Gobierno Central,551.129
2013-12-01,2211,Gobierno Central,549.913
2014-01-01,2211,Gobierno Central,152.241
2014-02-01,2211,Gobierno Central,395.971
2014-03-01,2211,Gobierno Central,300.297
2014-04-01,2211,Gobierno Central,290.058
2014-05-01,2211,Gobierno Central,333.25
2014-06-01,2211,Gobierno Central,315.347
2014-07-01,2211,Gobierno Central,348.652
2014-08-01,2211,Gobierno Central,308.909
2014-09-01,2211,Gobierno Central,390.71
2014-10-01,2211,Gobierno Central,443.922
2014-11-01,2211,Gobierno Central,447.467
2014-12-01,2211,Gobierno Central,547.814
2015-01-01,2211,Gobierno Central,88.346
2015-02-01,2211,Gobierno Central,176.434
2015-03-01,2211,Gobierno Central,275.204
2015-04-01,2211,Gobierno Central,109.607
2015-05-01,2211,Gobierno Central,211.056
2015-06-01,2211,Gobierno Central,269.731
2015-07-01,2211,Gobierno Central,167.142
2015-08-01,2211,Gobierno Central,221.461
2015-09-01,2211,Gobierno Central,172.881
2015-10-01,2211,Gobierno Central,201.815
2015-11-01,2211,Gobierno Central,202.748
2015-12-01,2211,Gobierno Central,220.041
2016-01-01,2211,Gobierno Central,13.798
2016-02-01,2211,Gobierno Central,60.683
2016-03-01,2211,Gobierno Central,122.811
2016-04-01,2211,Gobierno Central,94.514
2016-05-01,2211,Gobierno Central,69.923
2016-06-01,2211,Gobierno Central,84.165
2016-07-01,2211,Gobierno Central,184.965
2016-08-01,2211,Gobierno Central,383.052
2016-09-01,2211,Gobierno Central,297.28
2016-10-01,2211,Gobierno Central,148.117
2016-11-01,2211,Gobierno Central,495.399
2016-12-01,2211,Gobierno Central,719.105
2017-01-01,2211,Gobierno Central,53.02
2017-02-01,2211,Gobierno Central,256.264
2017-03-01,2211,Gobierno Central,302.211
2017-04-01,2211,Gobierno Central,288.619
2017-05-01,2211,Gobierno Central,179.155
2017-06-01,2211,Gobierno Central,117.357
2017-07-01,2211,Gobierno Central,87.931
2017-08-01,2211,Gobierno Central,154.422
2017-09-01,2211,Gobierno Central,116.009
2017-10-01,2211,Gobierno Central,156.891
2017-11-01,2211,Gobierno Central,281.603
2017-12-01,2211,Gobierno Central,612.433
2018-01-01,2211,Gobierno Central,11.431
2018-02-01,2211,Gobierno Central,25.17
2018-03-01,2211,Gobierno Central,67.728
2018-04-01,2211,Gobierno Central,67.433
2018-05-01,2211,Gobierno Central,51.207
2018-06-01,2211,Gobierno Central,86.985
2018-07-01,2211,Gobierno Central,60.774
2018-08-01,2211,Gobierno Central,97.294
2018-09-01,2211,Gobierno Central,91.923
2018-10-01,2211,Gobierno Central,83.029
2018-11-01,2211,Gobierno Central,79.817
2018-12-01,2211,Gobierno Central,317.117
2019-01-01,2211,Gobierno Central,0.794
2019-02-01,2211,Gobierno Central,9.982
2019-03-01,2211,Gobierno Central,17.525
2019-04-01,2211,Gobierno Central,62.419
2019-05-01,2211,Gobierno Central,148.265
2019-06-01,2211,Gobierno Central,79.155
2019-07-01,2211,Gobierno Central,67.829
2019-08-01,2211,Gobierno Central,47.765
2019-09-01,2211,Gobierno Central,43.446
2019-10-01,2211,Gobierno Central,80.285
2019-11-01,2211,Gobierno Central,68.347
2019-12-01,2211,Gobierno Central,193.714
2020-01-01,2211,Gobierno Central,3.044
2020-02-01,2211,Gobierno Central,24.534
2020-03-01,2211,Gobierno Central,13.938
2020-04-01,2211,Gobierno Central,13.555
2020-05-01,2211,Gobierno Central,28.162
2020-06-01,2211,Gobierno Central,20.796
2020-07-01,2211,Gobierno Central,31.235
2020-08-01,2211,Gobierno Central,50.848
2020-09-01,2211,Gobierno Central,44.902
2020-10-01,2211,Gobierno Central,26.974
2020-11-01,2211,Gobierno Central,91.561
2020-12-01,2211,Gobierno Central,183.545
2021-01-01,2211,Gobierno Central,5.203
2021-02-01,2211,Gobierno Central,3.001
2021-03-01,2211,Gobierno Central,59.553
2021-04-01,2211,Gobierno Central,56.854
2021-05-01,2211,Gobierno Central,107.987
2021-06-01,2211,Gobierno Central,29.772
2021-07-01,2211,Gobierno Central,52.211
2021-08-01,2211,Gobierno Central,40.277
2021-09-01,2211,Gobierno Central,46.363
2021-10-01,2211,Gobierno Central,54.847
2021-11-01,2211,Gobierno Central,54.875
2021-12-01,2211,Gobierno Central,169.729
2022-01-01,2211,Gobierno Central,0.004
2022-02-01,2211,Gobierno Central,1.234
2022-03-01,2211,Gobierno Central,24.846
2022-04-01,2211,Gobierno Central,17.987
2022-05-01,2211,Gobierno Central,46.063
2022-06-01,2211,Gobierno Central,28.546
2022-07-01,2211,Gobierno Central,29.93
2022-08-01,2211,Gobierno Central,55.715
2022-09-01,2211,Gobierno Central,48.716
2022-10-01,2211,Gobierno Central,60.748
2022-11-01,2211,Gobierno Central,53.854
2022-12-01,2211,Gobierno Central,235.492
2023-01-01,2211,Gobierno Central,0.396
2023-02-01,2211,Gobierno Central,13.259
2023-03-01,2211,Gobierno Central,20.838
2023-04-01,2211,Gobierno Central,55.585
2023-05-01,2211,Gobierno Central,35.544
2023-06-01,2211,Gobierno Central,41.621
2023-07-01,2211,Gobierno Central,25.514
2023-08-01,2211,Gobierno Central,37.9
2023-09-01,2211,Gobierno Central,33.936
2023-10-01,2211,Gobierno Central,35.394
2023-11-01,2211,Gobierno Central,52.093
2023-12-01,2211,Gobierno Central,99.122
2024-01-01,2211,Gobierno Central,0.506
2024-02-01,2211,Gobierno Central,5.819
2024-03-01,2211,Gobierno Central,3.651
2024-04-01,2211,Gobierno Central,9.212
2024-05-01,2211,Gobierno Central,20.928
2024-06-01,2211,Gobierno Central,38.978
2024-07-01,2211,Gobierno Central,44.863
2024-08-01,2211,Gobierno Central,49.095
2024-09-01,2211,Gobierno Central,61.118
2024-10-01,2211,Gobierno Central,40.881
2024-11-01,2211,Gobierno Central,71.772
2024-12-01,2211,Gobierno Central,98.779
2025-01-01,2211,Gobierno Central,3.941
2025-02-01,2211,Gobierno Central,11.804
2025-03-01,2211,Gobierno Central,27.381
2025-04-01,2211,Gobierno Central,44.176
2025-05-01,2211,Gobierno Central,26.611
2025-06-01,2211,Gobierno Central,32.624
2025-07-01,2211,Gobierno Central,27.851
2025-08-01,2211,Gobierno Central,25.284
2025-09-01,2211,Gobierno Central,119.638
2025-10-01,2211,Gobierno Central,79.682
2025-11-01,2211,Gobierno Central,71.94
2025-12-01,2211,Gobierno Central,141.21
2026-01-01,2211,Gobierno Central,0.663
2026-02-01,2211,Gobierno Central,16.709
2026-03-01,2211,Gobierno Central,44.196
2026-04-01,2211,Gobierno Central,58.39
2026-05-01,2211,Gobierno Central,52.892
2026-06-01,2211,Gobierno Central,77.424
2013-01-01,2212,GADS,80.923
2013-02-01,2212,GADS,112.489
2013-03-01,2212,GADS,130.838
2013-04-01,2212,GADS,135.645
2013-05-01,2212,GADS,120.603
2013-06-01,2212,GADS,111.806
2013-07-01,2212,GADS,133.838
2013-08-01,2212,GADS,146.261
2013-09-01,2212,GADS,141.889
2013-10-01,2212,GADS,161.359
2013-11-01,2212,GADS,167.157
2013-12-01,2212,GADS,276.059
2014-01-01,2212,GADS,87.04
2014-02-01,2212,GADS,133.074
2014-03-01,2212,GADS,141.939
2014-04-01,2212,GADS,174.357
2014-05-01,2212,GADS,128.87
2014-06-01,2212,GADS,112.339
2014-07-01,2212,GADS,108.621
2014-08-01,2212,GADS,105.422
2014-09-01,2212,GADS,128.546
2014-10-01,2212,GADS,136.767
2014-11-01,2212,GADS,127.137
2014-12-01,2212,GADS,275.382
2015-01-01,2212,GADS,56.765
2015-02-01,2212,GADS,98.926
2015-03-01,2212,GADS,152.158
2015-04-01,2212,GADS,138.53
2015-05-01,2212,GADS,136.227
2015-06-01,2212,GADS,155.621
2015-07-01,2212,GADS,145.941
2015-08-01,2212,GADS,130.266
2015-09-01,2212,GADS,170.369
2015-10-01,2212,GADS,164.599
2015-11-01,2212,GADS,149.858
2015-12-01,2212,GADS,353.625
2016-01-01,2212,GADS,66.888
2016-02-01,2212,GADS,114.753
2016-03-01,2212,GADS,161.56
2016-04-01,2212,GADS,142.334
2016-05-01,2212,GADS,164.475
2016-06-01,2212,GADS,120.973
2016-07-01,2212,GADS,129.14
2016-08-01,2212,GADS,151.154
2016-09-01,2212,GADS,145.58
2016-10-01,2212,GADS,242.598
2016-11-01,2212,GADS,167.548
2016-12-01,2212,GADS,321.329
2017-01-01,2212,GADS,96.281
2017-02-01,2212,GADS,124.595
2017-03-01,2212,GADS,167.106
2017-04-01,2212,GADS,159.033
2017-05-01,2212,GADS,169.709
2017-06-01,2212,GADS,192.408
2017-07-01,2212,GADS,119.872
2017-08-01,2212,GADS,138.492
2017-09-01,2212,GADS,161.297
2017-10-01,2212,GADS,210.15
2017-11-01,2212,GADS,194.221
2017-12-01,2212,GADS,413.714
2018-01-01,2212,GADS,111.034
2018-02-01,2212,GADS,219.499
2018-03-01,2212,GADS,142.929
2018-04-01,2212,GADS,181.188
2018-05-01,2212,GADS,155.468
2018-06-01,2212,GADS,188.048
2018-07-01,2212,GADS,223.985
2018-08-01,2212,GADS,168.734
2018-09-01,2212,GADS,376.185
2018-10-01,2212,GADS,197.153
2018-11-01,2212,GADS,180.344
2018-12-01,2212,GADS,444.211
2019-01-01,2212,GADS,148.365
2019-02-01,2212,GADS,137.741
2019-03-01,2212,GADS,183.583
2019-04-01,2212,GADS,224.809
2019-05-01,2212,GADS,179.933
2019-06-01,2212,GADS,113.745
2019-07-01,2212,GADS,127.168
2019-08-01,2212,GADS,124.29
2019-09-01,2212,GADS,149.543
2019-10-01,2212,GADS,145.172
2019-11-01,2212,GADS,158.815
2019-12-01,2212,GADS,309.394
2020-01-01,2212,GADS,86.068
2020-02-01,2212,GADS,106.421
2020-03-01,2212,GADS,83.643
2020-04-01,2212,GADS,46.746
2020-05-01,2212,GADS,64.061
2020-06-01,2212,GADS,79.364
2020-07-01,2212,GADS,88.706
2020-08-01,2212,GADS,105.239
2020-09-01,2212,GADS,107.788
2020-10-01,2212,GADS,133.218
2020-11-01,2212,GADS,132.623
2020-12-01,2212,GADS,266.477
2021-01-01,2212,GADS,45.577
2021-02-01,2212,GADS,85.659
2021-03-01,2212,GADS,118.236
2021-04-01,2212,GADS,93.869
2021-05-01,2212,GADS,104.412
2021-06-01,2212,GADS,112.729
2021-07-01,2212,GADS,119.151
2021-08-01,2212,GADS,105.335
2021-09-01,2212,GADS,119.114
2021-10-01,2212,GADS,115.511
2021-11-01,2212,GADS,123.438
2021-12-01,2212,GADS,423.42
2022-01-01,2212,GADS,44.006
2022-02-01,2212,GADS,94.788
2022-03-01,2212,GADS,128.95
2022-04-01,2212,GADS,118.87
2022-05-01,2212,GADS,112.402
2022-06-01,2212,GADS,118.315
2022-07-01,2212,GADS,138.075
2022-08-01,2212,GADS,134.527
2022-09-01,2212,GADS,149.759
2022-10-01,2212,GADS,144.371
2022-11-01,2212,GADS,162.571
2022-12-01,2212,GADS,304.519
2023-01-01,2212,GADS,94.158
2023-02-01,2212,GADS,116.562
2023-03-01,2212,GADS,158.39
2023-04-01,2212,GADS,166.486
2023-05-01,2212,GADS,137.219
2023-06-01,2212,GADS,89.751
2023-07-01,2212,GADS,107.777
2023-08-01,2212,GADS,125.137
2023-09-01,2212,GADS,115.127
2023-10-01,2212,GADS,106.79
2023-11-01,2212,GADS,109.175
2023-12-01,2212,GADS,228.039
2024-01-01,2212,GADS,37.809
2024-02-01,2212,GADS,69.951
2024-03-01,2212,GADS,126.021
2024-04-01,2212,GADS,88.072
2024-05-01,2212,GADS,105.049
2024-06-01,2212,GADS,90.978
2024-07-01,2212,GADS,109.55
2024-08-01,2212,GADS,112.305
2024-09-01,2212,GADS,116.013
2024-10-01,2212,GADS,135.574
2024-11-01,2212,GADS,129.817
2024-12-01,2212,GADS,249.927
2025-01-01,2212,GADS,44.232
2025-02-01,2212,GADS,96.865
2025-03-01,2212,GADS,112.775
2025-04-01,2212,GADS,115.336
2025-05-01,2212,GADS,98.651
2025-06-01,2212,GADS,107.711
2025-07-01,2212,GADS,136.431
2025-08-01,2212,GADS,121.475
2025-09-01,2212,GADS,129.525
2025-10-01,2212,GADS,120.773
2025-11-01,2212,GADS,153.405
2025-12-01,2212,GADS,321.756
2026-01-01,2212,GADS,42.972
2026-02-01,2212,GADS,103.239
2026-03-01,2212,GADS,128.248
2026-04-01,2212,GADS,120.512
2026-05-01,2212,GADS,150.299
2026-06-01,2212,GADS,125.635
2013-01-01,2213,Fondos de Seguridad Social,0.284
2013-02-01,2213,Fondos de Seguridad Social,1.507
2013-03-01,2213,Fondos de Seguridad Social,3.695
2013-04-01,2213,Fondos de Seguridad Social,3.33
2013-05-01,2213,Fondos de Seguridad Social,4.65
2013-06-01,2213,Fondos de Seguridad Social,2.345
2013-07-01,2213,Fondos de Seguridad Social,3.796
2013-08-01,2213,Fondos de Seguridad Social,3.102
2013-09-01,2213,Fondos de Seguridad Social,4.472
2013-10-01,2213,Fondos de Seguridad Social,3.53
2013-11-01,2213,Fondos de Seguridad Social,6.144
2013-12-01,2213,Fondos de Seguridad Social,11.983
2014-01-01,2213,Fondos de Seguridad Social,0.807
2014-02-01,2213,Fondos de Seguridad Social,4.537
2014-03-01,2213,Fondos de Seguridad Social,5.91
2014-04-01,2213,Fondos de Seguridad Social,6.918
2014-05-01,2213,Fondos de Seguridad Social,5.922
2014-06-01,2213,Fondos de Seguridad Social,5.677
2014-07-01,2213,Fondos de Seguridad Social,8.136
2014-08-01,2213,Fondos de Seguridad Social,6.101
2014-09-01,2213,Fondos de Seguridad Social,4.317
2014-10-01,2213,Fondos de Seguridad Social,4.648
2014-11-01,2213,Fondos de Seguridad Social,28.936
2014-12-01,2213,Fondos de Seguridad Social,14.868
2015-01-01,2213,Fondos de Seguridad Social,0.384
2015-02-01,2213,Fondos de Seguridad Social,2.011
2015-03-01,2213,Fondos de Seguridad Social,4.467
2015-04-01,2213,Fondos de Seguridad Social,3.916
2015-05-01,2213,Fondos de Seguridad Social,21.306
2015-06-01,2213,Fondos de Seguridad Social,3.218
2015-07-01,2213,Fondos de Seguridad Social,20.95
2015-08-01,2213,Fondos de Seguridad Social,3.795
2015-09-01,2213,Fondos de Seguridad Social,4.69
2015-10-01,2213,Fondos de Seguridad Social,4.034
2015-11-01,2213,Fondos de Seguridad Social,5.316
2015-12-01,2213,Fondos de Seguridad Social,8.358
2016-01-01,2213,Fondos de Seguridad Social,0.311
2016-02-01,2213,Fondos de Seguridad Social,1.265
2016-03-01,2213,Fondos de Seguridad Social,2.869
2016-04-01,2213,Fondos de Seguridad Social,1.33
2016-05-01,2213,Fondos de Seguridad Social,25.973
2016-06-01,2213,Fondos de Seguridad Social,2.633
2016-07-01,2213,Fondos de Seguridad Social,18.009
2016-08-01,2213,Fondos de Seguridad Social,8.234
2016-09-01,2213,Fondos de Seguridad Social,17.756
2016-10-01,2213,Fondos de Seguridad Social,32.793
2016-11-01,2213,Fondos de Seguridad Social,5.41
2016-12-01,2213,Fondos de Seguridad Social,153.926
2017-01-01,2213,Fondos de Seguridad Social,2.779
2017-02-01,2213,Fondos de Seguridad Social,8.507
2017-03-01,2213,Fondos de Seguridad Social,58.973
2017-04-01,2213,Fondos de Seguridad Social,41.188
2017-05-01,2213,Fondos de Seguridad Social,63.315
2017-06-01,2213,Fondos de Seguridad Social,7.352
2017-07-01,2213,Fondos de Seguridad Social,22.668
2017-08-01,2213,Fondos de Seguridad Social,34.719
2017-09-01,2213,Fondos de Seguridad Social,29.895
2017-10-01,2213,Fondos de Seguridad Social,4.262
2017-11-01,2213,Fondos de Seguridad Social,19.722
2017-12-01,2213,Fondos de Seguridad Social,59.802
2018-01-01,2213,Fondos de Seguridad Social,1.326
2018-02-01,2213,Fondos de Seguridad Social,1.801
2018-03-01,2213,Fondos de Seguridad Social,2.089
2018-04-01,2213,Fondos de Seguridad Social,5.808
2018-05-01,2213,Fondos de Seguridad Social,-2.82
2018-06-01,2213,Fondos de Seguridad Social,3.354
2018-07-01,2213,Fondos de Seguridad Social,2.822
2018-08-01,2213,Fondos de Seguridad Social,1.43
2018-09-01,2213,Fondos de Seguridad Social,7.876
2018-10-01,2213,Fondos de Seguridad Social,4.64
2018-11-01,2213,Fondos de Seguridad Social,7.169
2018-12-01,2213,Fondos de Seguridad Social,6.835
2019-01-01,2213,Fondos de Seguridad Social,0.419
2019-02-01,2213,Fondos de Seguridad Social,0.912
2019-03-01,2213,Fondos de Seguridad Social,1.902
2019-04-01,2213,Fondos de Seguridad Social,2.246
2019-05-01,2213,Fondos de Seguridad Social,2.53
2019-06-01,2213,Fondos de Seguridad Social,1.838
2019-07-01,2213,Fondos de Seguridad Social,1.543
2019-08-01,2213,Fondos de Seguridad Social,3.683
2019-09-01,2213,Fondos de Seguridad Social,1.701
2019-10-01,2213,Fondos de Seguridad Social,2.02
2019-11-01,2213,Fondos de Seguridad Social,1.074
2019-12-01,2213,Fondos de Seguridad Social,3.963
2020-01-01,2213,Fondos de Seguridad Social,0.421
2020-02-01,2213,Fondos de Seguridad Social,0.573
2020-03-01,2213,Fondos de Seguridad Social,0.087
2020-04-01,2213,Fondos de Seguridad Social,1.896
2020-05-01,2213,Fondos de Seguridad Social,0.75
2020-06-01,2213,Fondos de Seguridad Social,0.898
2020-07-01,2213,Fondos de Seguridad Social,0.428
2020-08-01,2213,Fondos de Seguridad Social,1.335
2020-09-01,2213,Fondos de Seguridad Social,0.622
2020-10-01,2213,Fondos de Seguridad Social,0.68
2020-11-01,2213,Fondos de Seguridad Social,2.361
2020-12-01,2213,Fondos de Seguridad Social,6.003
2021-01-01,2213,Fondos de Seguridad Social,0.836
2021-02-01,2213,Fondos de Seguridad Social,0.822
2021-03-01,2213,Fondos de Seguridad Social,0.806
2021-04-01,2213,Fondos de Seguridad Social,1.033
2021-05-01,2213,Fondos de Seguridad Social,0.871
2021-06-01,2213,Fondos de Seguridad Social,1.926
2021-07-01,2213,Fondos de Seguridad Social,1.427
2021-08-01,2213,Fondos de Seguridad Social,0.897
2021-09-01,2213,Fondos de Seguridad Social,0.922
2021-10-01,2213,Fondos de Seguridad Social,2.027
2021-11-01,2213,Fondos de Seguridad Social,1.847
2021-12-01,2213,Fondos de Seguridad Social,2.453
2022-01-01,2213,Fondos de Seguridad Social,0.535
2022-02-01,2213,Fondos de Seguridad Social,1.066
2022-03-01,2213,Fondos de Seguridad Social,0.571
2022-04-01,2213,Fondos de Seguridad Social,1.22
2022-05-01,2213,Fondos de Seguridad Social,1.023
2022-06-01,2213,Fondos de Seguridad Social,7.213
2022-07-01,2213,Fondos de Seguridad Social,2.166
2022-08-01,2213,Fondos de Seguridad Social,1.378
2022-09-01,2213,Fondos de Seguridad Social,3.454
2022-10-01,2213,Fondos de Seguridad Social,1.499
2022-11-01,2213,Fondos de Seguridad Social,1.362
2022-12-01,2213,Fondos de Seguridad Social,3.538
2023-01-01,2213,Fondos de Seguridad Social,0.718
2023-02-01,2213,Fondos de Seguridad Social,1.086
2023-03-01,2213,Fondos de Seguridad Social,1.389
2023-04-01,2213,Fondos de Seguridad Social,0.923
2023-05-01,2213,Fondos de Seguridad Social,1.164
2023-06-01,2213,Fondos de Seguridad Social,1.52
2023-07-01,2213,Fondos de Seguridad Social,2.257
2023-08-01,2213,Fondos de Seguridad Social,4.288
2023-09-01,2213,Fondos de Seguridad Social,1.437
2023-10-01,2213,Fondos de Seguridad Social,2.16
2023-11-01,2213,Fondos de Seguridad Social,1.74
2023-12-01,2213,Fondos de Seguridad Social,3.858
2024-01-01,2213,Fondos de Seguridad Social,0.887
2024-02-01,2213,Fondos de Seguridad Social,0.83
2024-03-01,2213,Fondos de Seguridad Social,1.167
2024-04-01,2213,Fondos de Seguridad Social,1.824
2024-05-01,2213,Fondos de Seguridad Social,2.037
2024-06-01,2213,Fondos de Seguridad Social,1.683
2024-07-01,2213,Fondos de Seguridad Social,5.107
2024-08-01,2213,Fondos de Seguridad Social,1.186
2024-09-01,2213,Fondos de Seguridad Social,3.923
2024-10-01,2213,Fondos de Seguridad Social,2.929
2024-11-01,2213,Fondos de Seguridad Social,2.892
2024-12-01,2213,Fondos de Seguridad Social,5.683
2025-01-01,2213,Fondos de Seguridad Social,0.877
2025-02-01,2213,Fondos de Seguridad Social,2.03
2025-03-01,2213,Fondos de Seguridad Social,1.8
2025-04-01,2213,Fondos de Seguridad Social,1.973
2025-05-01,2213,Fondos de Seguridad Social,2.463
2025-06-01,2213,Fondos de Seguridad Social,3.825
2025-07-01,2213,Fondos de Seguridad Social,4.524
2025-08-01,2213,Fondos de Seguridad Social,2.265
2025-09-01,2213,Fondos de Seguridad Social,1.884
2025-10-01,2213,Fondos de Seguridad Social,2.131
2025-11-01,2213,Fondos de Seguridad Social,3.978
2025-12-01,2213,Fondos de Seguridad Social,7.018
2026-01-01,2213,Fondos de Seguridad Social,1.167
2026-02-01,2213,Fondos de Seguridad Social,1.483
2026-03-01,2213,Fondos de Seguridad Social,2.88
2026-04-01,2213,Fondos de Seguridad Social,3.764
2026-05-01,2213,Fondos de Seguridad Social,1.167
2026-06-01,2213,Fondos de Seguridad Social,4.705
2013-01-01,2214,Empresas Publicas No Financieras,10.857
2013-02-01,2214,Empresas Publicas No Financieras,9.645
2013-03-01,2214,Empresas Publicas No Financieras,16.198
2013-04-01,2214,Empresas Publicas No Financieras,12.008
2013-05-01,2214,Empresas Publicas No Financieras,10.339
2013-06-01,2214,Empresas Publicas No Financieras,11.75
2013-07-01,2214,Empresas Publicas No Financieras,11.253
2013-08-01,2214,Empresas Publicas No Financieras,13.012
2013-09-01,2214,Empresas Publicas No Financieras,9.777
2013-10-01,2214,Empresas Publicas No Financieras,13.652
2013-11-01,2214,Empresas Publicas No Financieras,15.329
2013-12-01,2214,Empresas Publicas No Financieras,21.469
2014-01-01,2214,Empresas Publicas No Financieras,6.643
2014-02-01,2214,Empresas Publicas No Financieras,4.14
2014-03-01,2214,Empresas Publicas No Financieras,5.526
2014-04-01,2214,Empresas Publicas No Financieras,7.855
2014-05-01,2214,Empresas Publicas No Financieras,3.103
2014-06-01,2214,Empresas Publicas No Financieras,2.241
2014-07-01,2214,Empresas Publicas No Financieras,0.542
2014-08-01,2214,Empresas Publicas No Financieras,3.184
2014-09-01,2214,Empresas Publicas No Financieras,0.543
2014-10-01,2214,Empresas Publicas No Financieras,1.488
2014-11-01,2214,Empresas Publicas No Financieras,1.194
2014-12-01,2214,Empresas Publicas No Financieras,9.953
2015-01-01,2214,Empresas Publicas No Financieras,0.224
2015-02-01,2214,Empresas Publicas No Financieras,0.798
2015-03-01,2214,Empresas Publicas No Financieras,0.527
2015-04-01,2214,Empresas Publicas No Financieras,6.824
2015-05-01,2214,Empresas Publicas No Financieras,8.21
2015-06-01,2214,Empresas Publicas No Financieras,6.691
2015-07-01,2214,Empresas Publicas No Financieras,5.058
2015-08-01,2214,Empresas Publicas No Financieras,0.854
2015-09-01,2214,Empresas Publicas No Financieras,3.004
2015-10-01,2214,Empresas Publicas No Financieras,0.746
2015-11-01,2214,Empresas Publicas No Financieras,0.949
2015-12-01,2214,Empresas Publicas No Financieras,12.588
2016-01-01,2214,Empresas Publicas No Financieras,9.769
2016-02-01,2214,Empresas Publicas No Financieras,8.703
2016-03-01,2214,Empresas Publicas No Financieras,13.94
2016-04-01,2214,Empresas Publicas No Financieras,12.961
2016-05-01,2214,Empresas Publicas No Financieras,13.039
2016-06-01,2214,Empresas Publicas No Financieras,7.093
2016-07-01,2214,Empresas Publicas No Financieras,4.983
2016-08-01,2214,Empresas Publicas No Financieras,4.848
2016-09-01,2214,Empresas Publicas No Financieras,6.779
2016-10-01,2214,Empresas Publicas No Financieras,3.706
2016-11-01,2214,Empresas Publicas No Financieras,5.156
2016-12-01,2214,Empresas Publicas No Financieras,14.629
2017-01-01,2214,Empresas Publicas No Financieras,0.051
2017-02-01,2214,Empresas Publicas No Financieras,1.085
2017-03-01,2214,Empresas Publicas No Financieras,3.589
2017-04-01,2214,Empresas Publicas No Financieras,0.171
2017-05-01,2214,Empresas Publicas No Financieras,0.076
2017-06-01,2214,Empresas Publicas No Financieras,0.262
2017-07-01,2214,Empresas Publicas No Financieras,1.692
2017-08-01,2214,Empresas Publicas No Financieras,0.109
2017-09-01,2214,Empresas Publicas No Financieras,0.329
2017-10-01,2214,Empresas Publicas No Financieras,0.178
2017-11-01,2214,Empresas Publicas No Financieras,0.819
2017-12-01,2214,Empresas Publicas No Financieras,0.182
2018-01-01,2214,Empresas Publicas No Financieras,0.0
2018-02-01,2214,Empresas Publicas No Financieras,0.0
2018-03-01,2214,Empresas Publicas No Financieras,0.031
2018-04-01,2214,Empresas Publicas No Financieras,0.026
2018-05-01,2214,Empresas Publicas No Financieras,0.011
2018-06-01,2214,Empresas Publicas No Financieras,0.184
2018-07-01,2214,Empresas Publicas No Financieras,0.102
2018-08-01,2214,Empresas Publicas No Financieras,0.261
2018-09-01,2214,Empresas Publicas No Financieras,0.431
2018-10-01,2214,Empresas Publicas No Financieras,0.941
2018-11-01,2214,Empresas Publicas No Financieras,0.195
2018-12-01,2214,Empresas Publicas No Financieras,1.342
2019-01-01,2214,Empresas Publicas No Financieras,0.004
2019-02-01,2214,Empresas Publicas No Financieras,0.013
2019-03-01,2214,Empresas Publicas No Financieras,0.009
2019-04-01,2214,Empresas Publicas No Financieras,0.023
2019-05-01,2214,Empresas Publicas No Financieras,0.178
2019-06-01,2214,Empresas Publicas No Financieras,12.769
2019-07-01,2214,Empresas Publicas No Financieras,2.297
2019-08-01,2214,Empresas Publicas No Financieras,1.717
2019-09-01,2214,Empresas Publicas No Financieras,0.217
2019-10-01,2214,Empresas Publicas No Financieras,0.223
2019-11-01,2214,Empresas Publicas No Financieras,0.353
2019-12-01,2214,Empresas Publicas No Financieras,3.902
2020-01-01,2214,Empresas Publicas No Financieras,0.0
2020-02-01,2214,Empresas Publicas No Financieras,0.327
2020-03-01,2214,Empresas Publicas No Financieras,0.56
2020-04-01,2214,Empresas Publicas No Financieras,0.722
2020-05-01,2214,Empresas Publicas No Financieras,1.786
2020-06-01,2214,Empresas Publicas No Financieras,0.434
2020-07-01,2214,Empresas Publicas No Financieras,2.211
2020-08-01,2214,Empresas Publicas No Financieras,0.242
2020-09-01,2214,Empresas Publicas No Financieras,0.445
2020-10-01,2214,Empresas Publicas No Financieras,0.156
2020-11-01,2214,Empresas Publicas No Financieras,0.042
2020-12-01,2214,Empresas Publicas No Financieras,0.69
2021-01-01,2214,Empresas Publicas No Financieras,0.0
2021-02-01,2214,Empresas Publicas No Financieras,0.102
2021-03-01,2214,Empresas Publicas No Financieras,0.711
2021-04-01,2214,Empresas Publicas No Financieras,0.294
2021-05-01,2214,Empresas Publicas No Financieras,1.486
2021-06-01,2214,Empresas Publicas No Financieras,0.851
2021-07-01,2214,Empresas Publicas No Financieras,2.855
2021-08-01,2214,Empresas Publicas No Financieras,0.396
2021-09-01,2214,Empresas Publicas No Financieras,0.267
2021-10-01,2214,Empresas Publicas No Financieras,0.5
2021-11-01,2214,Empresas Publicas No Financieras,2.449
2021-12-01,2214,Empresas Publicas No Financieras,1.957
2022-01-01,2214,Empresas Publicas No Financieras,0.093
2022-02-01,2214,Empresas Publicas No Financieras,4.865
2022-03-01,2214,Empresas Publicas No Financieras,0.676
2022-04-01,2214,Empresas Publicas No Financieras,0.568
2022-05-01,2214,Empresas Publicas No Financieras,13.668
2022-06-01,2214,Empresas Publicas No Financieras,1.012
2022-07-01,2214,Empresas Publicas No Financieras,0.764
2022-08-01,2214,Empresas Publicas No Financieras,1.037
2022-09-01,2214,Empresas Publicas No Financieras,2.777
2022-10-01,2214,Empresas Publicas No Financieras,3.638
2022-11-01,2214,Empresas Publicas No Financieras,1.956
2022-12-01,2214,Empresas Publicas No Financieras,7.904
2023-01-01,2214,Empresas Publicas No Financieras,0.128
2023-02-01,2214,Empresas Publicas No Financieras,1.357
2023-03-01,2214,Empresas Publicas No Financieras,1.267
2023-04-01,2214,Empresas Publicas No Financieras,3.603
2023-05-01,2214,Empresas Publicas No Financieras,3.222
2023-06-01,2214,Empresas Publicas No Financieras,0.806
2023-07-01,2214,Empresas Publicas No Financieras,1.752
2023-08-01,2214,Empresas Publicas No Financieras,8.306
2023-09-01,2214,Empresas Publicas No Financieras,3.447
2023-10-01,2214,Empresas Publicas No Financieras,1.808
2023-11-01,2214,Empresas Publicas No Financieras,12.982
2023-12-01,2214,Empresas Publicas No Financieras,13.351
2024-01-01,2214,Empresas Publicas No Financieras,0.077
2024-02-01,2214,Empresas Publicas No Financieras,3.494
2024-03-01,2214,Empresas Publicas No Financieras,1.767
2024-04-01,2214,Empresas Publicas No Financieras,2.488
2024-05-01,2214,Empresas Publicas No Financieras,2.794
2024-06-01,2214,Empresas Publicas No Financieras,2.114
2024-07-01,2214,Empresas Publicas No Financieras,5.05
2024-08-01,2214,Empresas Publicas No Financieras,2.333
2024-09-01,2214,Empresas Publicas No Financieras,1.167
2024-10-01,2214,Empresas Publicas No Financieras,2.028
2024-11-01,2214,Empresas Publicas No Financieras,1.554
2024-12-01,2214,Empresas Publicas No Financieras,7.318
2025-01-01,2214,Empresas Publicas No Financieras,0.06
2025-02-01,2214,Empresas Publicas No Financieras,6.963
2025-03-01,2214,Empresas Publicas No Financieras,3.907
2025-04-01,2214,Empresas Publicas No Financieras,16.788
2025-05-01,2214,Empresas Publicas No Financieras,2.532
2025-06-01,2214,Empresas Publicas No Financieras,3.119
2025-07-01,2214,Empresas Publicas No Financieras,1.717
2025-08-01,2214,Empresas Publicas No Financieras,7.656
2025-09-01,2214,Empresas Publicas No Financieras,4.569
2025-10-01,2214,Empresas Publicas No Financieras,1.97
2025-11-01,2214,Empresas Publicas No Financieras,2.527
2025-12-01,2214,Empresas Publicas No Financieras,13.735
2026-01-01,2214,Empresas Publicas No Financieras,0.01
2026-02-01,2214,Empresas Publicas No Financieras,0.413
2026-03-01,2214,Empresas Publicas No Financieras,1.811
2026-04-01,2214,Empresas Publicas No Financieras,10.626
2026-05-01,2214,Empresas Publicas No Financieras,1.324
2026-06-01,2214,Empresas Publicas No Financieras,3.172
2013-01-01,222,Transferencias no permanentes,124.889
2013-02-01,222,Transferencias no permanentes,308.352
2013-03-01,222,Transferencias no permanentes,198.254
2013-04-01,222,Transferencias no permanentes,244.829
2013-05-01,222,Transferencias no permanentes,161.988
2013-06-01,222,Transferencias no permanentes,230.052
2013-07-01,222,Transferencias no permanentes,163.473
2013-08-01,222,Transferencias no permanentes,156.126
2013-09-01,222,Transferencias no permanentes,205.785
2013-10-01,222,Transferencias no permanentes,369.679
2013-11-01,222,Transferencias no permanentes,278.337
2013-12-01,222,Transferencias no permanentes,431.328
2014-01-01,222,Transferencias no permanentes,150.208
2014-02-01,222,Transferencias no permanentes,255.105
2014-03-01,222,Transferencias no permanentes,199.301
2014-04-01,222,Transferencias no permanentes,296.514
2014-05-01,222,Transferencias no permanentes,120.232
2014-06-01,222,Transferencias no permanentes,260.38
2014-07-01,222,Transferencias no permanentes,310.545
2014-08-01,222,Transferencias no permanentes,284.308
2014-09-01,222,Transferencias no permanentes,246.094
2014-10-01,222,Transferencias no permanentes,318.96
2014-11-01,222,Transferencias no permanentes,334.286
2014-12-01,222,Transferencias no permanentes,315.767
2015-01-01,222,Transferencias no permanentes,173.426
2015-02-01,222,Transferencias no permanentes,282.246
2015-03-01,222,Transferencias no permanentes,102.234
2015-04-01,222,Transferencias no permanentes,146.388
2015-05-01,222,Transferencias no permanentes,484.233
2015-06-01,222,Transferencias no permanentes,211.808
2015-07-01,222,Transferencias no permanentes,230.854
2015-08-01,222,Transferencias no permanentes,121.281
2015-09-01,222,Transferencias no permanentes,68.76
2015-10-01,222,Transferencias no permanentes,341.482
2015-11-01,222,Transferencias no permanentes,145.428
2015-12-01,222,Transferencias no permanentes,952.525
2016-01-01,222,Transferencias no permanentes,286.895
2016-02-01,222,Transferencias no permanentes,169.048
2016-03-01,222,Transferencias no permanentes,136.676
2016-04-01,222,Transferencias no permanentes,154.07
2016-05-01,222,Transferencias no permanentes,179.31
2016-06-01,222,Transferencias no permanentes,188.284
2016-07-01,222,Transferencias no permanentes,212.437
2016-08-01,222,Transferencias no permanentes,234.28
2016-09-01,222,Transferencias no permanentes,442.774
2016-10-01,222,Transferencias no permanentes,359.995
2016-11-01,222,Transferencias no permanentes,417.688
2016-12-01,222,Transferencias no permanentes,826.267
2017-01-01,222,Transferencias no permanentes,99.26
2017-02-01,222,Transferencias no permanentes,271.37
2017-03-01,222,Transferencias no permanentes,237.604
2017-04-01,222,Transferencias no permanentes,254.675
2017-05-01,222,Transferencias no permanentes,62.403
2017-06-01,222,Transferencias no permanentes,124.732
2017-07-01,222,Transferencias no permanentes,121.593
2017-08-01,222,Transferencias no permanentes,94.911
2017-09-01,222,Transferencias no permanentes,74.994
2017-10-01,222,Transferencias no permanentes,121.161
2017-11-01,222,Transferencias no permanentes,151.545
2017-12-01,222,Transferencias no permanentes,652.815
2018-01-01,222,Transferencias no permanentes,16.52
2018-02-01,222,Transferencias no permanentes,77.638
2018-03-01,222,Transferencias no permanentes,92.552
2018-04-01,222,Transferencias no permanentes,68.933
2018-05-01,222,Transferencias no permanentes,55.642
2018-06-01,222,Transferencias no permanentes,205.112
2018-07-01,222,Transferencias no permanentes,110.341
2018-08-01,222,Transferencias no permanentes,69.655
2018-09-01,222,Transferencias no permanentes,248.007
2018-10-01,222,Transferencias no permanentes,83.013
2018-11-01,222,Transferencias no permanentes,80.865
2018-12-01,222,Transferencias no permanentes,741.462
2019-01-01,222,Transferencias no permanentes,56.119
2019-02-01,222,Transferencias no permanentes,70.622
2019-03-01,222,Transferencias no permanentes,37.32
2019-04-01,222,Transferencias no permanentes,80.344
2019-05-01,222,Transferencias no permanentes,78.839
2019-06-01,222,Transferencias no permanentes,102.06
2019-07-01,222,Transferencias no permanentes,122.003
2019-08-01,222,Transferencias no permanentes,42.111
2019-09-01,222,Transferencias no permanentes,125.005
2019-10-01,222,Transferencias no permanentes,71.612
2019-11-01,222,Transferencias no permanentes,43.801
2019-12-01,222,Transferencias no permanentes,229.508
2020-01-01,222,Transferencias no permanentes,52.897
2020-02-01,222,Transferencias no permanentes,47.169
2020-03-01,222,Transferencias no permanentes,28.703
2020-04-01,222,Transferencias no permanentes,43.888
2020-05-01,222,Transferencias no permanentes,111.445
2020-06-01,222,Transferencias no permanentes,75.25
2020-07-01,222,Transferencias no permanentes,132.186
2020-08-01,222,Transferencias no permanentes,18.663
2020-09-01,222,Transferencias no permanentes,60.642
2020-10-01,222,Transferencias no permanentes,93.83
2020-11-01,222,Transferencias no permanentes,83.137
2020-12-01,222,Transferencias no permanentes,353.929
2021-01-01,222,Transferencias no permanentes,24.271
2021-02-01,222,Transferencias no permanentes,93.75
2021-03-01,222,Transferencias no permanentes,94.415
2021-04-01,222,Transferencias no permanentes,38.524
2021-05-01,222,Transferencias no permanentes,82.561
2021-06-01,222,Transferencias no permanentes,230.968
2021-07-01,222,Transferencias no permanentes,188.789
2021-08-01,222,Transferencias no permanentes,199.207
2021-09-01,222,Transferencias no permanentes,150.705
2021-10-01,222,Transferencias no permanentes,214.787
2021-11-01,222,Transferencias no permanentes,254.224
2021-12-01,222,Transferencias no permanentes,431.033
2022-01-01,222,Transferencias no permanentes,21.41
2022-02-01,222,Transferencias no permanentes,62.723
2022-03-01,222,Transferencias no permanentes,68.907
2022-04-01,222,Transferencias no permanentes,35.567
2022-05-01,222,Transferencias no permanentes,65.215
2022-06-01,222,Transferencias no permanentes,97.82
2022-07-01,222,Transferencias no permanentes,81.532
2022-08-01,222,Transferencias no permanentes,66.453
2022-09-01,222,Transferencias no permanentes,48.081
2022-10-01,222,Transferencias no permanentes,67.285
2022-11-01,222,Transferencias no permanentes,88.789
2022-12-01,222,Transferencias no permanentes,145.427
2023-01-01,222,Transferencias no permanentes,28.214
2023-02-01,222,Transferencias no permanentes,50.988
2023-03-01,222,Transferencias no permanentes,72.991
2023-04-01,222,Transferencias no permanentes,85.63
2023-05-01,222,Transferencias no permanentes,66.543
2023-06-01,222,Transferencias no permanentes,51.083
2023-07-01,222,Transferencias no permanentes,70.445
2023-08-01,222,Transferencias no permanentes,63.495
2023-09-01,222,Transferencias no permanentes,102.88
2023-10-01,222,Transferencias no permanentes,94.888
2023-11-01,222,Transferencias no permanentes,136.534
2023-12-01,222,Transferencias no permanentes,151.476
2024-01-01,222,Transferencias no permanentes,18.846
2024-02-01,222,Transferencias no permanentes,51.341
2024-03-01,222,Transferencias no permanentes,35.549
2024-04-01,222,Transferencias no permanentes,57.694
2024-05-01,222,Transferencias no permanentes,54.497
2024-06-01,222,Transferencias no permanentes,55.928
2024-07-01,222,Transferencias no permanentes,80.403
2024-08-01,222,Transferencias no permanentes,76.75
2024-09-01,222,Transferencias no permanentes,108.817
2024-10-01,222,Transferencias no permanentes,65.859
2024-11-01,222,Transferencias no permanentes,82.579
2024-12-01,222,Transferencias no permanentes,247.059
2025-01-01,222,Transferencias no permanentes,36.376
2025-02-01,222,Transferencias no permanentes,45.435
2025-03-01,222,Transferencias no permanentes,43.274
2025-04-01,222,Transferencias no permanentes,74.834
2025-05-01,222,Transferencias no permanentes,143.858
2025-06-01,222,Transferencias no permanentes,73.084
2025-07-01,222,Transferencias no permanentes,66.589
2025-08-01,222,Transferencias no permanentes,85.898
2025-09-01,222,Transferencias no permanentes,63.387
2025-10-01,222,Transferencias no permanentes,88.773
2025-11-01,222,Transferencias no permanentes,197.888
2025-12-01,222,Transferencias no permanentes,183.017
2026-01-01,222,Transferencias no permanentes,29.744
2026-02-01,222,Transferencias no permanentes,228.026
2026-03-01,222,Transferencias no permanentes,48.395
2026-04-01,222,Transferencias no permanentes,44.199
2026-05-01,222,Transferencias no permanentes,43.611
2026-06-01,222,Transferencias no permanentes,116.248
2013-01-01,223,Otro gasto no permanente,372.673
2013-02-01,223,Otro gasto no permanente,371.956
2013-03-01,223,Otro gasto no permanente,488.524
2013-04-01,223,Otro gasto no permanente,488.348
2013-05-01,223,Otro gasto no permanente,435.304
2013-06-01,223,Otro gasto no permanente,428.466
2013-07-01,223,Otro gasto no permanente,582.243
2013-08-01,223,Otro gasto no permanente,593.98
2013-09-01,223,Otro gasto no permanente,526.663
2013-10-01,223,Otro gasto no permanente,695.154
2013-11-01,223,Otro gasto no permanente,752.469
2013-12-01,223,Otro gasto no permanente,1120.465
2014-01-01,223,Otro gasto no permanente,358.334
2014-02-01,223,Otro gasto no permanente,495.042
2014-03-01,223,Otro gasto no permanente,531.134
2014-04-01,223,Otro gasto no permanente,509.249
2014-05-01,223,Otro gasto no permanente,498.843
2014-06-01,223,Otro gasto no permanente,527.156
2014-07-01,223,Otro gasto no permanente,583.993
2014-08-01,223,Otro gasto no permanente,528.134
2014-09-01,223,Otro gasto no permanente,525.79
2014-10-01,223,Otro gasto no permanente,801.173
2014-11-01,223,Otro gasto no permanente,616.645
2014-12-01,223,Otro gasto no permanente,1053.636
2015-01-01,223,Otro gasto no permanente,323.976
2015-02-01,223,Otro gasto no permanente,470.023
2015-03-01,223,Otro gasto no permanente,531.063
2015-04-01,223,Otro gasto no permanente,493.335
2015-05-01,223,Otro gasto no permanente,493.711
2015-06-01,223,Otro gasto no permanente,517.918
2015-07-01,223,Otro gasto no permanente,430.533
2015-08-01,223,Otro gasto no permanente,432.251
2015-09-01,223,Otro gasto no permanente,456.353
2015-10-01,223,Otro gasto no permanente,486.287
2015-11-01,223,Otro gasto no permanente,419.119
2015-12-01,223,Otro gasto no permanente,687.647
2016-01-01,223,Otro gasto no permanente,271.351
2016-02-01,223,Otro gasto no permanente,525.232
2016-03-01,223,Otro gasto no permanente,743.723
2016-04-01,223,Otro gasto no permanente,520.067
2016-05-01,223,Otro gasto no permanente,356.815
2016-06-01,223,Otro gasto no permanente,678.363
2016-07-01,223,Otro gasto no permanente,474.17
2016-08-01,223,Otro gasto no permanente,324.53
2016-09-01,223,Otro gasto no permanente,342.724
2016-10-01,223,Otro gasto no permanente,377.311
2016-11-01,223,Otro gasto no permanente,359.322
2016-12-01,223,Otro gasto no permanente,646.441
2017-01-01,223,Otro gasto no permanente,242.682
2017-02-01,223,Otro gasto no permanente,259.507
2017-03-01,223,Otro gasto no permanente,428.159
2017-04-01,223,Otro gasto no permanente,279.225
2017-05-01,223,Otro gasto no permanente,322.225
2017-06-01,223,Otro gasto no permanente,297.818
2017-07-01,223,Otro gasto no permanente,318.119
2017-08-01,223,Otro gasto no permanente,313.981
2017-09-01,223,Otro gasto no permanente,305.873
2017-10-01,223,Otro gasto no permanente,317.621
2017-11-01,223,Otro gasto no permanente,534.465
2017-12-01,223,Otro gasto no permanente,770.893
2018-01-01,223,Otro gasto no permanente,239.051
2018-02-01,223,Otro gasto no permanente,285.556
2018-03-01,223,Otro gasto no permanente,717.592
2018-04-01,223,Otro gasto no permanente,581.226
2018-05-01,223,Otro gasto no permanente,433.322
2018-06-01,223,Otro gasto no permanente,318.113
2018-07-01,223,Otro gasto no permanente,328.271
2018-08-01,223,Otro gasto no permanente,282.32
2018-09-01,223,Otro gasto no permanente,332.891
2018-10-01,223,Otro gasto no permanente,356.001
2018-11-01,223,Otro gasto no permanente,376.109
2018-12-01,223,Otro gasto no permanente,718.577
2019-01-01,223,Otro gasto no permanente,260.885
2019-02-01,223,Otro gasto no permanente,311.951
2019-03-01,223,Otro gasto no permanente,308.131
2019-04-01,223,Otro gasto no permanente,356.112
2019-05-01,223,Otro gasto no permanente,338.662
2019-06-01,223,Otro gasto no permanente,307.646
2019-07-01,223,Otro gasto no permanente,347.076
2019-08-01,223,Otro gasto no permanente,407.257
2019-09-01,223,Otro gasto no permanente,394.049
2019-10-01,223,Otro gasto no permanente,352.978
2019-11-01,223,Otro gasto no permanente,325.888
2019-12-01,223,Otro gasto no permanente,576.085
2020-01-01,223,Otro gasto no permanente,271.29
2020-02-01,223,Otro gasto no permanente,328.532
2020-03-01,223,Otro gasto no permanente,325.161
2020-04-01,223,Otro gasto no permanente,182.018
2020-05-01,223,Otro gasto no permanente,229.54
2020-06-01,223,Otro gasto no permanente,259.035
2020-07-01,223,Otro gasto no permanente,318.354
2020-08-01,223,Otro gasto no permanente,316.679
2020-09-01,223,Otro gasto no permanente,386.645
2020-10-01,223,Otro gasto no permanente,446.997
2020-11-01,223,Otro gasto no permanente,491.711
2020-12-01,223,Otro gasto no permanente,701.383
2021-01-01,223,Otro gasto no permanente,154.69
2021-02-01,223,Otro gasto no permanente,175.862
2021-03-01,223,Otro gasto no permanente,619.323
2021-04-01,223,Otro gasto no permanente,373.699
2021-05-01,223,Otro gasto no permanente,476.619
2021-06-01,223,Otro gasto no permanente,349.226
2021-07-01,223,Otro gasto no permanente,349.467
2021-08-01,223,Otro gasto no permanente,404.011
2021-09-01,223,Otro gasto no permanente,369.767
2021-10-01,223,Otro gasto no permanente,342.937
2021-11-01,223,Otro gasto no permanente,383.563
2021-12-01,223,Otro gasto no permanente,1074.929
2022-01-01,223,Otro gasto no permanente,225.821
2022-02-01,223,Otro gasto no permanente,289.846
2022-03-01,223,Otro gasto no permanente,327.608
2022-04-01,223,Otro gasto no permanente,372.396
2022-05-01,223,Otro gasto no permanente,319.91
2022-06-01,223,Otro gasto no permanente,350.593
2022-07-01,223,Otro gasto no permanente,406.108
2022-08-01,223,Otro gasto no permanente,402.804
2022-09-01,223,Otro gasto no permanente,397.339
2022-10-01,223,Otro gasto no permanente,433.377
2022-11-01,223,Otro gasto no permanente,442.535
2022-12-01,223,Otro gasto no permanente,796.383
2023-01-01,223,Otro gasto no permanente,294.977
2023-02-01,223,Otro gasto no permanente,337.93
2023-03-01,223,Otro gasto no permanente,401.419
2023-04-01,223,Otro gasto no permanente,434.659
2023-05-01,223,Otro gasto no permanente,457.335
2023-06-01,223,Otro gasto no permanente,378.891
2023-07-01,223,Otro gasto no permanente,352.542
2023-08-01,223,Otro gasto no permanente,399.577
2023-09-01,223,Otro gasto no permanente,393.964
2023-10-01,223,Otro gasto no permanente,451.525
2023-11-01,223,Otro gasto no permanente,436.982
2023-12-01,223,Otro gasto no permanente,591.317
2024-01-01,223,Otro gasto no permanente,274.935
2024-02-01,223,Otro gasto no permanente,313.664
2024-03-01,223,Otro gasto no permanente,350.211
2024-04-01,223,Otro gasto no permanente,358.159
2024-05-01,223,Otro gasto no permanente,372.245
2024-06-01,223,Otro gasto no permanente,395.797
2024-07-01,223,Otro gasto no permanente,431.692
2024-08-01,223,Otro gasto no permanente,375.646
2024-09-01,223,Otro gasto no permanente,414.393
2024-10-01,223,Otro gasto no permanente,359.566
2024-11-01,223,Otro gasto no permanente,440.277
2024-12-01,223,Otro gasto no permanente,619.781
2025-01-01,223,Otro gasto no permanente,268.585
2025-02-01,223,Otro gasto no permanente,342.008
2025-03-01,223,Otro gasto no permanente,336.533
2025-04-01,223,Otro gasto no permanente,376.655
2025-05-01,223,Otro gasto no permanente,362.66
2025-06-01,223,Otro gasto no permanente,411.06
2025-07-01,223,Otro gasto no permanente,293.079
2025-08-01,223,Otro gasto no permanente,385.337
2025-09-01,223,Otro gasto no permanente,433.969
2025-10-01,223,Otro gasto no permanente,390.625
2025-11-01,223,Otro gasto no permanente,494.051
2025-12-01,223,Otro gasto no permanente,607.491
2026-01-01,223,Otro gasto no permanente,256.887
2026-02-01,223,Otro gasto no permanente,468.626
2026-03-01,223,Otro gasto no permanente,442.951
2026-04-01,223,Otro gasto no permanente,376.926
2026-05-01,223,Otro gasto no permanente,436.545
2026-06-01,223,Otro gasto no permanente,442.621
2013-01-01,2231,Egresos en personal de inversión no permanentes,53.635
2013-02-01,2231,Egresos en personal de inversión no permanentes,94.22
2013-03-01,2231,Egresos en personal de inversión no permanentes,87.624
2013-04-01,2231,Egresos en personal de inversión no permanentes,86.253
2013-05-01,2231,Egresos en personal de inversión no permanentes,73.52
2013-06-01,2231,Egresos en personal de inversión no permanentes,87.103
2013-07-01,2231,Egresos en personal de inversión no permanentes,99.008
2013-08-01,2231,Egresos en personal de inversión no permanentes,128.919
2013-09-01,2231,Egresos en personal de inversión no permanentes,108.776
2013-10-01,2231,Egresos en personal de inversión no permanentes,194.862
2013-11-01,2231,Egresos en personal de inversión no permanentes,278.64
2013-12-01,2231,Egresos en personal de inversión no permanentes,287.581
2014-01-01,2231,Egresos en personal de inversión no permanentes,43.702
2014-02-01,2231,Egresos en personal de inversión no permanentes,68.178
2014-03-01,2231,Egresos en personal de inversión no permanentes,119.228
2014-04-01,2231,Egresos en personal de inversión no permanentes,64.12
2014-05-01,2231,Egresos en personal de inversión no permanentes,63.199
2014-06-01,2231,Egresos en personal de inversión no permanentes,127.102
2014-07-01,2231,Egresos en personal de inversión no permanentes,92.807
2014-08-01,2231,Egresos en personal de inversión no permanentes,105.359
2014-09-01,2231,Egresos en personal de inversión no permanentes,88.8
2014-10-01,2231,Egresos en personal de inversión no permanentes,173.759
2014-11-01,2231,Egresos en personal de inversión no permanentes,177.804
2014-12-01,2231,Egresos en personal de inversión no permanentes,228.33
2015-01-01,2231,Egresos en personal de inversión no permanentes,47.621
2015-02-01,2231,Egresos en personal de inversión no permanentes,78.762
2015-03-01,2231,Egresos en personal de inversión no permanentes,91.108
2015-04-01,2231,Egresos en personal de inversión no permanentes,82.299
2015-05-01,2231,Egresos en personal de inversión no permanentes,77.085
2015-06-01,2231,Egresos en personal de inversión no permanentes,128.005
2015-07-01,2231,Egresos en personal de inversión no permanentes,105.12
2015-08-01,2231,Egresos en personal de inversión no permanentes,93.958
2015-09-01,2231,Egresos en personal de inversión no permanentes,86.984
2015-10-01,2231,Egresos en personal de inversión no permanentes,86.401
2015-11-01,2231,Egresos en personal de inversión no permanentes,82.556
2015-12-01,2231,Egresos en personal de inversión no permanentes,173.348
2016-01-01,2231,Egresos en personal de inversión no permanentes,47.291
2016-02-01,2231,Egresos en personal de inversión no permanentes,81.52
2016-03-01,2231,Egresos en personal de inversión no permanentes,77.978
2016-04-01,2231,Egresos en personal de inversión no permanentes,74.695
2016-05-01,2231,Egresos en personal de inversión no permanentes,74.989
2016-06-01,2231,Egresos en personal de inversión no permanentes,75.072
2016-07-01,2231,Egresos en personal de inversión no permanentes,76.46
2016-08-01,2231,Egresos en personal de inversión no permanentes,95.718
2016-09-01,2231,Egresos en personal de inversión no permanentes,75.388
2016-10-01,2231,Egresos en personal de inversión no permanentes,86.293
2016-11-01,2231,Egresos en personal de inversión no permanentes,86.265
2016-12-01,2231,Egresos en personal de inversión no permanentes,144.096
2017-01-01,2231,Egresos en personal de inversión no permanentes,49.227
2017-02-01,2231,Egresos en personal de inversión no permanentes,69.422
2017-03-01,2231,Egresos en personal de inversión no permanentes,167.787
2017-04-01,2231,Egresos en personal de inversión no permanentes,64.737
2017-05-01,2231,Egresos en personal de inversión no permanentes,73.817
2017-06-01,2231,Egresos en personal de inversión no permanentes,67.458
2017-07-01,2231,Egresos en personal de inversión no permanentes,67.557
2017-08-01,2231,Egresos en personal de inversión no permanentes,80.905
2017-09-01,2231,Egresos en personal de inversión no permanentes,63.172
2017-10-01,2231,Egresos en personal de inversión no permanentes,75.863
2017-11-01,2231,Egresos en personal de inversión no permanentes,209.099
2017-12-01,2231,Egresos en personal de inversión no permanentes,224.845
2018-01-01,2231,Egresos en personal de inversión no permanentes,51.7
2018-02-01,2231,Egresos en personal de inversión no permanentes,69.36
2018-03-01,2231,Egresos en personal de inversión no permanentes,290.417
2018-04-01,2231,Egresos en personal de inversión no permanentes,95.098
2018-05-01,2231,Egresos en personal de inversión no permanentes,79.102
2018-06-01,2231,Egresos en personal de inversión no permanentes,69.673
2018-07-01,2231,Egresos en personal de inversión no permanentes,74.756
2018-08-01,2231,Egresos en personal de inversión no permanentes,79.052
2018-09-01,2231,Egresos en personal de inversión no permanentes,76.889
2018-10-01,2231,Egresos en personal de inversión no permanentes,99.191
2018-11-01,2231,Egresos en personal de inversión no permanentes,88.654
2018-12-01,2231,Egresos en personal de inversión no permanentes,186.767
2019-01-01,2231,Egresos en personal de inversión no permanentes,57.597
2019-02-01,2231,Egresos en personal de inversión no permanentes,84.744
2019-03-01,2231,Egresos en personal de inversión no permanentes,87.627
2019-04-01,2231,Egresos en personal de inversión no permanentes,84.382
2019-05-01,2231,Egresos en personal de inversión no permanentes,91.484
2019-06-01,2231,Egresos en personal de inversión no permanentes,88.933
2019-07-01,2231,Egresos en personal de inversión no permanentes,103.016
2019-08-01,2231,Egresos en personal de inversión no permanentes,192.477
2019-09-01,2231,Egresos en personal de inversión no permanentes,176.976
2019-10-01,2231,Egresos en personal de inversión no permanentes,142.107
2019-11-01,2231,Egresos en personal de inversión no permanentes,118.97
2019-12-01,2231,Egresos en personal de inversión no permanentes,212.666
2020-01-01,2231,Egresos en personal de inversión no permanentes,75.012
2020-02-01,2231,Egresos en personal de inversión no permanentes,124.591
2020-03-01,2231,Egresos en personal de inversión no permanentes,119.922
2020-04-01,2231,Egresos en personal de inversión no permanentes,80.865
2020-05-01,2231,Egresos en personal de inversión no permanentes,93.146
2020-06-01,2231,Egresos en personal de inversión no permanentes,70.42
2020-07-01,2231,Egresos en personal de inversión no permanentes,89.187
2020-08-01,2231,Egresos en personal de inversión no permanentes,98.246
2020-09-01,2231,Egresos en personal de inversión no permanentes,167.469
2020-10-01,2231,Egresos en personal de inversión no permanentes,205.873
2020-11-01,2231,Egresos en personal de inversión no permanentes,232.928
2020-12-01,2231,Egresos en personal de inversión no permanentes,346.824
2021-01-01,2231,Egresos en personal de inversión no permanentes,110.539
2021-02-01,2231,Egresos en personal de inversión no permanentes,96.229
2021-03-01,2231,Egresos en personal de inversión no permanentes,191.977
2021-04-01,2231,Egresos en personal de inversión no permanentes,163.308
2021-05-01,2231,Egresos en personal de inversión no permanentes,245.368
2021-06-01,2231,Egresos en personal de inversión no permanentes,126.789
2021-07-01,2231,Egresos en personal de inversión no permanentes,138.994
2021-08-01,2231,Egresos en personal de inversión no permanentes,165.441
2021-09-01,2231,Egresos en personal de inversión no permanentes,139.408
2021-10-01,2231,Egresos en personal de inversión no permanentes,116.996
2021-11-01,2231,Egresos en personal de inversión no permanentes,131.017
2021-12-01,2231,Egresos en personal de inversión no permanentes,256.759
2022-01-01,2231,Egresos en personal de inversión no permanentes,40.87
2022-02-01,2231,Egresos en personal de inversión no permanentes,76.254
2022-03-01,2231,Egresos en personal de inversión no permanentes,73.98
2022-04-01,2231,Egresos en personal de inversión no permanentes,100.865
2022-05-01,2231,Egresos en personal de inversión no permanentes,88.058
2022-06-01,2231,Egresos en personal de inversión no permanentes,124.367
2022-07-01,2231,Egresos en personal de inversión no permanentes,79.45
2022-08-01,2231,Egresos en personal de inversión no permanentes,98.178
2022-09-01,2231,Egresos en personal de inversión no permanentes,94.606
2022-10-01,2231,Egresos en personal de inversión no permanentes,100.35
2022-11-01,2231,Egresos en personal de inversión no permanentes,109.891
2022-12-01,2231,Egresos en personal de inversión no permanentes,232.805
2023-01-01,2231,Egresos en personal de inversión no permanentes,52.985
2023-02-01,2231,Egresos en personal de inversión no permanentes,72.109
2023-03-01,2231,Egresos en personal de inversión no permanentes,87.227
2023-04-01,2231,Egresos en personal de inversión no permanentes,116.61
2023-05-01,2231,Egresos en personal de inversión no permanentes,104.319
2023-06-01,2231,Egresos en personal de inversión no permanentes,103.881
2023-07-01,2231,Egresos en personal de inversión no permanentes,101.593
2023-08-01,2231,Egresos en personal de inversión no permanentes,86.528
2023-09-01,2231,Egresos en personal de inversión no permanentes,74.18
2023-10-01,2231,Egresos en personal de inversión no permanentes,133.707
2023-11-01,2231,Egresos en personal de inversión no permanentes,98.53
2023-12-01,2231,Egresos en personal de inversión no permanentes,150.052
2024-01-01,2231,Egresos en personal de inversión no permanentes,45.848
2024-02-01,2231,Egresos en personal de inversión no permanentes,75.83
2024-03-01,2231,Egresos en personal de inversión no permanentes,86.668
2024-04-01,2231,Egresos en personal de inversión no permanentes,75.359
2024-05-01,2231,Egresos en personal de inversión no permanentes,84.077
2024-06-01,2231,Egresos en personal de inversión no permanentes,108.797
2024-07-01,2231,Egresos en personal de inversión no permanentes,117.704
2024-08-01,2231,Egresos en personal de inversión no permanentes,110.16
2024-09-01,2231,Egresos en personal de inversión no permanentes,87.931
2024-10-01,2231,Egresos en personal de inversión no permanentes,91.596
2024-11-01,2231,Egresos en personal de inversión no permanentes,123.747
2024-12-01,2231,Egresos en personal de inversión no permanentes,214.719
2025-01-01,2231,Egresos en personal de inversión no permanentes,57.329
2025-02-01,2231,Egresos en personal de inversión no permanentes,81.201
2025-03-01,2231,Egresos en personal de inversión no permanentes,109.722
2025-04-01,2231,Egresos en personal de inversión no permanentes,123.377
2025-05-01,2231,Egresos en personal de inversión no permanentes,81.629
2025-06-01,2231,Egresos en personal de inversión no permanentes,99.964
2025-07-01,2231,Egresos en personal de inversión no permanentes,84.415
2025-08-01,2231,Egresos en personal de inversión no permanentes,99.432
2025-09-01,2231,Egresos en personal de inversión no permanentes,123.057
2025-10-01,2231,Egresos en personal de inversión no permanentes,82.909
2025-11-01,2231,Egresos en personal de inversión no permanentes,136.633
2025-12-01,2231,Egresos en personal de inversión no permanentes,172.428
2026-01-01,2231,Egresos en personal de inversión no permanentes,55.857
2026-02-01,2231,Egresos en personal de inversión no permanentes,84.498
2026-03-01,2231,Egresos en personal de inversión no permanentes,97.635
2026-04-01,2231,Egresos en personal de inversión no permanentes,82.44
2026-05-01,2231,Egresos en personal de inversión no permanentes,153.988
2026-06-01,2231,Egresos en personal de inversión no permanentes,142.227
2013-01-01,2232,Bienes y servicios en inversión no permanentes,39.79
2013-02-01,2232,Bienes y servicios en inversión no permanentes,58.516
2013-03-01,2232,Bienes y servicios en inversión no permanentes,107.145
2013-04-01,2232,Bienes y servicios en inversión no permanentes,129.395
2013-05-01,2232,Bienes y servicios en inversión no permanentes,96.505
2013-06-01,2232,Bienes y servicios en inversión no permanentes,115.748
2013-07-01,2232,Bienes y servicios en inversión no permanentes,94.222
2013-08-01,2232,Bienes y servicios en inversión no permanentes,128.136
2013-09-01,2232,Bienes y servicios en inversión no permanentes,121.347
2013-10-01,2232,Bienes y servicios en inversión no permanentes,128.521
2013-11-01,2232,Bienes y servicios en inversión no permanentes,141.847
2013-12-01,2232,Bienes y servicios en inversión no permanentes,231.978
2014-01-01,2232,Bienes y servicios en inversión no permanentes,34.141
2014-02-01,2232,Bienes y servicios en inversión no permanentes,86.137
2014-03-01,2232,Bienes y servicios en inversión no permanentes,114.303
2014-04-01,2232,Bienes y servicios en inversión no permanentes,103.175
2014-05-01,2232,Bienes y servicios en inversión no permanentes,119.594
2014-06-01,2232,Bienes y servicios en inversión no permanentes,85.239
2014-07-01,2232,Bienes y servicios en inversión no permanentes,96.467
2014-08-01,2232,Bienes y servicios en inversión no permanentes,110.231
2014-09-01,2232,Bienes y servicios en inversión no permanentes,91.339
2014-10-01,2232,Bienes y servicios en inversión no permanentes,149.127
2014-11-01,2232,Bienes y servicios en inversión no permanentes,143.44
2014-12-01,2232,Bienes y servicios en inversión no permanentes,300.339
2015-01-01,2232,Bienes y servicios en inversión no permanentes,33.541
2015-02-01,2232,Bienes y servicios en inversión no permanentes,82.027
2015-03-01,2232,Bienes y servicios en inversión no permanentes,137.382
2015-04-01,2232,Bienes y servicios en inversión no permanentes,94.998
2015-05-01,2232,Bienes y servicios en inversión no permanentes,160.153
2015-06-01,2232,Bienes y servicios en inversión no permanentes,132.437
2015-07-01,2232,Bienes y servicios en inversión no permanentes,105.786
2015-08-01,2232,Bienes y servicios en inversión no permanentes,93.531
2015-09-01,2232,Bienes y servicios en inversión no permanentes,119.927
2015-10-01,2232,Bienes y servicios en inversión no permanentes,159.328
2015-11-01,2232,Bienes y servicios en inversión no permanentes,117.313
2015-12-01,2232,Bienes y servicios en inversión no permanentes,230.414
2016-01-01,2232,Bienes y servicios en inversión no permanentes,32.392
2016-02-01,2232,Bienes y servicios en inversión no permanentes,70.913
2016-03-01,2232,Bienes y servicios en inversión no permanentes,97.326
2016-04-01,2232,Bienes y servicios en inversión no permanentes,95.869
2016-05-01,2232,Bienes y servicios en inversión no permanentes,86.681
2016-06-01,2232,Bienes y servicios en inversión no permanentes,69.376
2016-07-01,2232,Bienes y servicios en inversión no permanentes,80.656
2016-08-01,2232,Bienes y servicios en inversión no permanentes,75.78
2016-09-01,2232,Bienes y servicios en inversión no permanentes,81.309
2016-10-01,2232,Bienes y servicios en inversión no permanentes,85.646
2016-11-01,2232,Bienes y servicios en inversión no permanentes,103.398
2016-12-01,2232,Bienes y servicios en inversión no permanentes,270.623
2017-01-01,2232,Bienes y servicios en inversión no permanentes,41.446
2017-02-01,2232,Bienes y servicios en inversión no permanentes,54.089
2017-03-01,2232,Bienes y servicios en inversión no permanentes,93.645
2017-04-01,2232,Bienes y servicios en inversión no permanentes,82.177
2017-05-01,2232,Bienes y servicios en inversión no permanentes,89.742
2017-06-01,2232,Bienes y servicios en inversión no permanentes,95.704
2017-07-01,2232,Bienes y servicios en inversión no permanentes,83.6
2017-08-01,2232,Bienes y servicios en inversión no permanentes,89.432
2017-09-01,2232,Bienes y servicios en inversión no permanentes,85.131
2017-10-01,2232,Bienes y servicios en inversión no permanentes,92.644
2017-11-01,2232,Bienes y servicios en inversión no permanentes,135.777
2017-12-01,2232,Bienes y servicios en inversión no permanentes,230.2
2018-01-01,2232,Bienes y servicios en inversión no permanentes,31.691
2018-02-01,2232,Bienes y servicios en inversión no permanentes,79.892
2018-03-01,2232,Bienes y servicios en inversión no permanentes,97.009
2018-04-01,2232,Bienes y servicios en inversión no permanentes,75.822
2018-05-01,2232,Bienes y servicios en inversión no permanentes,76.643
2018-06-01,2232,Bienes y servicios en inversión no permanentes,80.272
2018-07-01,2232,Bienes y servicios en inversión no permanentes,81.127
2018-08-01,2232,Bienes y servicios en inversión no permanentes,82.964
2018-09-01,2232,Bienes y servicios en inversión no permanentes,76.143
2018-10-01,2232,Bienes y servicios en inversión no permanentes,88.468
2018-11-01,2232,Bienes y servicios en inversión no permanentes,109.584
2018-12-01,2232,Bienes y servicios en inversión no permanentes,179.564
2019-01-01,2232,Bienes y servicios en inversión no permanentes,50.437
2019-02-01,2232,Bienes y servicios en inversión no permanentes,69.416
2019-03-01,2232,Bienes y servicios en inversión no permanentes,53.644
2019-04-01,2232,Bienes y servicios en inversión no permanentes,85.912
2019-05-01,2232,Bienes y servicios en inversión no permanentes,68.545
2019-06-01,2232,Bienes y servicios en inversión no permanentes,46.018
2019-07-01,2232,Bienes y servicios en inversión no permanentes,63.361
2019-08-01,2232,Bienes y servicios en inversión no permanentes,61.792
2019-09-01,2232,Bienes y servicios en inversión no permanentes,63.626
2019-10-01,2232,Bienes y servicios en inversión no permanentes,62.145
2019-11-01,2232,Bienes y servicios en inversión no permanentes,79.178
2019-12-01,2232,Bienes y servicios en inversión no permanentes,175.038
2020-01-01,2232,Bienes y servicios en inversión no permanentes,35.958
2020-02-01,2232,Bienes y servicios en inversión no permanentes,48.135
2020-03-01,2232,Bienes y servicios en inversión no permanentes,47.462
2020-04-01,2232,Bienes y servicios en inversión no permanentes,42.232
2020-05-01,2232,Bienes y servicios en inversión no permanentes,45.425
2020-06-01,2232,Bienes y servicios en inversión no permanentes,53.704
2020-07-01,2232,Bienes y servicios en inversión no permanentes,62.731
2020-08-01,2232,Bienes y servicios en inversión no permanentes,65.526
2020-09-01,2232,Bienes y servicios en inversión no permanentes,76.37
2020-10-01,2232,Bienes y servicios en inversión no permanentes,77.14
2020-11-01,2232,Bienes y servicios en inversión no permanentes,79.089
2020-12-01,2232,Bienes y servicios en inversión no permanentes,164.742
2021-01-01,2232,Bienes y servicios en inversión no permanentes,23.171
2021-02-01,2232,Bienes y servicios en inversión no permanentes,40.848
2021-03-01,2232,Bienes y servicios en inversión no permanentes,66.484
2021-04-01,2232,Bienes y servicios en inversión no permanentes,67.705
2021-05-01,2232,Bienes y servicios en inversión no permanentes,70.212
2021-06-01,2232,Bienes y servicios en inversión no permanentes,71.034
2021-07-01,2232,Bienes y servicios en inversión no permanentes,68.043
2021-08-01,2232,Bienes y servicios en inversión no permanentes,81.978
2021-09-01,2232,Bienes y servicios en inversión no permanentes,71.139
2021-10-01,2232,Bienes y servicios en inversión no permanentes,70.512
2021-11-01,2232,Bienes y servicios en inversión no permanentes,86.133
2021-12-01,2232,Bienes y servicios en inversión no permanentes,166.996
2022-01-01,2232,Bienes y servicios en inversión no permanentes,30.205
2022-02-01,2232,Bienes y servicios en inversión no permanentes,52.781
2022-03-01,2232,Bienes y servicios en inversión no permanentes,77.84
2022-04-01,2232,Bienes y servicios en inversión no permanentes,63.95
2022-05-01,2232,Bienes y servicios en inversión no permanentes,87.499
2022-06-01,2232,Bienes y servicios en inversión no permanentes,76.294
2022-07-01,2232,Bienes y servicios en inversión no permanentes,75.103
2022-08-01,2232,Bienes y servicios en inversión no permanentes,90.682
2022-09-01,2232,Bienes y servicios en inversión no permanentes,90.231
2022-10-01,2232,Bienes y servicios en inversión no permanentes,86.937
2022-11-01,2232,Bienes y servicios en inversión no permanentes,106.788
2022-12-01,2232,Bienes y servicios en inversión no permanentes,203.727
2023-01-01,2232,Bienes y servicios en inversión no permanentes,49.72
2023-02-01,2232,Bienes y servicios en inversión no permanentes,68.735
2023-03-01,2232,Bienes y servicios en inversión no permanentes,100.717
2023-04-01,2232,Bienes y servicios en inversión no permanentes,101.099
2023-05-01,2232,Bienes y servicios en inversión no permanentes,84.033
2023-06-01,2232,Bienes y servicios en inversión no permanentes,61.715
2023-07-01,2232,Bienes y servicios en inversión no permanentes,73.738
2023-08-01,2232,Bienes y servicios en inversión no permanentes,81.18
2023-09-01,2232,Bienes y servicios en inversión no permanentes,75.107
2023-10-01,2232,Bienes y servicios en inversión no permanentes,83.07
2023-11-01,2232,Bienes y servicios en inversión no permanentes,101.08
2023-12-01,2232,Bienes y servicios en inversión no permanentes,156.8
2024-01-01,2232,Bienes y servicios en inversión no permanentes,39.815
2024-02-01,2232,Bienes y servicios en inversión no permanentes,57.793
2024-03-01,2232,Bienes y servicios en inversión no permanentes,69.78
2024-04-01,2232,Bienes y servicios en inversión no permanentes,62.281
2024-05-01,2232,Bienes y servicios en inversión no permanentes,98.133
2024-06-01,2232,Bienes y servicios en inversión no permanentes,89.259
2024-07-01,2232,Bienes y servicios en inversión no permanentes,84.509
2024-08-01,2232,Bienes y servicios en inversión no permanentes,110.018
2024-09-01,2232,Bienes y servicios en inversión no permanentes,91.02
2024-10-01,2232,Bienes y servicios en inversión no permanentes,98.185
2024-11-01,2232,Bienes y servicios en inversión no permanentes,109.54
2024-12-01,2232,Bienes y servicios en inversión no permanentes,187.827
2025-01-01,2232,Bienes y servicios en inversión no permanentes,29.804
2025-02-01,2232,Bienes y servicios en inversión no permanentes,76.967
2025-03-01,2232,Bienes y servicios en inversión no permanentes,83.364
2025-04-01,2232,Bienes y servicios en inversión no permanentes,83.739
2025-05-01,2232,Bienes y servicios en inversión no permanentes,84.281
2025-06-01,2232,Bienes y servicios en inversión no permanentes,101.855
2025-07-01,2232,Bienes y servicios en inversión no permanentes,101.649
2025-08-01,2232,Bienes y servicios en inversión no permanentes,89.385
2025-09-01,2232,Bienes y servicios en inversión no permanentes,91.73
2025-10-01,2232,Bienes y servicios en inversión no permanentes,104.492
2025-11-01,2232,Bienes y servicios en inversión no permanentes,133.28
2025-12-01,2232,Bienes y servicios en inversión no permanentes,200.277
2026-01-01,2232,Bienes y servicios en inversión no permanentes,31.236
2026-02-01,2232,Bienes y servicios en inversión no permanentes,74.549
2026-03-01,2232,Bienes y servicios en inversión no permanentes,90.947
2026-04-01,2232,Bienes y servicios en inversión no permanentes,94.178
2026-05-01,2232,Bienes y servicios en inversión no permanentes,84.153
2026-06-01,2232,Bienes y servicios en inversión no permanentes,79.563
2013-01-01,2233,Otros,279.248
2013-02-01,2233,Otros,219.22
2013-03-01,2233,Otros,293.754
2013-04-01,2233,Otros,272.699
2013-05-01,2233,Otros,265.279
2013-06-01,2233,Otros,225.615
2013-07-01,2233,Otros,389.012
2013-08-01,2233,Otros,336.925
2013-09-01,2233,Otros,296.541
2013-10-01,2233,Otros,371.771
2013-11-01,2233,Otros,331.982
2013-12-01,2233,Otros,600.905
2014-01-01,2233,Otros,280.491
2014-02-01,2233,Otros,340.727
2014-03-01,2233,Otros,297.602
2014-04-01,2233,Otros,341.954
2014-05-01,2233,Otros,316.049
2014-06-01,2233,Otros,314.816
2014-07-01,2233,Otros,394.718
2014-08-01,2233,Otros,312.544
2014-09-01,2233,Otros,345.651
2014-10-01,2233,Otros,478.287
2014-11-01,2233,Otros,295.401
2014-12-01,2233,Otros,524.967
2015-01-01,2233,Otros,242.815
2015-02-01,2233,Otros,309.234
2015-03-01,2233,Otros,302.573
2015-04-01,2233,Otros,316.038
2015-05-01,2233,Otros,256.473
2015-06-01,2233,Otros,257.476
2015-07-01,2233,Otros,219.627
2015-08-01,2233,Otros,244.762
2015-09-01,2233,Otros,249.443
2015-10-01,2233,Otros,240.557
2015-11-01,2233,Otros,219.25
2015-12-01,2233,Otros,283.886
2016-01-01,2233,Otros,191.667
2016-02-01,2233,Otros,372.799
2016-03-01,2233,Otros,568.419
2016-04-01,2233,Otros,349.503
2016-05-01,2233,Otros,195.144
2016-06-01,2233,Otros,533.916
2016-07-01,2233,Otros,317.054
2016-08-01,2233,Otros,153.031
2016-09-01,2233,Otros,186.027
2016-10-01,2233,Otros,205.371
2016-11-01,2233,Otros,169.659
2016-12-01,2233,Otros,231.722
2017-01-01,2233,Otros,152.01
2017-02-01,2233,Otros,135.996
2017-03-01,2233,Otros,166.727
2017-04-01,2233,Otros,132.311
2017-05-01,2233,Otros,158.666
2017-06-01,2233,Otros,134.656
2017-07-01,2233,Otros,166.962
2017-08-01,2233,Otros,143.644
2017-09-01,2233,Otros,157.571
2017-10-01,2233,Otros,149.114
2017-11-01,2233,Otros,189.588
2017-12-01,2233,Otros,315.847
2018-01-01,2233,Otros,155.659
2018-02-01,2233,Otros,136.304
2018-03-01,2233,Otros,330.166
2018-04-01,2233,Otros,410.306
2018-05-01,2233,Otros,277.577
2018-06-01,2233,Otros,168.168
2018-07-01,2233,Otros,172.389
2018-08-01,2233,Otros,120.304
2018-09-01,2233,Otros,179.86
2018-10-01,2233,Otros,168.342
2018-11-01,2233,Otros,177.87
2018-12-01,2233,Otros,352.246
2019-01-01,2233,Otros,152.852
2019-02-01,2233,Otros,157.792
2019-03-01,2233,Otros,166.86
2019-04-01,2233,Otros,185.819
2019-05-01,2233,Otros,178.634
2019-06-01,2233,Otros,172.695
2019-07-01,2233,Otros,180.698
2019-08-01,2233,Otros,152.988
2019-09-01,2233,Otros,153.446
2019-10-01,2233,Otros,148.726
2019-11-01,2233,Otros,127.741
2019-12-01,2233,Otros,188.382
2020-01-01,2233,Otros,160.32
2020-02-01,2233,Otros,155.807
2020-03-01,2233,Otros,157.777
2020-04-01,2233,Otros,58.921
2020-05-01,2233,Otros,90.969
2020-06-01,2233,Otros,134.911
2020-07-01,2233,Otros,166.437
2020-08-01,2233,Otros,152.908
2020-09-01,2233,Otros,142.806
2020-10-01,2233,Otros,163.983
2020-11-01,2233,Otros,179.695
2020-12-01,2233,Otros,189.817
2021-01-01,2233,Otros,20.979
2021-02-01,2233,Otros,38.784
2021-03-01,2233,Otros,360.863
2021-04-01,2233,Otros,142.687
2021-05-01,2233,Otros,161.039
2021-06-01,2233,Otros,151.402
2021-07-01,2233,Otros,142.43
2021-08-01,2233,Otros,156.591
2021-09-01,2233,Otros,159.22
2021-10-01,2233,Otros,155.429
2021-11-01,2233,Otros,166.412
2021-12-01,2233,Otros,651.174
2022-01-01,2233,Otros,154.746
2022-02-01,2233,Otros,160.811
2022-03-01,2233,Otros,175.789
2022-04-01,2233,Otros,207.581
2022-05-01,2233,Otros,144.353
2022-06-01,2233,Otros,149.932
2022-07-01,2233,Otros,251.555
2022-08-01,2233,Otros,213.944
2022-09-01,2233,Otros,212.503
2022-10-01,2233,Otros,246.091
2022-11-01,2233,Otros,225.857
2022-12-01,2233,Otros,359.851
2023-01-01,2233,Otros,192.272
2023-02-01,2233,Otros,197.086
2023-03-01,2233,Otros,213.475
2023-04-01,2233,Otros,216.95
2023-05-01,2233,Otros,268.983
2023-06-01,2233,Otros,213.295
2023-07-01,2233,Otros,177.211
2023-08-01,2233,Otros,231.87
2023-09-01,2233,Otros,244.677
2023-10-01,2233,Otros,234.747
2023-11-01,2233,Otros,237.372
2023-12-01,2233,Otros,284.464
2024-01-01,2233,Otros,189.272
2024-02-01,2233,Otros,180.041
2024-03-01,2233,Otros,193.763
2024-04-01,2233,Otros,220.52
2024-05-01,2233,Otros,190.036
2024-06-01,2233,Otros,197.741
2024-07-01,2233,Otros,229.479
2024-08-01,2233,Otros,155.468
2024-09-01,2233,Otros,235.442
2024-10-01,2233,Otros,169.785
2024-11-01,2233,Otros,206.99
2024-12-01,2233,Otros,217.235
2025-01-01,2233,Otros,181.451
2025-02-01,2233,Otros,183.84
2025-03-01,2233,Otros,143.448
2025-04-01,2233,Otros,169.539
2025-05-01,2233,Otros,196.75
2025-06-01,2233,Otros,209.241
2025-07-01,2233,Otros,107.015
2025-08-01,2233,Otros,196.52
2025-09-01,2233,Otros,219.182
2025-10-01,2233,Otros,203.225
2025-11-01,2233,Otros,224.139
2025-12-01,2233,Otros,234.787
2026-01-01,2233,Otros,169.795
2026-02-01,2233,Otros,309.579
2026-03-01,2233,Otros,254.369
2026-04-01,2233,Otros,200.308
2026-05-01,2233,Otros,198.403
2026-06-01,2233,Otros,220.832
2013-01-01,3,Resultado Global (Préstamo/Endeudamiento Neto) /(1-2),865.222
2013-02-01,3,Resultado Global (Préstamo/Endeudamiento Neto) /(1-2),-821.135
2013-03-01,3,Resultado Global (Préstamo/Endeudamiento Neto) /(1-2),-570.553
2013-04-01,3,Resultado Global (Préstamo/Endeudamiento Neto) /(1-2),307.671
2013-05-01,3,Resultado Global (Préstamo/Endeudamiento Neto) /(1-2),-84.739
2013-06-01,3,Resultado Global (Préstamo/Endeudamiento Neto) /(1-2),-881.777
2013-07-01,3,Resultado Global (Préstamo/Endeudamiento Neto) /(1-2),-96.755
2013-08-01,3,Resultado Global (Préstamo/Endeudamiento Neto) /(1-2),-835.675
2013-09-01,3,Resultado Global (Préstamo/Endeudamiento Neto) /(1-2),-723.155
2013-10-01,3,Resultado Global (Préstamo/Endeudamiento Neto) /(1-2),-768.966
2013-11-01,3,Resultado Global (Préstamo/Endeudamiento Neto) /(1-2),-1208.854
2013-12-01,3,Resultado Global (Préstamo/Endeudamiento Neto) /(1-2),-3089.282
2014-01-01,3,Resultado Global (Préstamo/Endeudamiento Neto) /(1-2),703.926
2014-02-01,3,Resultado Global (Préstamo/Endeudamiento Neto) /(1-2),-796.865
2014-03-01,3,Resultado Global (Préstamo/Endeudamiento Neto) /(1-2),-368.967
2014-04-01,3,Resultado Global (Préstamo/Endeudamiento Neto) /(1-2),-133.223
2014-05-01,3,Resultado Global (Préstamo/Endeudamiento Neto) /(1-2),-204.36
2014-06-01,3,Resultado Global (Préstamo/Endeudamiento Neto) /(1-2),-295.858
2014-07-01,3,Resultado Global (Préstamo/Endeudamiento Neto) /(1-2),-714.761
2014-08-01,3,Resultado Global (Préstamo/Endeudamiento Neto) /(1-2),-842.905
2014-09-01,3,Resultado Global (Préstamo/Endeudamiento Neto) /(1-2),-643.511
2014-10-01,3,Resultado Global (Préstamo/Endeudamiento Neto) /(1-2),-974.102
2014-11-01,3,Resultado Global (Préstamo/Endeudamiento Neto) /(1-2),-736.203
2014-12-01,3,Resultado Global (Préstamo/Endeudamiento Neto) /(1-2),-3368.197
2015-01-01,3,Resultado Global (Préstamo/Endeudamiento Neto) /(1-2),639.234
2015-02-01,3,Resultado Global (Préstamo/Endeudamiento Neto) /(1-2),-243.131
2015-03-01,3,Resultado Global (Préstamo/Endeudamiento Neto) /(1-2),-703.982
2015-04-01,3,Resultado Global (Préstamo/Endeudamiento Neto) /(1-2),466.776
2015-05-01,3,Resultado Global (Préstamo/Endeudamiento Neto) /(1-2),-570.054
2015-06-01,3,Resultado Global (Préstamo/Endeudamiento Neto) /(1-2),-518.435
2015-07-01,3,Resultado Global (Préstamo/Endeudamiento Neto) /(1-2),405.216
2015-08-01,3,Resultado Global (Préstamo/Endeudamiento Neto) /(1-2),-707.593
2015-09-01,3,Resultado Global (Préstamo/Endeudamiento Neto) /(1-2),-634.748
2015-10-01,3,Resultado Global (Préstamo/Endeudamiento Neto) /(1-2),-832.083
2015-11-01,3,Resultado Global (Préstamo/Endeudamiento Neto) /(1-2),-733.666
2015-12-01,3,Resultado Global (Préstamo/Endeudamiento Neto) /(1-2),-3296.219
2016-01-01,3,Resultado Global (Préstamo/Endeudamiento Neto) /(1-2),295.342
2016-02-01,3,Resultado Global (Préstamo/Endeudamiento Neto) /(1-2),-938.701
2016-03-01,3,Resultado Global (Préstamo/Endeudamiento Neto) /(1-2),-1098.379
2016-04-01,3,Resultado Global (Préstamo/Endeudamiento Neto) /(1-2),-51.21
2016-05-01,3,Resultado Global (Préstamo/Endeudamiento Neto) /(1-2),-563.459
2016-06-01,3,Resultado Global (Préstamo/Endeudamiento Neto) /(1-2),-801.283
2016-07-01,3,Resultado Global (Préstamo/Endeudamiento Neto) /(1-2),-387.561
2016-08-01,3,Resultado Global (Préstamo/Endeudamiento Neto) /(1-2),-665.868
2016-09-01,3,Resultado Global (Préstamo/Endeudamiento Neto) /(1-2),-947.485
2016-10-01,3,Resultado Global (Préstamo/Endeudamiento Neto) /(1-2),-709.335
2016-11-01,3,Resultado Global (Préstamo/Endeudamiento Neto) /(1-2),-1254.93
2016-12-01,3,Resultado Global (Préstamo/Endeudamiento Neto) /(1-2),-2986.398
2017-01-01,3,Resultado Global (Préstamo/Endeudamiento Neto) /(1-2),700.09
2017-02-01,3,Resultado Global (Préstamo/Endeudamiento Neto) /(1-2),-563.186
2017-03-01,3,Resultado Global (Préstamo/Endeudamiento Neto) /(1-2),-943.019
2017-04-01,3,Resultado Global (Préstamo/Endeudamiento Neto) /(1-2),26.736
2017-05-01,3,Resultado Global (Préstamo/Endeudamiento Neto) /(1-2),-193.252
2017-06-01,3,Resultado Global (Préstamo/Endeudamiento Neto) /(1-2),-563.959
2017-07-01,3,Resultado Global (Préstamo/Endeudamiento Neto) /(1-2),102.955
2017-08-01,3,Resultado Global (Préstamo/Endeudamiento Neto) /(1-2),-658.156
2017-09-01,3,Resultado Global (Préstamo/Endeudamiento Neto) /(1-2),-45.882
2017-10-01,3,Resultado Global (Préstamo/Endeudamiento Neto) /(1-2),-395.026
2017-11-01,3,Resultado Global (Préstamo/Endeudamiento Neto) /(1-2),-677.974
2017-12-01,3,Resultado Global (Préstamo/Endeudamiento Neto) /(1-2),-2883.754
2018-01-01,3,Resultado Global (Préstamo/Endeudamiento Neto) /(1-2),696.924
2018-02-01,3,Resultado Global (Préstamo/Endeudamiento Neto) /(1-2),-178.558
2018-03-01,3,Resultado Global (Préstamo/Endeudamiento Neto) /(1-2),-442.724
2018-04-01,3,Resultado Global (Préstamo/Endeudamiento Neto) /(1-2),247.066
2018-05-01,3,Resultado Global (Préstamo/Endeudamiento Neto) /(1-2),137.054
2018-06-01,3,Resultado Global (Préstamo/Endeudamiento Neto) /(1-2),-309.831
2018-07-01,3,Resultado Global (Préstamo/Endeudamiento Neto) /(1-2),-164.941
2018-08-01,3,Resultado Global (Préstamo/Endeudamiento Neto) /(1-2),-30.982
2018-09-01,3,Resultado Global (Préstamo/Endeudamiento Neto) /(1-2),-479.609
2018-10-01,3,Resultado Global (Préstamo/Endeudamiento Neto) /(1-2),-206.252
2018-11-01,3,Resultado Global (Préstamo/Endeudamiento Neto) /(1-2),57.181
2018-12-01,3,Resultado Global (Préstamo/Endeudamiento Neto) /(1-2),-2387.458
2019-01-01,3,Resultado Global (Préstamo/Endeudamiento Neto) /(1-2),465.523
2019-02-01,3,Resultado Global (Préstamo/Endeudamiento Neto) /(1-2),-140.491
2019-03-01,3,Resultado Global (Préstamo/Endeudamiento Neto) /(1-2),-385.381
2019-04-01,3,Resultado Global (Préstamo/Endeudamiento Neto) /(1-2),344.426
2019-05-01,3,Resultado Global (Préstamo/Endeudamiento Neto) /(1-2),42.11
2019-06-01,3,Resultado Global (Préstamo/Endeudamiento Neto) /(1-2),-346.492
2019-07-01,3,Resultado Global (Préstamo/Endeudamiento Neto) /(1-2),-534.244
2019-08-01,3,Resultado Global (Préstamo/Endeudamiento Neto) /(1-2),-67.331
2019-09-01,3,Resultado Global (Préstamo/Endeudamiento Neto) /(1-2),-90.868
2019-10-01,3,Resultado Global (Préstamo/Endeudamiento Neto) /(1-2),-155.291
2019-11-01,3,Resultado Global (Préstamo/Endeudamiento Neto) /(1-2),-853.752
2019-12-01,3,Resultado Global (Préstamo/Endeudamiento Neto) /(1-2),-2063.098
2020-01-01,3,Resultado Global (Préstamo/Endeudamiento Neto) /(1-2),374.793
2020-02-01,3,Resultado Global (Préstamo/Endeudamiento Neto) /(1-2),-114.534
2020-03-01,3,Resultado Global (Préstamo/Endeudamiento Neto) /(1-2),53.444
2020-04-01,3,Resultado Global (Préstamo/Endeudamiento Neto) /(1-2),-398.659
2020-05-01,3,Resultado Global (Préstamo/Endeudamiento Neto) /(1-2),-850.716
2020-06-01,3,Resultado Global (Préstamo/Endeudamiento Neto) /(1-2),-1093.33
2020-07-01,3,Resultado Global (Préstamo/Endeudamiento Neto) /(1-2),-816.442
2020-08-01,3,Resultado Global (Préstamo/Endeudamiento Neto) /(1-2),-760.24
2020-09-01,3,Resultado Global (Préstamo/Endeudamiento Neto) /(1-2),204.358
2020-10-01,3,Resultado Global (Préstamo/Endeudamiento Neto) /(1-2),-662.527
2020-11-01,3,Resultado Global (Préstamo/Endeudamiento Neto) /(1-2),-449.42
2020-12-01,3,Resultado Global (Préstamo/Endeudamiento Neto) /(1-2),-2578.984
2021-01-01,3,Resultado Global (Préstamo/Endeudamiento Neto) /(1-2),322.073
2021-02-01,3,Resultado Global (Préstamo/Endeudamiento Neto) /(1-2),-88.471
2021-03-01,3,Resultado Global (Préstamo/Endeudamiento Neto) /(1-2),-122.862
2021-04-01,3,Resultado Global (Préstamo/Endeudamiento Neto) /(1-2),413.177
2021-05-01,3,Resultado Global (Préstamo/Endeudamiento Neto) /(1-2),-392.735
2021-06-01,3,Resultado Global (Préstamo/Endeudamiento Neto) /(1-2),28.752
2021-07-01,3,Resultado Global (Préstamo/Endeudamiento Neto) /(1-2),-192.626
2021-08-01,3,Resultado Global (Préstamo/Endeudamiento Neto) /(1-2),-487.485
2021-09-01,3,Resultado Global (Préstamo/Endeudamiento Neto) /(1-2),842.783
2021-10-01,3,Resultado Global (Préstamo/Endeudamiento Neto) /(1-2),262.615
2021-11-01,3,Resultado Global (Préstamo/Endeudamiento Neto) /(1-2),161.132
2021-12-01,3,Resultado Global (Préstamo/Endeudamiento Neto) /(1-2),-2528.665
2022-01-01,3,Resultado Global (Préstamo/Endeudamiento Neto) /(1-2),672.898
2022-02-01,3,Resultado Global (Préstamo/Endeudamiento Neto) /(1-2),-303.272
2022-03-01,3,Resultado Global (Préstamo/Endeudamiento Neto) /(1-2),487.928
2022-04-01,3,Resultado Global (Préstamo/Endeudamiento Neto) /(1-2),379.341
2022-05-01,3,Resultado Global (Préstamo/Endeudamiento Neto) /(1-2),646.977
2022-06-01,3,Resultado Global (Préstamo/Endeudamiento Neto) /(1-2),-60.2
2022-07-01,3,Resultado Global (Préstamo/Endeudamiento Neto) /(1-2),120.323
2022-08-01,3,Resultado Global (Préstamo/Endeudamiento Neto) /(1-2),37.063
2022-09-01,3,Resultado Global (Préstamo/Endeudamiento Neto) /(1-2),465.21
2022-10-01,3,Resultado Global (Préstamo/Endeudamiento Neto) /(1-2),-75.72
2022-11-01,3,Resultado Global (Préstamo/Endeudamiento Neto) /(1-2),-378.113
2022-12-01,3,Resultado Global (Préstamo/Endeudamiento Neto) /(1-2),-2016.386
2023-01-01,3,Resultado Global (Préstamo/Endeudamiento Neto) /(1-2),797.653
2023-02-01,3,Resultado Global (Préstamo/Endeudamiento Neto) /(1-2),-541.712
2023-03-01,3,Resultado Global (Préstamo/Endeudamiento Neto) /(1-2),-102.56
2023-04-01,3,Resultado Global (Préstamo/Endeudamiento Neto) /(1-2),910.038
2023-05-01,3,Resultado Global (Préstamo/Endeudamiento Neto) /(1-2),-312.043
2023-06-01,3,Resultado Global (Préstamo/Endeudamiento Neto) /(1-2),-395.43
2023-07-01,3,Resultado Global (Préstamo/Endeudamiento Neto) /(1-2),-425.343
2023-08-01,3,Resultado Global (Préstamo/Endeudamiento Neto) /(1-2),-654.231
2023-09-01,3,Resultado Global (Préstamo/Endeudamiento Neto) /(1-2),-403.535
2023-10-01,3,Resultado Global (Préstamo/Endeudamiento Neto) /(1-2),-320.811
2023-11-01,3,Resultado Global (Préstamo/Endeudamiento Neto) /(1-2),-853.759
2023-12-01,3,Resultado Global (Préstamo/Endeudamiento Neto) /(1-2),-1971.93
2024-01-01,3,Resultado Global (Préstamo/Endeudamiento Neto) /(1-2),373.888
2024-02-01,3,Resultado Global (Préstamo/Endeudamiento Neto) /(1-2),580.486
2024-03-01,3,Resultado Global (Préstamo/Endeudamiento Neto) /(1-2),192.042
2024-04-01,3,Resultado Global (Préstamo/Endeudamiento Neto) /(1-2),655.318
2024-05-01,3,Resultado Global (Préstamo/Endeudamiento Neto) /(1-2),365.499
2024-06-01,3,Resultado Global (Préstamo/Endeudamiento Neto) /(1-2),218.476
2024-07-01,3,Resultado Global (Préstamo/Endeudamiento Neto) /(1-2),-508.361
2024-08-01,3,Resultado Global (Préstamo/Endeudamiento Neto) /(1-2),-146.822
2024-09-01,3,Resultado Global (Préstamo/Endeudamiento Neto) /(1-2),-221.594
2024-10-01,3,Resultado Global (Préstamo/Endeudamiento Neto) /(1-2),-312.659
2024-11-01,3,Resultado Global (Préstamo/Endeudamiento Neto) /(1-2),-697.687
2024-12-01,3,Resultado Global (Préstamo/Endeudamiento Neto) /(1-2),-2090.958
2025-01-01,3,Resultado Global (Préstamo/Endeudamiento Neto) /(1-2),514.245
2025-02-01,3,Resultado Global (Préstamo/Endeudamiento Neto) /(1-2),-570.044
2025-03-01,3,Resultado Global (Préstamo/Endeudamiento Neto) /(1-2),313.191
2025-04-01,3,Resultado Global (Préstamo/Endeudamiento Neto) /(1-2),367.582
2025-05-01,3,Resultado Global (Préstamo/Endeudamiento Neto) /(1-2),-383.379
2025-06-01,3,Resultado Global (Préstamo/Endeudamiento Neto) /(1-2),139.695
2025-07-01,3,Resultado Global (Préstamo/Endeudamiento Neto) /(1-2),-365.761
2025-08-01,3,Resultado Global (Préstamo/Endeudamiento Neto) /(1-2),-430.528
2025-09-01,3,Resultado Global (Préstamo/Endeudamiento Neto) /(1-2),-283.959
2025-10-01,3,Resultado Global (Préstamo/Endeudamiento Neto) /(1-2),-187.354
2025-11-01,3,Resultado Global (Préstamo/Endeudamiento Neto) /(1-2),-1156.354
2025-12-01,3,Resultado Global (Préstamo/Endeudamiento Neto) /(1-2),-1646.588
2026-01-01,3,Resultado Global (Préstamo/Endeudamiento Neto) /(1-2),623.539
2026-02-01,3,Resultado Global (Préstamo/Endeudamiento Neto) /(1-2),-366.149
2026-03-01,3,Resultado Global (Préstamo/Endeudamiento Neto) /(1-2),177.18
2026-04-01,3,Resultado Global (Préstamo/Endeudamiento Neto) /(1-2),1356.374
2026-05-01,3,Resultado Global (Préstamo/Endeudamiento Neto) /(1-2),255.601
2026-06-01,3,Resultado Global (Préstamo/Endeudamiento Neto) /(1-2),21.492
2013-01-01,31,Resultado Operativo Bruto (1-21-222-223),1148.08
2013-02-01,31,Resultado Operativo Bruto (1-21-222-223),-448.575
2013-03-01,31,Resultado Operativo Bruto (1-21-222-223),-135.676
2013-04-01,31,Resultado Operativo Bruto (1-21-222-223),844.712
2013-05-01,31,Resultado Operativo Bruto (1-21-222-223),384.315
2013-06-01,31,Resultado Operativo Bruto (1-21-222-223),-460.716
2013-07-01,31,Resultado Operativo Bruto (1-21-222-223),412.239
2013-08-01,31,Resultado Operativo Bruto (1-21-222-223),-315.131
2013-09-01,31,Resultado Operativo Bruto (1-21-222-223),-186.651
2013-10-01,31,Resultado Operativo Bruto (1-21-222-223),-166.899
2013-11-01,31,Resultado Operativo Bruto (1-21-222-223),-469.096
2013-12-01,31,Resultado Operativo Bruto (1-21-222-223),-2229.859
2014-01-01,31,Resultado Operativo Bruto (1-21-222-223),950.657
2014-02-01,31,Resultado Operativo Bruto (1-21-222-223),-259.143
2014-03-01,31,Resultado Operativo Bruto (1-21-222-223),84.705
2014-04-01,31,Resultado Operativo Bruto (1-21-222-223),345.965
2014-05-01,31,Resultado Operativo Bruto (1-21-222-223),266.786
2014-06-01,31,Resultado Operativo Bruto (1-21-222-223),139.747
2014-07-01,31,Resultado Operativo Bruto (1-21-222-223),-248.809
2014-08-01,31,Resultado Operativo Bruto (1-21-222-223),-419.289
2014-09-01,31,Resultado Operativo Bruto (1-21-222-223),-119.395
2014-10-01,31,Resultado Operativo Bruto (1-21-222-223),-387.278
2014-11-01,31,Resultado Operativo Bruto (1-21-222-223),-131.469
2014-12-01,31,Resultado Operativo Bruto (1-21-222-223),-2520.179
2015-01-01,31,Resultado Operativo Bruto (1-21-222-223),784.954
2015-02-01,31,Resultado Operativo Bruto (1-21-222-223),35.039
2015-03-01,31,Resultado Operativo Bruto (1-21-222-223),-271.626
2015-04-01,31,Resultado Operativo Bruto (1-21-222-223),725.654
2015-05-01,31,Resultado Operativo Bruto (1-21-222-223),-193.256
2015-06-01,31,Resultado Operativo Bruto (1-21-222-223),-83.175
2015-07-01,31,Resultado Operativo Bruto (1-21-222-223),744.307
2015-08-01,31,Resultado Operativo Bruto (1-21-222-223),-351.217
2015-09-01,31,Resultado Operativo Bruto (1-21-222-223),-283.804
2015-10-01,31,Resultado Operativo Bruto (1-21-222-223),-460.889
2015-11-01,31,Resultado Operativo Bruto (1-21-222-223),-374.795
2015-12-01,31,Resultado Operativo Bruto (1-21-222-223),-2701.608
2016-01-01,31,Resultado Operativo Bruto (1-21-222-223),386.108
2016-02-01,31,Resultado Operativo Bruto (1-21-222-223),-753.297
2016-03-01,31,Resultado Operativo Bruto (1-21-222-223),-797.198
2016-04-01,31,Resultado Operativo Bruto (1-21-222-223),199.928
2016-05-01,31,Resultado Operativo Bruto (1-21-222-223),-290.051
2016-06-01,31,Resultado Operativo Bruto (1-21-222-223),-586.419
2016-07-01,31,Resultado Operativo Bruto (1-21-222-223),-50.464
2016-08-01,31,Resultado Operativo Bruto (1-21-222-223),-118.58
2016-09-01,31,Resultado Operativo Bruto (1-21-222-223),-480.091
2016-10-01,31,Resultado Operativo Bruto (1-21-222-223),-282.121
2016-11-01,31,Resultado Operativo Bruto (1-21-222-223),-581.418
2016-12-01,31,Resultado Operativo Bruto (1-21-222-223),-1777.409
2017-01-01,31,Resultado Operativo Bruto (1-21-222-223),852.221
2017-02-01,31,Resultado Operativo Bruto (1-21-222-223),-172.735
2017-03-01,31,Resultado Operativo Bruto (1-21-222-223),-411.14
2017-04-01,31,Resultado Operativo Bruto (1-21-222-223),515.745
2017-05-01,31,Resultado Operativo Bruto (1-21-222-223),219.002
2017-06-01,31,Resultado Operativo Bruto (1-21-222-223),-246.579
2017-07-01,31,Resultado Operativo Bruto (1-21-222-223),335.118
2017-08-01,31,Resultado Operativo Bruto (1-21-222-223),-330.415
2017-09-01,31,Resultado Operativo Bruto (1-21-222-223),261.648
2017-10-01,31,Resultado Operativo Bruto (1-21-222-223),-23.546
2017-11-01,31,Resultado Operativo Bruto (1-21-222-223),-181.609
2017-12-01,31,Resultado Operativo Bruto (1-21-222-223),-1797.623
2018-01-01,31,Resultado Operativo Bruto (1-21-222-223),820.714
2018-02-01,31,Resultado Operativo Bruto (1-21-222-223),67.913
2018-03-01,31,Resultado Operativo Bruto (1-21-222-223),-229.947
2018-04-01,31,Resultado Operativo Bruto (1-21-222-223),501.522
2018-05-01,31,Resultado Operativo Bruto (1-21-222-223),340.92
2018-06-01,31,Resultado Operativo Bruto (1-21-222-223),-31.26
2018-07-01,31,Resultado Operativo Bruto (1-21-222-223),122.743
2018-08-01,31,Resultado Operativo Bruto (1-21-222-223),236.738
2018-09-01,31,Resultado Operativo Bruto (1-21-222-223),-3.193
2018-10-01,31,Resultado Operativo Bruto (1-21-222-223),79.51
2018-11-01,31,Resultado Operativo Bruto (1-21-222-223),324.706
2018-12-01,31,Resultado Operativo Bruto (1-21-222-223),-1617.953
2019-01-01,31,Resultado Operativo Bruto (1-21-222-223),615.105
2019-02-01,31,Resultado Operativo Bruto (1-21-222-223),8.158
2019-03-01,31,Resultado Operativo Bruto (1-21-222-223),-182.361
2019-04-01,31,Resultado Operativo Bruto (1-21-222-223),633.922
2019-05-01,31,Resultado Operativo Bruto (1-21-222-223),373.016
2019-06-01,31,Resultado Operativo Bruto (1-21-222-223),-138.985
2019-07-01,31,Resultado Operativo Bruto (1-21-222-223),-335.406
2019-08-01,31,Resultado Operativo Bruto (1-21-222-223),110.125
2019-09-01,31,Resultado Operativo Bruto (1-21-222-223),104.038
2019-10-01,31,Resultado Operativo Bruto (1-21-222-223),72.409
2019-11-01,31,Resultado Operativo Bruto (1-21-222-223),-625.163
2019-12-01,31,Resultado Operativo Bruto (1-21-222-223),-1552.126
2020-01-01,31,Resultado Operativo Bruto (1-21-222-223),464.325
2020-02-01,31,Resultado Operativo Bruto (1-21-222-223),17.321
2020-03-01,31,Resultado Operativo Bruto (1-21-222-223),151.672
2020-04-01,31,Resultado Operativo Bruto (1-21-222-223),-335.74
2020-05-01,31,Resultado Operativo Bruto (1-21-222-223),-755.958
2020-06-01,31,Resultado Operativo Bruto (1-21-222-223),-991.839
2020-07-01,31,Resultado Operativo Bruto (1-21-222-223),-693.862
2020-08-01,31,Resultado Operativo Bruto (1-21-222-223),-602.576
2020-09-01,31,Resultado Operativo Bruto (1-21-222-223),358.115
2020-10-01,31,Resultado Operativo Bruto (1-21-222-223),-501.499
2020-11-01,31,Resultado Operativo Bruto (1-21-222-223),-222.833
2020-12-01,31,Resultado Operativo Bruto (1-21-222-223),-2122.269
2021-01-01,31,Resultado Operativo Bruto (1-21-222-223),373.689
2021-02-01,31,Resultado Operativo Bruto (1-21-222-223),1.113
2021-03-01,31,Resultado Operativo Bruto (1-21-222-223),56.443
2021-04-01,31,Resultado Operativo Bruto (1-21-222-223),565.226
2021-05-01,31,Resultado Operativo Bruto (1-21-222-223),-177.98
2021-06-01,31,Resultado Operativo Bruto (1-21-222-223),174.03
2021-07-01,31,Resultado Operativo Bruto (1-21-222-223),-16.982
2021-08-01,31,Resultado Operativo Bruto (1-21-222-223),-340.581
2021-09-01,31,Resultado Operativo Bruto (1-21-222-223),1009.448
2021-10-01,31,Resultado Operativo Bruto (1-21-222-223),435.501
2021-11-01,31,Resultado Operativo Bruto (1-21-222-223),343.741
2021-12-01,31,Resultado Operativo Bruto (1-21-222-223),-1931.107
2022-01-01,31,Resultado Operativo Bruto (1-21-222-223),717.537
2022-02-01,31,Resultado Operativo Bruto (1-21-222-223),-201.318
2022-03-01,31,Resultado Operativo Bruto (1-21-222-223),642.971
2022-04-01,31,Resultado Operativo Bruto (1-21-222-223),517.986
2022-05-01,31,Resultado Operativo Bruto (1-21-222-223),820.133
2022-06-01,31,Resultado Operativo Bruto (1-21-222-223),94.885
2022-07-01,31,Resultado Operativo Bruto (1-21-222-223),291.258
2022-08-01,31,Resultado Operativo Bruto (1-21-222-223),229.72
2022-09-01,31,Resultado Operativo Bruto (1-21-222-223),669.917
2022-10-01,31,Resultado Operativo Bruto (1-21-222-223),134.536
2022-11-01,31,Resultado Operativo Bruto (1-21-222-223),-158.37
2022-12-01,31,Resultado Operativo Bruto (1-21-222-223),-1464.934
2023-01-01,31,Resultado Operativo Bruto (1-21-222-223),893.053
2023-02-01,31,Resultado Operativo Bruto (1-21-222-223),-409.447
2023-03-01,31,Resultado Operativo Bruto (1-21-222-223),79.322
2023-04-01,31,Resultado Operativo Bruto (1-21-222-223),1136.634
2023-05-01,31,Resultado Operativo Bruto (1-21-222-223),-134.894
2023-06-01,31,Resultado Operativo Bruto (1-21-222-223),-261.733
2023-07-01,31,Resultado Operativo Bruto (1-21-222-223),-288.043
2023-08-01,31,Resultado Operativo Bruto (1-21-222-223),-478.6
2023-09-01,31,Resultado Operativo Bruto (1-21-222-223),-249.588
2023-10-01,31,Resultado Operativo Bruto (1-21-222-223),-174.659
2023-11-01,31,Resultado Operativo Bruto (1-21-222-223),-677.768
2023-12-01,31,Resultado Operativo Bruto (1-21-222-223),-1627.56
2024-01-01,31,Resultado Operativo Bruto (1-21-222-223),413.166
2024-02-01,31,Resultado Operativo Bruto (1-21-222-223),660.58
2024-03-01,31,Resultado Operativo Bruto (1-21-222-223),324.648
2024-04-01,31,Resultado Operativo Bruto (1-21-222-223),756.915
2024-05-01,31,Resultado Operativo Bruto (1-21-222-223),496.307
2024-06-01,31,Resultado Operativo Bruto (1-21-222-223),352.229
2024-07-01,31,Resultado Operativo Bruto (1-21-222-223),-343.791
2024-08-01,31,Resultado Operativo Bruto (1-21-222-223),18.097
2024-09-01,31,Resultado Operativo Bruto (1-21-222-223),-39.373
2024-10-01,31,Resultado Operativo Bruto (1-21-222-223),-131.248
2024-11-01,31,Resultado Operativo Bruto (1-21-222-223),-491.653
2024-12-01,31,Resultado Operativo Bruto (1-21-222-223),-1729.251
2025-01-01,31,Resultado Operativo Bruto (1-21-222-223),563.355
2025-02-01,31,Resultado Operativo Bruto (1-21-222-223),-452.383
2025-03-01,31,Resultado Operativo Bruto (1-21-222-223),459.054
2025-04-01,31,Resultado Operativo Bruto (1-21-222-223),545.855
2025-05-01,31,Resultado Operativo Bruto (1-21-222-223),-253.123
2025-06-01,31,Resultado Operativo Bruto (1-21-222-223),286.974
2025-07-01,31,Resultado Operativo Bruto (1-21-222-223),-195.238
2025-08-01,31,Resultado Operativo Bruto (1-21-222-223),-273.848
2025-09-01,31,Resultado Operativo Bruto (1-21-222-223),-28.342
2025-10-01,31,Resultado Operativo Bruto (1-21-222-223),17.201
2025-11-01,31,Resultado Operativo Bruto (1-21-222-223),-924.504
2025-12-01,31,Resultado Operativo Bruto (1-21-222-223),-1162.87
2026-01-01,31,Resultado Operativo Bruto (1-21-222-223),668.352
2026-02-01,31,Resultado Operativo Bruto (1-21-222-223),-244.305
2026-03-01,31,Resultado Operativo Bruto (1-21-222-223),354.315
2026-04-01,31,Resultado Operativo Bruto (1-21-222-223),1549.667
2026-05-01,31,Resultado Operativo Bruto (1-21-222-223),461.283
2026-06-01,31,Resultado Operativo Bruto (1-21-222-223),232.428
2013-01-01,4,Resultado Primario (3+213),895.505
2013-02-01,4,Resultado Primario (3+213),-784.954
2013-03-01,4,Resultado Primario (3+213),-461.411
2013-04-01,4,Resultado Primario (3+213),343.546
2013-05-01,4,Resultado Primario (3+213),-46.762
2013-06-01,4,Resultado Primario (3+213),-694.139
2013-07-01,4,Resultado Primario (3+213),-78.498
2013-08-01,4,Resultado Primario (3+213),-784.752
2013-09-01,4,Resultado Primario (3+213),-591.566
2013-10-01,4,Resultado Primario (3+213),-727.712
2013-11-01,4,Resultado Primario (3+213),-1175.822
2013-12-01,4,Resultado Primario (3+213),-2895.273
2014-01-01,4,Resultado Primario (3+213),748.073
2014-02-01,4,Resultado Primario (3+213),-737.586
2014-03-01,4,Resultado Primario (3+213),-210.323
2014-04-01,4,Resultado Primario (3+213),-85.27
2014-05-01,4,Resultado Primario (3+213),-164.812
2014-06-01,4,Resultado Primario (3+213),-153.424
2014-07-01,4,Resultado Primario (3+213),-682.641
2014-08-01,4,Resultado Primario (3+213),-797.982
2014-09-01,4,Resultado Primario (3+213),-492.896
2014-10-01,4,Resultado Primario (3+213),-929.283
2014-11-01,4,Resultado Primario (3+213),-690.006
2014-12-01,4,Resultado Primario (3+213),-3128.265
2015-01-01,4,Resultado Primario (3+213),676.671
2015-02-01,4,Resultado Primario (3+213),-194.562
2015-03-01,4,Resultado Primario (3+213),-463.458
2015-04-01,4,Resultado Primario (3+213),507.213
2015-05-01,4,Resultado Primario (3+213),-520.56
2015-06-01,4,Resultado Primario (3+213),-263.458
2015-07-01,4,Resultado Primario (3+213),442.1
2015-08-01,4,Resultado Primario (3+213),-650.31
2015-09-01,4,Resultado Primario (3+213),-365.603
2015-10-01,4,Resultado Primario (3+213),-786.192
2015-11-01,4,Resultado Primario (3+213),-683.41
2015-12-01,4,Resultado Primario (3+213),-3043.799
2016-01-01,4,Resultado Primario (3+213),350.421
2016-02-01,4,Resultado Primario (3+213),-886.414
2016-03-01,4,Resultado Primario (3+213),-832.183
2016-04-01,4,Resultado Primario (3+213),-9.321
2016-05-01,4,Resultado Primario (3+213),-487.452
2016-06-01,4,Resultado Primario (3+213),-546.946
2016-07-01,4,Resultado Primario (3+213),-323.619
2016-08-01,4,Resultado Primario (3+213),-597.848
2016-09-01,4,Resultado Primario (3+213),-676.83
2016-10-01,4,Resultado Primario (3+213),-633.713
2016-11-01,4,Resultado Primario (3+213),-1185.378
2016-12-01,4,Resultado Primario (3+213),-2684.217
2017-01-01,4,Resultado Primario (3+213),789.527
2017-02-01,4,Resultado Primario (3+213),-482.76
2017-03-01,4,Resultado Primario (3+213),-521.077
2017-04-01,4,Resultado Primario (3+213),105.262
2017-05-01,4,Resultado Primario (3+213),-100.094
2017-06-01,4,Resultado Primario (3+213),-264.767
2017-07-01,4,Resultado Primario (3+213),193.862
2017-08-01,4,Resultado Primario (3+213),-561.992
2017-09-01,4,Resultado Primario (3+213),368.307
2017-10-01,4,Resultado Primario (3+213),-311.26
2017-11-01,4,Resultado Primario (3+213),-589.666
2017-12-01,4,Resultado Primario (3+213),-2499.941
2018-01-01,4,Resultado Primario (3+213),812.137
2018-02-01,4,Resultado Primario (3+213),-78.928
2018-03-01,4,Resultado Primario (3+213),-56.245
2018-04-01,4,Resultado Primario (3+213),449.549
2018-05-01,4,Resultado Primario (3+213),325.594
2018-06-01,4,Resultado Primario (3+213),-26.716
2018-07-01,4,Resultado Primario (3+213),63.095
2018-08-01,4,Resultado Primario (3+213),85.561
2018-09-01,4,Resultado Primario (3+213),-103.309
2018-10-01,4,Resultado Primario (3+213),12.216
2018-11-01,4,Resultado Primario (3+213),264.278
2018-12-01,4,Resultado Primario (3+213),-2081.14
2019-01-01,4,Resultado Primario (3+213),718.0
2019-02-01,4,Resultado Primario (3+213),-31.008
2019-03-01,4,Resultado Primario (3+213),-13.3
2019-04-01,4,Resultado Primario (3+213),561.119
2019-05-01,4,Resultado Primario (3+213),264.662
2019-06-01,4,Resultado Primario (3+213),-36.67
2019-07-01,4,Resultado Primario (3+213),-179.367
2019-08-01,4,Resultado Primario (3+213),38.435
2019-09-01,4,Resultado Primario (3+213),211.034
2019-10-01,4,Resultado Primario (3+213),69.315
2019-11-01,4,Resultado Primario (3+213),-641.388
2019-12-01,4,Resultado Primario (3+213),-1759.434
2020-01-01,4,Resultado Primario (3+213),723.893
2020-02-01,4,Resultado Primario (3+213),-13.059
2020-03-01,4,Resultado Primario (3+213),425.38
2020-04-01,4,Resultado Primario (3+213),-134.47
2020-05-01,4,Resultado Primario (3+213),-749.173
2020-06-01,4,Resultado Primario (3+213),-740.364
2020-07-01,4,Resultado Primario (3+213),-471.715
2020-08-01,4,Resultado Primario (3+213),-265.349
2020-09-01,4,Resultado Primario (3+213),348.508
2020-10-01,4,Resultado Primario (3+213),-564.809
2020-11-01,4,Resultado Primario (3+213),-349.175
2020-12-01,4,Resultado Primario (3+213),-2460.17
2021-01-01,4,Resultado Primario (3+213),480.164
2021-02-01,4,Resultado Primario (3+213),19.495
2021-03-01,4,Resultado Primario (3+213),19.439
2021-04-01,4,Resultado Primario (3+213),494.424
2021-05-01,4,Resultado Primario (3+213),-258.943
2021-06-01,4,Resultado Primario (3+213),124.836
2021-07-01,4,Resultado Primario (3+213),-47.966
2021-08-01,4,Resultado Primario (3+213),-370.058
2021-09-01,4,Resultado Primario (3+213),981.926
2021-10-01,4,Resultado Primario (3+213),375.847
2021-11-01,4,Resultado Primario (3+213),294.167
2021-12-01,4,Resultado Primario (3+213),-2429.822
2022-01-01,4,Resultado Primario (3+213),926.386
2022-02-01,4,Resultado Primario (3+213),-181.153
2022-03-01,4,Resultado Primario (3+213),627.761
2022-04-01,4,Resultado Primario (3+213),483.867
2022-05-01,4,Resultado Primario (3+213),800.415
2022-06-01,4,Resultado Primario (3+213),69.004
2022-07-01,4,Resultado Primario (3+213),332.144
2022-08-01,4,Resultado Primario (3+213),188.531
2022-09-01,4,Resultado Primario (3+213),604.833
2022-10-01,4,Resultado Primario (3+213),34.458
2022-11-01,4,Resultado Primario (3+213),-120.828
2022-12-01,4,Resultado Primario (3+213),-1907.661
2023-01-01,4,Resultado Primario (3+213),1137.032
2023-02-01,4,Resultado Primario (3+213),-350.068
2023-03-01,4,Resultado Primario (3+213),65.136
2023-04-01,4,Resultado Primario (3+213),1026.069
2023-05-01,4,Resultado Primario (3+213),39.347
2023-06-01,4,Resultado Primario (3+213),-230.164
2023-07-01,4,Resultado Primario (3+213),-103.573
2023-08-01,4,Resultado Primario (3+213),-412.9
2023-09-01,4,Resultado Primario (3+213),-219.566
2023-10-01,4,Resultado Primario (3+213),-202.566
2023-11-01,4,Resultado Primario (3+213),-487.319
2023-12-01,4,Resultado Primario (3+213),-1830.122
2024-01-01,4,Resultado Primario (3+213),813.126
2024-02-01,4,Resultado Primario (3+213),800.406
2024-03-01,4,Resultado Primario (3+213),362.82
2024-04-01,4,Resultado Primario (3+213),767.936
2024-05-01,4,Resultado Primario (3+213),730.245
2024-06-01,4,Resultado Primario (3+213),344.28
2024-07-01,4,Resultado Primario (3+213),-63.354
2024-08-01,4,Resultado Primario (3+213),85.42
2024-09-01,4,Resultado Primario (3+213),-36.262
2024-10-01,4,Resultado Primario (3+213),-194.984
2024-11-01,4,Resultado Primario (3+213),-322.15
2024-12-01,4,Resultado Primario (3+213),-1898.113
2025-01-01,4,Resultado Primario (3+213),1061.299
2025-02-01,4,Resultado Primario (3+213),-347.366
2025-03-01,4,Resultado Primario (3+213),531.614
2025-04-01,4,Resultado Primario (3+213),514.747
2025-05-01,4,Resultado Primario (3+213),-47.946
2025-06-01,4,Resultado Primario (3+213),283.714
2025-07-01,4,Resultado Primario (3+213),173.576
2025-08-01,4,Resultado Primario (3+213),-222.598
2025-09-01,4,Resultado Primario (3+213),-54.037
2025-10-01,4,Resultado Primario (3+213),-46.609
2025-11-01,4,Resultado Primario (3+213),-859.453
2025-12-01,4,Resultado Primario (3+213),-1444.37
2026-01-01,4,Resultado Primario (3+213),1229.334
2026-02-01,4,Resultado Primario (3+213),-149.329
2026-03-01,4,Resultado Primario (3+213),425.06
2026-04-01,4,Resultado Primario (3+213),1526.724
2026-05-01,4,Resultado Primario (3+213),573.592
2026-06-01,4,Resultado Primario (3+213),209.466
2013-01-01,41,Resultado primario no petrolero (4+23-11),408.618
2013-02-01,41,Resultado primario no petrolero (4+23-11),-663.621
2013-03-01,41,Resultado primario no petrolero (4+23-11),-472.788
2013-04-01,41,Resultado primario no petrolero (4+23-11),37.235
2013-05-01,41,Resultado primario no petrolero (4+23-11),-270.081
2013-06-01,41,Resultado primario no petrolero (4+23-11),-449.12
2013-07-01,41,Resultado primario no petrolero (4+23-11),-449.982
2013-08-01,41,Resultado primario no petrolero (4+23-11),-780.58
2013-09-01,41,Resultado primario no petrolero (4+23-11),-516.891
2013-10-01,41,Resultado primario no petrolero (4+23-11),-859.641
2013-11-01,41,Resultado primario no petrolero (4+23-11),-1165.791
2013-12-01,41,Resultado primario no petrolero (4+23-11),-2719.629
2014-01-01,41,Resultado primario no petrolero (4+23-11),444.757
2014-02-01,41,Resultado primario no petrolero (4+23-11),-603.744
2014-03-01,41,Resultado primario no petrolero (4+23-11),-516.577
2014-04-01,41,Resultado primario no petrolero (4+23-11),58.36
2014-05-01,41,Resultado primario no petrolero (4+23-11),-234.244
2014-06-01,41,Resultado primario no petrolero (4+23-11),-363.033
2014-07-01,41,Resultado primario no petrolero (4+23-11),-441.506
2014-08-01,41,Resultado primario no petrolero (4+23-11),-720.496
2014-09-01,41,Resultado primario no petrolero (4+23-11),-518.112
2014-10-01,41,Resultado primario no petrolero (4+23-11),-727.251
2014-11-01,41,Resultado primario no petrolero (4+23-11),-773.563
2014-12-01,41,Resultado primario no petrolero (4+23-11),-2537.127
2015-01-01,41,Resultado primario no petrolero (4+23-11),863.205
2015-02-01,41,Resultado primario no petrolero (4+23-11),52.254
2015-03-01,41,Resultado primario no petrolero (4+23-11),-380.483
2015-04-01,41,Resultado primario no petrolero (4+23-11),640.898
2015-05-01,41,Resultado primario no petrolero (4+23-11),-429.816
2015-06-01,41,Resultado primario no petrolero (4+23-11),-262.072
2015-07-01,41,Resultado primario no petrolero (4+23-11),456.991
2015-08-01,41,Resultado primario no petrolero (4+23-11),-537.764
2015-09-01,41,Resultado primario no petrolero (4+23-11),-119.422
2015-10-01,41,Resultado primario no petrolero (4+23-11),-636.921
2015-11-01,41,Resultado primario no petrolero (4+23-11),-456.34
2015-12-01,41,Resultado primario no petrolero (4+23-11),-2548.855
2016-01-01,41,Resultado primario no petrolero (4+23-11),510.777
2016-02-01,41,Resultado primario no petrolero (4+23-11),-489.263
2016-03-01,41,Resultado primario no petrolero (4+23-11),-576.253
2016-04-01,41,Resultado primario no petrolero (4+23-11),185.143
2016-05-01,41,Resultado primario no petrolero (4+23-11),-422.352
2016-06-01,41,Resultado primario no petrolero (4+23-11),-441.638
2016-07-01,41,Resultado primario no petrolero (4+23-11),-296.2
2016-08-01,41,Resultado primario no petrolero (4+23-11),-696.75
2016-09-01,41,Resultado primario no petrolero (4+23-11),-683.228
2016-10-01,41,Resultado primario no petrolero (4+23-11),-562.801
2016-11-01,41,Resultado primario no petrolero (4+23-11),-1126.486
2016-12-01,41,Resultado primario no petrolero (4+23-11),-2748.338
2017-01-01,41,Resultado primario no petrolero (4+23-11),590.747
2017-02-01,41,Resultado primario no petrolero (4+23-11),-533.897
2017-03-01,41,Resultado primario no petrolero (4+23-11),-774.98
2017-04-01,41,Resultado primario no petrolero (4+23-11),158.77
2017-05-01,41,Resultado primario no petrolero (4+23-11),-236.054
2017-06-01,41,Resultado primario no petrolero (4+23-11),-407.291
2017-07-01,41,Resultado primario no petrolero (4+23-11),-24.354
2017-08-01,41,Resultado primario no petrolero (4+23-11),-622.903
2017-09-01,41,Resultado primario no petrolero (4+23-11),278.271
2017-10-01,41,Resultado primario no petrolero (4+23-11),-302.131
2017-11-01,41,Resultado primario no petrolero (4+23-11),-700.655
2017-12-01,41,Resultado primario no petrolero (4+23-11),-3033.071
2018-01-01,41,Resultado primario no petrolero (4+23-11),673.794
2018-02-01,41,Resultado primario no petrolero (4+23-11),-134.39
2018-03-01,41,Resultado primario no petrolero (4+23-11),-685.389
2018-04-01,41,Resultado primario no petrolero (4+23-11),262.758
2018-05-01,41,Resultado primario no petrolero (4+23-11),31.642
2018-06-01,41,Resultado primario no petrolero (4+23-11),-501.95
2018-07-01,41,Resultado primario no petrolero (4+23-11),-284.867
2018-08-01,41,Resultado primario no petrolero (4+23-11),-297.606
2018-09-01,41,Resultado primario no petrolero (4+23-11),-494.634
2018-10-01,41,Resultado primario no petrolero (4+23-11),-332.903
2018-11-01,41,Resultado primario no petrolero (4+23-11),-280.245
2018-12-01,41,Resultado primario no petrolero (4+23-11),-2181.562
2019-01-01,41,Resultado primario no petrolero (4+23-11),812.039
2019-02-01,41,Resultado primario no petrolero (4+23-11),-228.369
2019-03-01,41,Resultado primario no petrolero (4+23-11),-397.255
2019-04-01,41,Resultado primario no petrolero (4+23-11),380.23
2019-05-01,41,Resultado primario no petrolero (4+23-11),-223.233
2019-06-01,41,Resultado primario no petrolero (4+23-11),-226.905
2019-07-01,41,Resultado primario no petrolero (4+23-11),-278.281
2019-08-01,41,Resultado primario no petrolero (4+23-11),-441.018
2019-09-01,41,Resultado primario no petrolero (4+23-11),-133.764
2019-10-01,41,Resultado primario no petrolero (4+23-11),-36.866
2019-11-01,41,Resultado primario no petrolero (4+23-11),-949.214
2019-12-01,41,Resultado primario no petrolero (4+23-11),-1955.453
2020-01-01,41,Resultado primario no petrolero (4+23-11),625.762
2020-02-01,41,Resultado primario no petrolero (4+23-11),-318.186
2020-03-01,41,Resultado primario no petrolero (4+23-11),228.371
2020-04-01,41,Resultado primario no petrolero (4+23-11),40.432
2020-05-01,41,Resultado primario no petrolero (4+23-11),-493.643
2020-06-01,41,Resultado primario no petrolero (4+23-11),-417.674
2020-07-01,41,Resultado primario no petrolero (4+23-11),-389.294
2020-08-01,41,Resultado primario no petrolero (4+23-11),-337.947
2020-09-01,41,Resultado primario no petrolero (4+23-11),-26.092
2020-10-01,41,Resultado primario no petrolero (4+23-11),-748.463
2020-11-01,41,Resultado primario no petrolero (4+23-11),-555.736
2020-12-01,41,Resultado primario no petrolero (4+23-11),-2387.092
2021-01-01,41,Resultado primario no petrolero (4+23-11),437.823
2021-02-01,41,Resultado primario no petrolero (4+23-11),-65.136
2021-03-01,41,Resultado primario no petrolero (4+23-11),-318.005
2021-04-01,41,Resultado primario no petrolero (4+23-11),276.336
2021-05-01,41,Resultado primario no petrolero (4+23-11),-770.067
2021-06-01,41,Resultado primario no petrolero (4+23-11),-321.713
2021-07-01,41,Resultado primario no petrolero (4+23-11),-173.21
2021-08-01,41,Resultado primario no petrolero (4+23-11),-525.999
2021-09-01,41,Resultado primario no petrolero (4+23-11),-88.21
2021-10-01,41,Resultado primario no petrolero (4+23-11),-73.176
2021-11-01,41,Resultado primario no petrolero (4+23-11),-287.447
2021-12-01,41,Resultado primario no petrolero (4+23-11),-2605.772
2022-01-01,41,Resultado primario no petrolero (4+23-11),616.86
2022-02-01,41,Resultado primario no petrolero (4+23-11),-259.825
2022-03-01,41,Resultado primario no petrolero (4+23-11),218.882
2022-04-01,41,Resultado primario no petrolero (4+23-11),463.055
2022-05-01,41,Resultado primario no petrolero (4+23-11),-8.57
2022-06-01,41,Resultado primario no petrolero (4+23-11),-112.612
2022-07-01,41,Resultado primario no petrolero (4+23-11),-320.253
2022-08-01,41,Resultado primario no petrolero (4+23-11),-418.979
2022-09-01,41,Resultado primario no petrolero (4+23-11),209.623
2022-10-01,41,Resultado primario no petrolero (4+23-11),-161.15
2022-11-01,41,Resultado primario no petrolero (4+23-11),-501.829
2022-12-01,41,Resultado primario no petrolero (4+23-11),-2036.513
2023-01-01,41,Resultado primario no petrolero (4+23-11),762.381
2023-02-01,41,Resultado primario no petrolero (4+23-11),-263.512
2023-03-01,41,Resultado primario no petrolero (4+23-11),-208.207
2023-04-01,41,Resultado primario no petrolero (4+23-11),758.372
2023-05-01,41,Resultado primario no petrolero (4+23-11),-174.067
2023-06-01,41,Resultado primario no petrolero (4+23-11),-277.098
2023-07-01,41,Resultado primario no petrolero (4+23-11),-325.853
2023-08-01,41,Resultado primario no petrolero (4+23-11),-684.168
2023-09-01,41,Resultado primario no petrolero (4+23-11),-391.943
2023-10-01,41,Resultado primario no petrolero (4+23-11),-466.923
2023-11-01,41,Resultado primario no petrolero (4+23-11),-753.895
2023-12-01,41,Resultado primario no petrolero (4+23-11),-1834.561
2024-01-01,41,Resultado primario no petrolero (4+23-11),635.772
2024-02-01,41,Resultado primario no petrolero (4+23-11),513.327
2024-03-01,41,Resultado primario no petrolero (4+23-11),68.025
2024-04-01,41,Resultado primario no petrolero (4+23-11),644.293
2024-05-01,41,Resultado primario no petrolero (4+23-11),325.677
2024-06-01,41,Resultado primario no petrolero (4+23-11),24.762
2024-07-01,41,Resultado primario no petrolero (4+23-11),-245.917
2024-08-01,41,Resultado primario no petrolero (4+23-11),-403.765
2024-09-01,41,Resultado primario no petrolero (4+23-11),-218.81
2024-10-01,41,Resultado primario no petrolero (4+23-11),-307.481
2024-11-01,41,Resultado primario no petrolero (4+23-11),-569.212
2024-12-01,41,Resultado primario no petrolero (4+23-11),-2112.86
2025-01-01,41,Resultado primario no petrolero (4+23-11),954.334
2025-02-01,41,Resultado primario no petrolero (4+23-11),-366.53
2025-03-01,41,Resultado primario no petrolero (4+23-11),320.037
2025-04-01,41,Resultado primario no petrolero (4+23-11),229.192
2025-05-01,41,Resultado primario no petrolero (4+23-11),-138.799
2025-06-01,41,Resultado primario no petrolero (4+23-11),-3.429
2025-07-01,41,Resultado primario no petrolero (4+23-11),3.35
2025-08-01,41,Resultado primario no petrolero (4+23-11),-374.996
2025-09-01,41,Resultado primario no petrolero (4+23-11),-170.951
2025-10-01,41,Resultado primario no petrolero (4+23-11),-190.247
2025-11-01,41,Resultado primario no petrolero (4+23-11),-828.898
2025-12-01,41,Resultado primario no petrolero (4+23-11),-1681.132
2026-01-01,41,Resultado primario no petrolero (4+23-11),1170.064
2026-02-01,41,Resultado primario no petrolero (4+23-11),-313.249
2026-03-01,41,Resultado primario no petrolero (4+23-11),369.44
2026-04-01,41,Resultado primario no petrolero (4+23-11),972.371
2026-05-01,41,Resultado primario no petrolero (4+23-11),75.183
2026-06-01,41,Resultado primario no petrolero (4+23-11),-151.406
2013-01-01,23,Erogación Petrolera SPNF (231+232+233+55),922.367
2013-02-01,23,Erogación Petrolera SPNF (231+232+233+55),1033.38
2013-03-01,23,Erogación Petrolera SPNF (231+232+233+55),1109.839
2013-04-01,23,Erogación Petrolera SPNF (231+232+233+55),990.172
2013-05-01,23,Erogación Petrolera SPNF (231+232+233+55),1020.353
2013-06-01,23,Erogación Petrolera SPNF (231+232+233+55),1061.882
2013-07-01,23,Erogación Petrolera SPNF (231+232+233+55),1101.405
2013-08-01,23,Erogación Petrolera SPNF (231+232+233+55),1197.03
2013-09-01,23,Erogación Petrolera SPNF (231+232+233+55),1104.691
2013-10-01,23,Erogación Petrolera SPNF (231+232+233+55),1264.677
2013-11-01,23,Erogación Petrolera SPNF (231+232+233+55),1141.228
2013-12-01,23,Erogación Petrolera SPNF (231+232+233+55),1538.685
2014-01-01,23,Erogación Petrolera SPNF (231+232+233+55),1155.583
2014-02-01,23,Erogación Petrolera SPNF (231+232+233+55),1038.68
2014-03-01,23,Erogación Petrolera SPNF (231+232+233+55),959.053
2014-04-01,23,Erogación Petrolera SPNF (231+232+233+55),1412.602
2014-05-01,23,Erogación Petrolera SPNF (231+232+233+55),1083.915
2014-06-01,23,Erogación Petrolera SPNF (231+232+233+55),1184.167
2014-07-01,23,Erogación Petrolera SPNF (231+232+233+55),1231.516
2014-08-01,23,Erogación Petrolera SPNF (231+232+233+55),1082.947
2014-09-01,23,Erogación Petrolera SPNF (231+232+233+55),1184.281
2014-10-01,23,Erogación Petrolera SPNF (231+232+233+55),1339.142
2014-11-01,23,Erogación Petrolera SPNF (231+232+233+55),1040.431
2014-12-01,23,Erogación Petrolera SPNF (231+232+233+55),1656.064
2015-01-01,23,Erogación Petrolera SPNF (231+232+233+55),826.604
2015-02-01,23,Erogación Petrolera SPNF (231+232+233+55),921.399
2015-03-01,23,Erogación Petrolera SPNF (231+232+233+55),882.324
2015-04-01,23,Erogación Petrolera SPNF (231+232+233+55),896.274
2015-05-01,23,Erogación Petrolera SPNF (231+232+233+55),928.528
2015-06-01,23,Erogación Petrolera SPNF (231+232+233+55),892.318
2015-07-01,23,Erogación Petrolera SPNF (231+232+233+55),908.839
2015-08-01,23,Erogación Petrolera SPNF (231+232+233+55),800.671
2015-09-01,23,Erogación Petrolera SPNF (231+232+233+55),862.658
2015-10-01,23,Erogación Petrolera SPNF (231+232+233+55),809.945
2015-11-01,23,Erogación Petrolera SPNF (231+232+233+55),836.944
2015-12-01,23,Erogación Petrolera SPNF (231+232+233+55),1048.469
2016-01-01,23,Erogación Petrolera SPNF (231+232+233+55),666.067
2016-02-01,23,Erogación Petrolera SPNF (231+232+233+55),870.118
2016-03-01,23,Erogación Petrolera SPNF (231+232+233+55),730.831
2016-04-01,23,Erogación Petrolera SPNF (231+232+233+55),717.782
2016-05-01,23,Erogación Petrolera SPNF (231+232+233+55),638.902
2016-06-01,23,Erogación Petrolera SPNF (231+232+233+55),756.923
2016-07-01,23,Erogación Petrolera SPNF (231+232+233+55),583.94
2016-08-01,23,Erogación Petrolera SPNF (231+232+233+55),619.601
2016-09-01,23,Erogación Petrolera SPNF (231+232+233+55),691.651
2016-10-01,23,Erogación Petrolera SPNF (231+232+233+55),681.258
2016-11-01,23,Erogación Petrolera SPNF (231+232+233+55),693.669
2016-12-01,23,Erogación Petrolera SPNF (231+232+233+55),852.091
2017-01-01,23,Erogación Petrolera SPNF (231+232+233+55),578.197
2017-02-01,23,Erogación Petrolera SPNF (231+232+233+55),537.811
2017-03-01,23,Erogación Petrolera SPNF (231+232+233+55),688.281
2017-04-01,23,Erogación Petrolera SPNF (231+232+233+55),685.494
2017-05-01,23,Erogación Petrolera SPNF (231+232+233+55),674.575
2017-06-01,23,Erogación Petrolera SPNF (231+232+233+55),634.38
2017-07-01,23,Erogación Petrolera SPNF (231+232+233+55),607.18
2017-08-01,23,Erogación Petrolera SPNF (231+232+233+55),679.079
2017-09-01,23,Erogación Petrolera SPNF (231+232+233+55),635.882
2017-10-01,23,Erogación Petrolera SPNF (231+232+233+55),635.267
2017-11-01,23,Erogación Petrolera SPNF (231+232+233+55),730.081
2017-12-01,23,Erogación Petrolera SPNF (231+232+233+55),842.653
2018-01-01,23,Erogación Petrolera SPNF (231+232+233+55),689.995
2018-02-01,23,Erogación Petrolera SPNF (231+232+233+55),647.014
2018-03-01,23,Erogación Petrolera SPNF (231+232+233+55),674.531
2018-04-01,23,Erogación Petrolera SPNF (231+232+233+55),734.251
2018-05-01,23,Erogación Petrolera SPNF (231+232+233+55),721.461
2018-06-01,23,Erogación Petrolera SPNF (231+232+233+55),662.409
2018-07-01,23,Erogación Petrolera SPNF (231+232+233+55),784.354
2018-08-01,23,Erogación Petrolera SPNF (231+232+233+55),858.564
2018-09-01,23,Erogación Petrolera SPNF (231+232+233+55),722.779
2018-10-01,23,Erogación Petrolera SPNF (231+232+233+55),784.797
2018-11-01,23,Erogación Petrolera SPNF (231+232+233+55),728.955
2018-12-01,23,Erogación Petrolera SPNF (231+232+233+55),924.467
2019-01-01,23,Erogación Petrolera SPNF (231+232+233+55),884.05
2019-02-01,23,Erogación Petrolera SPNF (231+232+233+55),718.205
2019-03-01,23,Erogación Petrolera SPNF (231+232+233+55),776.973
2019-04-01,23,Erogación Petrolera SPNF (231+232+233+55),706.653
2019-05-01,23,Erogación Petrolera SPNF (231+232+233+55),846.572
2019-06-01,23,Erogación Petrolera SPNF (231+232+233+55),752.581
2019-07-01,23,Erogación Petrolera SPNF (231+232+233+55),904.537
2019-08-01,23,Erogación Petrolera SPNF (231+232+233+55),750.367
2019-09-01,23,Erogación Petrolera SPNF (231+232+233+55),770.69
2019-10-01,23,Erogación Petrolera SPNF (231+232+233+55),772.045
2019-11-01,23,Erogación Petrolera SPNF (231+232+233+55),774.046
2019-12-01,23,Erogación Petrolera SPNF (231+232+233+55),715.347
2020-01-01,23,Erogación Petrolera SPNF (231+232+233+55),821.41
2020-02-01,23,Erogación Petrolera SPNF (231+232+233+55),668.391
2020-03-01,23,Erogación Petrolera SPNF (231+232+233+55),659.035
2020-04-01,23,Erogación Petrolera SPNF (231+232+233+55),567.14
2020-05-01,23,Erogación Petrolera SPNF (231+232+233+55),562.337
2020-06-01,23,Erogación Petrolera SPNF (231+232+233+55),613.987
2020-07-01,23,Erogación Petrolera SPNF (231+232+233+55),544.053
2020-08-01,23,Erogación Petrolera SPNF (231+232+233+55),454.035
2020-09-01,23,Erogación Petrolera SPNF (231+232+233+55),461.425
2020-10-01,23,Erogación Petrolera SPNF (231+232+233+55),630.681
2020-11-01,23,Erogación Petrolera SPNF (231+232+233+55),583.656
2020-12-01,23,Erogación Petrolera SPNF (231+232+233+55),826.32
2021-01-01,23,Erogación Petrolera SPNF (231+232+233+55),592.511
2021-02-01,23,Erogación Petrolera SPNF (231+232+233+55),553.749
2021-03-01,23,Erogación Petrolera SPNF (231+232+233+55),982.733
2021-04-01,23,Erogación Petrolera SPNF (231+232+233+55),754.69
2021-05-01,23,Erogación Petrolera SPNF (231+232+233+55),616.786
2021-06-01,23,Erogación Petrolera SPNF (231+232+233+55),700.33
2021-07-01,23,Erogación Petrolera SPNF (231+232+233+55),884.32
2021-08-01,23,Erogación Petrolera SPNF (231+232+233+55),852.444
2021-09-01,23,Erogación Petrolera SPNF (231+232+233+55),719.036
2021-10-01,23,Erogación Petrolera SPNF (231+232+233+55),707.908
2021-11-01,23,Erogación Petrolera SPNF (231+232+233+55),753.954
2021-12-01,23,Erogación Petrolera SPNF (231+232+233+55),789.84
2022-01-01,23,Erogación Petrolera SPNF (231+232+233+55),806.937
2022-02-01,23,Erogación Petrolera SPNF (231+232+233+55),862.723
2022-03-01,23,Erogación Petrolera SPNF (231+232+233+55),1062.847
2022-04-01,23,Erogación Petrolera SPNF (231+232+233+55),1181.154
2022-05-01,23,Erogación Petrolera SPNF (231+232+233+55),878.798
2022-06-01,23,Erogación Petrolera SPNF (231+232+233+55),1285.488
2022-07-01,23,Erogación Petrolera SPNF (231+232+233+55),972.047
2022-08-01,23,Erogación Petrolera SPNF (231+232+233+55),1015.448
2022-09-01,23,Erogación Petrolera SPNF (231+232+233+55),1092.214
2022-10-01,23,Erogación Petrolera SPNF (231+232+233+55),1171.532
2022-11-01,23,Erogación Petrolera SPNF (231+232+233+55),1071.801
2022-12-01,23,Erogación Petrolera SPNF (231+232+233+55),1283.748
2023-01-01,23,Erogación Petrolera SPNF (231+232+233+55),981.583
2023-02-01,23,Erogación Petrolera SPNF (231+232+233+55),1021.595
2023-03-01,23,Erogación Petrolera SPNF (231+232+233+55),904.151
2023-04-01,23,Erogación Petrolera SPNF (231+232+233+55),845.571
2023-05-01,23,Erogación Petrolera SPNF (231+232+233+55),1035.772
2023-06-01,23,Erogación Petrolera SPNF (231+232+233+55),974.781
2023-07-01,23,Erogación Petrolera SPNF (231+232+233+55),879.69
2023-08-01,23,Erogación Petrolera SPNF (231+232+233+55),1011.657
2023-09-01,23,Erogación Petrolera SPNF (231+232+233+55),1136.288
2023-10-01,23,Erogación Petrolera SPNF (231+232+233+55),1125.95
2023-11-01,23,Erogación Petrolera SPNF (231+232+233+55),1126.08
2023-12-01,23,Erogación Petrolera SPNF (231+232+233+55),1176.094
2024-01-01,23,Erogación Petrolera SPNF (231+232+233+55),958.54
2024-02-01,23,Erogación Petrolera SPNF (231+232+233+55),872.787
2024-03-01,23,Erogación Petrolera SPNF (231+232+233+55),875.826
2024-04-01,23,Erogación Petrolera SPNF (231+232+233+55),1226.593
2024-05-01,23,Erogación Petrolera SPNF (231+232+233+55),992.95
2024-06-01,23,Erogación Petrolera SPNF (231+232+233+55),862.438
2024-07-01,23,Erogación Petrolera SPNF (231+232+233+55),1126.311
2024-08-01,23,Erogación Petrolera SPNF (231+232+233+55),867.227
2024-09-01,23,Erogación Petrolera SPNF (231+232+233+55),848.256
2024-10-01,23,Erogación Petrolera SPNF (231+232+233+55),1154.617
2024-11-01,23,Erogación Petrolera SPNF (231+232+233+55),1017.794
2024-12-01,23,Erogación Petrolera SPNF (231+232+233+55),1008.37
2025-01-01,23,Erogación Petrolera SPNF (231+232+233+55),991.075
2025-02-01,23,Erogación Petrolera SPNF (231+232+233+55),1184.577
2025-03-01,23,Erogación Petrolera SPNF (231+232+233+55),827.079
2025-04-01,23,Erogación Petrolera SPNF (231+232+233+55),899.158
2025-05-01,23,Erogación Petrolera SPNF (231+232+233+55),937.958
2025-06-01,23,Erogación Petrolera SPNF (231+232+233+55),809.39
2025-07-01,23,Erogación Petrolera SPNF (231+232+233+55),905.609
2025-08-01,23,Erogación Petrolera SPNF (231+232+233+55),912.225
2025-09-01,23,Erogación Petrolera SPNF (231+232+233+55),996.921
2025-10-01,23,Erogación Petrolera SPNF (231+232+233+55),1201.077
2025-11-01,23,Erogación Petrolera SPNF (231+232+233+55),988.111
2025-12-01,23,Erogación Petrolera SPNF (231+232+233+55),1035.492
2026-01-01,23,Erogación Petrolera SPNF (231+232+233+55),991.424
2026-02-01,23,Erogación Petrolera SPNF (231+232+233+55),839.658
2026-03-01,23,Erogación Petrolera SPNF (231+232+233+55),1161.879
2026-04-01,23,Erogación Petrolera SPNF (231+232+233+55),1022.58
2026-05-01,23,Erogación Petrolera SPNF (231+232+233+55),1004.891
2026-06-01,23,Erogación Petrolera SPNF (231+232+233+55),1274.494
2013-01-01,231,Pago tarifa de contratos de prestación servicios y participación (GC),144.698
2013-02-01,231,Pago tarifa de contratos de prestación servicios y participación (GC),128.659
2013-03-01,231,Pago tarifa de contratos de prestación servicios y participación (GC),139.278
2013-04-01,231,Pago tarifa de contratos de prestación servicios y participación (GC),143.205
2013-05-01,231,Pago tarifa de contratos de prestación servicios y participación (GC),144.579
2013-06-01,231,Pago tarifa de contratos de prestación servicios y participación (GC),142.036
2013-07-01,231,Pago tarifa de contratos de prestación servicios y participación (GC),144.282
2013-08-01,231,Pago tarifa de contratos de prestación servicios y participación (GC),141.172
2013-09-01,231,Pago tarifa de contratos de prestación servicios y participación (GC),134.217
2013-10-01,231,Pago tarifa de contratos de prestación servicios y participación (GC),139.666
2013-11-01,231,Pago tarifa de contratos de prestación servicios y participación (GC),134.553
2013-12-01,231,Pago tarifa de contratos de prestación servicios y participación (GC),137.762
2014-01-01,231,Pago tarifa de contratos de prestación servicios y participación (GC),137.539
2014-02-01,231,Pago tarifa de contratos de prestación servicios y participación (GC),124.418
2014-03-01,231,Pago tarifa de contratos de prestación servicios y participación (GC),136.101
2014-04-01,231,Pago tarifa de contratos de prestación servicios y participación (GC),131.006
2014-05-01,231,Pago tarifa de contratos de prestación servicios y participación (GC),136.961
2014-06-01,231,Pago tarifa de contratos de prestación servicios y participación (GC),132.045
2014-07-01,231,Pago tarifa de contratos de prestación servicios y participación (GC),135.484
2014-08-01,231,Pago tarifa de contratos de prestación servicios y participación (GC),136.756
2014-09-01,231,Pago tarifa de contratos de prestación servicios y participación (GC),130.271
2014-10-01,231,Pago tarifa de contratos de prestación servicios y participación (GC),133.912
2014-11-01,231,Pago tarifa de contratos de prestación servicios y participación (GC),135.446
2014-12-01,231,Pago tarifa de contratos de prestación servicios y participación (GC),123.195
2015-01-01,231,Pago tarifa de contratos de prestación servicios y participación (GC),125.022
2015-02-01,231,Pago tarifa de contratos de prestación servicios y participación (GC),115.321
2015-03-01,231,Pago tarifa de contratos de prestación servicios y participación (GC),128.443
2015-04-01,231,Pago tarifa de contratos de prestación servicios y participación (GC),122.375
2015-05-01,231,Pago tarifa de contratos de prestación servicios y participación (GC),121.682
2015-06-01,231,Pago tarifa de contratos de prestación servicios y participación (GC),118.742
2015-07-01,231,Pago tarifa de contratos de prestación servicios y participación (GC),120.425
2015-08-01,231,Pago tarifa de contratos de prestación servicios y participación (GC),120.473
2015-09-01,231,Pago tarifa de contratos de prestación servicios y participación (GC),115.884
2015-10-01,231,Pago tarifa de contratos de prestación servicios y participación (GC),118.413
2015-11-01,231,Pago tarifa de contratos de prestación servicios y participación (GC),116.188
2015-12-01,231,Pago tarifa de contratos de prestación servicios y participación (GC),123.107
2016-01-01,231,Pago tarifa de contratos de prestación servicios y participación (GC),123.635
2016-02-01,231,Pago tarifa de contratos de prestación servicios y participación (GC),113.416
2016-03-01,231,Pago tarifa de contratos de prestación servicios y participación (GC),119.986
2016-04-01,231,Pago tarifa de contratos de prestación servicios y participación (GC),118.16
2016-05-01,231,Pago tarifa de contratos de prestación servicios y participación (GC),124.443
2016-06-01,231,Pago tarifa de contratos de prestación servicios y participación (GC),121.736
2016-07-01,231,Pago tarifa de contratos de prestación servicios y participación (GC),125.746
2016-08-01,231,Pago tarifa de contratos de prestación servicios y participación (GC),125.117
2016-09-01,231,Pago tarifa de contratos de prestación servicios y participación (GC),120.729
2016-10-01,231,Pago tarifa de contratos de prestación servicios y participación (GC),120.088
2016-11-01,231,Pago tarifa de contratos de prestación servicios y participación (GC),115.733
2016-12-01,231,Pago tarifa de contratos de prestación servicios y participación (GC),122.63
2017-01-01,231,Pago tarifa de contratos de prestación servicios y participación (GC),111.657
2017-02-01,231,Pago tarifa de contratos de prestación servicios y participación (GC),105.039
2017-03-01,231,Pago tarifa de contratos de prestación servicios y participación (GC),116.384
2017-04-01,231,Pago tarifa de contratos de prestación servicios y participación (GC),113.83
2017-05-01,231,Pago tarifa de contratos de prestación servicios y participación (GC),117.907
2017-06-01,231,Pago tarifa de contratos de prestación servicios y participación (GC),117.583
2017-07-01,231,Pago tarifa de contratos de prestación servicios y participación (GC),122.706
2017-08-01,231,Pago tarifa de contratos de prestación servicios y participación (GC),111.192
2017-09-01,231,Pago tarifa de contratos de prestación servicios y participación (GC),110.465
2017-10-01,231,Pago tarifa de contratos de prestación servicios y participación (GC),117.13
2017-11-01,231,Pago tarifa de contratos de prestación servicios y participación (GC),119.006
2017-12-01,231,Pago tarifa de contratos de prestación servicios y participación (GC),122.521
2018-01-01,231,Pago tarifa de contratos de prestación servicios y participación (GC),130.474
2018-02-01,231,Pago tarifa de contratos de prestación servicios y participación (GC),118.573
2018-03-01,231,Pago tarifa de contratos de prestación servicios y participación (GC),126.303
2018-04-01,231,Pago tarifa de contratos de prestación servicios y participación (GC),123.599
2018-05-01,231,Pago tarifa de contratos de prestación servicios y participación (GC),129.96
2018-06-01,231,Pago tarifa de contratos de prestación servicios y participación (GC),127.38
2018-07-01,231,Pago tarifa de contratos de prestación servicios y participación (GC),129.879
2018-08-01,231,Pago tarifa de contratos de prestación servicios y participación (GC),130.544
2018-09-01,231,Pago tarifa de contratos de prestación servicios y participación (GC),124.967
2018-10-01,231,Pago tarifa de contratos de prestación servicios y participación (GC),127.591
2018-11-01,231,Pago tarifa de contratos de prestación servicios y participación (GC),116.724
2018-12-01,231,Pago tarifa de contratos de prestación servicios y participación (GC),118.334
2019-01-01,231,Pago tarifa de contratos de prestación servicios y participación (GC),121.736
2019-02-01,231,Pago tarifa de contratos de prestación servicios y participación (GC),111.945
2019-03-01,231,Pago tarifa de contratos de prestación servicios y participación (GC),120.616
2019-04-01,231,Pago tarifa de contratos de prestación servicios y participación (GC),115.532
2019-05-01,231,Pago tarifa de contratos de prestación servicios y participación (GC),121.52
2019-06-01,231,Pago tarifa de contratos de prestación servicios y participación (GC),118.07
2019-07-01,231,Pago tarifa de contratos de prestación servicios y participación (GC),121.019
2019-08-01,231,Pago tarifa de contratos de prestación servicios y participación (GC),118.6
2019-09-01,231,Pago tarifa de contratos de prestación servicios y participación (GC),117.254
2019-10-01,231,Pago tarifa de contratos de prestación servicios y participación (GC),100.829
2019-11-01,231,Pago tarifa de contratos de prestación servicios y participación (GC),117.382
2019-12-01,231,Pago tarifa de contratos de prestación servicios y participación (GC),122.234
2020-01-01,231,Pago tarifa de contratos de prestación servicios y participación (GC),120.756
2020-02-01,231,Pago tarifa de contratos de prestación servicios y participación (GC),112.497
2020-03-01,231,Pago tarifa de contratos de prestación servicios y participación (GC),126.027
2020-04-01,231,Pago tarifa de contratos de prestación servicios y participación (GC),45.751
2020-05-01,231,Pago tarifa de contratos de prestación servicios y participación (GC),85.396
2020-06-01,231,Pago tarifa de contratos de prestación servicios y participación (GC),100.908
2020-07-01,231,Pago tarifa de contratos de prestación servicios y participación (GC),109.274
2020-08-01,231,Pago tarifa de contratos de prestación servicios y participación (GC),107.586
2020-09-01,231,Pago tarifa de contratos de prestación servicios y participación (GC),104.604
2020-10-01,231,Pago tarifa de contratos de prestación servicios y participación (GC),106.623
2020-11-01,231,Pago tarifa de contratos de prestación servicios y participación (GC),105.508
2020-12-01,231,Pago tarifa de contratos de prestación servicios y participación (GC),107.518
2021-01-01,231,Pago tarifa de contratos de prestación servicios y participación (GC),106.529
2021-02-01,231,Pago tarifa de contratos de prestación servicios y participación (GC),98.426
2021-03-01,231,Pago tarifa de contratos de prestación servicios y participación (GC),110.749
2021-04-01,231,Pago tarifa de contratos de prestación servicios y participación (GC),108.05
2021-05-01,231,Pago tarifa de contratos de prestación servicios y participación (GC),110.267
2021-06-01,231,Pago tarifa de contratos de prestación servicios y participación (GC),106.747
2021-07-01,231,Pago tarifa de contratos de prestación servicios y participación (GC),112.443
2021-08-01,231,Pago tarifa de contratos de prestación servicios y participación (GC),109.421
2021-09-01,231,Pago tarifa de contratos de prestación servicios y participación (GC),105.802
2021-10-01,231,Pago tarifa de contratos de prestación servicios y participación (GC),109.259
2021-11-01,231,Pago tarifa de contratos de prestación servicios y participación (GC),106.858
2021-12-01,231,Pago tarifa de contratos de prestación servicios y participación (GC),50.92
2022-01-01,231,Pago tarifa de contratos de prestación servicios y participación (GC),120.675
2022-02-01,231,Pago tarifa de contratos de prestación servicios y participación (GC),103.657
2022-03-01,231,Pago tarifa de contratos de prestación servicios y participación (GC),114.668
2022-04-01,231,Pago tarifa de contratos de prestación servicios y participación (GC),114.567
2022-05-01,231,Pago tarifa de contratos de prestación servicios y participación (GC),120.652
2022-06-01,231,Pago tarifa de contratos de prestación servicios y participación (GC),97.202
2022-07-01,231,Pago tarifa de contratos de prestación servicios y participación (GC),115.105
2022-08-01,231,Pago tarifa de contratos de prestación servicios y participación (GC),119.496
2022-09-01,231,Pago tarifa de contratos de prestación servicios y participación (GC),110.399
2022-10-01,231,Pago tarifa de contratos de prestación servicios y participación (GC),114.769
2022-11-01,231,Pago tarifa de contratos de prestación servicios y participación (GC),117.087
2022-12-01,231,Pago tarifa de contratos de prestación servicios y participación (GC),115.149
2023-01-01,231,Pago tarifa de contratos de prestación servicios y participación (GC),101.505
2023-02-01,231,Pago tarifa de contratos de prestación servicios y participación (GC),84.752
2023-03-01,231,Pago tarifa de contratos de prestación servicios y participación (GC),103.688
2023-04-01,231,Pago tarifa de contratos de prestación servicios y participación (GC),94.606
2023-05-01,231,Pago tarifa de contratos de prestación servicios y participación (GC),100.663
2023-06-01,231,Pago tarifa de contratos de prestación servicios y participación (GC),102.126
2023-07-01,231,Pago tarifa de contratos de prestación servicios y participación (GC),101.907
2023-08-01,231,Pago tarifa de contratos de prestación servicios y participación (GC),102.836
2023-09-01,231,Pago tarifa de contratos de prestación servicios y participación (GC),98.902
2023-10-01,231,Pago tarifa de contratos de prestación servicios y participación (GC),99.277
2023-11-01,231,Pago tarifa de contratos de prestación servicios y participación (GC),106.021
2023-12-01,231,Pago tarifa de contratos de prestación servicios y participación (GC),95.325
2024-01-01,231,Pago tarifa de contratos de prestación servicios y participación (GC),107.315
2024-02-01,231,Pago tarifa de contratos de prestación servicios y participación (GC),90.284
2024-03-01,231,Pago tarifa de contratos de prestación servicios y participación (GC),101.728
2024-04-01,231,Pago tarifa de contratos de prestación servicios y participación (GC),93.98
2024-05-01,231,Pago tarifa de contratos de prestación servicios y participación (GC),126.882
2024-06-01,231,Pago tarifa de contratos de prestación servicios y participación (GC),86.637
2024-07-01,231,Pago tarifa de contratos de prestación servicios y participación (GC),117.607
2024-08-01,231,Pago tarifa de contratos de prestación servicios y participación (GC),102.029
2024-09-01,231,Pago tarifa de contratos de prestación servicios y participación (GC),115.146
2024-10-01,231,Pago tarifa de contratos de prestación servicios y participación (GC),100.4
2024-11-01,231,Pago tarifa de contratos de prestación servicios y participación (GC),123.604
2024-12-01,231,Pago tarifa de contratos de prestación servicios y participación (GC),104.637
2025-01-01,231,Pago tarifa de contratos de prestación servicios y participación (GC),132.304
2025-02-01,231,Pago tarifa de contratos de prestación servicios y participación (GC),102.892
2025-03-01,231,Pago tarifa de contratos de prestación servicios y participación (GC),113.838
2025-04-01,231,Pago tarifa de contratos de prestación servicios y participación (GC),100.887
2025-05-01,231,Pago tarifa de contratos de prestación servicios y participación (GC),126.725
2025-06-01,231,Pago tarifa de contratos de prestación servicios y participación (GC),107.729
2025-07-01,231,Pago tarifa de contratos de prestación servicios y participación (GC),98.857
2025-08-01,231,Pago tarifa de contratos de prestación servicios y participación (GC),113.952
2025-09-01,231,Pago tarifa de contratos de prestación servicios y participación (GC),125.521
2025-10-01,231,Pago tarifa de contratos de prestación servicios y participación (GC),107.452
2025-11-01,231,Pago tarifa de contratos de prestación servicios y participación (GC),121.207
2025-12-01,231,Pago tarifa de contratos de prestación servicios y participación (GC),103.943
2026-01-01,231,Pago tarifa de contratos de prestación servicios y participación (GC),169.89
2026-02-01,231,Pago tarifa de contratos de prestación servicios y participación (GC),91.06
2026-03-01,231,Pago tarifa de contratos de prestación servicios y participación (GC),144.434
2026-04-01,231,Pago tarifa de contratos de prestación servicios y participación (GC),106.674
2026-05-01,231,Pago tarifa de contratos de prestación servicios y participación (GC),113.129
2026-06-01,231,Pago tarifa de contratos de prestación servicios y participación (GC),122.712
2013-01-01,232,Importación de derivados (CFDD),385.301
2013-02-01,232,Importación de derivados (CFDD),532.329
2013-03-01,232,Importación de derivados (CFDD),526.129
2013-04-01,232,Importación de derivados (CFDD),429.114
2013-05-01,232,Importación de derivados (CFDD),435.206
2013-06-01,232,Importación de derivados (CFDD),547.763
2013-07-01,232,Importación de derivados (CFDD),370.203
2013-08-01,232,Importación de derivados (CFDD),560.958
2013-09-01,232,Importación de derivados (CFDD),505.562
2013-10-01,232,Importación de derivados (CFDD),556.348
2013-11-01,232,Importación de derivados (CFDD),477.656
2013-12-01,232,Importación de derivados (CFDD),469.385
2014-01-01,232,Importación de derivados (CFDD),574.53
2014-02-01,232,Importación de derivados (CFDD),424.2
2014-03-01,232,Importación de derivados (CFDD),375.97
2014-04-01,232,Importación de derivados (CFDD),759.608
2014-05-01,232,Importación de derivados (CFDD),444.524
2014-06-01,232,Importación de derivados (CFDD),536.97
2014-07-01,232,Importación de derivados (CFDD),534.51
2014-08-01,232,Importación de derivados (CFDD),436.292
2014-09-01,232,Importación de derivados (CFDD),518.808
2014-10-01,232,Importación de derivados (CFDD),543.042
2014-11-01,232,Importación de derivados (CFDD),444.59
2014-12-01,232,Importación de derivados (CFDD),649.33
2015-01-01,232,Importación de derivados (CFDD),330.789
2015-02-01,232,Importación de derivados (CFDD),355.26
2015-03-01,232,Importación de derivados (CFDD),303.816
2015-04-01,232,Importación de derivados (CFDD),322.086
2015-05-01,232,Importación de derivados (CFDD),372.261
2015-06-01,232,Importación de derivados (CFDD),372.052
2015-07-01,232,Importación de derivados (CFDD),394.2
2015-08-01,232,Importación de derivados (CFDD),292.375
2015-09-01,232,Importación de derivados (CFDD),358.259
2015-10-01,232,Importación de derivados (CFDD),315.603
2015-11-01,232,Importación de derivados (CFDD),314.879
2015-12-01,232,Importación de derivados (CFDD),298.74
2016-01-01,232,Importación de derivados (CFDD),228.361
2016-02-01,232,Importación de derivados (CFDD),439.732
2016-03-01,232,Importación de derivados (CFDD),227.134
2016-04-01,232,Importación de derivados (CFDD),199.226
2016-05-01,232,Importación de derivados (CFDD),157.965
2016-06-01,232,Importación de derivados (CFDD),197.049
2016-07-01,232,Importación de derivados (CFDD),112.617
2016-08-01,232,Importación de derivados (CFDD),206.926
2016-09-01,232,Importación de derivados (CFDD),221.812
2016-10-01,232,Importación de derivados (CFDD),223.507
2016-11-01,232,Importación de derivados (CFDD),262.832
2016-12-01,232,Importación de derivados (CFDD),231.548
2017-01-01,232,Importación de derivados (CFDD),201.181
2017-02-01,232,Importación de derivados (CFDD),178.732
2017-03-01,232,Importación de derivados (CFDD),290.343
2017-04-01,232,Importación de derivados (CFDD),300.391
2017-05-01,232,Importación de derivados (CFDD),260.221
2017-06-01,232,Importación de derivados (CFDD),250.052
2017-07-01,232,Importación de derivados (CFDD),189.998
2017-08-01,232,Importación de derivados (CFDD),306.76
2017-09-01,232,Importación de derivados (CFDD),237.308
2017-10-01,232,Importación de derivados (CFDD),222.888
2017-11-01,232,Importación de derivados (CFDD),282.279
2017-12-01,232,Importación de derivados (CFDD),298.153
2018-01-01,232,Importación de derivados (CFDD),299.09
2018-02-01,232,Importación de derivados (CFDD),290.389
2018-03-01,232,Importación de derivados (CFDD),282.232
2018-04-01,232,Importación de derivados (CFDD),334.25
2018-05-01,232,Importación de derivados (CFDD),315.47
2018-06-01,232,Importación de derivados (CFDD),241.395
2018-07-01,232,Importación de derivados (CFDD),355.485
2018-08-01,232,Importación de derivados (CFDD),504.23
2018-09-01,232,Importación de derivados (CFDD),335.032
2018-10-01,232,Importación de derivados (CFDD),355.112
2018-11-01,232,Importación de derivados (CFDD),309.589
2018-12-01,232,Importación de derivados (CFDD),418.416
2019-01-01,232,Importación de derivados (CFDD),505.895
2019-02-01,232,Importación de derivados (CFDD),344.9
2019-03-01,232,Importación de derivados (CFDD),339.192
2019-04-01,232,Importación de derivados (CFDD),275.859
2019-05-01,232,Importación de derivados (CFDD),412.191
2019-06-01,232,Importación de derivados (CFDD),339.77
2019-07-01,232,Importación de derivados (CFDD),464.406
2019-08-01,232,Importación de derivados (CFDD),354.842
2019-09-01,232,Importación de derivados (CFDD),366.935
2019-10-01,232,Importación de derivados (CFDD),391.274
2019-11-01,232,Importación de derivados (CFDD),392.517
2019-12-01,232,Importación de derivados (CFDD),285.137
2020-01-01,232,Importación de derivados (CFDD),476.693
2020-02-01,232,Importación de derivados (CFDD),272.955
2020-03-01,232,Importación de derivados (CFDD),264.691
2020-04-01,232,Importación de derivados (CFDD),374.563
2020-05-01,232,Importación de derivados (CFDD),304.792
2020-06-01,232,Importación de derivados (CFDD),261.556
2020-07-01,232,Importación de derivados (CFDD),165.982
2020-08-01,232,Importación de derivados (CFDD),91.797
2020-09-01,232,Importación de derivados (CFDD),101.582
2020-10-01,232,Importación de derivados (CFDD),259.598
2020-11-01,232,Importación de derivados (CFDD),207.522
2020-12-01,232,Importación de derivados (CFDD),404.694
2021-01-01,232,Importación de derivados (CFDD),385.713
2021-02-01,232,Importación de derivados (CFDD),302.314
2021-03-01,232,Importación de derivados (CFDD),366.439
2021-04-01,232,Importación de derivados (CFDD),377.89
2021-05-01,232,Importación de derivados (CFDD),253.232
2021-06-01,232,Importación de derivados (CFDD),320.926
2021-07-01,232,Importación de derivados (CFDD),512.037
2021-08-01,232,Importación de derivados (CFDD),495.745
2021-09-01,232,Importación de derivados (CFDD),352.053
2021-10-01,232,Importación de derivados (CFDD),340.932
2021-11-01,232,Importación de derivados (CFDD),373.494
2021-12-01,232,Importación de derivados (CFDD),431.548
2022-01-01,232,Importación de derivados (CFDD),471.145
2022-02-01,232,Importación de derivados (CFDD),478.264
2022-03-01,232,Importación de derivados (CFDD),647.134
2022-04-01,232,Importación de derivados (CFDD),749.365
2022-05-01,232,Importación de derivados (CFDD),476.402
2022-06-01,232,Importación de derivados (CFDD),849.17
2022-07-01,232,Importación de derivados (CFDD),555.516
2022-08-01,232,Importación de derivados (CFDD),591.224
2022-09-01,232,Importación de derivados (CFDD),632.778
2022-10-01,232,Importación de derivados (CFDD),703.141
2022-11-01,232,Importación de derivados (CFDD),598.799
2022-12-01,232,Importación de derivados (CFDD),654.128
2023-01-01,232,Importación de derivados (CFDD),599.556
2023-02-01,232,Importación de derivados (CFDD),611.864
2023-03-01,232,Importación de derivados (CFDD),494.554
2023-04-01,232,Importación de derivados (CFDD),463.421
2023-05-01,232,Importación de derivados (CFDD),534.044
2023-06-01,232,Importación de derivados (CFDD),580.241
2023-07-01,232,Importación de derivados (CFDD),466.971
2023-08-01,232,Importación de derivados (CFDD),531.487
2023-09-01,232,Importación de derivados (CFDD),636.052
2023-10-01,232,Importación de derivados (CFDD),690.956
2023-11-01,232,Importación de derivados (CFDD),640.592
2023-12-01,232,Importación de derivados (CFDD),568.953
2024-01-01,232,Importación de derivados (CFDD),548.497
2024-02-01,232,Importación de derivados (CFDD),449.8
2024-03-01,232,Importación de derivados (CFDD),414.674
2024-04-01,232,Importación de derivados (CFDD),755.435
2024-05-01,232,Importación de derivados (CFDD),521.075
2024-06-01,232,Importación de derivados (CFDD),443.661
2024-07-01,232,Importación de derivados (CFDD),620.894
2024-08-01,232,Importación de derivados (CFDD),490.07
2024-09-01,232,Importación de derivados (CFDD),426.211
2024-10-01,232,Importación de derivados (CFDD),687.418
2024-11-01,232,Importación de derivados (CFDD),565.763
2024-12-01,232,Importación de derivados (CFDD),525.401
2025-01-01,232,Importación de derivados (CFDD),585.82
2025-02-01,232,Importación de derivados (CFDD),778.962
2025-03-01,232,Importación de derivados (CFDD),409.152
2025-04-01,232,Importación de derivados (CFDD),489.662
2025-05-01,232,Importación de derivados (CFDD),420.885
2025-06-01,232,Importación de derivados (CFDD),341.776
2025-07-01,232,Importación de derivados (CFDD),538.375
2025-08-01,232,Importación de derivados (CFDD),474.621
2025-09-01,232,Importación de derivados (CFDD),559.553
2025-10-01,232,Importación de derivados (CFDD),696.733
2025-11-01,232,Importación de derivados (CFDD),491.052
2025-12-01,232,Importación de derivados (CFDD),532.496
2026-01-01,232,Importación de derivados (CFDD),538.91
2026-02-01,232,Importación de derivados (CFDD),444.943
2026-03-01,232,Importación de derivados (CFDD),623.04
2026-04-01,232,Importación de derivados (CFDD),577.098
2026-05-01,232,Importación de derivados (CFDD),524.356
2026-06-01,232,Importación de derivados (CFDD),722.875
2013-01-01,233,Erogación no operativa petrolero EPNF,262.825
2013-02-01,233,Erogación no operativa petrolero EPNF,198.646
2013-03-01,233,Erogación no operativa petrolero EPNF,276.271
2013-04-01,233,Erogación no operativa petrolero EPNF,262.372
2013-05-01,233,Erogación no operativa petrolero EPNF,250.897
2013-06-01,233,Erogación no operativa petrolero EPNF,212.679
2013-07-01,233,Erogación no operativa petrolero EPNF,373.269
2013-08-01,233,Erogación no operativa petrolero EPNF,319.34
2013-09-01,233,Erogación no operativa petrolero EPNF,281.229
2013-10-01,233,Erogación no operativa petrolero EPNF,362.061
2013-11-01,233,Erogación no operativa petrolero EPNF,319.913
2013-12-01,233,Erogación no operativa petrolero EPNF,588.582
2014-01-01,233,Erogación no operativa petrolero EPNF,267.208
2014-02-01,233,Erogación no operativa petrolero EPNF,318.073
2014-03-01,233,Erogación no operativa petrolero EPNF,277.257
2014-04-01,233,Erogación no operativa petrolero EPNF,330.027
2014-05-01,233,Erogación no operativa petrolero EPNF,283.909
2014-06-01,233,Erogación no operativa petrolero EPNF,296.591
2014-07-01,233,Erogación no operativa petrolero EPNF,377.561
2014-08-01,233,Erogación no operativa petrolero EPNF,293.636
2014-09-01,233,Erogación no operativa petrolero EPNF,327.019
2014-10-01,233,Erogación no operativa petrolero EPNF,465.68
2014-11-01,233,Erogación no operativa petrolero EPNF,274.278
2014-12-01,233,Erogación no operativa petrolero EPNF,511.64
2015-01-01,233,Erogación no operativa petrolero EPNF,220.382
2015-02-01,233,Erogación no operativa petrolero EPNF,277.593
2015-03-01,233,Erogación no operativa petrolero EPNF,257.901
2015-04-01,233,Erogación no operativa petrolero EPNF,297.052
2015-05-01,233,Erogación no operativa petrolero EPNF,220.263
2015-06-01,233,Erogación no operativa petrolero EPNF,231.318
2015-07-01,233,Erogación no operativa petrolero EPNF,191.129
2015-08-01,233,Erogación no operativa petrolero EPNF,214.728
2015-09-01,233,Erogación no operativa petrolero EPNF,218.502
2015-10-01,233,Erogación no operativa petrolero EPNF,213.768
2015-11-01,233,Erogación no operativa petrolero EPNF,199.993
2015-12-01,233,Erogación no operativa petrolero EPNF,261.592
2016-01-01,233,Erogación no operativa petrolero EPNF,184.282
2016-02-01,233,Erogación no operativa petrolero EPNF,162.134
2016-03-01,233,Erogación no operativa petrolero EPNF,210.129
2016-04-01,233,Erogación no operativa petrolero EPNF,243.174
2016-05-01,233,Erogación no operativa petrolero EPNF,185.549
2016-06-01,233,Erogación no operativa petrolero EPNF,291.526
2016-07-01,233,Erogación no operativa petrolero EPNF,192.276
2016-08-01,233,Erogación no operativa petrolero EPNF,137.811
2016-09-01,233,Erogación no operativa petrolero EPNF,177.282
2016-10-01,233,Erogación no operativa petrolero EPNF,199.456
2016-11-01,233,Erogación no operativa petrolero EPNF,162.937
2016-12-01,233,Erogación no operativa petrolero EPNF,228.916
2017-01-01,233,Erogación no operativa petrolero EPNF,142.767
2017-02-01,233,Erogación no operativa petrolero EPNF,120.335
2017-03-01,233,Erogación no operativa petrolero EPNF,145.78
2017-04-01,233,Erogación no operativa petrolero EPNF,123.049
2017-05-01,233,Erogación no operativa petrolero EPNF,139.718
2017-06-01,233,Erogación no operativa petrolero EPNF,122.406
2017-07-01,233,Erogación no operativa petrolero EPNF,154.963
2017-08-01,233,Erogación no operativa petrolero EPNF,129.145
2017-09-01,233,Erogación no operativa petrolero EPNF,145.177
2017-10-01,233,Erogación no operativa petrolero EPNF,140.979
2017-11-01,233,Erogación no operativa petrolero EPNF,172.378
2017-12-01,233,Erogación no operativa petrolero EPNF,229.598
2018-01-01,233,Erogación no operativa petrolero EPNF,135.139
2018-02-01,233,Erogación no operativa petrolero EPNF,99.935
2018-03-01,233,Erogación no operativa petrolero EPNF,111.558
2018-04-01,233,Erogación no operativa petrolero EPNF,127.483
2018-05-01,233,Erogación no operativa petrolero EPNF,141.029
2018-06-01,233,Erogación no operativa petrolero EPNF,137.054
2018-07-01,233,Erogación no operativa petrolero EPNF,142.098
2018-08-01,233,Erogación no operativa petrolero EPNF,79.727
2018-09-01,233,Erogación no operativa petrolero EPNF,134.662
2018-10-01,233,Erogación no operativa petrolero EPNF,137.119
2018-11-01,233,Erogación no operativa petrolero EPNF,151.627
2018-12-01,233,Erogación no operativa petrolero EPNF,172.863
2019-01-01,233,Erogación no operativa petrolero EPNF,134.495
2019-02-01,233,Erogación no operativa petrolero EPNF,122.692
2019-03-01,233,Erogación no operativa petrolero EPNF,148.57
2019-04-01,233,Erogación no operativa petrolero EPNF,142.621
2019-05-01,233,Erogación no operativa petrolero EPNF,143.596
2019-06-01,233,Erogación no operativa petrolero EPNF,147.509
2019-07-01,233,Erogación no operativa petrolero EPNF,153.609
2019-08-01,233,Erogación no operativa petrolero EPNF,129.547
2019-09-01,233,Erogación no operativa petrolero EPNF,137.074
2019-10-01,233,Erogación no operativa petrolero EPNF,126.971
2019-11-01,233,Erogación no operativa petrolero EPNF,100.659
2019-12-01,233,Erogación no operativa petrolero EPNF,138.047
2020-01-01,233,Erogación no operativa petrolero EPNF,126.644
2020-02-01,233,Erogación no operativa petrolero EPNF,122.365
2020-03-01,233,Erogación no operativa petrolero EPNF,128.643
2020-04-01,233,Erogación no operativa petrolero EPNF,40.419
2020-05-01,233,Erogación no operativa petrolero EPNF,65.004
2020-06-01,233,Erogación no operativa petrolero EPNF,110.943
2020-07-01,233,Erogación no operativa petrolero EPNF,139.391
2020-08-01,233,Erogación no operativa petrolero EPNF,120.453
2020-09-01,233,Erogación no operativa petrolero EPNF,116.01
2020-10-01,233,Erogación no operativa petrolero EPNF,124.684
2020-11-01,233,Erogación no operativa petrolero EPNF,126.255
2020-12-01,233,Erogación no operativa petrolero EPNF,160.1
2021-01-01,233,Erogación no operativa petrolero EPNF,6.663
2021-02-01,233,Erogación no operativa petrolero EPNF,22.044
2021-03-01,233,Erogación no operativa petrolero EPNF,339.017
2021-04-01,233,Erogación no operativa petrolero EPNF,122.282
2021-05-01,233,Erogación no operativa petrolero EPNF,142.304
2021-06-01,233,Erogación no operativa petrolero EPNF,134.236
2021-07-01,233,Erogación no operativa petrolero EPNF,129.407
2021-08-01,233,Erogación no operativa petrolero EPNF,133.564
2021-09-01,233,Erogación no operativa petrolero EPNF,136.973
2021-10-01,233,Erogación no operativa petrolero EPNF,138.322
2021-11-01,233,Erogación no operativa petrolero EPNF,145.223
2021-12-01,233,Erogación no operativa petrolero EPNF,139.027
2022-01-01,233,Erogación no operativa petrolero EPNF,134.367
2022-02-01,233,Erogación no operativa petrolero EPNF,151.806
2022-03-01,233,Erogación no operativa petrolero EPNF,162.097
2022-04-01,233,Erogación no operativa petrolero EPNF,193.498
2022-05-01,233,Erogación no operativa petrolero EPNF,144.804
2022-06-01,233,Erogación no operativa petrolero EPNF,135.662
2022-07-01,233,Erogación no operativa petrolero EPNF,166.373
2022-08-01,233,Erogación no operativa petrolero EPNF,178.824
2022-09-01,233,Erogación no operativa petrolero EPNF,186.414
2022-10-01,233,Erogación no operativa petrolero EPNF,192.371
2022-11-01,233,Erogación no operativa petrolero EPNF,202.859
2022-12-01,233,Erogación no operativa petrolero EPNF,255.182
2023-01-01,233,Erogación no operativa petrolero EPNF,167.28
2023-02-01,233,Erogación no operativa petrolero EPNF,175.351
2023-03-01,233,Erogación no operativa petrolero EPNF,151.486
2023-04-01,233,Erogación no operativa petrolero EPNF,142.217
2023-05-01,233,Erogación no operativa petrolero EPNF,204.96
2023-06-01,233,Erogación no operativa petrolero EPNF,157.77
2023-07-01,233,Erogación no operativa petrolero EPNF,152.028
2023-08-01,233,Erogación no operativa petrolero EPNF,177.354
2023-09-01,233,Erogación no operativa petrolero EPNF,174.838
2023-10-01,233,Erogación no operativa petrolero EPNF,176.542
2023-11-01,233,Erogación no operativa petrolero EPNF,173.438
2023-12-01,233,Erogación no operativa petrolero EPNF,213.387
2024-01-01,233,Erogación no operativa petrolero EPNF,169.527
2024-02-01,233,Erogación no operativa petrolero EPNF,165.589
2024-03-01,233,Erogación no operativa petrolero EPNF,168.924
2024-04-01,233,Erogación no operativa petrolero EPNF,180.469
2024-05-01,233,Erogación no operativa petrolero EPNF,163.647
2024-06-01,233,Erogación no operativa petrolero EPNF,167.961
2024-07-01,233,Erogación no operativa petrolero EPNF,179.653
2024-08-01,233,Erogación no operativa petrolero EPNF,118.18
2024-09-01,233,Erogación no operativa petrolero EPNF,189.242
2024-10-01,233,Erogación no operativa petrolero EPNF,146.802
2024-11-01,233,Erogación no operativa petrolero EPNF,146.191
2024-12-01,233,Erogación no operativa petrolero EPNF,151.84
2025-01-01,233,Erogación no operativa petrolero EPNF,147.543
2025-02-01,233,Erogación no operativa petrolero EPNF,141.197
2025-03-01,233,Erogación no operativa petrolero EPNF,120.146
2025-04-01,233,Erogación no operativa petrolero EPNF,139.933
2025-05-01,233,Erogación no operativa petrolero EPNF,135.404
2025-06-01,233,Erogación no operativa petrolero EPNF,164.035
2025-07-01,233,Erogación no operativa petrolero EPNF,69.033
2025-08-01,233,Erogación no operativa petrolero EPNF,166.968
2025-09-01,233,Erogación no operativa petrolero EPNF,150.113
2025-10-01,233,Erogación no operativa petrolero EPNF,161.672
2025-11-01,233,Erogación no operativa petrolero EPNF,176.377
2025-12-01,233,Erogación no operativa petrolero EPNF,170.005
2026-01-01,233,Erogación no operativa petrolero EPNF,156.895
2026-02-01,233,Erogación no operativa petrolero EPNF,167.765
2026-03-01,233,Erogación no operativa petrolero EPNF,225.309
2026-04-01,233,Erogación no operativa petrolero EPNF,181.432
2026-05-01,233,Erogación no operativa petrolero EPNF,180.454
2026-06-01,233,Erogación no operativa petrolero EPNF,201.799
2013-01-01,51,Ingreso Operativo EPNF,504.563
2013-02-01,51,Ingreso Operativo EPNF,487.968
2013-03-01,51,Ingreso Operativo EPNF,340.216
2013-04-01,51,Ingreso Operativo EPNF,429.429
2013-05-01,51,Ingreso Operativo EPNF,597.05
2013-06-01,51,Ingreso Operativo EPNF,451.248
2013-07-01,51,Ingreso Operativo EPNF,718.769
2013-08-01,51,Ingreso Operativo EPNF,620.643
2013-09-01,51,Ingreso Operativo EPNF,431.818
2013-10-01,51,Ingreso Operativo EPNF,686.139
2013-11-01,51,Ingreso Operativo EPNF,524.829
2013-12-01,51,Ingreso Operativo EPNF,574.149
2014-01-01,51,Ingreso Operativo EPNF,710.711
2014-02-01,51,Ingreso Operativo EPNF,481.528
2014-03-01,51,Ingreso Operativo EPNF,567.43
2014-04-01,51,Ingreso Operativo EPNF,659.549
2014-05-01,51,Ingreso Operativo EPNF,582.705
2014-06-01,51,Ingreso Operativo EPNF,836.579
2014-07-01,51,Ingreso Operativo EPNF,554.78
2014-08-01,51,Ingreso Operativo EPNF,710.378
2014-09-01,51,Ingreso Operativo EPNF,649.068
2014-10-01,51,Ingreso Operativo EPNF,570.708
2014-11-01,51,Ingreso Operativo EPNF,744.627
2014-12-01,51,Ingreso Operativo EPNF,666.866
2015-01-01,51,Ingreso Operativo EPNF,273.401
2015-02-01,51,Ingreso Operativo EPNF,381.498
2015-03-01,51,Ingreso Operativo EPNF,479.966
2015-04-01,51,Ingreso Operativo EPNF,379.409
2015-05-01,51,Ingreso Operativo EPNF,488.526
2015-06-01,51,Ingreso Operativo EPNF,479.815
2015-07-01,51,Ingreso Operativo EPNF,466.669
2015-08-01,51,Ingreso Operativo EPNF,349.268
2015-09-01,51,Ingreso Operativo EPNF,286.524
2015-10-01,51,Ingreso Operativo EPNF,333.375
2015-11-01,51,Ingreso Operativo EPNF,275.204
2015-12-01,51,Ingreso Operativo EPNF,286.536
2016-01-01,51,Ingreso Operativo EPNF,279.784
2016-02-01,51,Ingreso Operativo EPNF,309.393
2016-03-01,51,Ingreso Operativo EPNF,266.396
2016-04-01,51,Ingreso Operativo EPNF,287.245
2016-05-01,51,Ingreso Operativo EPNF,287.455
2016-06-01,51,Ingreso Operativo EPNF,324.61
2016-07-01,51,Ingreso Operativo EPNF,284.755
2016-08-01,51,Ingreso Operativo EPNF,356.524
2016-09-01,51,Ingreso Operativo EPNF,323.697
2016-10-01,51,Ingreso Operativo EPNF,276.023
2016-11-01,51,Ingreso Operativo EPNF,326.15
2016-12-01,51,Ingreso Operativo EPNF,401.491
2017-01-01,51,Ingreso Operativo EPNF,504.252
2017-02-01,51,Ingreso Operativo EPNF,285.104
2017-03-01,51,Ingreso Operativo EPNF,479.166
2017-04-01,51,Ingreso Operativo EPNF,282.091
2017-05-01,51,Ingreso Operativo EPNF,353.85
2017-06-01,51,Ingreso Operativo EPNF,393.418
2017-07-01,51,Ingreso Operativo EPNF,404.909
2017-08-01,51,Ingreso Operativo EPNF,324.374
2017-09-01,51,Ingreso Operativo EPNF,326.295
2017-10-01,51,Ingreso Operativo EPNF,265.94
2017-11-01,51,Ingreso Operativo EPNF,356.635
2017-12-01,51,Ingreso Operativo EPNF,854.946
2018-01-01,51,Ingreso Operativo EPNF,509.775
2018-02-01,51,Ingreso Operativo EPNF,376.436
2018-03-01,51,Ingreso Operativo EPNF,741.958
2018-04-01,51,Ingreso Operativo EPNF,456.803
2018-05-01,51,Ingreso Operativo EPNF,493.599
2018-06-01,51,Ingreso Operativo EPNF,493.671
2018-07-01,51,Ingreso Operativo EPNF,492.797
2018-08-01,51,Ingreso Operativo EPNF,483.45
2018-09-01,51,Ingreso Operativo EPNF,436.383
2018-10-01,51,Ingreso Operativo EPNF,321.776
2018-11-01,51,Ingreso Operativo EPNF,437.097
2018-12-01,51,Ingreso Operativo EPNF,315.972
2019-01-01,51,Ingreso Operativo EPNF,261.798
2019-02-01,51,Ingreso Operativo EPNF,377.999
2019-03-01,51,Ingreso Operativo EPNF,495.425
2019-04-01,51,Ingreso Operativo EPNF,393.465
2019-05-01,51,Ingreso Operativo EPNF,568.087
2019-06-01,51,Ingreso Operativo EPNF,427.592
2019-07-01,51,Ingreso Operativo EPNF,471.042
2019-08-01,51,Ingreso Operativo EPNF,572.579
2019-09-01,51,Ingreso Operativo EPNF,465.552
2019-10-01,51,Ingreso Operativo EPNF,330.798
2019-11-01,51,Ingreso Operativo EPNF,455.18
2019-12-01,51,Ingreso Operativo EPNF,456.975
2020-01-01,51,Ingreso Operativo EPNF,363.485
2020-02-01,51,Ingreso Operativo EPNF,449.314
2020-03-01,51,Ingreso Operativo EPNF,385.211
2020-04-01,51,Ingreso Operativo EPNF,320.705
2020-05-01,51,Ingreso Operativo EPNF,201.866
2020-06-01,51,Ingreso Operativo EPNF,164.165
2020-07-01,51,Ingreso Operativo EPNF,208.774
2020-08-01,51,Ingreso Operativo EPNF,329.006
2020-09-01,51,Ingreso Operativo EPNF,372.665
2020-10-01,51,Ingreso Operativo EPNF,432.312
2020-11-01,51,Ingreso Operativo EPNF,386.04
2020-12-01,51,Ingreso Operativo EPNF,390.273
2021-01-01,51,Ingreso Operativo EPNF,217.131
2021-02-01,51,Ingreso Operativo EPNF,288.462
2021-03-01,51,Ingreso Operativo EPNF,544.329
2021-04-01,51,Ingreso Operativo EPNF,394.832
2021-05-01,51,Ingreso Operativo EPNF,410.072
2021-06-01,51,Ingreso Operativo EPNF,319.596
2021-07-01,51,Ingreso Operativo EPNF,358.228
2021-08-01,51,Ingreso Operativo EPNF,361.995
2021-09-01,51,Ingreso Operativo EPNF,849.055
2021-10-01,51,Ingreso Operativo EPNF,421.238
2021-11-01,51,Ingreso Operativo EPNF,407.482
2021-12-01,51,Ingreso Operativo EPNF,346.786
2022-01-01,51,Ingreso Operativo EPNF,419.983
2022-02-01,51,Ingreso Operativo EPNF,273.291
2022-03-01,51,Ingreso Operativo EPNF,413.826
2022-04-01,51,Ingreso Operativo EPNF,385.724
2022-05-01,51,Ingreso Operativo EPNF,444.133
2022-06-01,51,Ingreso Operativo EPNF,314.109
2022-07-01,51,Ingreso Operativo EPNF,345.076
2022-08-01,51,Ingreso Operativo EPNF,394.552
2022-09-01,51,Ingreso Operativo EPNF,412.858
2022-10-01,51,Ingreso Operativo EPNF,502.673
2022-11-01,51,Ingreso Operativo EPNF,534.158
2022-12-01,51,Ingreso Operativo EPNF,450.944
2023-01-01,51,Ingreso Operativo EPNF,571.583
2023-02-01,51,Ingreso Operativo EPNF,413.138
2023-03-01,51,Ingreso Operativo EPNF,552.86
2023-04-01,51,Ingreso Operativo EPNF,437.848
2023-05-01,51,Ingreso Operativo EPNF,526.688
2023-06-01,51,Ingreso Operativo EPNF,463.642
2023-07-01,51,Ingreso Operativo EPNF,498.904
2023-08-01,51,Ingreso Operativo EPNF,591.939
2023-09-01,51,Ingreso Operativo EPNF,524.509
2023-10-01,51,Ingreso Operativo EPNF,568.524
2023-11-01,51,Ingreso Operativo EPNF,567.115
2023-12-01,51,Ingreso Operativo EPNF,497.78
2024-01-01,51,Ingreso Operativo EPNF,540.926
2024-02-01,51,Ingreso Operativo EPNF,459.924
2024-03-01,51,Ingreso Operativo EPNF,497.807
2024-04-01,51,Ingreso Operativo EPNF,473.0
2024-05-01,51,Ingreso Operativo EPNF,511.412
2024-06-01,51,Ingreso Operativo EPNF,449.112
2024-07-01,51,Ingreso Operativo EPNF,531.286
2024-08-01,51,Ingreso Operativo EPNF,499.762
2024-09-01,51,Ingreso Operativo EPNF,370.716
2024-10-01,51,Ingreso Operativo EPNF,560.787
2024-11-01,51,Ingreso Operativo EPNF,383.064
2024-12-01,51,Ingreso Operativo EPNF,452.005
2025-01-01,51,Ingreso Operativo EPNF,424.831
2025-02-01,51,Ingreso Operativo EPNF,477.75
2025-03-01,51,Ingreso Operativo EPNF,401.303
2025-04-01,51,Ingreso Operativo EPNF,506.075
2025-05-01,51,Ingreso Operativo EPNF,436.169
2025-06-01,51,Ingreso Operativo EPNF,453.724
2025-07-01,51,Ingreso Operativo EPNF,391.121
2025-08-01,51,Ingreso Operativo EPNF,357.114
2025-09-01,51,Ingreso Operativo EPNF,458.407
2025-10-01,51,Ingreso Operativo EPNF,496.618
2025-11-01,51,Ingreso Operativo EPNF,353.562
2025-12-01,51,Ingreso Operativo EPNF,443.846
2026-01-01,51,Ingreso Operativo EPNF,307.719
2026-02-01,51,Ingreso Operativo EPNF,388.174
2026-03-01,51,Ingreso Operativo EPNF,380.24
2026-04-01,51,Ingreso Operativo EPNF,651.065
2026-05-01,51,Ingreso Operativo EPNF,399.191
2026-06-01,51,Ingreso Operativo EPNF,518.867
2013-01-01,52,Erogación Operativa EPNF,186.968
2013-02-01,52,Erogación Operativa EPNF,239.809
2013-03-01,52,Erogación Operativa EPNF,231.967
2013-04-01,52,Erogación Operativa EPNF,228.236
2013-05-01,52,Erogación Operativa EPNF,261.519
2013-06-01,52,Erogación Operativa EPNF,230.623
2013-07-01,52,Erogación Operativa EPNF,293.994
2013-08-01,52,Erogación Operativa EPNF,244.53
2013-09-01,52,Erogación Operativa EPNF,262.678
2013-10-01,52,Erogación Operativa EPNF,279.567
2013-11-01,52,Erogación Operativa EPNF,282.441
2013-12-01,52,Erogación Operativa EPNF,450.177
2014-01-01,52,Erogación Operativa EPNF,249.234
2014-02-01,52,Erogación Operativa EPNF,253.022
2014-03-01,52,Erogación Operativa EPNF,243.706
2014-04-01,52,Erogación Operativa EPNF,273.458
2014-05-01,52,Erogación Operativa EPNF,303.776
2014-06-01,52,Erogación Operativa EPNF,307.54
2014-07-01,52,Erogación Operativa EPNF,269.329
2014-08-01,52,Erogación Operativa EPNF,303.954
2014-09-01,52,Erogación Operativa EPNF,302.029
2014-10-01,52,Erogación Operativa EPNF,290.808
2014-11-01,52,Erogación Operativa EPNF,273.79
2014-12-01,52,Erogación Operativa EPNF,473.589
2015-01-01,52,Erogación Operativa EPNF,223.323
2015-02-01,52,Erogación Operativa EPNF,264.08
2015-03-01,52,Erogación Operativa EPNF,282.295
2015-04-01,52,Erogación Operativa EPNF,236.357
2015-05-01,52,Erogación Operativa EPNF,309.726
2015-06-01,52,Erogación Operativa EPNF,262.543
2015-07-01,52,Erogación Operativa EPNF,295.238
2015-08-01,52,Erogación Operativa EPNF,267.674
2015-09-01,52,Erogación Operativa EPNF,256.116
2015-10-01,52,Erogación Operativa EPNF,249.346
2015-11-01,52,Erogación Operativa EPNF,290.157
2015-12-01,52,Erogación Operativa EPNF,474.098
2016-01-01,52,Erogación Operativa EPNF,219.468
2016-02-01,52,Erogación Operativa EPNF,239.718
2016-03-01,52,Erogación Operativa EPNF,261.603
2016-04-01,52,Erogación Operativa EPNF,261.339
2016-05-01,52,Erogación Operativa EPNF,276.438
2016-06-01,52,Erogación Operativa EPNF,237.777
2016-07-01,52,Erogación Operativa EPNF,259.631
2016-08-01,52,Erogación Operativa EPNF,236.202
2016-09-01,52,Erogación Operativa EPNF,263.433
2016-10-01,52,Erogación Operativa EPNF,234.064
2016-11-01,52,Erogación Operativa EPNF,253.572
2016-12-01,52,Erogación Operativa EPNF,368.167
2017-01-01,52,Erogación Operativa EPNF,198.765
2017-02-01,52,Erogación Operativa EPNF,206.893
2017-03-01,52,Erogación Operativa EPNF,216.333
2017-04-01,52,Erogación Operativa EPNF,235.709
2017-05-01,52,Erogación Operativa EPNF,239.73
2017-06-01,52,Erogación Operativa EPNF,228.003
2017-07-01,52,Erogación Operativa EPNF,226.279
2017-08-01,52,Erogación Operativa EPNF,209.236
2017-09-01,52,Erogación Operativa EPNF,215.575
2017-10-01,52,Erogación Operativa EPNF,234.16
2017-11-01,52,Erogación Operativa EPNF,232.259
2017-12-01,52,Erogación Operativa EPNF,295.582
2018-01-01,52,Erogación Operativa EPNF,190.373
2018-02-01,52,Erogación Operativa EPNF,206.623
2018-03-01,52,Erogación Operativa EPNF,226.199
2018-04-01,52,Erogación Operativa EPNF,221.701
2018-05-01,52,Erogación Operativa EPNF,218.733
2018-06-01,52,Erogación Operativa EPNF,233.054
2018-07-01,52,Erogación Operativa EPNF,235.373
2018-08-01,52,Erogación Operativa EPNF,216.129
2018-09-01,52,Erogación Operativa EPNF,196.706
2018-10-01,52,Erogación Operativa EPNF,243.126
2018-11-01,52,Erogación Operativa EPNF,228.93
2018-12-01,52,Erogación Operativa EPNF,297.389
2019-01-01,52,Erogación Operativa EPNF,194.189
2019-02-01,52,Erogación Operativa EPNF,204.268
2019-03-01,52,Erogación Operativa EPNF,231.949
2019-04-01,52,Erogación Operativa EPNF,235.835
2019-05-01,52,Erogación Operativa EPNF,236.581
2019-06-01,52,Erogación Operativa EPNF,205.039
2019-07-01,52,Erogación Operativa EPNF,224.887
2019-08-01,52,Erogación Operativa EPNF,211.967
2019-09-01,52,Erogación Operativa EPNF,206.91
2019-10-01,52,Erogación Operativa EPNF,209.934
2019-11-01,52,Erogación Operativa EPNF,225.889
2019-12-01,52,Erogación Operativa EPNF,257.366
2020-01-01,52,Erogación Operativa EPNF,161.497
2020-02-01,52,Erogación Operativa EPNF,232.629
2020-03-01,52,Erogación Operativa EPNF,196.889
2020-04-01,52,Erogación Operativa EPNF,167.285
2020-05-01,52,Erogación Operativa EPNF,160.0
2020-06-01,52,Erogación Operativa EPNF,197.582
2020-07-01,52,Erogación Operativa EPNF,186.799
2020-08-01,52,Erogación Operativa EPNF,186.987
2020-09-01,52,Erogación Operativa EPNF,186.13
2020-10-01,52,Erogación Operativa EPNF,188.23
2020-11-01,52,Erogación Operativa EPNF,187.122
2020-12-01,52,Erogación Operativa EPNF,216.874
2021-01-01,52,Erogación Operativa EPNF,145.055
2021-02-01,52,Erogación Operativa EPNF,177.171
2021-03-01,52,Erogación Operativa EPNF,225.122
2021-04-01,52,Erogación Operativa EPNF,198.082
2021-05-01,52,Erogación Operativa EPNF,161.634
2021-06-01,52,Erogación Operativa EPNF,191.259
2021-07-01,52,Erogación Operativa EPNF,181.026
2021-08-01,52,Erogación Operativa EPNF,169.534
2021-09-01,52,Erogación Operativa EPNF,170.595
2021-10-01,52,Erogación Operativa EPNF,166.315
2021-11-01,52,Erogación Operativa EPNF,192.835
2021-12-01,52,Erogación Operativa EPNF,222.061
2022-01-01,52,Erogación Operativa EPNF,127.023
2022-02-01,52,Erogación Operativa EPNF,179.088
2022-03-01,52,Erogación Operativa EPNF,202.311
2022-04-01,52,Erogación Operativa EPNF,188.198
2022-05-01,52,Erogación Operativa EPNF,202.807
2022-06-01,52,Erogación Operativa EPNF,260.894
2022-07-01,52,Erogación Operativa EPNF,197.624
2022-08-01,52,Erogación Operativa EPNF,206.571
2022-09-01,52,Erogación Operativa EPNF,258.485
2022-10-01,52,Erogación Operativa EPNF,186.892
2022-11-01,52,Erogación Operativa EPNF,317.969
2022-12-01,52,Erogación Operativa EPNF,376.171
2023-01-01,52,Erogación Operativa EPNF,216.902
2023-02-01,52,Erogación Operativa EPNF,250.755
2023-03-01,52,Erogación Operativa EPNF,246.193
2023-04-01,52,Erogación Operativa EPNF,238.07
2023-05-01,52,Erogación Operativa EPNF,292.591
2023-06-01,52,Erogación Operativa EPNF,232.689
2023-07-01,52,Erogación Operativa EPNF,255.342
2023-08-01,52,Erogación Operativa EPNF,293.472
2023-09-01,52,Erogación Operativa EPNF,328.135
2023-10-01,52,Erogación Operativa EPNF,238.591
2023-11-01,52,Erogación Operativa EPNF,306.503
2023-12-01,52,Erogación Operativa EPNF,398.592
2024-01-01,52,Erogación Operativa EPNF,216.311
2024-02-01,52,Erogación Operativa EPNF,245.892
2024-03-01,52,Erogación Operativa EPNF,275.822
2024-04-01,52,Erogación Operativa EPNF,278.024
2024-05-01,52,Erogación Operativa EPNF,250.466
2024-06-01,52,Erogación Operativa EPNF,221.687
2024-07-01,52,Erogación Operativa EPNF,314.836
2024-08-01,52,Erogación Operativa EPNF,219.4
2024-09-01,52,Erogación Operativa EPNF,171.177
2024-10-01,52,Erogación Operativa EPNF,276.322
2024-11-01,52,Erogación Operativa EPNF,232.211
2024-12-01,52,Erogación Operativa EPNF,281.871
2025-01-01,52,Erogación Operativa EPNF,171.773
2025-02-01,52,Erogación Operativa EPNF,208.884
2025-03-01,52,Erogación Operativa EPNF,231.678
2025-04-01,52,Erogación Operativa EPNF,218.263
2025-05-01,52,Erogación Operativa EPNF,303.376
2025-06-01,52,Erogación Operativa EPNF,246.913
2025-07-01,52,Erogación Operativa EPNF,236.205
2025-08-01,52,Erogación Operativa EPNF,207.377
2025-09-01,52,Erogación Operativa EPNF,212.167
2025-10-01,52,Erogación Operativa EPNF,286.956
2025-11-01,52,Erogación Operativa EPNF,244.517
2025-12-01,52,Erogación Operativa EPNF,285.997
2026-01-01,52,Erogación Operativa EPNF,169.313
2026-02-01,52,Erogación Operativa EPNF,174.265
2026-03-01,52,Erogación Operativa EPNF,234.703
2026-04-01,52,Erogación Operativa EPNF,213.117
2026-05-01,52,Erogación Operativa EPNF,252.058
2026-06-01,52,Erogación Operativa EPNF,290.846
2013-01-01,53,Resultado Operacional EPNF,317.595
2013-02-01,53,Resultado Operacional EPNF,248.159
2013-03-01,53,Resultado Operacional EPNF,108.249
2013-04-01,53,Resultado Operacional EPNF,201.193
2013-05-01,53,Resultado Operacional EPNF,335.531
2013-06-01,53,Resultado Operacional EPNF,220.625
2013-07-01,53,Resultado Operacional EPNF,424.774
2013-08-01,53,Resultado Operacional EPNF,376.112
2013-09-01,53,Resultado Operacional EPNF,169.14
2013-10-01,53,Resultado Operacional EPNF,406.572
2013-11-01,53,Resultado Operacional EPNF,242.389
2013-12-01,53,Resultado Operacional EPNF,123.972
2014-01-01,53,Resultado Operacional EPNF,461.476
2014-02-01,53,Resultado Operacional EPNF,228.506
2014-03-01,53,Resultado Operacional EPNF,323.725
2014-04-01,53,Resultado Operacional EPNF,386.09
2014-05-01,53,Resultado Operacional EPNF,278.929
2014-06-01,53,Resultado Operacional EPNF,529.039
2014-07-01,53,Resultado Operacional EPNF,285.451
2014-08-01,53,Resultado Operacional EPNF,406.424
2014-09-01,53,Resultado Operacional EPNF,347.039
2014-10-01,53,Resultado Operacional EPNF,279.9
2014-11-01,53,Resultado Operacional EPNF,470.837
2014-12-01,53,Resultado Operacional EPNF,193.277
2015-01-01,53,Resultado Operacional EPNF,50.078
2015-02-01,53,Resultado Operacional EPNF,117.418
2015-03-01,53,Resultado Operacional EPNF,197.671
2015-04-01,53,Resultado Operacional EPNF,143.053
2015-05-01,53,Resultado Operacional EPNF,178.8
2015-06-01,53,Resultado Operacional EPNF,217.272
2015-07-01,53,Resultado Operacional EPNF,171.431
2015-08-01,53,Resultado Operacional EPNF,81.594
2015-09-01,53,Resultado Operacional EPNF,30.408
2015-10-01,53,Resultado Operacional EPNF,84.028
2015-11-01,53,Resultado Operacional EPNF,-14.952
2015-12-01,53,Resultado Operacional EPNF,-187.562
2016-01-01,53,Resultado Operacional EPNF,60.316
2016-02-01,53,Resultado Operacional EPNF,69.675
2016-03-01,53,Resultado Operacional EPNF,4.793
2016-04-01,53,Resultado Operacional EPNF,25.906
2016-05-01,53,Resultado Operacional EPNF,11.018
2016-06-01,53,Resultado Operacional EPNF,86.833
2016-07-01,53,Resultado Operacional EPNF,25.124
2016-08-01,53,Resultado Operacional EPNF,120.322
2016-09-01,53,Resultado Operacional EPNF,60.264
2016-10-01,53,Resultado Operacional EPNF,41.959
2016-11-01,53,Resultado Operacional EPNF,72.578
2016-12-01,53,Resultado Operacional EPNF,33.324
2017-01-01,53,Resultado Operacional EPNF,305.487
2017-02-01,53,Resultado Operacional EPNF,78.211
2017-03-01,53,Resultado Operacional EPNF,262.834
2017-04-01,53,Resultado Operacional EPNF,46.382
2017-05-01,53,Resultado Operacional EPNF,114.119
2017-06-01,53,Resultado Operacional EPNF,165.415
2017-07-01,53,Resultado Operacional EPNF,178.63
2017-08-01,53,Resultado Operacional EPNF,115.138
2017-09-01,53,Resultado Operacional EPNF,110.72
2017-10-01,53,Resultado Operacional EPNF,31.78
2017-11-01,53,Resultado Operacional EPNF,124.376
2017-12-01,53,Resultado Operacional EPNF,559.365
2018-01-01,53,Resultado Operacional EPNF,319.402
2018-02-01,53,Resultado Operacional EPNF,169.813
2018-03-01,53,Resultado Operacional EPNF,515.76
2018-04-01,53,Resultado Operacional EPNF,235.101
2018-05-01,53,Resultado Operacional EPNF,274.866
2018-06-01,53,Resultado Operacional EPNF,260.617
2018-07-01,53,Resultado Operacional EPNF,257.424
2018-08-01,53,Resultado Operacional EPNF,267.32
2018-09-01,53,Resultado Operacional EPNF,239.677
2018-10-01,53,Resultado Operacional EPNF,78.65
2018-11-01,53,Resultado Operacional EPNF,208.167
2018-12-01,53,Resultado Operacional EPNF,18.582
2019-01-01,53,Resultado Operacional EPNF,67.61
2019-02-01,53,Resultado Operacional EPNF,173.732
2019-03-01,53,Resultado Operacional EPNF,263.475
2019-04-01,53,Resultado Operacional EPNF,157.63
2019-05-01,53,Resultado Operacional EPNF,331.506
2019-06-01,53,Resultado Operacional EPNF,222.553
2019-07-01,53,Resultado Operacional EPNF,246.155
2019-08-01,53,Resultado Operacional EPNF,360.611
2019-09-01,53,Resultado Operacional EPNF,258.642
2019-10-01,53,Resultado Operacional EPNF,120.864
2019-11-01,53,Resultado Operacional EPNF,229.29
2019-12-01,53,Resultado Operacional EPNF,199.609
2020-01-01,53,Resultado Operacional EPNF,201.988
2020-02-01,53,Resultado Operacional EPNF,216.685
2020-03-01,53,Resultado Operacional EPNF,188.322
2020-04-01,53,Resultado Operacional EPNF,153.42
2020-05-01,53,Resultado Operacional EPNF,41.866
2020-06-01,53,Resultado Operacional EPNF,-33.417
2020-07-01,53,Resultado Operacional EPNF,21.974
2020-08-01,53,Resultado Operacional EPNF,142.018
2020-09-01,53,Resultado Operacional EPNF,186.535
2020-10-01,53,Resultado Operacional EPNF,244.083
2020-11-01,53,Resultado Operacional EPNF,198.918
2020-12-01,53,Resultado Operacional EPNF,173.399
2021-01-01,53,Resultado Operacional EPNF,72.075
2021-02-01,53,Resultado Operacional EPNF,111.291
2021-03-01,53,Resultado Operacional EPNF,319.207
2021-04-01,53,Resultado Operacional EPNF,196.749
2021-05-01,53,Resultado Operacional EPNF,248.438
2021-06-01,53,Resultado Operacional EPNF,128.337
2021-07-01,53,Resultado Operacional EPNF,177.201
2021-08-01,53,Resultado Operacional EPNF,192.461
2021-09-01,53,Resultado Operacional EPNF,678.46
2021-10-01,53,Resultado Operacional EPNF,254.923
2021-11-01,53,Resultado Operacional EPNF,214.647
2021-12-01,53,Resultado Operacional EPNF,124.725
2022-01-01,53,Resultado Operacional EPNF,292.96
2022-02-01,53,Resultado Operacional EPNF,94.203
2022-03-01,53,Resultado Operacional EPNF,211.515
2022-04-01,53,Resultado Operacional EPNF,197.526
2022-05-01,53,Resultado Operacional EPNF,241.326
2022-06-01,53,Resultado Operacional EPNF,53.215
2022-07-01,53,Resultado Operacional EPNF,147.452
2022-08-01,53,Resultado Operacional EPNF,187.981
2022-09-01,53,Resultado Operacional EPNF,154.373
2022-10-01,53,Resultado Operacional EPNF,315.781
2022-11-01,53,Resultado Operacional EPNF,216.189
2022-12-01,53,Resultado Operacional EPNF,74.773
2023-01-01,53,Resultado Operacional EPNF,354.68
2023-02-01,53,Resultado Operacional EPNF,162.383
2023-03-01,53,Resultado Operacional EPNF,306.667
2023-04-01,53,Resultado Operacional EPNF,199.779
2023-05-01,53,Resultado Operacional EPNF,234.097
2023-06-01,53,Resultado Operacional EPNF,230.954
2023-07-01,53,Resultado Operacional EPNF,243.562
2023-08-01,53,Resultado Operacional EPNF,298.467
2023-09-01,53,Resultado Operacional EPNF,196.374
2023-10-01,53,Resultado Operacional EPNF,329.933
2023-11-01,53,Resultado Operacional EPNF,260.612
2023-12-01,53,Resultado Operacional EPNF,99.188
2024-01-01,53,Resultado Operacional EPNF,324.615
2024-02-01,53,Resultado Operacional EPNF,214.031
2024-03-01,53,Resultado Operacional EPNF,221.985
2024-04-01,53,Resultado Operacional EPNF,194.976
2024-05-01,53,Resultado Operacional EPNF,260.947
2024-06-01,53,Resultado Operacional EPNF,227.425
2024-07-01,53,Resultado Operacional EPNF,216.45
2024-08-01,53,Resultado Operacional EPNF,280.361
2024-09-01,53,Resultado Operacional EPNF,199.539
2024-10-01,53,Resultado Operacional EPNF,284.465
2024-11-01,53,Resultado Operacional EPNF,150.853
2024-12-01,53,Resultado Operacional EPNF,170.133
2025-01-01,53,Resultado Operacional EPNF,253.058
2025-02-01,53,Resultado Operacional EPNF,268.866
2025-03-01,53,Resultado Operacional EPNF,169.625
2025-04-01,53,Resultado Operacional EPNF,287.812
2025-05-01,53,Resultado Operacional EPNF,132.793
2025-06-01,53,Resultado Operacional EPNF,206.811
2025-07-01,53,Resultado Operacional EPNF,154.916
2025-08-01,53,Resultado Operacional EPNF,149.737
2025-09-01,53,Resultado Operacional EPNF,246.24
2025-10-01,53,Resultado Operacional EPNF,209.662
2025-11-01,53,Resultado Operacional EPNF,109.045
2025-12-01,53,Resultado Operacional EPNF,157.85
2026-01-01,53,Resultado Operacional EPNF,138.406
2026-02-01,53,Resultado Operacional EPNF,213.909
2026-03-01,53,Resultado Operacional EPNF,145.537
2026-04-01,53,Resultado Operacional EPNF,437.947
2026-05-01,53,Resultado Operacional EPNF,147.132
2026-06-01,53,Resultado Operacional EPNF,228.02
2013-01-01,54,Ingresos Petroleros EPNF,429.446
2013-02-01,54,Ingresos Petroleros EPNF,404.853
2013-03-01,54,Ingresos Petroleros EPNF,255.991
2013-04-01,54,Ingresos Petroleros EPNF,350.606
2013-05-01,54,Ingresos Petroleros EPNF,514.439
2013-06-01,54,Ingresos Petroleros EPNF,370.447
2013-07-01,54,Ingresos Petroleros EPNF,623.379
2013-08-01,54,Ingresos Petroleros EPNF,536.934
2013-09-01,54,Ingresos Petroleros EPNF,338.656
2013-10-01,54,Ingresos Petroleros EPNF,603.495
2013-11-01,54,Ingresos Petroleros EPNF,445.051
2013-12-01,54,Ingresos Petroleros EPNF,468.227
2014-01-01,54,Ingresos Petroleros EPNF,620.676
2014-02-01,54,Ingresos Petroleros EPNF,397.887
2014-03-01,54,Ingresos Petroleros EPNF,464.979
2014-04-01,54,Ingresos Petroleros EPNF,570.086
2014-05-01,54,Ingresos Petroleros EPNF,485.296
2014-06-01,54,Ingresos Petroleros EPNF,742.086
2014-07-01,54,Ingresos Petroleros EPNF,449.917
2014-08-01,54,Ingresos Petroleros EPNF,599.086
2014-09-01,54,Ingresos Petroleros EPNF,539.333
2014-10-01,54,Ingresos Petroleros EPNF,454.265
2014-11-01,54,Ingresos Petroleros EPNF,637.825
2014-12-01,54,Ingresos Petroleros EPNF,556.435
2015-01-01,54,Ingresos Petroleros EPNF,174.785
2015-02-01,54,Ingresos Petroleros EPNF,269.32
2015-03-01,54,Ingresos Petroleros EPNF,361.152
2015-04-01,54,Ingresos Petroleros EPNF,277.397
2015-05-01,54,Ingresos Petroleros EPNF,375.501
2015-06-01,54,Ingresos Petroleros EPNF,375.661
2015-07-01,54,Ingresos Petroleros EPNF,345.353
2015-08-01,54,Ingresos Petroleros EPNF,229.781
2015-09-01,54,Ingresos Petroleros EPNF,182.504
2015-10-01,54,Ingresos Petroleros EPNF,235.436
2015-11-01,54,Ingresos Petroleros EPNF,177.358
2015-12-01,54,Ingresos Petroleros EPNF,162.763
2016-01-01,54,Ingresos Petroleros EPNF,162.116
2016-02-01,54,Ingresos Petroleros EPNF,198.527
2016-03-01,54,Ingresos Petroleros EPNF,157.757
2016-04-01,54,Ingresos Petroleros EPNF,174.18
2016-05-01,54,Ingresos Petroleros EPNF,173.295
2016-06-01,54,Ingresos Petroleros EPNF,228.463
2016-07-01,54,Ingresos Petroleros EPNF,168.563
2016-08-01,54,Ingresos Petroleros EPNF,256.716
2016-09-01,54,Ingresos Petroleros EPNF,228.819
2016-10-01,54,Ingresos Petroleros EPNF,178.107
2016-11-01,54,Ingresos Petroleros EPNF,220.014
2016-12-01,54,Ingresos Petroleros EPNF,307.454
2017-01-01,54,Ingresos Petroleros EPNF,413.406
2017-02-01,54,Ingresos Petroleros EPNF,205.069
2017-03-01,54,Ingresos Petroleros EPNF,389.965
2017-04-01,54,Ingresos Petroleros EPNF,198.046
2017-05-01,54,Ingresos Petroleros EPNF,275.116
2017-06-01,54,Ingresos Petroleros EPNF,315.418
2017-07-01,54,Ingresos Petroleros EPNF,316.227
2017-08-01,54,Ingresos Petroleros EPNF,242.903
2017-09-01,54,Ingresos Petroleros EPNF,253.401
2017-10-01,54,Ingresos Petroleros EPNF,183.258
2017-11-01,54,Ingresos Petroleros EPNF,281.157
2017-12-01,54,Ingresos Petroleros EPNF,761.985
2018-01-01,54,Ingresos Petroleros EPNF,432.462
2018-02-01,54,Ingresos Petroleros EPNF,299.612
2018-03-01,54,Ingresos Petroleros EPNF,663.52
2018-04-01,54,Ingresos Petroleros EPNF,381.13
2018-05-01,54,Ingresos Petroleros EPNF,406.844
2018-06-01,54,Ingresos Petroleros EPNF,413.485
2018-07-01,54,Ingresos Petroleros EPNF,404.89
2018-08-01,54,Ingresos Petroleros EPNF,401.059
2018-09-01,54,Ingresos Petroleros EPNF,359.121
2018-10-01,54,Ingresos Petroleros EPNF,238.434
2018-11-01,54,Ingresos Petroleros EPNF,343.515
2018-12-01,54,Ingresos Petroleros EPNF,222.217
2019-01-01,54,Ingresos Petroleros EPNF,187.36
2019-02-01,54,Ingresos Petroleros EPNF,302.624
2019-03-01,54,Ingresos Petroleros EPNF,420.854
2019-04-01,54,Ingresos Petroleros EPNF,320.988
2019-05-01,54,Ingresos Petroleros EPNF,487.769
2019-06-01,54,Ingresos Petroleros EPNF,361.72
2019-07-01,54,Ingresos Petroleros EPNF,397.397
2019-08-01,54,Ingresos Petroleros EPNF,495.156
2019-09-01,54,Ingresos Petroleros EPNF,395.174
2019-10-01,54,Ingresos Petroleros EPNF,255.073
2019-11-01,54,Ingresos Petroleros EPNF,372.44
2019-12-01,54,Ingresos Petroleros EPNF,359.06
2020-01-01,54,Ingresos Petroleros EPNF,273.694
2020-02-01,54,Ingresos Petroleros EPNF,358.588
2020-03-01,54,Ingresos Petroleros EPNF,302.133
2020-04-01,54,Ingresos Petroleros EPNF,245.037
2020-05-01,54,Ingresos Petroleros EPNF,132.933
2020-06-01,54,Ingresos Petroleros EPNF,83.845
2020-07-01,54,Ingresos Petroleros EPNF,128.054
2020-08-01,54,Ingresos Petroleros EPNF,253.579
2020-09-01,54,Ingresos Petroleros EPNF,303.227
2020-10-01,54,Ingresos Petroleros EPNF,364.22
2020-11-01,54,Ingresos Petroleros EPNF,325.265
2020-12-01,54,Ingresos Petroleros EPNF,308.463
2021-01-01,54,Ingresos Petroleros EPNF,159.15
2021-02-01,54,Ingresos Petroleros EPNF,223.048
2021-03-01,54,Ingresos Petroleros EPNF,465.502
2021-04-01,54,Ingresos Petroleros EPNF,317.146
2021-05-01,54,Ingresos Petroleros EPNF,342.552
2021-06-01,54,Ingresos Petroleros EPNF,240.111
2021-07-01,54,Ingresos Petroleros EPNF,286.117
2021-08-01,54,Ingresos Petroleros EPNF,288.025
2021-09-01,54,Ingresos Petroleros EPNF,779.405
2021-10-01,54,Ingresos Petroleros EPNF,350.101
2021-11-01,54,Ingresos Petroleros EPNF,329.054
2021-12-01,54,Ingresos Petroleros EPNF,281.032
2022-01-01,54,Ingresos Petroleros EPNF,358.346
2022-02-01,54,Ingresos Petroleros EPNF,207.47
2022-03-01,54,Ingresos Petroleros EPNF,320.759
2022-04-01,54,Ingresos Petroleros EPNF,292.408
2022-05-01,54,Ingresos Petroleros EPNF,355.37
2022-06-01,54,Ingresos Petroleros EPNF,226.914
2022-07-01,54,Ingresos Petroleros EPNF,256.378
2022-08-01,54,Ingresos Petroleros EPNF,282.912
2022-09-01,54,Ingresos Petroleros EPNF,271.416
2022-10-01,54,Ingresos Petroleros EPNF,391.58
2022-11-01,54,Ingresos Petroleros EPNF,385.972
2022-12-01,54,Ingresos Petroleros EPNF,251.831
2023-01-01,54,Ingresos Petroleros EPNF,436.92
2023-02-01,54,Ingresos Petroleros EPNF,267.991
2023-03-01,54,Ingresos Petroleros EPNF,413.008
2023-04-01,54,Ingresos Petroleros EPNF,293.356
2023-05-01,54,Ingresos Petroleros EPNF,380.174
2023-06-01,54,Ingresos Petroleros EPNF,326.986
2023-07-01,54,Ingresos Petroleros EPNF,364.584
2023-08-01,54,Ingresos Petroleros EPNF,443.418
2023-09-01,54,Ingresos Petroleros EPNF,391.44
2023-10-01,54,Ingresos Petroleros EPNF,447.625
2023-11-01,54,Ingresos Petroleros EPNF,429.54
2023-12-01,54,Ingresos Petroleros EPNF,362.235
2024-01-01,54,Ingresos Petroleros EPNF,415.82
2024-02-01,54,Ingresos Petroleros EPNF,353.314
2024-03-01,54,Ingresos Petroleros EPNF,362.22
2024-04-01,54,Ingresos Petroleros EPNF,346.533
2024-05-01,54,Ingresos Petroleros EPNF,400.364
2024-06-01,54,Ingresos Petroleros EPNF,344.657
2024-07-01,54,Ingresos Petroleros EPNF,392.675
2024-08-01,54,Ingresos Petroleros EPNF,382.468
2024-09-01,54,Ingresos Petroleros EPNF,269.337
2024-10-01,54,Ingresos Petroleros EPNF,457.434
2024-11-01,54,Ingresos Petroleros EPNF,286.073
2024-12-01,54,Ingresos Petroleros EPNF,350.645
2025-01-01,54,Ingresos Petroleros EPNF,318.343
2025-02-01,54,Ingresos Petroleros EPNF,386.642
2025-03-01,54,Ingresos Petroleros EPNF,318.551
2025-04-01,54,Ingresos Petroleros EPNF,410.803
2025-05-01,54,Ingresos Petroleros EPNF,335.531
2025-06-01,54,Ingresos Petroleros EPNF,349.235
2025-07-01,54,Ingresos Petroleros EPNF,325.146
2025-08-01,54,Ingresos Petroleros EPNF,279.256
2025-09-01,54,Ingresos Petroleros EPNF,334.114
2025-10-01,54,Ingresos Petroleros EPNF,402.367
2025-11-01,54,Ingresos Petroleros EPNF,266.615
2025-12-01,54,Ingresos Petroleros EPNF,338.041
2026-01-01,54,Ingresos Petroleros EPNF,209.727
2026-02-01,54,Ingresos Petroleros EPNF,299.853
2026-03-01,54,Ingresos Petroleros EPNF,263.392
2026-04-01,54,Ingresos Petroleros EPNF,556.443
2026-05-01,54,Ingresos Petroleros EPNF,281.608
2026-06-01,54,Ingresos Petroleros EPNF,417.841
2013-01-01,55,Erogación Operativa Petrolera EPNF,129.543
2013-02-01,55,Erogación Operativa Petrolera EPNF,173.746
2013-03-01,55,Erogación Operativa Petrolera EPNF,168.162
2013-04-01,55,Erogación Operativa Petrolera EPNF,155.481
2013-05-01,55,Erogación Operativa Petrolera EPNF,189.671
2013-06-01,55,Erogación Operativa Petrolera EPNF,159.405
2013-07-01,55,Erogación Operativa Petrolera EPNF,213.65
2013-08-01,55,Erogación Operativa Petrolera EPNF,175.56
2013-09-01,55,Erogación Operativa Petrolera EPNF,183.683
2013-10-01,55,Erogación Operativa Petrolera EPNF,206.603
2013-11-01,55,Erogación Operativa Petrolera EPNF,209.106
2013-12-01,55,Erogación Operativa Petrolera EPNF,342.957
2014-01-01,55,Erogación Operativa Petrolera EPNF,176.305
2014-02-01,55,Erogación Operativa Petrolera EPNF,171.989
2014-03-01,55,Erogación Operativa Petrolera EPNF,169.725
2014-04-01,55,Erogación Operativa Petrolera EPNF,191.96
2014-05-01,55,Erogación Operativa Petrolera EPNF,218.521
2014-06-01,55,Erogación Operativa Petrolera EPNF,218.561
2014-07-01,55,Erogación Operativa Petrolera EPNF,183.962
2014-08-01,55,Erogación Operativa Petrolera EPNF,216.263
2014-09-01,55,Erogación Operativa Petrolera EPNF,208.183
2014-10-01,55,Erogación Operativa Petrolera EPNF,196.508
2014-11-01,55,Erogación Operativa Petrolera EPNF,186.117
2014-12-01,55,Erogación Operativa Petrolera EPNF,371.899
2015-01-01,55,Erogación Operativa Petrolera EPNF,150.41
2015-02-01,55,Erogación Operativa Petrolera EPNF,173.225
2015-03-01,55,Erogación Operativa Petrolera EPNF,192.163
2015-04-01,55,Erogación Operativa Petrolera EPNF,154.762
2015-05-01,55,Erogación Operativa Petrolera EPNF,214.322
2015-06-01,55,Erogación Operativa Petrolera EPNF,170.207
2015-07-01,55,Erogación Operativa Petrolera EPNF,203.085
2015-08-01,55,Erogación Operativa Petrolera EPNF,173.094
2015-09-01,55,Erogación Operativa Petrolera EPNF,170.013
2015-10-01,55,Erogación Operativa Petrolera EPNF,162.161
2015-11-01,55,Erogación Operativa Petrolera EPNF,205.884
2015-12-01,55,Erogación Operativa Petrolera EPNF,365.03
2016-01-01,55,Erogación Operativa Petrolera EPNF,129.789
2016-02-01,55,Erogación Operativa Petrolera EPNF,154.836
2016-03-01,55,Erogación Operativa Petrolera EPNF,173.581
2016-04-01,55,Erogación Operativa Petrolera EPNF,157.221
2016-05-01,55,Erogación Operativa Petrolera EPNF,170.945
2016-06-01,55,Erogación Operativa Petrolera EPNF,146.611
2016-07-01,55,Erogación Operativa Petrolera EPNF,153.301
2016-08-01,55,Erogación Operativa Petrolera EPNF,149.747
2016-09-01,55,Erogación Operativa Petrolera EPNF,171.828
2016-10-01,55,Erogación Operativa Petrolera EPNF,138.207
2016-11-01,55,Erogación Operativa Petrolera EPNF,152.168
2016-12-01,55,Erogación Operativa Petrolera EPNF,268.997
2017-01-01,55,Erogación Operativa Petrolera EPNF,122.592
2017-02-01,55,Erogación Operativa Petrolera EPNF,133.706
2017-03-01,55,Erogación Operativa Petrolera EPNF,135.774
2017-04-01,55,Erogación Operativa Petrolera EPNF,148.224
2017-05-01,55,Erogación Operativa Petrolera EPNF,156.729
2017-06-01,55,Erogación Operativa Petrolera EPNF,144.339
2017-07-01,55,Erogación Operativa Petrolera EPNF,139.513
2017-08-01,55,Erogación Operativa Petrolera EPNF,131.983
2017-09-01,55,Erogación Operativa Petrolera EPNF,142.932
2017-10-01,55,Erogación Operativa Petrolera EPNF,154.27
2017-11-01,55,Erogación Operativa Petrolera EPNF,156.417
2017-12-01,55,Erogación Operativa Petrolera EPNF,192.38
2018-01-01,55,Erogación Operativa Petrolera EPNF,125.292
2018-02-01,55,Erogación Operativa Petrolera EPNF,138.118
2018-03-01,55,Erogación Operativa Petrolera EPNF,154.438
2018-04-01,55,Erogación Operativa Petrolera EPNF,148.919
2018-05-01,55,Erogación Operativa Petrolera EPNF,135.002
2018-06-01,55,Erogación Operativa Petrolera EPNF,156.581
2018-07-01,55,Erogación Operativa Petrolera EPNF,156.893
2018-08-01,55,Erogación Operativa Petrolera EPNF,144.064
2018-09-01,55,Erogación Operativa Petrolera EPNF,128.118
2018-10-01,55,Erogación Operativa Petrolera EPNF,164.976
2018-11-01,55,Erogación Operativa Petrolera EPNF,151.016
2018-12-01,55,Erogación Operativa Petrolera EPNF,214.854
2019-01-01,55,Erogación Operativa Petrolera EPNF,121.925
2019-02-01,55,Erogación Operativa Petrolera EPNF,138.667
2019-03-01,55,Erogación Operativa Petrolera EPNF,168.594
2019-04-01,55,Erogación Operativa Petrolera EPNF,172.642
2019-05-01,55,Erogación Operativa Petrolera EPNF,169.265
2019-06-01,55,Erogación Operativa Petrolera EPNF,147.232
2019-07-01,55,Erogación Operativa Petrolera EPNF,165.504
2019-08-01,55,Erogación Operativa Petrolera EPNF,147.378
2019-09-01,55,Erogación Operativa Petrolera EPNF,149.427
2019-10-01,55,Erogación Operativa Petrolera EPNF,152.972
2019-11-01,55,Erogación Operativa Petrolera EPNF,163.488
2019-12-01,55,Erogación Operativa Petrolera EPNF,169.929
2020-01-01,55,Erogación Operativa Petrolera EPNF,97.317
2020-02-01,55,Erogación Operativa Petrolera EPNF,160.574
2020-03-01,55,Erogación Operativa Petrolera EPNF,139.674
2020-04-01,55,Erogación Operativa Petrolera EPNF,106.407
2020-05-01,55,Erogación Operativa Petrolera EPNF,107.145
2020-06-01,55,Erogación Operativa Petrolera EPNF,140.58
2020-07-01,55,Erogación Operativa Petrolera EPNF,129.405
2020-08-01,55,Erogación Operativa Petrolera EPNF,134.199
2020-09-01,55,Erogación Operativa Petrolera EPNF,139.231
2020-10-01,55,Erogación Operativa Petrolera EPNF,139.776
2020-11-01,55,Erogación Operativa Petrolera EPNF,144.37
2020-12-01,55,Erogación Operativa Petrolera EPNF,154.008
2021-01-01,55,Erogación Operativa Petrolera EPNF,93.606
2021-02-01,55,Erogación Operativa Petrolera EPNF,130.964
2021-03-01,55,Erogación Operativa Petrolera EPNF,166.528
2021-04-01,55,Erogación Operativa Petrolera EPNF,146.468
2021-05-01,55,Erogación Operativa Petrolera EPNF,110.982
2021-06-01,55,Erogación Operativa Petrolera EPNF,138.422
2021-07-01,55,Erogación Operativa Petrolera EPNF,130.433
2021-08-01,55,Erogación Operativa Petrolera EPNF,113.714
2021-09-01,55,Erogación Operativa Petrolera EPNF,124.209
2021-10-01,55,Erogación Operativa Petrolera EPNF,119.394
2021-11-01,55,Erogación Operativa Petrolera EPNF,128.379
2021-12-01,55,Erogación Operativa Petrolera EPNF,168.346
2022-01-01,55,Erogación Operativa Petrolera EPNF,80.751
2022-02-01,55,Erogación Operativa Petrolera EPNF,128.996
2022-03-01,55,Erogación Operativa Petrolera EPNF,138.947
2022-04-01,55,Erogación Operativa Petrolera EPNF,123.724
2022-05-01,55,Erogación Operativa Petrolera EPNF,136.94
2022-06-01,55,Erogación Operativa Petrolera EPNF,203.454
2022-07-01,55,Erogación Operativa Petrolera EPNF,135.053
2022-08-01,55,Erogación Operativa Petrolera EPNF,125.903
2022-09-01,55,Erogación Operativa Petrolera EPNF,162.622
2022-10-01,55,Erogación Operativa Petrolera EPNF,161.25
2022-11-01,55,Erogación Operativa Petrolera EPNF,153.056
2022-12-01,55,Erogación Operativa Petrolera EPNF,259.288
2023-01-01,55,Erogación Operativa Petrolera EPNF,113.243
2023-02-01,55,Erogación Operativa Petrolera EPNF,149.628
2023-03-01,55,Erogación Operativa Petrolera EPNF,154.423
2023-04-01,55,Erogación Operativa Petrolera EPNF,145.328
2023-05-01,55,Erogación Operativa Petrolera EPNF,196.105
2023-06-01,55,Erogación Operativa Petrolera EPNF,134.644
2023-07-01,55,Erogación Operativa Petrolera EPNF,158.784
2023-08-01,55,Erogación Operativa Petrolera EPNF,199.98
2023-09-01,55,Erogación Operativa Petrolera EPNF,226.496
2023-10-01,55,Erogación Operativa Petrolera EPNF,159.175
2023-11-01,55,Erogación Operativa Petrolera EPNF,206.029
2023-12-01,55,Erogación Operativa Petrolera EPNF,298.429
2024-01-01,55,Erogación Operativa Petrolera EPNF,133.2
2024-02-01,55,Erogación Operativa Petrolera EPNF,167.114
2024-03-01,55,Erogación Operativa Petrolera EPNF,190.501
2024-04-01,55,Erogación Operativa Petrolera EPNF,196.709
2024-05-01,55,Erogación Operativa Petrolera EPNF,181.346
2024-06-01,55,Erogación Operativa Petrolera EPNF,164.18
2024-07-01,55,Erogación Operativa Petrolera EPNF,208.157
2024-08-01,55,Erogación Operativa Petrolera EPNF,156.948
2024-09-01,55,Erogación Operativa Petrolera EPNF,117.657
2024-10-01,55,Erogación Operativa Petrolera EPNF,219.997
2024-11-01,55,Erogación Operativa Petrolera EPNF,182.235
2024-12-01,55,Erogación Operativa Petrolera EPNF,226.493
2025-01-01,55,Erogación Operativa Petrolera EPNF,125.408
2025-02-01,55,Erogación Operativa Petrolera EPNF,161.527
2025-03-01,55,Erogación Operativa Petrolera EPNF,183.943
2025-04-01,55,Erogación Operativa Petrolera EPNF,168.676
2025-05-01,55,Erogación Operativa Petrolera EPNF,254.943
2025-06-01,55,Erogación Operativa Petrolera EPNF,195.85
2025-07-01,55,Erogación Operativa Petrolera EPNF,199.345
2025-08-01,55,Erogación Operativa Petrolera EPNF,156.683
2025-09-01,55,Erogación Operativa Petrolera EPNF,161.735
2025-10-01,55,Erogación Operativa Petrolera EPNF,235.22
2025-11-01,55,Erogación Operativa Petrolera EPNF,199.477
2025-12-01,55,Erogación Operativa Petrolera EPNF,229.048
2026-01-01,55,Erogación Operativa Petrolera EPNF,125.728
2026-02-01,55,Erogación Operativa Petrolera EPNF,135.889
2026-03-01,55,Erogación Operativa Petrolera EPNF,169.096
2026-04-01,55,Erogación Operativa Petrolera EPNF,157.376
2026-05-01,55,Erogación Operativa Petrolera EPNF,186.952
2026-06-01,55,Erogación Operativa Petrolera EPNF,227.108
2013-01-01,56,Resultado Operativo Petrolera EPNF,299.903
2013-02-01,56,Resultado Operativo Petrolera EPNF,231.106
2013-03-01,56,Resultado Operativo Petrolera EPNF,87.83
2013-04-01,56,Resultado Operativo Petrolera EPNF,195.125
2013-05-01,56,Resultado Operativo Petrolera EPNF,324.768
2013-06-01,56,Resultado Operativo Petrolera EPNF,211.042
2013-07-01,56,Resultado Operativo Petrolera EPNF,409.729
2013-08-01,56,Resultado Operativo Petrolera EPNF,361.374
2013-09-01,56,Resultado Operativo Petrolera EPNF,154.973
2013-10-01,56,Resultado Operativo Petrolera EPNF,396.892
2013-11-01,56,Resultado Operativo Petrolera EPNF,235.944
2013-12-01,56,Resultado Operativo Petrolera EPNF,125.27
2014-01-01,56,Resultado Operativo Petrolera EPNF,444.371
2014-02-01,56,Resultado Operativo Petrolera EPNF,225.898
2014-03-01,56,Resultado Operativo Petrolera EPNF,295.254
2014-04-01,56,Resultado Operativo Petrolera EPNF,378.126
2014-05-01,56,Resultado Operativo Petrolera EPNF,266.775
2014-06-01,56,Resultado Operativo Petrolera EPNF,523.525
2014-07-01,56,Resultado Operativo Petrolera EPNF,265.955
2014-08-01,56,Resultado Operativo Petrolera EPNF,382.823
2014-09-01,56,Resultado Operativo Petrolera EPNF,331.15
2014-10-01,56,Resultado Operativo Petrolera EPNF,257.757
2014-11-01,56,Resultado Operativo Petrolera EPNF,451.707
2014-12-01,56,Resultado Operativo Petrolera EPNF,184.536
2015-01-01,56,Resultado Operativo Petrolera EPNF,24.375
2015-02-01,56,Resultado Operativo Petrolera EPNF,96.095
2015-03-01,56,Resultado Operativo Petrolera EPNF,168.989
2015-04-01,56,Resultado Operativo Petrolera EPNF,122.635
2015-05-01,56,Resultado Operativo Petrolera EPNF,161.179
2015-06-01,56,Resultado Operativo Petrolera EPNF,205.454
2015-07-01,56,Resultado Operativo Petrolera EPNF,142.269
2015-08-01,56,Resultado Operativo Petrolera EPNF,56.687
2015-09-01,56,Resultado Operativo Petrolera EPNF,12.491
2015-10-01,56,Resultado Operativo Petrolera EPNF,73.275
2015-11-01,56,Resultado Operativo Petrolera EPNF,-28.526
2015-12-01,56,Resultado Operativo Petrolera EPNF,-202.267
2016-01-01,56,Resultado Operativo Petrolera EPNF,32.328
2016-02-01,56,Resultado Operativo Petrolera EPNF,43.691
2016-03-01,56,Resultado Operativo Petrolera EPNF,-15.825
2016-04-01,56,Resultado Operativo Petrolera EPNF,16.958
2016-05-01,56,Resultado Operativo Petrolera EPNF,2.35
2016-06-01,56,Resultado Operativo Petrolera EPNF,81.852
2016-07-01,56,Resultado Operativo Petrolera EPNF,15.262
2016-08-01,56,Resultado Operativo Petrolera EPNF,106.969
2016-09-01,56,Resultado Operativo Petrolera EPNF,56.992
2016-10-01,56,Resultado Operativo Petrolera EPNF,39.9
2016-11-01,56,Resultado Operativo Petrolera EPNF,67.846
2016-12-01,56,Resultado Operativo Petrolera EPNF,38.457
2017-01-01,56,Resultado Operativo Petrolera EPNF,290.814
2017-02-01,56,Resultado Operativo Petrolera EPNF,71.363
2017-03-01,56,Resultado Operativo Petrolera EPNF,254.191
2017-04-01,56,Resultado Operativo Petrolera EPNF,49.822
2017-05-01,56,Resultado Operativo Petrolera EPNF,118.387
2017-06-01,56,Resultado Operativo Petrolera EPNF,171.079
2017-07-01,56,Resultado Operativo Petrolera EPNF,176.714
2017-08-01,56,Resultado Operativo Petrolera EPNF,110.92
2017-09-01,56,Resultado Operativo Petrolera EPNF,110.469
2017-10-01,56,Resultado Operativo Petrolera EPNF,28.988
2017-11-01,56,Resultado Operativo Petrolera EPNF,124.74
2017-12-01,56,Resultado Operativo Petrolera EPNF,569.605
2018-01-01,56,Resultado Operativo Petrolera EPNF,307.17
2018-02-01,56,Resultado Operativo Petrolera EPNF,161.494
2018-03-01,56,Resultado Operativo Petrolera EPNF,509.082
2018-04-01,56,Resultado Operativo Petrolera EPNF,232.211
2018-05-01,56,Resultado Operativo Petrolera EPNF,271.843
2018-06-01,56,Resultado Operativo Petrolera EPNF,256.904
2018-07-01,56,Resultado Operativo Petrolera EPNF,247.998
2018-08-01,56,Resultado Operativo Petrolera EPNF,256.994
2018-09-01,56,Resultado Operativo Petrolera EPNF,231.003
2018-10-01,56,Resultado Operativo Petrolera EPNF,73.458
2018-11-01,56,Resultado Operativo Petrolera EPNF,192.499
2018-12-01,56,Resultado Operativo Petrolera EPNF,7.363
2019-01-01,56,Resultado Operativo Petrolera EPNF,65.435
2019-02-01,56,Resultado Operativo Petrolera EPNF,163.956
2019-03-01,56,Resultado Operativo Petrolera EPNF,252.26
2019-04-01,56,Resultado Operativo Petrolera EPNF,148.346
2019-05-01,56,Resultado Operativo Petrolera EPNF,318.505
2019-06-01,56,Resultado Operativo Petrolera EPNF,214.488
2019-07-01,56,Resultado Operativo Petrolera EPNF,231.894
2019-08-01,56,Resultado Operativo Petrolera EPNF,347.778
2019-09-01,56,Resultado Operativo Petrolera EPNF,245.747
2019-10-01,56,Resultado Operativo Petrolera EPNF,102.101
2019-11-01,56,Resultado Operativo Petrolera EPNF,208.952
2019-12-01,56,Resultado Operativo Petrolera EPNF,189.131
2020-01-01,56,Resultado Operativo Petrolera EPNF,176.377
2020-02-01,56,Resultado Operativo Petrolera EPNF,198.015
2020-03-01,56,Resultado Operativo Petrolera EPNF,162.459
2020-04-01,56,Resultado Operativo Petrolera EPNF,138.63
2020-05-01,56,Resultado Operativo Petrolera EPNF,25.788
2020-06-01,56,Resultado Operativo Petrolera EPNF,-56.735
2020-07-01,56,Resultado Operativo Petrolera EPNF,-1.351
2020-08-01,56,Resultado Operativo Petrolera EPNF,119.38
2020-09-01,56,Resultado Operativo Petrolera EPNF,163.997
2020-10-01,56,Resultado Operativo Petrolera EPNF,224.444
2020-11-01,56,Resultado Operativo Petrolera EPNF,180.895
2020-12-01,56,Resultado Operativo Petrolera EPNF,154.455
2021-01-01,56,Resultado Operativo Petrolera EPNF,65.544
2021-02-01,56,Resultado Operativo Petrolera EPNF,92.083
2021-03-01,56,Resultado Operativo Petrolera EPNF,298.975
2021-04-01,56,Resultado Operativo Petrolera EPNF,170.678
2021-05-01,56,Resultado Operativo Petrolera EPNF,231.57
2021-06-01,56,Resultado Operativo Petrolera EPNF,101.69
2021-07-01,56,Resultado Operativo Petrolera EPNF,155.684
2021-08-01,56,Resultado Operativo Petrolera EPNF,174.311
2021-09-01,56,Resultado Operativo Petrolera EPNF,655.196
2021-10-01,56,Resultado Operativo Petrolera EPNF,230.707
2021-11-01,56,Resultado Operativo Petrolera EPNF,200.675
2021-12-01,56,Resultado Operativo Petrolera EPNF,112.686
2022-01-01,56,Resultado Operativo Petrolera EPNF,277.595
2022-02-01,56,Resultado Operativo Petrolera EPNF,78.474
2022-03-01,56,Resultado Operativo Petrolera EPNF,181.812
2022-04-01,56,Resultado Operativo Petrolera EPNF,168.684
2022-05-01,56,Resultado Operativo Petrolera EPNF,218.43
2022-06-01,56,Resultado Operativo Petrolera EPNF,23.46
2022-07-01,56,Resultado Operativo Petrolera EPNF,121.325
2022-08-01,56,Resultado Operativo Petrolera EPNF,157.009
2022-09-01,56,Resultado Operativo Petrolera EPNF,108.793
2022-10-01,56,Resultado Operativo Petrolera EPNF,230.33
2022-11-01,56,Resultado Operativo Petrolera EPNF,232.916
2022-12-01,56,Resultado Operativo Petrolera EPNF,-7.457
2023-01-01,56,Resultado Operativo Petrolera EPNF,323.677
2023-02-01,56,Resultado Operativo Petrolera EPNF,118.362
2023-03-01,56,Resultado Operativo Petrolera EPNF,258.585
2023-04-01,56,Resultado Operativo Petrolera EPNF,148.028
2023-05-01,56,Resultado Operativo Petrolera EPNF,184.069
2023-06-01,56,Resultado Operativo Petrolera EPNF,192.342
2023-07-01,56,Resultado Operativo Petrolera EPNF,205.8
2023-08-01,56,Resultado Operativo Petrolera EPNF,243.438
2023-09-01,56,Resultado Operativo Petrolera EPNF,164.944
2023-10-01,56,Resultado Operativo Petrolera EPNF,288.449
2023-11-01,56,Resultado Operativo Petrolera EPNF,223.511
2023-12-01,56,Resultado Operativo Petrolera EPNF,63.806
2024-01-01,56,Resultado Operativo Petrolera EPNF,282.619
2024-02-01,56,Resultado Operativo Petrolera EPNF,186.201
2024-03-01,56,Resultado Operativo Petrolera EPNF,171.719
2024-04-01,56,Resultado Operativo Petrolera EPNF,149.824
2024-05-01,56,Resultado Operativo Petrolera EPNF,219.018
2024-06-01,56,Resultado Operativo Petrolera EPNF,180.477
2024-07-01,56,Resultado Operativo Petrolera EPNF,184.517
2024-08-01,56,Resultado Operativo Petrolera EPNF,225.52
2024-09-01,56,Resultado Operativo Petrolera EPNF,151.681
2024-10-01,56,Resultado Operativo Petrolera EPNF,237.437
2024-11-01,56,Resultado Operativo Petrolera EPNF,103.838
2024-12-01,56,Resultado Operativo Petrolera EPNF,124.152
2025-01-01,56,Resultado Operativo Petrolera EPNF,192.935
2025-02-01,56,Resultado Operativo Petrolera EPNF,225.116
2025-03-01,56,Resultado Operativo Petrolera EPNF,134.607
2025-04-01,56,Resultado Operativo Petrolera EPNF,242.128
2025-05-01,56,Resultado Operativo Petrolera EPNF,80.587
2025-06-01,56,Resultado Operativo Petrolera EPNF,153.384
2025-07-01,56,Resultado Operativo Petrolera EPNF,125.802
2025-08-01,56,Resultado Operativo Petrolera EPNF,122.573
2025-09-01,56,Resultado Operativo Petrolera EPNF,172.379
2025-10-01,56,Resultado Operativo Petrolera EPNF,167.147
2025-11-01,56,Resultado Operativo Petrolera EPNF,67.138
2025-12-01,56,Resultado Operativo Petrolera EPNF,108.993
2026-01-01,56,Resultado Operativo Petrolera EPNF,83.998
2026-02-01,56,Resultado Operativo Petrolera EPNF,163.964
2026-03-01,56,Resultado Operativo Petrolera EPNF,94.296
2026-04-01,56,Resultado Operativo Petrolera EPNF,399.067
2026-05-01,56,Resultado Operativo Petrolera EPNF,94.656
2026-06-01,56,Resultado Operativo Petrolera EPNF,190.733
2018-01-01,57,Subsidios a los combustibles,254.604
2018-02-01,57,Subsidios a los combustibles,220.535
2018-03-01,57,Subsidios a los combustibles,247.06
2018-04-01,57,Subsidios a los combustibles,260.731
2018-05-01,57,Subsidios a los combustibles,310.243
2018-06-01,57,Subsidios a los combustibles,296.034
2018-07-01,57,Subsidios a los combustibles,303.205
2018-08-01,57,Subsidios a los combustibles,303.308
2018-09-01,57,Subsidios a los combustibles,299.921
2018-10-01,57,Subsidios a los combustibles,347.052
2018-11-01,57,Subsidios a los combustibles,275.229
2018-12-01,57,Subsidios a los combustibles,210.876
2019-01-01,57,Subsidios a los combustibles,157.504
2019-02-01,57,Subsidios a los combustibles,160.689
2019-03-01,57,Subsidios a los combustibles,206.247
2019-04-01,57,Subsidios a los combustibles,231.142
2019-05-01,57,Subsidios a los combustibles,231.995
2019-06-01,57,Subsidios a los combustibles,196.853
2019-07-01,57,Subsidios a los combustibles,214.097
2019-08-01,57,Subsidios a los combustibles,205.363
2019-09-01,57,Subsidios a los combustibles,189.25
2019-10-01,57,Subsidios a los combustibles,163.561
2019-11-01,57,Subsidios a los combustibles,185.111
2019-12-01,57,Subsidios a los combustibles,191.4
2020-01-01,57,Subsidios a los combustibles,188.264
2020-02-01,57,Subsidios a los combustibles,133.678
2020-03-01,57,Subsidios a los combustibles,73.311
2020-04-01,57,Subsidios a los combustibles,42.127
2020-05-01,57,Subsidios a los combustibles,53.002
2020-06-01,57,Subsidios a los combustibles,72.698
2020-07-01,57,Subsidios a los combustibles,87.706
2020-08-01,57,Subsidios a los combustibles,89.227
2020-09-01,57,Subsidios a los combustibles,88.098
2020-10-01,57,Subsidios a los combustibles,84.516
2020-11-01,57,Subsidios a los combustibles,84.959
2020-12-01,57,Subsidios a los combustibles,107.472
2021-01-01,57,Subsidios a los combustibles,118.042
2021-02-01,57,Subsidios a los combustibles,143.538
2021-03-01,57,Subsidios a los combustibles,198.01
2021-04-01,57,Subsidios a los combustibles,169.706
2021-05-01,57,Subsidios a los combustibles,165.373
2021-06-01,57,Subsidios a los combustibles,195.168
2021-07-01,57,Subsidios a los combustibles,203.963
2021-08-01,57,Subsidios a los combustibles,179.471
2021-09-01,57,Subsidios a los combustibles,183.147
2021-10-01,57,Subsidios a los combustibles,226.186
2021-11-01,57,Subsidios a los combustibles,189.918
2021-12-01,57,Subsidios a los combustibles,189.262
2022-01-01,57,Subsidios a los combustibles,226.323
2022-02-01,57,Subsidios a los combustibles,251.025
2022-03-01,57,Subsidios a los combustibles,378.018
2022-04-01,57,Subsidios a los combustibles,390.814
2022-05-01,57,Subsidios a los combustibles,454.675
2022-06-01,57,Subsidios a los combustibles,434.025
2022-07-01,57,Subsidios a los combustibles,494.106
2022-08-01,57,Subsidios a los combustibles,429.558
2022-09-01,57,Subsidios a los combustibles,383.655
2022-10-01,57,Subsidios a los combustibles,423.203
2022-11-01,57,Subsidios a los combustibles,404.374
2022-12-01,57,Subsidios a los combustibles,315.864
2023-01-01,57,Subsidios a los combustibles,315.814
2023-02-01,57,Subsidios a los combustibles,273.853
2023-03-01,57,Subsidios a los combustibles,253.655
2023-04-01,57,Subsidios a los combustibles,234.038
2023-05-01,57,Subsidios a los combustibles,229.081
2023-06-01,57,Subsidios a los combustibles,181.799
2023-07-01,57,Subsidios a los combustibles,226.895
2023-08-01,57,Subsidios a los combustibles,315.51
2023-09-01,57,Subsidios a los combustibles,376.698
2023-10-01,57,Subsidios a los combustibles,390.151
2023-11-01,57,Subsidios a los combustibles,307.146
2023-12-01,57,Subsidios a los combustibles,282.257
2024-01-01,57,Subsidios a los combustibles,243.441
2024-02-01,57,Subsidios a los combustibles,260.548
2024-03-01,57,Subsidios a los combustibles,294.39
2024-04-01,57,Subsidios a los combustibles,312.474
2024-05-01,57,Subsidios a los combustibles,282.006
2024-06-01,57,Subsidios a los combustibles,234.99
2024-07-01,57,Subsidios a los combustibles,245.466
2024-08-01,57,Subsidios a los combustibles,233.604
2024-09-01,57,Subsidios a los combustibles,217.851
2024-10-01,57,Subsidios a los combustibles,251.266
2024-11-01,57,Subsidios a los combustibles,230.961
2024-12-01,57,Subsidios a los combustibles,223.956
2025-01-01,57,Subsidios a los combustibles,275.104
2025-02-01,57,Subsidios a los combustibles,204.198
2025-03-01,57,Subsidios a los combustibles,188.371
2025-04-01,57,Subsidios a los combustibles,190.207
2025-05-01,57,Subsidios a los combustibles,197.873
2025-06-01,57,Subsidios a los combustibles,196.153
2025-07-01,57,Subsidios a los combustibles,225.008
2025-08-01,57,Subsidios a los combustibles,185.82
2025-09-01,57,Subsidios a los combustibles,141.571
2025-10-01,57,Subsidios a los combustibles,85.688
2025-11-01,57,Subsidios a los combustibles,87.023
2025-12-01,57,Subsidios a los combustibles,110.687
2026-01-01,57,Subsidios a los combustibles,99.771
2026-02-01,57,Subsidios a los combustibles,103.814
2026-03-01,57,Subsidios a los combustibles,334.384
2026-04-01,57,Subsidios a los combustibles,428.803
2026-05-01,57,Subsidios a los combustibles,464.888
2026-06-01,57,Subsidios a los combustibles,314.578
